"id_municipio";"Município";"Situação do domicílio";"Total"
"1100015";"Alta Floresta D'Oeste (RO)";"Total";"24392"
"1100015";"Alta Floresta D'Oeste (RO)";"Urbana";"13970"
"1100015";"Alta Floresta D'Oeste (RO)";"Rural";"10422"
"1100023";"Ariquemes (RO)";"Total";"90353"
"1100023";"Ariquemes (RO)";"Urbana";"76525"
"1100023";"Ariquemes (RO)";"Rural";"13828"
"1100031";"Cabixi (RO)";"Total";"6313"
"1100031";"Cabixi (RO)";"Urbana";"2693"
"1100031";"Cabixi (RO)";"Rural";"3620"
"1100049";"Cacoal (RO)";"Total";"78574"
"1100049";"Cacoal (RO)";"Urbana";"61921"
"1100049";"Cacoal (RO)";"Rural";"16653"
"1100056";"Cerejeiras (RO)";"Total";"17029"
"1100056";"Cerejeiras (RO)";"Urbana";"14419"
"1100056";"Cerejeiras (RO)";"Rural";"2610"
"1100064";"Colorado do Oeste (RO)";"Total";"18591"
"1100064";"Colorado do Oeste (RO)";"Urbana";"13657"
"1100064";"Colorado do Oeste (RO)";"Rural";"4934"
"1100072";"Corumbiara (RO)";"Total";"8783"
"1100072";"Corumbiara (RO)";"Urbana";"2590"
"1100072";"Corumbiara (RO)";"Rural";"6193"
"1100080";"Costa Marques (RO)";"Total";"13678"
"1100080";"Costa Marques (RO)";"Urbana";"7497"
"1100080";"Costa Marques (RO)";"Rural";"6181"
"1100098";"Espigão D'Oeste (RO)";"Total";"28729"
"1100098";"Espigão D'Oeste (RO)";"Urbana";"20610"
"1100098";"Espigão D'Oeste (RO)";"Rural";"8119"
"1100106";"Guajará-Mirim (RO)";"Total";"41656"
"1100106";"Guajará-Mirim (RO)";"Urbana";"35207"
"1100106";"Guajará-Mirim (RO)";"Rural";"6449"
"1100114";"Jaru (RO)";"Total";"52005"
"1100114";"Jaru (RO)";"Urbana";"35118"
"1100114";"Jaru (RO)";"Rural";"16887"
"1100122";"Ji-Paraná (RO)";"Total";"116610"
"1100122";"Ji-Paraná (RO)";"Urbana";"104858"
"1100122";"Ji-Paraná (RO)";"Rural";"11752"
"1100130";"Machadinho D'Oeste (RO)";"Total";"31135"
"1100130";"Machadinho D'Oeste (RO)";"Urbana";"16173"
"1100130";"Machadinho D'Oeste (RO)";"Rural";"14962"
"1100148";"Nova Brasilândia D'Oeste (RO)";"Total";"19874"
"1100148";"Nova Brasilândia D'Oeste (RO)";"Urbana";"8380"
"1100148";"Nova Brasilândia D'Oeste (RO)";"Rural";"11494"
"1100155";"Ouro Preto do Oeste (RO)";"Total";"37928"
"1100155";"Ouro Preto do Oeste (RO)";"Urbana";"28180"
"1100155";"Ouro Preto do Oeste (RO)";"Rural";"9748"
"1100189";"Pimenta Bueno (RO)";"Total";"33822"
"1100189";"Pimenta Bueno (RO)";"Urbana";"29417"
"1100189";"Pimenta Bueno (RO)";"Rural";"4405"
"1100205";"Porto Velho (RO)";"Total";"428527"
"1100205";"Porto Velho (RO)";"Urbana";"390733"
"1100205";"Porto Velho (RO)";"Rural";"37794"
"1100254";"Presidente Médici (RO)";"Total";"22319"
"1100254";"Presidente Médici (RO)";"Urbana";"13303"
"1100254";"Presidente Médici (RO)";"Rural";"9016"
"1100262";"Rio Crespo (RO)";"Total";"3316"
"1100262";"Rio Crespo (RO)";"Urbana";"1064"
"1100262";"Rio Crespo (RO)";"Rural";"2252"
"1100288";"Rolim de Moura (RO)";"Total";"50648"
"1100288";"Rolim de Moura (RO)";"Urbana";"41429"
"1100288";"Rolim de Moura (RO)";"Rural";"9219"
"1100296";"Santa Luzia D'Oeste (RO)";"Total";"8886"
"1100296";"Santa Luzia D'Oeste (RO)";"Urbana";"4525"
"1100296";"Santa Luzia D'Oeste (RO)";"Rural";"4361"
"1100304";"Vilhena (RO)";"Total";"76202"
"1100304";"Vilhena (RO)";"Urbana";"72218"
"1100304";"Vilhena (RO)";"Rural";"3984"
"1100320";"São Miguel do Guaporé (RO)";"Total";"21828"
"1100320";"São Miguel do Guaporé (RO)";"Urbana";"8470"
"1100320";"São Miguel do Guaporé (RO)";"Rural";"13358"
"1100338";"Nova Mamoré (RO)";"Total";"22546"
"1100338";"Nova Mamoré (RO)";"Urbana";"13067"
"1100338";"Nova Mamoré (RO)";"Rural";"9479"
"1100346";"Alvorada D'Oeste (RO)";"Total";"16853"
"1100346";"Alvorada D'Oeste (RO)";"Urbana";"8824"
"1100346";"Alvorada D'Oeste (RO)";"Rural";"8029"
"1100379";"Alto Alegre dos Parecis (RO)";"Total";"12816"
"1100379";"Alto Alegre dos Parecis (RO)";"Urbana";"3657"
"1100379";"Alto Alegre dos Parecis (RO)";"Rural";"9159"
"1100403";"Alto Paraíso (RO)";"Total";"17135"
"1100403";"Alto Paraíso (RO)";"Urbana";"8202"
"1100403";"Alto Paraíso (RO)";"Rural";"8933"
"1100452";"Buritis (RO)";"Total";"32383"
"1100452";"Buritis (RO)";"Urbana";"18122"
"1100452";"Buritis (RO)";"Rural";"14261"
"1100502";"Novo Horizonte do Oeste (RO)";"Total";"10240"
"1100502";"Novo Horizonte do Oeste (RO)";"Urbana";"1733"
"1100502";"Novo Horizonte do Oeste (RO)";"Rural";"8507"
"1100601";"Cacaulândia (RO)";"Total";"5736"
"1100601";"Cacaulândia (RO)";"Urbana";"2069"
"1100601";"Cacaulândia (RO)";"Rural";"3667"
"1100700";"Campo Novo de Rondônia (RO)";"Total";"12665"
"1100700";"Campo Novo de Rondônia (RO)";"Urbana";"3371"
"1100700";"Campo Novo de Rondônia (RO)";"Rural";"9294"
"1100809";"Candeias do Jamari (RO)";"Total";"19779"
"1100809";"Candeias do Jamari (RO)";"Urbana";"12887"
"1100809";"Candeias do Jamari (RO)";"Rural";"6892"
"1100908";"Castanheiras (RO)";"Total";"3575"
"1100908";"Castanheiras (RO)";"Urbana";"836"
"1100908";"Castanheiras (RO)";"Rural";"2739"
"1100924";"Chupinguaia (RO)";"Total";"8301"
"1100924";"Chupinguaia (RO)";"Urbana";"3663"
"1100924";"Chupinguaia (RO)";"Rural";"4638"
"1100940";"Cujubim (RO)";"Total";"15854"
"1100940";"Cujubim (RO)";"Urbana";"11043"
"1100940";"Cujubim (RO)";"Rural";"4811"
"1101005";"Governador Jorge Teixeira (RO)";"Total";"10512"
"1101005";"Governador Jorge Teixeira (RO)";"Urbana";"2361"
"1101005";"Governador Jorge Teixeira (RO)";"Rural";"8151"
"1101104";"Itapuã do Oeste (RO)";"Total";"8566"
"1101104";"Itapuã do Oeste (RO)";"Urbana";"5222"
"1101104";"Itapuã do Oeste (RO)";"Rural";"3344"
"1101203";"Ministro Andreazza (RO)";"Total";"10352"
"1101203";"Ministro Andreazza (RO)";"Urbana";"3074"
"1101203";"Ministro Andreazza (RO)";"Rural";"7278"
"1101302";"Mirante da Serra (RO)";"Total";"11878"
"1101302";"Mirante da Serra (RO)";"Urbana";"6444"
"1101302";"Mirante da Serra (RO)";"Rural";"5434"
"1101401";"Monte Negro (RO)";"Total";"14091"
"1101401";"Monte Negro (RO)";"Urbana";"7390"
"1101401";"Monte Negro (RO)";"Rural";"6701"
"1101435";"Nova União (RO)";"Total";"7493"
"1101435";"Nova União (RO)";"Urbana";"1541"
"1101435";"Nova União (RO)";"Rural";"5952"
"1101450";"Parecis (RO)";"Total";"4810"
"1101450";"Parecis (RO)";"Urbana";"1774"
"1101450";"Parecis (RO)";"Rural";"3036"
"1101468";"Pimenteiras do Oeste (RO)";"Total";"2315"
"1101468";"Pimenteiras do Oeste (RO)";"Urbana";"1292"
"1101468";"Pimenteiras do Oeste (RO)";"Rural";"1023"
"1101476";"Primavera de Rondônia (RO)";"Total";"3524"
"1101476";"Primavera de Rondônia (RO)";"Urbana";"1284"
"1101476";"Primavera de Rondônia (RO)";"Rural";"2240"
"1101484";"São Felipe D'Oeste (RO)";"Total";"6018"
"1101484";"São Felipe D'Oeste (RO)";"Urbana";"1444"
"1101484";"São Felipe D'Oeste (RO)";"Rural";"4574"
"1101492";"São Francisco do Guaporé (RO)";"Total";"16035"
"1101492";"São Francisco do Guaporé (RO)";"Urbana";"8227"
"1101492";"São Francisco do Guaporé (RO)";"Rural";"7808"
"1101500";"Seringueiras (RO)";"Total";"11629"
"1101500";"Seringueiras (RO)";"Urbana";"4397"
"1101500";"Seringueiras (RO)";"Rural";"7232"
"1101559";"Teixeirópolis (RO)";"Total";"4888"
"1101559";"Teixeirópolis (RO)";"Urbana";"1716"
"1101559";"Teixeirópolis (RO)";"Rural";"3172"
"1101609";"Theobroma (RO)";"Total";"10649"
"1101609";"Theobroma (RO)";"Urbana";"1978"
"1101609";"Theobroma (RO)";"Rural";"8671"
"1101708";"Urupá (RO)";"Total";"12974"
"1101708";"Urupá (RO)";"Urbana";"5137"
"1101708";"Urupá (RO)";"Rural";"7837"
"1101757";"Vale do Anari (RO)";"Total";"9384"
"1101757";"Vale do Anari (RO)";"Urbana";"3192"
"1101757";"Vale do Anari (RO)";"Rural";"6192"
"1101807";"Vale do Paraíso (RO)";"Total";"8210"
"1101807";"Vale do Paraíso (RO)";"Urbana";"2276"
"1101807";"Vale do Paraíso (RO)";"Rural";"5934"
"1200013";"Acrelândia (AC)";"Total";"12538"
"1200013";"Acrelândia (AC)";"Urbana";"5916"
"1200013";"Acrelândia (AC)";"Rural";"6622"
"1200054";"Assis Brasil (AC)";"Total";"6072"
"1200054";"Assis Brasil (AC)";"Urbana";"3700"
"1200054";"Assis Brasil (AC)";"Rural";"2372"
"1200104";"Brasiléia (AC)";"Total";"21398"
"1200104";"Brasiléia (AC)";"Urbana";"14257"
"1200104";"Brasiléia (AC)";"Rural";"7141"
"1200138";"Bujari (AC)";"Total";"8471"
"1200138";"Bujari (AC)";"Urbana";"3693"
"1200138";"Bujari (AC)";"Rural";"4778"
"1200179";"Capixaba (AC)";"Total";"8798"
"1200179";"Capixaba (AC)";"Urbana";"3929"
"1200179";"Capixaba (AC)";"Rural";"4869"
"1200203";"Cruzeiro do Sul (AC)";"Total";"78507"
"1200203";"Cruzeiro do Sul (AC)";"Urbana";"55326"
"1200203";"Cruzeiro do Sul (AC)";"Rural";"23181"
"1200252";"Epitaciolândia (AC)";"Total";"15100"
"1200252";"Epitaciolândia (AC)";"Urbana";"10618"
"1200252";"Epitaciolândia (AC)";"Rural";"4482"
"1200302";"Feijó (AC)";"Total";"32412"
"1200302";"Feijó (AC)";"Urbana";"16636"
"1200302";"Feijó (AC)";"Rural";"15776"
"1200328";"Jordão (AC)";"Total";"6577"
"1200328";"Jordão (AC)";"Urbana";"2272"
"1200328";"Jordão (AC)";"Rural";"4305"
"1200336";"Mâncio Lima (AC)";"Total";"15206"
"1200336";"Mâncio Lima (AC)";"Urbana";"8750"
"1200336";"Mâncio Lima (AC)";"Rural";"6456"
"1200344";"Manoel Urbano (AC)";"Total";"7981"
"1200344";"Manoel Urbano (AC)";"Urbana";"5278"
"1200344";"Manoel Urbano (AC)";"Rural";"2703"
"1200351";"Marechal Thaumaturgo (AC)";"Total";"14227"
"1200351";"Marechal Thaumaturgo (AC)";"Urbana";"3969"
"1200351";"Marechal Thaumaturgo (AC)";"Rural";"10258"
"1200385";"Plácido de Castro (AC)";"Total";"17209"
"1200385";"Plácido de Castro (AC)";"Urbana";"10382"
"1200385";"Plácido de Castro (AC)";"Rural";"6827"
"1200393";"Porto Walter (AC)";"Total";"9176"
"1200393";"Porto Walter (AC)";"Urbana";"3323"
"1200393";"Porto Walter (AC)";"Rural";"5853"
"1200401";"Rio Branco (AC)";"Total";"336038"
"1200401";"Rio Branco (AC)";"Urbana";"308545"
"1200401";"Rio Branco (AC)";"Rural";"27493"
"1200427";"Rodrigues Alves (AC)";"Total";"14389"
"1200427";"Rodrigues Alves (AC)";"Urbana";"4315"
"1200427";"Rodrigues Alves (AC)";"Rural";"10074"
"1200435";"Santa Rosa do Purus (AC)";"Total";"4691"
"1200435";"Santa Rosa do Purus (AC)";"Urbana";"1892"
"1200435";"Santa Rosa do Purus (AC)";"Rural";"2799"
"1200450";"Senador Guiomard (AC)";"Total";"20179"
"1200450";"Senador Guiomard (AC)";"Urbana";"12703"
"1200450";"Senador Guiomard (AC)";"Rural";"7476"
"1200500";"Sena Madureira (AC)";"Total";"38029"
"1200500";"Sena Madureira (AC)";"Urbana";"25112"
"1200500";"Sena Madureira (AC)";"Rural";"12917"
"1200609";"Tarauacá (AC)";"Total";"35590"
"1200609";"Tarauacá (AC)";"Urbana";"19351"
"1200609";"Tarauacá (AC)";"Rural";"16239"
"1200708";"Xapuri (AC)";"Total";"16091"
"1200708";"Xapuri (AC)";"Urbana";"10330"
"1200708";"Xapuri (AC)";"Rural";"5761"
"1200807";"Porto Acre (AC)";"Total";"14880"
"1200807";"Porto Acre (AC)";"Urbana";"1982"
"1200807";"Porto Acre (AC)";"Rural";"12898"
"1300029";"Alvarães (AM)";"Total";"14088"
"1300029";"Alvarães (AM)";"Urbana";"7887"
"1300029";"Alvarães (AM)";"Rural";"6201"
"1300060";"Amaturá (AM)";"Total";"9467"
"1300060";"Amaturá (AM)";"Urbana";"4960"
"1300060";"Amaturá (AM)";"Rural";"4507"
"1300086";"Anamã (AM)";"Total";"10214"
"1300086";"Anamã (AM)";"Urbana";"4174"
"1300086";"Anamã (AM)";"Rural";"6040"
"1300102";"Anori (AM)";"Total";"16317"
"1300102";"Anori (AM)";"Urbana";"10000"
"1300102";"Anori (AM)";"Rural";"6317"
"1300144";"Apuí (AM)";"Total";"18007"
"1300144";"Apuí (AM)";"Urbana";"10595"
"1300144";"Apuí (AM)";"Rural";"7412"
"1300201";"Atalaia do Norte (AM)";"Total";"15153"
"1300201";"Atalaia do Norte (AM)";"Urbana";"6893"
"1300201";"Atalaia do Norte (AM)";"Rural";"8260"
"1300300";"Autazes (AM)";"Total";"32135"
"1300300";"Autazes (AM)";"Urbana";"13893"
"1300300";"Autazes (AM)";"Rural";"18242"
"1300409";"Barcelos (AM)";"Total";"25718"
"1300409";"Barcelos (AM)";"Urbana";"11157"
"1300409";"Barcelos (AM)";"Rural";"14561"
"1300508";"Barreirinha (AM)";"Total";"27355"
"1300508";"Barreirinha (AM)";"Urbana";"12418"
"1300508";"Barreirinha (AM)";"Rural";"14937"
"1300607";"Benjamin Constant (AM)";"Total";"33411"
"1300607";"Benjamin Constant (AM)";"Urbana";"20138"
"1300607";"Benjamin Constant (AM)";"Rural";"13273"
"1300631";"Beruri (AM)";"Total";"15486"
"1300631";"Beruri (AM)";"Urbana";"7778"
"1300631";"Beruri (AM)";"Rural";"7708"
"1300680";"Boa Vista do Ramos (AM)";"Total";"14979"
"1300680";"Boa Vista do Ramos (AM)";"Urbana";"7550"
"1300680";"Boa Vista do Ramos (AM)";"Rural";"7429"
"1300706";"Boca do Acre (AM)";"Total";"30632"
"1300706";"Boca do Acre (AM)";"Urbana";"19348"
"1300706";"Boca do Acre (AM)";"Rural";"11284"
"1300805";"Borba (AM)";"Total";"34961"
"1300805";"Borba (AM)";"Urbana";"14434"
"1300805";"Borba (AM)";"Rural";"20527"
"1300839";"Caapiranga (AM)";"Total";"10975"
"1300839";"Caapiranga (AM)";"Urbana";"5140"
"1300839";"Caapiranga (AM)";"Rural";"5835"
"1300904";"Canutama (AM)";"Total";"12738"
"1300904";"Canutama (AM)";"Urbana";"6682"
"1300904";"Canutama (AM)";"Rural";"6056"
"1301001";"Carauari (AM)";"Total";"25774"
"1301001";"Carauari (AM)";"Urbana";"19744"
"1301001";"Carauari (AM)";"Rural";"6030"
"1301100";"Careiro (AM)";"Total";"32734"
"1301100";"Careiro (AM)";"Urbana";"9437"
"1301100";"Careiro (AM)";"Rural";"23297"
"1301159";"Careiro da Várzea (AM)";"Total";"23930"
"1301159";"Careiro da Várzea (AM)";"Urbana";"1000"
"1301159";"Careiro da Várzea (AM)";"Rural";"22930"
"1301209";"Coari (AM)";"Total";"75965"
"1301209";"Coari (AM)";"Urbana";"49651"
"1301209";"Coari (AM)";"Rural";"26314"
"1301308";"Codajás (AM)";"Total";"23206"
"1301308";"Codajás (AM)";"Urbana";"15806"
"1301308";"Codajás (AM)";"Rural";"7400"
"1301407";"Eirunepé (AM)";"Total";"30665"
"1301407";"Eirunepé (AM)";"Urbana";"22166"
"1301407";"Eirunepé (AM)";"Rural";"8499"
"1301506";"Envira (AM)";"Total";"16338"
"1301506";"Envira (AM)";"Urbana";"10552"
"1301506";"Envira (AM)";"Rural";"5786"
"1301605";"Fonte Boa (AM)";"Total";"22817"
"1301605";"Fonte Boa (AM)";"Urbana";"15115"
"1301605";"Fonte Boa (AM)";"Rural";"7702"
"1301654";"Guajará (AM)";"Total";"13974"
"1301654";"Guajará (AM)";"Urbana";"7427"
"1301654";"Guajará (AM)";"Rural";"6547"
"1301704";"Humaitá (AM)";"Total";"44227"
"1301704";"Humaitá (AM)";"Urbana";"30501"
"1301704";"Humaitá (AM)";"Rural";"13726"
"1301803";"Ipixuna (AM)";"Total";"22254"
"1301803";"Ipixuna (AM)";"Urbana";"9499"
"1301803";"Ipixuna (AM)";"Rural";"12755"
"1301852";"Iranduba (AM)";"Total";"40781"
"1301852";"Iranduba (AM)";"Urbana";"28979"
"1301852";"Iranduba (AM)";"Rural";"11802"
"1301902";"Itacoatiara (AM)";"Total";"86839"
"1301902";"Itacoatiara (AM)";"Urbana";"58157"
"1301902";"Itacoatiara (AM)";"Rural";"28682"
"1301951";"Itamarati (AM)";"Total";"8038"
"1301951";"Itamarati (AM)";"Urbana";"4472"
"1301951";"Itamarati (AM)";"Rural";"3566"
"1302009";"Itapiranga (AM)";"Total";"8211"
"1302009";"Itapiranga (AM)";"Urbana";"6451"
"1302009";"Itapiranga (AM)";"Rural";"1760"
"1302108";"Japurá (AM)";"Total";"7326"
"1302108";"Japurá (AM)";"Urbana";"3298"
"1302108";"Japurá (AM)";"Rural";"4028"
"1302207";"Juruá (AM)";"Total";"10802"
"1302207";"Juruá (AM)";"Urbana";"5686"
"1302207";"Juruá (AM)";"Rural";"5116"
"1302306";"Jutaí (AM)";"Total";"17992"
"1302306";"Jutaí (AM)";"Urbana";"10552"
"1302306";"Jutaí (AM)";"Rural";"7440"
"1302405";"Lábrea (AM)";"Total";"37701"
"1302405";"Lábrea (AM)";"Urbana";"24207"
"1302405";"Lábrea (AM)";"Rural";"13494"
"1302504";"Manacapuru (AM)";"Total";"85141"
"1302504";"Manacapuru (AM)";"Urbana";"60174"
"1302504";"Manacapuru (AM)";"Rural";"24967"
"1302553";"Manaquiri (AM)";"Total";"22801"
"1302553";"Manaquiri (AM)";"Urbana";"7062"
"1302553";"Manaquiri (AM)";"Rural";"15739"
"1302603";"Manaus (AM)";"Total";"1802014"
"1302603";"Manaus (AM)";"Urbana";"1792881"
"1302603";"Manaus (AM)";"Rural";"9133"
"1302702";"Manicoré (AM)";"Total";"47017"
"1302702";"Manicoré (AM)";"Urbana";"20349"
"1302702";"Manicoré (AM)";"Rural";"26668"
"1302801";"Maraã (AM)";"Total";"17528"
"1302801";"Maraã (AM)";"Urbana";"8753"
"1302801";"Maraã (AM)";"Rural";"8775"
"1302900";"Maués (AM)";"Total";"52236"
"1302900";"Maués (AM)";"Urbana";"25832"
"1302900";"Maués (AM)";"Rural";"26404"
"1303007";"Nhamundá (AM)";"Total";"18278"
"1303007";"Nhamundá (AM)";"Urbana";"7010"
"1303007";"Nhamundá (AM)";"Rural";"11268"
"1303106";"Nova Olinda do Norte (AM)";"Total";"30696"
"1303106";"Nova Olinda do Norte (AM)";"Urbana";"13626"
"1303106";"Nova Olinda do Norte (AM)";"Rural";"17070"
"1303205";"Novo Airão (AM)";"Total";"14723"
"1303205";"Novo Airão (AM)";"Urbana";"9499"
"1303205";"Novo Airão (AM)";"Rural";"5224"
"1303304";"Novo Aripuanã (AM)";"Total";"21451"
"1303304";"Novo Aripuanã (AM)";"Urbana";"14074"
"1303304";"Novo Aripuanã (AM)";"Rural";"7377"
"1303403";"Parintins (AM)";"Total";"102033"
"1303403";"Parintins (AM)";"Urbana";"69890"
"1303403";"Parintins (AM)";"Rural";"32143"
"1303502";"Pauini (AM)";"Total";"18166"
"1303502";"Pauini (AM)";"Urbana";"9264"
"1303502";"Pauini (AM)";"Rural";"8902"
"1303536";"Presidente Figueiredo (AM)";"Total";"27175"
"1303536";"Presidente Figueiredo (AM)";"Urbana";"13001"
"1303536";"Presidente Figueiredo (AM)";"Rural";"14174"
"1303569";"Rio Preto da Eva (AM)";"Total";"25719"
"1303569";"Rio Preto da Eva (AM)";"Urbana";"12205"
"1303569";"Rio Preto da Eva (AM)";"Rural";"13514"
"1303601";"Santa Isabel do Rio Negro (AM)";"Total";"18146"
"1303601";"Santa Isabel do Rio Negro (AM)";"Urbana";"6856"
"1303601";"Santa Isabel do Rio Negro (AM)";"Rural";"11290"
"1303700";"Santo Antônio do Içá (AM)";"Total";"24481"
"1303700";"Santo Antônio do Içá (AM)";"Urbana";"12947"
"1303700";"Santo Antônio do Içá (AM)";"Rural";"11534"
"1303809";"São Gabriel da Cachoeira (AM)";"Total";"37896"
"1303809";"São Gabriel da Cachoeira (AM)";"Urbana";"19054"
"1303809";"São Gabriel da Cachoeira (AM)";"Rural";"18842"
"1303908";"São Paulo de Olivença (AM)";"Total";"31422"
"1303908";"São Paulo de Olivença (AM)";"Urbana";"14263"
"1303908";"São Paulo de Olivença (AM)";"Rural";"17159"
"1303957";"São Sebastião do Uatumã (AM)";"Total";"10705"
"1303957";"São Sebastião do Uatumã (AM)";"Urbana";"5904"
"1303957";"São Sebastião do Uatumã (AM)";"Rural";"4801"
"1304005";"Silves (AM)";"Total";"8444"
"1304005";"Silves (AM)";"Urbana";"4029"
"1304005";"Silves (AM)";"Rural";"4415"
"1304062";"Tabatinga (AM)";"Total";"52272"
"1304062";"Tabatinga (AM)";"Urbana";"36355"
"1304062";"Tabatinga (AM)";"Rural";"15917"
"1304104";"Tapauá (AM)";"Total";"19077"
"1304104";"Tapauá (AM)";"Urbana";"10618"
"1304104";"Tapauá (AM)";"Rural";"8459"
"1304203";"Tefé (AM)";"Total";"61453"
"1304203";"Tefé (AM)";"Urbana";"50069"
"1304203";"Tefé (AM)";"Rural";"11384"
"1304237";"Tonantins (AM)";"Total";"17079"
"1304237";"Tonantins (AM)";"Urbana";"8899"
"1304237";"Tonantins (AM)";"Rural";"8180"
"1304260";"Uarini (AM)";"Total";"11891"
"1304260";"Uarini (AM)";"Urbana";"6795"
"1304260";"Uarini (AM)";"Rural";"5096"
"1304302";"Urucará (AM)";"Total";"17094"
"1304302";"Urucará (AM)";"Urbana";"9886"
"1304302";"Urucará (AM)";"Rural";"7208"
"1304401";"Urucurituba (AM)";"Total";"17837"
"1304401";"Urucurituba (AM)";"Urbana";"10448"
"1304401";"Urucurituba (AM)";"Rural";"7389"
"1400027";"Amajari (RR)";"Total";"9327"
"1400027";"Amajari (RR)";"Urbana";"1219"
"1400027";"Amajari (RR)";"Rural";"8108"
"1400050";"Alto Alegre (RR)";"Total";"16448"
"1400050";"Alto Alegre (RR)";"Urbana";"4780"
"1400050";"Alto Alegre (RR)";"Rural";"11668"
"1400100";"Boa Vista (RR)";"Total";"284313"
"1400100";"Boa Vista (RR)";"Urbana";"277799"
"1400100";"Boa Vista (RR)";"Rural";"6514"
"1400159";"Bonfim (RR)";"Total";"10943"
"1400159";"Bonfim (RR)";"Urbana";"3711"
"1400159";"Bonfim (RR)";"Rural";"7232"
"1400175";"Cantá (RR)";"Total";"13902"
"1400175";"Cantá (RR)";"Urbana";"2257"
"1400175";"Cantá (RR)";"Rural";"11645"
"1400209";"Caracaraí (RR)";"Total";"18398"
"1400209";"Caracaraí (RR)";"Urbana";"10910"
"1400209";"Caracaraí (RR)";"Rural";"7488"
"1400233";"Caroebe (RR)";"Total";"8114"
"1400233";"Caroebe (RR)";"Urbana";"3324"
"1400233";"Caroebe (RR)";"Rural";"4790"
"1400282";"Iracema (RR)";"Total";"8696"
"1400282";"Iracema (RR)";"Urbana";"4078"
"1400282";"Iracema (RR)";"Rural";"4618"
"1400308";"Mucajaí (RR)";"Total";"14792"
"1400308";"Mucajaí (RR)";"Urbana";"8935"
"1400308";"Mucajaí (RR)";"Rural";"5857"
"1400407";"Normandia (RR)";"Total";"8940"
"1400407";"Normandia (RR)";"Urbana";"2311"
"1400407";"Normandia (RR)";"Rural";"6629"
"1400456";"Pacaraima (RR)";"Total";"10433"
"1400456";"Pacaraima (RR)";"Urbana";"4514"
"1400456";"Pacaraima (RR)";"Rural";"5919"
"1400472";"Rorainópolis (RR)";"Total";"24279"
"1400472";"Rorainópolis (RR)";"Urbana";"10673"
"1400472";"Rorainópolis (RR)";"Rural";"13606"
"1400506";"São João da Baliza (RR)";"Total";"6769"
"1400506";"São João da Baliza (RR)";"Urbana";"4755"
"1400506";"São João da Baliza (RR)";"Rural";"2014"
"1400605";"São Luiz do Anauá (RR)";"Total";"6750"
"1400605";"São Luiz do Anauá (RR)";"Urbana";"4455"
"1400605";"São Luiz do Anauá (RR)";"Rural";"2295"
"1400704";"Uiramutã (RR)";"Total";"8375"
"1400704";"Uiramutã (RR)";"Urbana";"1138"
"1400704";"Uiramutã (RR)";"Rural";"7237"
"1500107";"Abaetetuba (PA)";"Total";"141100"
"1500107";"Abaetetuba (PA)";"Urbana";"82998"
"1500107";"Abaetetuba (PA)";"Rural";"58102"
"1500131";"Abel Figueiredo (PA)";"Total";"6780"
"1500131";"Abel Figueiredo (PA)";"Urbana";"6034"
"1500131";"Abel Figueiredo (PA)";"Rural";"746"
"1500206";"Acará (PA)";"Total";"53569"
"1500206";"Acará (PA)";"Urbana";"12621"
"1500206";"Acará (PA)";"Rural";"40948"
"1500305";"Afuá (PA)";"Total";"35042"
"1500305";"Afuá (PA)";"Urbana";"9478"
"1500305";"Afuá (PA)";"Rural";"25564"
"1500347";"Água Azul do Norte (PA)";"Total";"25057"
"1500347";"Água Azul do Norte (PA)";"Urbana";"4876"
"1500347";"Água Azul do Norte (PA)";"Rural";"20181"
"1500404";"Alenquer (PA)";"Total";"52626"
"1500404";"Alenquer (PA)";"Urbana";"27722"
"1500404";"Alenquer (PA)";"Rural";"24904"
"1500503";"Almeirim (PA)";"Total";"33614"
"1500503";"Almeirim (PA)";"Urbana";"19965"
"1500503";"Almeirim (PA)";"Rural";"13649"
"1500602";"Altamira (PA)";"Total";"99075"
"1500602";"Altamira (PA)";"Urbana";"84092"
"1500602";"Altamira (PA)";"Rural";"14983"
"1500701";"Anajás (PA)";"Total";"24759"
"1500701";"Anajás (PA)";"Urbana";"9494"
"1500701";"Anajás (PA)";"Rural";"15265"
"1500800";"Ananindeua (PA)";"Total";"471980"
"1500800";"Ananindeua (PA)";"Urbana";"470819"
"1500800";"Ananindeua (PA)";"Rural";"1161"
"1500859";"Anapu (PA)";"Total";"20543"
"1500859";"Anapu (PA)";"Urbana";"9833"
"1500859";"Anapu (PA)";"Rural";"10710"
"1500909";"Augusto Corrêa (PA)";"Total";"40497"
"1500909";"Augusto Corrêa (PA)";"Urbana";"18240"
"1500909";"Augusto Corrêa (PA)";"Rural";"22257"
"1500958";"Aurora do Pará (PA)";"Total";"26546"
"1500958";"Aurora do Pará (PA)";"Urbana";"8168"
"1500958";"Aurora do Pará (PA)";"Rural";"18378"
"1501006";"Aveiro (PA)";"Total";"15849"
"1501006";"Aveiro (PA)";"Urbana";"3179"
"1501006";"Aveiro (PA)";"Rural";"12670"
"1501105";"Bagre (PA)";"Total";"23864"
"1501105";"Bagre (PA)";"Urbana";"10661"
"1501105";"Bagre (PA)";"Rural";"13203"
"1501204";"Baião (PA)";"Total";"36882"
"1501204";"Baião (PA)";"Urbana";"18555"
"1501204";"Baião (PA)";"Rural";"18327"
"1501253";"Bannach (PA)";"Total";"3431"
"1501253";"Bannach (PA)";"Urbana";"1282"
"1501253";"Bannach (PA)";"Rural";"2149"
"1501303";"Barcarena (PA)";"Total";"99859"
"1501303";"Barcarena (PA)";"Urbana";"36297"
"1501303";"Barcarena (PA)";"Rural";"63562"
"1501402";"Belém (PA)";"Total";"1393399"
"1501402";"Belém (PA)";"Urbana";"1381475"
"1501402";"Belém (PA)";"Rural";"11924"
"1501451";"Belterra (PA)";"Total";"16318"
"1501451";"Belterra (PA)";"Urbana";"6852"
"1501451";"Belterra (PA)";"Rural";"9466"
"1501501";"Benevides (PA)";"Total";"51651"
"1501501";"Benevides (PA)";"Urbana";"28912"
"1501501";"Benevides (PA)";"Rural";"22739"
"1501576";"Bom Jesus do Tocantins (PA)";"Total";"15298"
"1501576";"Bom Jesus do Tocantins (PA)";"Urbana";"8158"
"1501576";"Bom Jesus do Tocantins (PA)";"Rural";"7140"
"1501600";"Bonito (PA)";"Total";"13630"
"1501600";"Bonito (PA)";"Urbana";"3827"
"1501600";"Bonito (PA)";"Rural";"9803"
"1501709";"Bragança (PA)";"Total";"113227"
"1501709";"Bragança (PA)";"Urbana";"72621"
"1501709";"Bragança (PA)";"Rural";"40606"
"1501725";"Brasil Novo (PA)";"Total";"15690"
"1501725";"Brasil Novo (PA)";"Urbana";"6899"
"1501725";"Brasil Novo (PA)";"Rural";"8791"
"1501758";"Brejo Grande do Araguaia (PA)";"Total";"7317"
"1501758";"Brejo Grande do Araguaia (PA)";"Urbana";"4308"
"1501758";"Brejo Grande do Araguaia (PA)";"Rural";"3009"
"1501782";"Breu Branco (PA)";"Total";"52493"
"1501782";"Breu Branco (PA)";"Urbana";"29308"
"1501782";"Breu Branco (PA)";"Rural";"23185"
"1501808";"Breves (PA)";"Total";"92860"
"1501808";"Breves (PA)";"Urbana";"46560"
"1501808";"Breves (PA)";"Rural";"46300"
"1501907";"Bujaru (PA)";"Total";"25695"
"1501907";"Bujaru (PA)";"Urbana";"8099"
"1501907";"Bujaru (PA)";"Rural";"17596"
"1501956";"Cachoeira do Piriá (PA)";"Total";"26484"
"1501956";"Cachoeira do Piriá (PA)";"Urbana";"5532"
"1501956";"Cachoeira do Piriá (PA)";"Rural";"20952"
"1502004";"Cachoeira do Arari (PA)";"Total";"20443"
"1502004";"Cachoeira do Arari (PA)";"Urbana";"7356"
"1502004";"Cachoeira do Arari (PA)";"Rural";"13087"
"1502103";"Cametá (PA)";"Total";"120896"
"1502103";"Cametá (PA)";"Urbana";"52838"
"1502103";"Cametá (PA)";"Rural";"68058"
"1502152";"Canaã dos Carajás (PA)";"Total";"26716"
"1502152";"Canaã dos Carajás (PA)";"Urbana";"20727"
"1502152";"Canaã dos Carajás (PA)";"Rural";"5989"
"1502202";"Capanema (PA)";"Total";"63639"
"1502202";"Capanema (PA)";"Urbana";"50732"
"1502202";"Capanema (PA)";"Rural";"12907"
"1502301";"Capitão Poço (PA)";"Total";"51893"
"1502301";"Capitão Poço (PA)";"Urbana";"21441"
"1502301";"Capitão Poço (PA)";"Rural";"30452"
"1502400";"Castanhal (PA)";"Total";"173149"
"1502400";"Castanhal (PA)";"Urbana";"153378"
"1502400";"Castanhal (PA)";"Rural";"19771"
"1502509";"Chaves (PA)";"Total";"21005"
"1502509";"Chaves (PA)";"Urbana";"2510"
"1502509";"Chaves (PA)";"Rural";"18495"
"1502608";"Colares (PA)";"Total";"11381"
"1502608";"Colares (PA)";"Urbana";"3661"
"1502608";"Colares (PA)";"Rural";"7720"
"1502707";"Conceição do Araguaia (PA)";"Total";"45557"
"1502707";"Conceição do Araguaia (PA)";"Urbana";"32464"
"1502707";"Conceição do Araguaia (PA)";"Rural";"13093"
"1502756";"Concórdia do Pará (PA)";"Total";"28216"
"1502756";"Concórdia do Pará (PA)";"Urbana";"15088"
"1502756";"Concórdia do Pará (PA)";"Rural";"13128"
"1502764";"Cumaru do Norte (PA)";"Total";"10466"
"1502764";"Cumaru do Norte (PA)";"Urbana";"2711"
"1502764";"Cumaru do Norte (PA)";"Rural";"7755"
"1502772";"Curionópolis (PA)";"Total";"18288"
"1502772";"Curionópolis (PA)";"Urbana";"12530"
"1502772";"Curionópolis (PA)";"Rural";"5758"
"1502806";"Curralinho (PA)";"Total";"28549"
"1502806";"Curralinho (PA)";"Urbana";"10930"
"1502806";"Curralinho (PA)";"Rural";"17619"
"1502855";"Curuá (PA)";"Total";"12254"
"1502855";"Curuá (PA)";"Urbana";"5781"
"1502855";"Curuá (PA)";"Rural";"6473"
"1502905";"Curuçá (PA)";"Total";"34294"
"1502905";"Curuçá (PA)";"Urbana";"12174"
"1502905";"Curuçá (PA)";"Rural";"22120"
"1502939";"Dom Eliseu (PA)";"Total";"51319"
"1502939";"Dom Eliseu (PA)";"Urbana";"32516"
"1502939";"Dom Eliseu (PA)";"Rural";"18803"
"1502954";"Eldorado do Carajás (PA)";"Total";"31786"
"1502954";"Eldorado do Carajás (PA)";"Urbana";"16578"
"1502954";"Eldorado do Carajás (PA)";"Rural";"15208"
"1503002";"Faro (PA)";"Total";"8177"
"1503002";"Faro (PA)";"Urbana";"6128"
"1503002";"Faro (PA)";"Rural";"2049"
"1503044";"Floresta do Araguaia (PA)";"Total";"17768"
"1503044";"Floresta do Araguaia (PA)";"Urbana";"8714"
"1503044";"Floresta do Araguaia (PA)";"Rural";"9054"
"1503077";"Garrafão do Norte (PA)";"Total";"25034"
"1503077";"Garrafão do Norte (PA)";"Urbana";"8607"
"1503077";"Garrafão do Norte (PA)";"Rural";"16427"
"1503093";"Goianésia do Pará (PA)";"Total";"30436"
"1503093";"Goianésia do Pará (PA)";"Urbana";"21082"
"1503093";"Goianésia do Pará (PA)";"Rural";"9354"
"1503101";"Gurupá (PA)";"Total";"29062"
"1503101";"Gurupá (PA)";"Urbana";"9580"
"1503101";"Gurupá (PA)";"Rural";"19482"
"1503200";"Igarapé-Açu (PA)";"Total";"35887"
"1503200";"Igarapé-Açu (PA)";"Urbana";"21207"
"1503200";"Igarapé-Açu (PA)";"Rural";"14680"
"1503309";"Igarapé-Miri (PA)";"Total";"58077"
"1503309";"Igarapé-Miri (PA)";"Urbana";"26205"
"1503309";"Igarapé-Miri (PA)";"Rural";"31872"
"1503408";"Inhangapi (PA)";"Total";"10037"
"1503408";"Inhangapi (PA)";"Urbana";"2771"
"1503408";"Inhangapi (PA)";"Rural";"7266"
"1503457";"Ipixuna do Pará (PA)";"Total";"51309"
"1503457";"Ipixuna do Pará (PA)";"Urbana";"12227"
"1503457";"Ipixuna do Pará (PA)";"Rural";"39082"
"1503507";"Irituia (PA)";"Total";"31364"
"1503507";"Irituia (PA)";"Urbana";"6524"
"1503507";"Irituia (PA)";"Rural";"24840"
"1503606";"Itaituba (PA)";"Total";"97493"
"1503606";"Itaituba (PA)";"Urbana";"70682"
"1503606";"Itaituba (PA)";"Rural";"26811"
"1503705";"Itupiranga (PA)";"Total";"51220"
"1503705";"Itupiranga (PA)";"Urbana";"20490"
"1503705";"Itupiranga (PA)";"Rural";"30730"
"1503754";"Jacareacanga (PA)";"Total";"14103"
"1503754";"Jacareacanga (PA)";"Urbana";"4930"
"1503754";"Jacareacanga (PA)";"Rural";"9173"
"1503804";"Jacundá (PA)";"Total";"51360"
"1503804";"Jacundá (PA)";"Urbana";"45683"
"1503804";"Jacundá (PA)";"Rural";"5677"
"1503903";"Juruti (PA)";"Total";"47086"
"1503903";"Juruti (PA)";"Urbana";"15852"
"1503903";"Juruti (PA)";"Rural";"31234"
"1504000";"Limoeiro do Ajuru (PA)";"Total";"25021"
"1504000";"Limoeiro do Ajuru (PA)";"Urbana";"6197"
"1504000";"Limoeiro do Ajuru (PA)";"Rural";"18824"
"1504059";"Mãe do Rio (PA)";"Total";"27904"
"1504059";"Mãe do Rio (PA)";"Urbana";"23052"
"1504059";"Mãe do Rio (PA)";"Rural";"4852"
"1504109";"Magalhães Barata (PA)";"Total";"8115"
"1504109";"Magalhães Barata (PA)";"Urbana";"3795"
"1504109";"Magalhães Barata (PA)";"Rural";"4320"
"1504208";"Marabá (PA)";"Total";"233669"
"1504208";"Marabá (PA)";"Urbana";"186270"
"1504208";"Marabá (PA)";"Rural";"47399"
"1504307";"Maracanã (PA)";"Total";"28376"
"1504307";"Maracanã (PA)";"Urbana";"11656"
"1504307";"Maracanã (PA)";"Rural";"16720"
"1504406";"Marapanim (PA)";"Total";"26605"
"1504406";"Marapanim (PA)";"Urbana";"11704"
"1504406";"Marapanim (PA)";"Rural";"14901"
"1504422";"Marituba (PA)";"Total";"108246"
"1504422";"Marituba (PA)";"Urbana";"107123"
"1504422";"Marituba (PA)";"Rural";"1123"
"1504455";"Medicilândia (PA)";"Total";"27328"
"1504455";"Medicilândia (PA)";"Urbana";"9559"
"1504455";"Medicilândia (PA)";"Rural";"17769"
"1504505";"Melgaço (PA)";"Total";"24808"
"1504505";"Melgaço (PA)";"Urbana";"5503"
"1504505";"Melgaço (PA)";"Rural";"19305"
"1504604";"Mocajuba (PA)";"Total";"26731"
"1504604";"Mocajuba (PA)";"Urbana";"18279"
"1504604";"Mocajuba (PA)";"Rural";"8452"
"1504703";"Moju (PA)";"Total";"70018"
"1504703";"Moju (PA)";"Urbana";"25162"
"1504703";"Moju (PA)";"Rural";"44856"
"1504802";"Monte Alegre (PA)";"Total";"55462"
"1504802";"Monte Alegre (PA)";"Urbana";"24565"
"1504802";"Monte Alegre (PA)";"Rural";"30897"
"1504901";"Muaná (PA)";"Total";"34204"
"1504901";"Muaná (PA)";"Urbana";"14521"
"1504901";"Muaná (PA)";"Rural";"19683"
"1504950";"Nova Esperança do Piriá (PA)";"Total";"20158"
"1504950";"Nova Esperança do Piriá (PA)";"Urbana";"7964"
"1504950";"Nova Esperança do Piriá (PA)";"Rural";"12194"
"1504976";"Nova Ipixuna (PA)";"Total";"14645"
"1504976";"Nova Ipixuna (PA)";"Urbana";"7726"
"1504976";"Nova Ipixuna (PA)";"Rural";"6919"
"1505007";"Nova Timboteua (PA)";"Total";"13670"
"1505007";"Nova Timboteua (PA)";"Urbana";"5520"
"1505007";"Nova Timboteua (PA)";"Rural";"8150"
"1505031";"Novo Progresso (PA)";"Total";"25124"
"1505031";"Novo Progresso (PA)";"Urbana";"17717"
"1505031";"Novo Progresso (PA)";"Rural";"7407"
"1505064";"Novo Repartimento (PA)";"Total";"62050"
"1505064";"Novo Repartimento (PA)";"Urbana";"27950"
"1505064";"Novo Repartimento (PA)";"Rural";"34100"
"1505106";"Óbidos (PA)";"Total";"49333"
"1505106";"Óbidos (PA)";"Urbana";"25466"
"1505106";"Óbidos (PA)";"Rural";"23867"
"1505205";"Oeiras do Pará (PA)";"Total";"28595"
"1505205";"Oeiras do Pará (PA)";"Urbana";"11432"
"1505205";"Oeiras do Pará (PA)";"Rural";"17163"
"1505304";"Oriximiná (PA)";"Total";"62794"
"1505304";"Oriximiná (PA)";"Urbana";"40147"
"1505304";"Oriximiná (PA)";"Rural";"22647"
"1505403";"Ourém (PA)";"Total";"16311"
"1505403";"Ourém (PA)";"Urbana";"7438"
"1505403";"Ourém (PA)";"Rural";"8873"
"1505437";"Ourilândia do Norte (PA)";"Total";"27359"
"1505437";"Ourilândia do Norte (PA)";"Urbana";"19913"
"1505437";"Ourilândia do Norte (PA)";"Rural";"7446"
"1505486";"Pacajá (PA)";"Total";"39979"
"1505486";"Pacajá (PA)";"Urbana";"13747"
"1505486";"Pacajá (PA)";"Rural";"26232"
"1505494";"Palestina do Pará (PA)";"Total";"7475"
"1505494";"Palestina do Pará (PA)";"Urbana";"4546"
"1505494";"Palestina do Pará (PA)";"Rural";"2929"
"1505502";"Paragominas (PA)";"Total";"97819"
"1505502";"Paragominas (PA)";"Urbana";"76511"
"1505502";"Paragominas (PA)";"Rural";"21308"
"1505536";"Parauapebas (PA)";"Total";"153908"
"1505536";"Parauapebas (PA)";"Urbana";"138690"
"1505536";"Parauapebas (PA)";"Rural";"15218"
"1505551";"Pau D'Arco (PA)";"Total";"6033"
"1505551";"Pau D'Arco (PA)";"Urbana";"3641"
"1505551";"Pau D'Arco (PA)";"Rural";"2392"
"1505601";"Peixe-Boi (PA)";"Total";"7854"
"1505601";"Peixe-Boi (PA)";"Urbana";"4169"
"1505601";"Peixe-Boi (PA)";"Rural";"3685"
"1505635";"Piçarra (PA)";"Total";"12697"
"1505635";"Piçarra (PA)";"Urbana";"3581"
"1505635";"Piçarra (PA)";"Rural";"9116"
"1505650";"Placas (PA)";"Total";"23934"
"1505650";"Placas (PA)";"Urbana";"4854"
"1505650";"Placas (PA)";"Rural";"19080"
"1505700";"Ponta de Pedras (PA)";"Total";"25999"
"1505700";"Ponta de Pedras (PA)";"Urbana";"12424"
"1505700";"Ponta de Pedras (PA)";"Rural";"13575"
"1505809";"Portel (PA)";"Total";"52172"
"1505809";"Portel (PA)";"Urbana";"24852"
"1505809";"Portel (PA)";"Rural";"27320"
"1505908";"Porto de Moz (PA)";"Total";"33956"
"1505908";"Porto de Moz (PA)";"Urbana";"14583"
"1505908";"Porto de Moz (PA)";"Rural";"19373"
"1506005";"Prainha (PA)";"Total";"29349"
"1506005";"Prainha (PA)";"Urbana";"8959"
"1506005";"Prainha (PA)";"Rural";"20390"
"1506104";"Primavera (PA)";"Total";"10268"
"1506104";"Primavera (PA)";"Urbana";"6391"
"1506104";"Primavera (PA)";"Rural";"3877"
"1506112";"Quatipuru (PA)";"Total";"12411"
"1506112";"Quatipuru (PA)";"Urbana";"5313"
"1506112";"Quatipuru (PA)";"Rural";"7098"
"1506138";"Redenção (PA)";"Total";"75556"
"1506138";"Redenção (PA)";"Urbana";"70065"
"1506138";"Redenção (PA)";"Rural";"5491"
"1506161";"Rio Maria (PA)";"Total";"17697"
"1506161";"Rio Maria (PA)";"Urbana";"13512"
"1506161";"Rio Maria (PA)";"Rural";"4185"
"1506187";"Rondon do Pará (PA)";"Total";"46964"
"1506187";"Rondon do Pará (PA)";"Urbana";"34696"
"1506187";"Rondon do Pará (PA)";"Rural";"12268"
"1506195";"Rurópolis (PA)";"Total";"40087"
"1506195";"Rurópolis (PA)";"Urbana";"15273"
"1506195";"Rurópolis (PA)";"Rural";"24814"
"1506203";"Salinópolis (PA)";"Total";"37421"
"1506203";"Salinópolis (PA)";"Urbana";"33391"
"1506203";"Salinópolis (PA)";"Rural";"4030"
"1506302";"Salvaterra (PA)";"Total";"20183"
"1506302";"Salvaterra (PA)";"Urbana";"12672"
"1506302";"Salvaterra (PA)";"Rural";"7511"
"1506351";"Santa Bárbara do Pará (PA)";"Total";"17141"
"1506351";"Santa Bárbara do Pará (PA)";"Urbana";"5458"
"1506351";"Santa Bárbara do Pará (PA)";"Rural";"11683"
"1506401";"Santa Cruz do Arari (PA)";"Total";"8155"
"1506401";"Santa Cruz do Arari (PA)";"Urbana";"3994"
"1506401";"Santa Cruz do Arari (PA)";"Rural";"4161"
"1506500";"Santa Izabel do Pará (PA)";"Total";"59466"
"1506500";"Santa Izabel do Pará (PA)";"Urbana";"43000"
"1506500";"Santa Izabel do Pará (PA)";"Rural";"16466"
"1506559";"Santa Luzia do Pará (PA)";"Total";"19424"
"1506559";"Santa Luzia do Pará (PA)";"Urbana";"8693"
"1506559";"Santa Luzia do Pará (PA)";"Rural";"10731"
"1506583";"Santa Maria das Barreiras (PA)";"Total";"17206"
"1506583";"Santa Maria das Barreiras (PA)";"Urbana";"6357"
"1506583";"Santa Maria das Barreiras (PA)";"Rural";"10849"
"1506609";"Santa Maria do Pará (PA)";"Total";"23026"
"1506609";"Santa Maria do Pará (PA)";"Urbana";"13328"
"1506609";"Santa Maria do Pará (PA)";"Rural";"9698"
"1506708";"Santana do Araguaia (PA)";"Total";"56153"
"1506708";"Santana do Araguaia (PA)";"Urbana";"29663"
"1506708";"Santana do Araguaia (PA)";"Rural";"26490"
"1506807";"Santarém (PA)";"Total";"294580"
"1506807";"Santarém (PA)";"Urbana";"215790"
"1506807";"Santarém (PA)";"Rural";"78790"
"1506906";"Santarém Novo (PA)";"Total";"6141"
"1506906";"Santarém Novo (PA)";"Urbana";"1809"
"1506906";"Santarém Novo (PA)";"Rural";"4332"
"1507003";"Santo Antônio do Tauá (PA)";"Total";"26674"
"1507003";"Santo Antônio do Tauá (PA)";"Urbana";"14871"
"1507003";"Santo Antônio do Tauá (PA)";"Rural";"11803"
"1507102";"São Caetano de Odivelas (PA)";"Total";"16891"
"1507102";"São Caetano de Odivelas (PA)";"Urbana";"6958"
"1507102";"São Caetano de Odivelas (PA)";"Rural";"9933"
"1507151";"São Domingos do Araguaia (PA)";"Total";"23130"
"1507151";"São Domingos do Araguaia (PA)";"Urbana";"15254"
"1507151";"São Domingos do Araguaia (PA)";"Rural";"7876"
"1507201";"São Domingos do Capim (PA)";"Total";"29846"
"1507201";"São Domingos do Capim (PA)";"Urbana";"6589"
"1507201";"São Domingos do Capim (PA)";"Rural";"23257"
"1507300";"São Félix do Xingu (PA)";"Total";"91340"
"1507300";"São Félix do Xingu (PA)";"Urbana";"45113"
"1507300";"São Félix do Xingu (PA)";"Rural";"46227"
"1507409";"São Francisco do Pará (PA)";"Total";"15060"
"1507409";"São Francisco do Pará (PA)";"Urbana";"5113"
"1507409";"São Francisco do Pará (PA)";"Rural";"9947"
"1507458";"São Geraldo do Araguaia (PA)";"Total";"25587"
"1507458";"São Geraldo do Araguaia (PA)";"Urbana";"13590"
"1507458";"São Geraldo do Araguaia (PA)";"Rural";"11997"
"1507466";"São João da Ponta (PA)";"Total";"5265"
"1507466";"São João da Ponta (PA)";"Urbana";"1031"
"1507466";"São João da Ponta (PA)";"Rural";"4234"
"1507474";"São João de Pirabas (PA)";"Total";"20647"
"1507474";"São João de Pirabas (PA)";"Urbana";"10487"
"1507474";"São João de Pirabas (PA)";"Rural";"10160"
"1507508";"São João do Araguaia (PA)";"Total";"13155"
"1507508";"São João do Araguaia (PA)";"Urbana";"2586"
"1507508";"São João do Araguaia (PA)";"Rural";"10569"
"1507607";"São Miguel do Guamá (PA)";"Total";"51567"
"1507607";"São Miguel do Guamá (PA)";"Urbana";"31884"
"1507607";"São Miguel do Guamá (PA)";"Rural";"19683"
"1507706";"São Sebastião da Boa Vista (PA)";"Total";"22904"
"1507706";"São Sebastião da Boa Vista (PA)";"Urbana";"9902"
"1507706";"São Sebastião da Boa Vista (PA)";"Rural";"13002"
"1507755";"Sapucaia (PA)";"Total";"5047"
"1507755";"Sapucaia (PA)";"Urbana";"3325"
"1507755";"Sapucaia (PA)";"Rural";"1722"
"1507805";"Senador José Porfírio (PA)";"Total";"13045"
"1507805";"Senador José Porfírio (PA)";"Urbana";"6470"
"1507805";"Senador José Porfírio (PA)";"Rural";"6575"
"1507904";"Soure (PA)";"Total";"23001"
"1507904";"Soure (PA)";"Urbana";"21015"
"1507904";"Soure (PA)";"Rural";"1986"
"1507953";"Tailândia (PA)";"Total";"79297"
"1507953";"Tailândia (PA)";"Urbana";"58713"
"1507953";"Tailândia (PA)";"Rural";"20584"
"1507961";"Terra Alta (PA)";"Total";"10262"
"1507961";"Terra Alta (PA)";"Urbana";"4334"
"1507961";"Terra Alta (PA)";"Rural";"5928"
"1507979";"Terra Santa (PA)";"Total";"16949"
"1507979";"Terra Santa (PA)";"Urbana";"10335"
"1507979";"Terra Santa (PA)";"Rural";"6614"
"1508001";"Tomé-Açu (PA)";"Total";"56518"
"1508001";"Tomé-Açu (PA)";"Urbana";"31563"
"1508001";"Tomé-Açu (PA)";"Rural";"24955"
"1508035";"Tracuateua (PA)";"Total";"27455"
"1508035";"Tracuateua (PA)";"Urbana";"7256"
"1508035";"Tracuateua (PA)";"Rural";"20199"
"1508050";"Trairão (PA)";"Total";"16875"
"1508050";"Trairão (PA)";"Urbana";"5679"
"1508050";"Trairão (PA)";"Rural";"11196"
"1508084";"Tucumã (PA)";"Total";"33690"
"1508084";"Tucumã (PA)";"Urbana";"26907"
"1508084";"Tucumã (PA)";"Rural";"6783"
"1508100";"Tucuruí (PA)";"Total";"97128"
"1508100";"Tucuruí (PA)";"Urbana";"92442"
"1508100";"Tucuruí (PA)";"Rural";"4686"
"1508126";"Ulianópolis (PA)";"Total";"43341"
"1508126";"Ulianópolis (PA)";"Urbana";"28525"
"1508126";"Ulianópolis (PA)";"Rural";"14816"
"1508159";"Uruará (PA)";"Total";"44789"
"1508159";"Uruará (PA)";"Urbana";"24430"
"1508159";"Uruará (PA)";"Rural";"20359"
"1508209";"Vigia (PA)";"Total";"47889"
"1508209";"Vigia (PA)";"Urbana";"32353"
"1508209";"Vigia (PA)";"Rural";"15536"
"1508308";"Viseu (PA)";"Total";"56716"
"1508308";"Viseu (PA)";"Urbana";"18397"
"1508308";"Viseu (PA)";"Rural";"38319"
"1508357";"Vitória do Xingu (PA)";"Total";"13431"
"1508357";"Vitória do Xingu (PA)";"Urbana";"5362"
"1508357";"Vitória do Xingu (PA)";"Rural";"8069"
"1508407";"Xinguara (PA)";"Total";"40573"
"1508407";"Xinguara (PA)";"Urbana";"31492"
"1508407";"Xinguara (PA)";"Rural";"9081"
"1600055";"Serra do Navio (AP)";"Total";"4380"
"1600055";"Serra do Navio (AP)";"Urbana";"2575"
"1600055";"Serra do Navio (AP)";"Rural";"1805"
"1600105";"Amapá (AP)";"Total";"8069"
"1600105";"Amapá (AP)";"Urbana";"6959"
"1600105";"Amapá (AP)";"Rural";"1110"
"1600154";"Pedra Branca do Amapari (AP)";"Total";"10772"
"1600154";"Pedra Branca do Amapari (AP)";"Urbana";"5963"
"1600154";"Pedra Branca do Amapari (AP)";"Rural";"4809"
"1600204";"Calçoene (AP)";"Total";"9000"
"1600204";"Calçoene (AP)";"Urbana";"7307"
"1600204";"Calçoene (AP)";"Rural";"1693"
"1600212";"Cutias (AP)";"Total";"4696"
"1600212";"Cutias (AP)";"Urbana";"2442"
"1600212";"Cutias (AP)";"Rural";"2254"
"1600238";"Ferreira Gomes (AP)";"Total";"5802"
"1600238";"Ferreira Gomes (AP)";"Urbana";"4175"
"1600238";"Ferreira Gomes (AP)";"Rural";"1627"
"1600253";"Itaubal (AP)";"Total";"4265"
"1600253";"Itaubal (AP)";"Urbana";"1754"
"1600253";"Itaubal (AP)";"Rural";"2511"
"1600279";"Laranjal do Jari (AP)";"Total";"39942"
"1600279";"Laranjal do Jari (AP)";"Urbana";"37904"
"1600279";"Laranjal do Jari (AP)";"Rural";"2038"
"1600303";"Macapá (AP)";"Total";"398204"
"1600303";"Macapá (AP)";"Urbana";"381214"
"1600303";"Macapá (AP)";"Rural";"16990"
"1600402";"Mazagão (AP)";"Total";"17032"
"1600402";"Mazagão (AP)";"Urbana";"8272"
"1600402";"Mazagão (AP)";"Rural";"8760"
"1600501";"Oiapoque (AP)";"Total";"20509"
"1600501";"Oiapoque (AP)";"Urbana";"13852"
"1600501";"Oiapoque (AP)";"Rural";"6657"
"1600535";"Porto Grande (AP)";"Total";"16809"
"1600535";"Porto Grande (AP)";"Urbana";"10809"
"1600535";"Porto Grande (AP)";"Rural";"6000"
"1600550";"Pracuúba (AP)";"Total";"3793"
"1600550";"Pracuúba (AP)";"Urbana";"1881"
"1600550";"Pracuúba (AP)";"Rural";"1912"
"1600600";"Santana (AP)";"Total";"101262"
"1600600";"Santana (AP)";"Urbana";"99111"
"1600600";"Santana (AP)";"Rural";"2151"
"1600709";"Tartarugalzinho (AP)";"Total";"12563"
"1600709";"Tartarugalzinho (AP)";"Urbana";"6516"
"1600709";"Tartarugalzinho (AP)";"Rural";"6047"
"1600808";"Vitória do Jari (AP)";"Total";"12428"
"1600808";"Vitória do Jari (AP)";"Urbana";"10302"
"1600808";"Vitória do Jari (AP)";"Rural";"2126"
"1700251";"Abreulândia (TO)";"Total";"2391"
"1700251";"Abreulândia (TO)";"Urbana";"1476"
"1700251";"Abreulândia (TO)";"Rural";"915"
"1700301";"Aguiarnópolis (TO)";"Total";"5162"
"1700301";"Aguiarnópolis (TO)";"Urbana";"4142"
"1700301";"Aguiarnópolis (TO)";"Rural";"1020"
"1700350";"Aliança do Tocantins (TO)";"Total";"5671"
"1700350";"Aliança do Tocantins (TO)";"Urbana";"4756"
"1700350";"Aliança do Tocantins (TO)";"Rural";"915"
"1700400";"Almas (TO)";"Total";"7586"
"1700400";"Almas (TO)";"Urbana";"6009"
"1700400";"Almas (TO)";"Rural";"1577"
"1700707";"Alvorada (TO)";"Total";"8374"
"1700707";"Alvorada (TO)";"Urbana";"7765"
"1700707";"Alvorada (TO)";"Rural";"609"
"1701002";"Ananás (TO)";"Total";"9865"
"1701002";"Ananás (TO)";"Urbana";"8144"
"1701002";"Ananás (TO)";"Rural";"1721"
"1701051";"Angico (TO)";"Total";"3175"
"1701051";"Angico (TO)";"Urbana";"1938"
"1701051";"Angico (TO)";"Rural";"1237"
"1701101";"Aparecida do Rio Negro (TO)";"Total";"4213"
"1701101";"Aparecida do Rio Negro (TO)";"Urbana";"3313"
"1701101";"Aparecida do Rio Negro (TO)";"Rural";"900"
"1701309";"Aragominas (TO)";"Total";"5882"
"1701309";"Aragominas (TO)";"Urbana";"2230"
"1701309";"Aragominas (TO)";"Rural";"3652"
"1701903";"Araguacema (TO)";"Total";"6317"
"1701903";"Araguacema (TO)";"Urbana";"2925"
"1701903";"Araguacema (TO)";"Rural";"3392"
"1702000";"Araguaçu (TO)";"Total";"8786"
"1702000";"Araguaçu (TO)";"Urbana";"5882"
"1702000";"Araguaçu (TO)";"Rural";"2904"
"1702109";"Araguaína (TO)";"Total";"150484"
"1702109";"Araguaína (TO)";"Urbana";"142925"
"1702109";"Araguaína (TO)";"Rural";"7559"
"1702158";"Araguanã (TO)";"Total";"5030"
"1702158";"Araguanã (TO)";"Urbana";"3386"
"1702158";"Araguanã (TO)";"Rural";"1644"
"1702208";"Araguatins (TO)";"Total";"31329"
"1702208";"Araguatins (TO)";"Urbana";"20135"
"1702208";"Araguatins (TO)";"Rural";"11194"
"1702307";"Arapoema (TO)";"Total";"6742"
"1702307";"Arapoema (TO)";"Urbana";"5455"
"1702307";"Arapoema (TO)";"Rural";"1287"
"1702406";"Arraias (TO)";"Total";"10645"
"1702406";"Arraias (TO)";"Urbana";"7371"
"1702406";"Arraias (TO)";"Rural";"3274"
"1702554";"Augustinópolis (TO)";"Total";"15950"
"1702554";"Augustinópolis (TO)";"Urbana";"13176"
"1702554";"Augustinópolis (TO)";"Rural";"2774"
"1702703";"Aurora do Tocantins (TO)";"Total";"3446"
"1702703";"Aurora do Tocantins (TO)";"Urbana";"2482"
"1702703";"Aurora do Tocantins (TO)";"Rural";"964"
"1702901";"Axixá do Tocantins (TO)";"Total";"9275"
"1702901";"Axixá do Tocantins (TO)";"Urbana";"7621"
"1702901";"Axixá do Tocantins (TO)";"Rural";"1654"
"1703008";"Babaçulândia (TO)";"Total";"10424"
"1703008";"Babaçulândia (TO)";"Urbana";"4929"
"1703008";"Babaçulândia (TO)";"Rural";"5495"
"1703057";"Bandeirantes do Tocantins (TO)";"Total";"3122"
"1703057";"Bandeirantes do Tocantins (TO)";"Urbana";"1685"
"1703057";"Bandeirantes do Tocantins (TO)";"Rural";"1437"
"1703073";"Barra do Ouro (TO)";"Total";"4123"
"1703073";"Barra do Ouro (TO)";"Urbana";"2186"
"1703073";"Barra do Ouro (TO)";"Rural";"1937"
"1703107";"Barrolândia (TO)";"Total";"5349"
"1703107";"Barrolândia (TO)";"Urbana";"4479"
"1703107";"Barrolândia (TO)";"Rural";"870"
"1703206";"Bernardo Sayão (TO)";"Total";"4456"
"1703206";"Bernardo Sayão (TO)";"Urbana";"2187"
"1703206";"Bernardo Sayão (TO)";"Rural";"2269"
"1703305";"Bom Jesus do Tocantins (TO)";"Total";"3768"
"1703305";"Bom Jesus do Tocantins (TO)";"Urbana";"2826"
"1703305";"Bom Jesus do Tocantins (TO)";"Rural";"942"
"1703602";"Brasilândia do Tocantins (TO)";"Total";"2064"
"1703602";"Brasilândia do Tocantins (TO)";"Urbana";"1436"
"1703602";"Brasilândia do Tocantins (TO)";"Rural";"628"
"1703701";"Brejinho de Nazaré (TO)";"Total";"5185"
"1703701";"Brejinho de Nazaré (TO)";"Urbana";"4195"
"1703701";"Brejinho de Nazaré (TO)";"Rural";"990"
"1703800";"Buriti do Tocantins (TO)";"Total";"9768"
"1703800";"Buriti do Tocantins (TO)";"Urbana";"7454"
"1703800";"Buriti do Tocantins (TO)";"Rural";"2314"
"1703826";"Cachoeirinha (TO)";"Total";"2148"
"1703826";"Cachoeirinha (TO)";"Urbana";"1731"
"1703826";"Cachoeirinha (TO)";"Rural";"417"
"1703842";"Campos Lindos (TO)";"Total";"8139"
"1703842";"Campos Lindos (TO)";"Urbana";"4819"
"1703842";"Campos Lindos (TO)";"Rural";"3320"
"1703867";"Cariri do Tocantins (TO)";"Total";"3756"
"1703867";"Cariri do Tocantins (TO)";"Urbana";"2093"
"1703867";"Cariri do Tocantins (TO)";"Rural";"1663"
"1703883";"Carmolândia (TO)";"Total";"2316"
"1703883";"Carmolândia (TO)";"Urbana";"1824"
"1703883";"Carmolândia (TO)";"Rural";"492"
"1703891";"Carrasco Bonito (TO)";"Total";"3688"
"1703891";"Carrasco Bonito (TO)";"Urbana";"1967"
"1703891";"Carrasco Bonito (TO)";"Rural";"1721"
"1703909";"Caseara (TO)";"Total";"4601"
"1703909";"Caseara (TO)";"Urbana";"2737"
"1703909";"Caseara (TO)";"Rural";"1864"
"1704105";"Centenário (TO)";"Total";"2566"
"1704105";"Centenário (TO)";"Urbana";"1504"
"1704105";"Centenário (TO)";"Rural";"1062"
"1704600";"Chapada de Areia (TO)";"Total";"1335"
"1704600";"Chapada de Areia (TO)";"Urbana";"749"
"1704600";"Chapada de Areia (TO)";"Rural";"586"
"1705102";"Chapada da Natividade (TO)";"Total";"3277"
"1705102";"Chapada da Natividade (TO)";"Urbana";"1656"
"1705102";"Chapada da Natividade (TO)";"Rural";"1621"
"1705508";"Colinas do Tocantins (TO)";"Total";"30838"
"1705508";"Colinas do Tocantins (TO)";"Urbana";"29607"
"1705508";"Colinas do Tocantins (TO)";"Rural";"1231"
"1705557";"Combinado (TO)";"Total";"4669"
"1705557";"Combinado (TO)";"Urbana";"4000"
"1705557";"Combinado (TO)";"Rural";"669"
"1705607";"Conceição do Tocantins (TO)";"Total";"4182"
"1705607";"Conceição do Tocantins (TO)";"Urbana";"2911"
"1705607";"Conceição do Tocantins (TO)";"Rural";"1271"
"1706001";"Couto Magalhães (TO)";"Total";"5009"
"1706001";"Couto Magalhães (TO)";"Urbana";"1884"
"1706001";"Couto Magalhães (TO)";"Rural";"3125"
"1706100";"Cristalândia (TO)";"Total";"7234"
"1706100";"Cristalândia (TO)";"Urbana";"5924"
"1706100";"Cristalândia (TO)";"Rural";"1310"
"1706258";"Crixás do Tocantins (TO)";"Total";"1564"
"1706258";"Crixás do Tocantins (TO)";"Urbana";"872"
"1706258";"Crixás do Tocantins (TO)";"Rural";"692"
"1706506";"Darcinópolis (TO)";"Total";"5273"
"1706506";"Darcinópolis (TO)";"Urbana";"3489"
"1706506";"Darcinópolis (TO)";"Rural";"1784"
"1707009";"Dianópolis (TO)";"Total";"19112"
"1707009";"Dianópolis (TO)";"Urbana";"16444"
"1707009";"Dianópolis (TO)";"Rural";"2668"
"1707108";"Divinópolis do Tocantins (TO)";"Total";"6363"
"1707108";"Divinópolis do Tocantins (TO)";"Urbana";"4466"
"1707108";"Divinópolis do Tocantins (TO)";"Rural";"1897"
"1707207";"Dois Irmãos do Tocantins (TO)";"Total";"7161"
"1707207";"Dois Irmãos do Tocantins (TO)";"Urbana";"2777"
"1707207";"Dois Irmãos do Tocantins (TO)";"Rural";"4384"
"1707306";"Dueré (TO)";"Total";"4592"
"1707306";"Dueré (TO)";"Urbana";"3055"
"1707306";"Dueré (TO)";"Rural";"1537"
"1707405";"Esperantina (TO)";"Total";"9476"
"1707405";"Esperantina (TO)";"Urbana";"4614"
"1707405";"Esperantina (TO)";"Rural";"4862"
"1707553";"Fátima (TO)";"Total";"3805"
"1707553";"Fátima (TO)";"Urbana";"3135"
"1707553";"Fátima (TO)";"Rural";"670"
"1707652";"Figueirópolis (TO)";"Total";"5340"
"1707652";"Figueirópolis (TO)";"Urbana";"4054"
"1707652";"Figueirópolis (TO)";"Rural";"1286"
"1707702";"Filadélfia (TO)";"Total";"8505"
"1707702";"Filadélfia (TO)";"Urbana";"5538"
"1707702";"Filadélfia (TO)";"Rural";"2967"
"1708205";"Formoso do Araguaia (TO)";"Total";"18427"
"1708205";"Formoso do Araguaia (TO)";"Urbana";"13333"
"1708205";"Formoso do Araguaia (TO)";"Rural";"5094"
"1708254";"Tabocão (TO)";"Total";"2419"
"1708254";"Tabocão (TO)";"Urbana";"1968"
"1708254";"Tabocão (TO)";"Rural";"451"
"1708304";"Goianorte (TO)";"Total";"4956"
"1708304";"Goianorte (TO)";"Urbana";"2760"
"1708304";"Goianorte (TO)";"Rural";"2196"
"1709005";"Goiatins (TO)";"Total";"12064"
"1709005";"Goiatins (TO)";"Urbana";"4949"
"1709005";"Goiatins (TO)";"Rural";"7115"
"1709302";"Guaraí (TO)";"Total";"23200"
"1709302";"Guaraí (TO)";"Urbana";"21128"
"1709302";"Guaraí (TO)";"Rural";"2072"
"1709500";"Gurupi (TO)";"Total";"76755"
"1709500";"Gurupi (TO)";"Urbana";"75000"
"1709500";"Gurupi (TO)";"Rural";"1755"
"1709807";"Ipueiras (TO)";"Total";"1639"
"1709807";"Ipueiras (TO)";"Urbana";"958"
"1709807";"Ipueiras (TO)";"Rural";"681"
"1710508";"Itacajá (TO)";"Total";"7104"
"1710508";"Itacajá (TO)";"Urbana";"4273"
"1710508";"Itacajá (TO)";"Rural";"2831"
"1710706";"Itaguatins (TO)";"Total";"6029"
"1710706";"Itaguatins (TO)";"Urbana";"3396"
"1710706";"Itaguatins (TO)";"Rural";"2633"
"1710904";"Itapiratins (TO)";"Total";"3532"
"1710904";"Itapiratins (TO)";"Urbana";"1914"
"1710904";"Itapiratins (TO)";"Rural";"1618"
"1711100";"Itaporã do Tocantins (TO)";"Total";"2445"
"1711100";"Itaporã do Tocantins (TO)";"Urbana";"1563"
"1711100";"Itaporã do Tocantins (TO)";"Rural";"882"
"1711506";"Jaú do Tocantins (TO)";"Total";"3507"
"1711506";"Jaú do Tocantins (TO)";"Urbana";"1310"
"1711506";"Jaú do Tocantins (TO)";"Rural";"2197"
"1711803";"Juarina (TO)";"Total";"2231"
"1711803";"Juarina (TO)";"Urbana";"1033"
"1711803";"Juarina (TO)";"Rural";"1198"
"1711902";"Lagoa da Confusão (TO)";"Total";"10210"
"1711902";"Lagoa da Confusão (TO)";"Urbana";"6332"
"1711902";"Lagoa da Confusão (TO)";"Rural";"3878"
"1711951";"Lagoa do Tocantins (TO)";"Total";"3525"
"1711951";"Lagoa do Tocantins (TO)";"Urbana";"2538"
"1711951";"Lagoa do Tocantins (TO)";"Rural";"987"
"1712009";"Lajeado (TO)";"Total";"2773"
"1712009";"Lajeado (TO)";"Urbana";"2166"
"1712009";"Lajeado (TO)";"Rural";"607"
"1712157";"Lavandeira (TO)";"Total";"1605"
"1712157";"Lavandeira (TO)";"Urbana";"1023"
"1712157";"Lavandeira (TO)";"Rural";"582"
"1712405";"Lizarda (TO)";"Total";"3725"
"1712405";"Lizarda (TO)";"Urbana";"2583"
"1712405";"Lizarda (TO)";"Rural";"1142"
"1712454";"Luzinópolis (TO)";"Total";"2622"
"1712454";"Luzinópolis (TO)";"Urbana";"1675"
"1712454";"Luzinópolis (TO)";"Rural";"947"
"1712504";"Marianópolis do Tocantins (TO)";"Total";"4352"
"1712504";"Marianópolis do Tocantins (TO)";"Urbana";"2383"
"1712504";"Marianópolis do Tocantins (TO)";"Rural";"1969"
"1712702";"Mateiros (TO)";"Total";"2223"
"1712702";"Mateiros (TO)";"Urbana";"1417"
"1712702";"Mateiros (TO)";"Rural";"806"
"1712801";"Maurilândia do Tocantins (TO)";"Total";"3154"
"1712801";"Maurilândia do Tocantins (TO)";"Urbana";"2017"
"1712801";"Maurilândia do Tocantins (TO)";"Rural";"1137"
"1713205";"Miracema do Tocantins (TO)";"Total";"20684"
"1713205";"Miracema do Tocantins (TO)";"Urbana";"17937"
"1713205";"Miracema do Tocantins (TO)";"Rural";"2747"
"1713304";"Miranorte (TO)";"Total";"12623"
"1713304";"Miranorte (TO)";"Urbana";"11036"
"1713304";"Miranorte (TO)";"Rural";"1587"
"1713601";"Monte do Carmo (TO)";"Total";"6716"
"1713601";"Monte do Carmo (TO)";"Urbana";"2881"
"1713601";"Monte do Carmo (TO)";"Rural";"3835"
"1713700";"Monte Santo do Tocantins (TO)";"Total";"2085"
"1713700";"Monte Santo do Tocantins (TO)";"Urbana";"450"
"1713700";"Monte Santo do Tocantins (TO)";"Rural";"1635"
"1713809";"Palmeiras do Tocantins (TO)";"Total";"5740"
"1713809";"Palmeiras do Tocantins (TO)";"Urbana";"3232"
"1713809";"Palmeiras do Tocantins (TO)";"Rural";"2508"
"1713957";"Muricilândia (TO)";"Total";"3152"
"1713957";"Muricilândia (TO)";"Urbana";"1800"
"1713957";"Muricilândia (TO)";"Rural";"1352"
"1714203";"Natividade (TO)";"Total";"9000"
"1714203";"Natividade (TO)";"Urbana";"7195"
"1714203";"Natividade (TO)";"Rural";"1805"
"1714302";"Nazaré (TO)";"Total";"4386"
"1714302";"Nazaré (TO)";"Urbana";"1991"
"1714302";"Nazaré (TO)";"Rural";"2395"
"1714880";"Nova Olinda (TO)";"Total";"10686"
"1714880";"Nova Olinda (TO)";"Urbana";"7465"
"1714880";"Nova Olinda (TO)";"Rural";"3221"
"1715002";"Nova Rosalândia (TO)";"Total";"3770"
"1715002";"Nova Rosalândia (TO)";"Urbana";"2468"
"1715002";"Nova Rosalândia (TO)";"Rural";"1302"
"1715101";"Novo Acordo (TO)";"Total";"3762"
"1715101";"Novo Acordo (TO)";"Urbana";"3083"
"1715101";"Novo Acordo (TO)";"Rural";"679"
"1715150";"Novo Alegre (TO)";"Total";"2286"
"1715150";"Novo Alegre (TO)";"Urbana";"1699"
"1715150";"Novo Alegre (TO)";"Rural";"587"
"1715259";"Novo Jardim (TO)";"Total";"2457"
"1715259";"Novo Jardim (TO)";"Urbana";"1776"
"1715259";"Novo Jardim (TO)";"Rural";"681"
"1715507";"Oliveira de Fátima (TO)";"Total";"1037"
"1715507";"Oliveira de Fátima (TO)";"Urbana";"817"
"1715507";"Oliveira de Fátima (TO)";"Rural";"220"
"1715705";"Palmeirante (TO)";"Total";"4954"
"1715705";"Palmeirante (TO)";"Urbana";"1926"
"1715705";"Palmeirante (TO)";"Rural";"3028"
"1715754";"Palmeirópolis (TO)";"Total";"7339"
"1715754";"Palmeirópolis (TO)";"Urbana";"5981"
"1715754";"Palmeirópolis (TO)";"Rural";"1358"
"1716109";"Paraíso do Tocantins (TO)";"Total";"44417"
"1716109";"Paraíso do Tocantins (TO)";"Urbana";"42473"
"1716109";"Paraíso do Tocantins (TO)";"Rural";"1944"
"1716208";"Paranã (TO)";"Total";"10338"
"1716208";"Paranã (TO)";"Urbana";"4720"
"1716208";"Paranã (TO)";"Rural";"5618"
"1716307";"Pau D'Arco (TO)";"Total";"4588"
"1716307";"Pau D'Arco (TO)";"Urbana";"2900"
"1716307";"Pau D'Arco (TO)";"Rural";"1688"
"1716505";"Pedro Afonso (TO)";"Total";"11539"
"1716505";"Pedro Afonso (TO)";"Urbana";"10016"
"1716505";"Pedro Afonso (TO)";"Rural";"1523"
"1716604";"Peixe (TO)";"Total";"10384"
"1716604";"Peixe (TO)";"Urbana";"5235"
"1716604";"Peixe (TO)";"Rural";"5149"
"1716653";"Pequizeiro (TO)";"Total";"5054"
"1716653";"Pequizeiro (TO)";"Urbana";"2390"
"1716653";"Pequizeiro (TO)";"Rural";"2664"
"1716703";"Colméia (TO)";"Total";"8611"
"1716703";"Colméia (TO)";"Urbana";"6370"
"1716703";"Colméia (TO)";"Rural";"2241"
"1717008";"Pindorama do Tocantins (TO)";"Total";"4506"
"1717008";"Pindorama do Tocantins (TO)";"Urbana";"2947"
"1717008";"Pindorama do Tocantins (TO)";"Rural";"1559"
"1717206";"Piraquê (TO)";"Total";"2920"
"1717206";"Piraquê (TO)";"Urbana";"1122"
"1717206";"Piraquê (TO)";"Rural";"1798"
"1717503";"Pium (TO)";"Total";"6694"
"1717503";"Pium (TO)";"Urbana";"3779"
"1717503";"Pium (TO)";"Rural";"2915"
"1717800";"Ponte Alta do Bom Jesus (TO)";"Total";"4544"
"1717800";"Ponte Alta do Bom Jesus (TO)";"Urbana";"2501"
"1717800";"Ponte Alta do Bom Jesus (TO)";"Rural";"2043"
"1717909";"Ponte Alta do Tocantins (TO)";"Total";"7180"
"1717909";"Ponte Alta do Tocantins (TO)";"Urbana";"4527"
"1717909";"Ponte Alta do Tocantins (TO)";"Rural";"2653"
"1718006";"Porto Alegre do Tocantins (TO)";"Total";"2796"
"1718006";"Porto Alegre do Tocantins (TO)";"Urbana";"1919"
"1718006";"Porto Alegre do Tocantins (TO)";"Rural";"877"
"1718204";"Porto Nacional (TO)";"Total";"49146"
"1718204";"Porto Nacional (TO)";"Urbana";"42435"
"1718204";"Porto Nacional (TO)";"Rural";"6711"
"1718303";"Praia Norte (TO)";"Total";"7659"
"1718303";"Praia Norte (TO)";"Urbana";"4468"
"1718303";"Praia Norte (TO)";"Rural";"3191"
"1718402";"Presidente Kennedy (TO)";"Total";"3681"
"1718402";"Presidente Kennedy (TO)";"Urbana";"3227"
"1718402";"Presidente Kennedy (TO)";"Rural";"454"
"1718451";"Pugmil (TO)";"Total";"2369"
"1718451";"Pugmil (TO)";"Urbana";"2004"
"1718451";"Pugmil (TO)";"Rural";"365"
"1718501";"Recursolândia (TO)";"Total";"3768"
"1718501";"Recursolândia (TO)";"Urbana";"1990"
"1718501";"Recursolândia (TO)";"Rural";"1778"
"1718550";"Riachinho (TO)";"Total";"4191"
"1718550";"Riachinho (TO)";"Urbana";"1812"
"1718550";"Riachinho (TO)";"Rural";"2379"
"1718659";"Rio da Conceição (TO)";"Total";"1714"
"1718659";"Rio da Conceição (TO)";"Urbana";"1574"
"1718659";"Rio da Conceição (TO)";"Rural";"140"
"1718709";"Rio dos Bois (TO)";"Total";"2570"
"1718709";"Rio dos Bois (TO)";"Urbana";"1029"
"1718709";"Rio dos Bois (TO)";"Rural";"1541"
"1718758";"Rio Sono (TO)";"Total";"6254"
"1718758";"Rio Sono (TO)";"Urbana";"2407"
"1718758";"Rio Sono (TO)";"Rural";"3847"
"1718808";"Sampaio (TO)";"Total";"3864"
"1718808";"Sampaio (TO)";"Urbana";"3516"
"1718808";"Sampaio (TO)";"Rural";"348"
"1718840";"Sandolândia (TO)";"Total";"3326"
"1718840";"Sandolândia (TO)";"Urbana";"1764"
"1718840";"Sandolândia (TO)";"Rural";"1562"
"1718865";"Santa Fé do Araguaia (TO)";"Total";"6599"
"1718865";"Santa Fé do Araguaia (TO)";"Urbana";"4374"
"1718865";"Santa Fé do Araguaia (TO)";"Rural";"2225"
"1718881";"Santa Maria do Tocantins (TO)";"Total";"2894"
"1718881";"Santa Maria do Tocantins (TO)";"Urbana";"1725"
"1718881";"Santa Maria do Tocantins (TO)";"Rural";"1169"
"1718899";"Santa Rita do Tocantins (TO)";"Total";"2128"
"1718899";"Santa Rita do Tocantins (TO)";"Urbana";"918"
"1718899";"Santa Rita do Tocantins (TO)";"Rural";"1210"
"1718907";"Santa Rosa do Tocantins (TO)";"Total";"4568"
"1718907";"Santa Rosa do Tocantins (TO)";"Urbana";"2947"
"1718907";"Santa Rosa do Tocantins (TO)";"Rural";"1621"
"1719004";"Santa Tereza do Tocantins (TO)";"Total";"2523"
"1719004";"Santa Tereza do Tocantins (TO)";"Urbana";"1616"
"1719004";"Santa Tereza do Tocantins (TO)";"Rural";"907"
"1720002";"Santa Terezinha do Tocantins (TO)";"Total";"2474"
"1720002";"Santa Terezinha do Tocantins (TO)";"Urbana";"1594"
"1720002";"Santa Terezinha do Tocantins (TO)";"Rural";"880"
"1720101";"São Bento do Tocantins (TO)";"Total";"4608"
"1720101";"São Bento do Tocantins (TO)";"Urbana";"2716"
"1720101";"São Bento do Tocantins (TO)";"Rural";"1892"
"1720150";"São Félix do Tocantins (TO)";"Total";"1437"
"1720150";"São Félix do Tocantins (TO)";"Urbana";"931"
"1720150";"São Félix do Tocantins (TO)";"Rural";"506"
"1720200";"São Miguel do Tocantins (TO)";"Total";"10481"
"1720200";"São Miguel do Tocantins (TO)";"Urbana";"2547"
"1720200";"São Miguel do Tocantins (TO)";"Rural";"7934"
"1720259";"São Salvador do Tocantins (TO)";"Total";"2910"
"1720259";"São Salvador do Tocantins (TO)";"Urbana";"1588"
"1720259";"São Salvador do Tocantins (TO)";"Rural";"1322"
"1720309";"São Sebastião do Tocantins (TO)";"Total";"4283"
"1720309";"São Sebastião do Tocantins (TO)";"Urbana";"3283"
"1720309";"São Sebastião do Tocantins (TO)";"Rural";"1000"
"1720499";"São Valério (TO)";"Total";"4383"
"1720499";"São Valério (TO)";"Urbana";"2723"
"1720499";"São Valério (TO)";"Rural";"1660"
"1720655";"Silvanópolis (TO)";"Total";"5068"
"1720655";"Silvanópolis (TO)";"Urbana";"4061"
"1720655";"Silvanópolis (TO)";"Rural";"1007"
"1720804";"Sítio Novo do Tocantins (TO)";"Total";"9148"
"1720804";"Sítio Novo do Tocantins (TO)";"Urbana";"4875"
"1720804";"Sítio Novo do Tocantins (TO)";"Rural";"4273"
"1720853";"Sucupira (TO)";"Total";"1742"
"1720853";"Sucupira (TO)";"Urbana";"1106"
"1720853";"Sucupira (TO)";"Rural";"636"
"1720903";"Taguatinga (TO)";"Total";"15051"
"1720903";"Taguatinga (TO)";"Urbana";"10627"
"1720903";"Taguatinga (TO)";"Rural";"4424"
"1720937";"Taipas do Tocantins (TO)";"Total";"1945"
"1720937";"Taipas do Tocantins (TO)";"Urbana";"1557"
"1720937";"Taipas do Tocantins (TO)";"Rural";"388"
"1720978";"Talismã (TO)";"Total";"2562"
"1720978";"Talismã (TO)";"Urbana";"1363"
"1720978";"Talismã (TO)";"Rural";"1199"
"1721000";"Palmas (TO)";"Total";"228332"
"1721000";"Palmas (TO)";"Urbana";"221742"
"1721000";"Palmas (TO)";"Rural";"6590"
"1721109";"Tocantínia (TO)";"Total";"6736"
"1721109";"Tocantínia (TO)";"Urbana";"2955"
"1721109";"Tocantínia (TO)";"Rural";"3781"
"1721208";"Tocantinópolis (TO)";"Total";"22619"
"1721208";"Tocantinópolis (TO)";"Urbana";"18318"
"1721208";"Tocantinópolis (TO)";"Rural";"4301"
"1721257";"Tupirama (TO)";"Total";"1574"
"1721257";"Tupirama (TO)";"Urbana";"930"
"1721257";"Tupirama (TO)";"Rural";"644"
"1721307";"Tupiratins (TO)";"Total";"2097"
"1721307";"Tupiratins (TO)";"Urbana";"1065"
"1721307";"Tupiratins (TO)";"Rural";"1032"
"1722081";"Wanderlândia (TO)";"Total";"10981"
"1722081";"Wanderlândia (TO)";"Urbana";"5868"
"1722081";"Wanderlândia (TO)";"Rural";"5113"
"1722107";"Xambioá (TO)";"Total";"11484"
"1722107";"Xambioá (TO)";"Urbana";"9738"
"1722107";"Xambioá (TO)";"Rural";"1746"
"2100055";"Açailândia (MA)";"Total";"104047"
"2100055";"Açailândia (MA)";"Urbana";"78237"
"2100055";"Açailândia (MA)";"Rural";"25810"
"2100105";"Afonso Cunha (MA)";"Total";"5905"
"2100105";"Afonso Cunha (MA)";"Urbana";"3234"
"2100105";"Afonso Cunha (MA)";"Rural";"2671"
"2100154";"Água Doce do Maranhão (MA)";"Total";"11581"
"2100154";"Água Doce do Maranhão (MA)";"Urbana";"3133"
"2100154";"Água Doce do Maranhão (MA)";"Rural";"8448"
"2100204";"Alcântara (MA)";"Total";"21851"
"2100204";"Alcântara (MA)";"Urbana";"6399"
"2100204";"Alcântara (MA)";"Rural";"15452"
"2100303";"Aldeias Altas (MA)";"Total";"23952"
"2100303";"Aldeias Altas (MA)";"Urbana";"13634"
"2100303";"Aldeias Altas (MA)";"Rural";"10318"
"2100402";"Altamira do Maranhão (MA)";"Total";"11063"
"2100402";"Altamira do Maranhão (MA)";"Urbana";"3154"
"2100402";"Altamira do Maranhão (MA)";"Rural";"7909"
"2100436";"Alto Alegre do Maranhão (MA)";"Total";"24599"
"2100436";"Alto Alegre do Maranhão (MA)";"Urbana";"19374"
"2100436";"Alto Alegre do Maranhão (MA)";"Rural";"5225"
"2100477";"Alto Alegre do Pindaré (MA)";"Total";"31057"
"2100477";"Alto Alegre do Pindaré (MA)";"Urbana";"9829"
"2100477";"Alto Alegre do Pindaré (MA)";"Rural";"21228"
"2100501";"Alto Parnaíba (MA)";"Total";"10766"
"2100501";"Alto Parnaíba (MA)";"Urbana";"7028"
"2100501";"Alto Parnaíba (MA)";"Rural";"3738"
"2100550";"Amapá do Maranhão (MA)";"Total";"6431"
"2100550";"Amapá do Maranhão (MA)";"Urbana";"4841"
"2100550";"Amapá do Maranhão (MA)";"Rural";"1590"
"2100600";"Amarante do Maranhão (MA)";"Total";"37932"
"2100600";"Amarante do Maranhão (MA)";"Urbana";"15004"
"2100600";"Amarante do Maranhão (MA)";"Rural";"22928"
"2100709";"Anajatuba (MA)";"Total";"25291"
"2100709";"Anajatuba (MA)";"Urbana";"7015"
"2100709";"Anajatuba (MA)";"Rural";"18276"
"2100808";"Anapurus (MA)";"Total";"13939"
"2100808";"Anapurus (MA)";"Urbana";"7164"
"2100808";"Anapurus (MA)";"Rural";"6775"
"2100832";"Apicum-Açu (MA)";"Total";"14959"
"2100832";"Apicum-Açu (MA)";"Urbana";"9162"
"2100832";"Apicum-Açu (MA)";"Rural";"5797"
"2100873";"Araguanã (MA)";"Total";"13973"
"2100873";"Araguanã (MA)";"Urbana";"5377"
"2100873";"Araguanã (MA)";"Rural";"8596"
"2100907";"Araioses (MA)";"Total";"42505"
"2100907";"Araioses (MA)";"Urbana";"12045"
"2100907";"Araioses (MA)";"Rural";"30460"
"2100956";"Arame (MA)";"Total";"31702"
"2100956";"Arame (MA)";"Urbana";"12551"
"2100956";"Arame (MA)";"Rural";"19151"
"2101004";"Arari (MA)";"Total";"28488"
"2101004";"Arari (MA)";"Urbana";"17483"
"2101004";"Arari (MA)";"Rural";"11005"
"2101103";"Axixá (MA)";"Total";"11407"
"2101103";"Axixá (MA)";"Urbana";"4703"
"2101103";"Axixá (MA)";"Rural";"6704"
"2101202";"Bacabal (MA)";"Total";"100014"
"2101202";"Bacabal (MA)";"Urbana";"77860"
"2101202";"Bacabal (MA)";"Rural";"22154"
"2101251";"Bacabeira (MA)";"Total";"14925"
"2101251";"Bacabeira (MA)";"Urbana";"3324"
"2101251";"Bacabeira (MA)";"Rural";"11601"
"2101301";"Bacuri (MA)";"Total";"16604"
"2101301";"Bacuri (MA)";"Urbana";"8686"
"2101301";"Bacuri (MA)";"Rural";"7918"
"2101350";"Bacurituba (MA)";"Total";"5293"
"2101350";"Bacurituba (MA)";"Urbana";"1424"
"2101350";"Bacurituba (MA)";"Rural";"3869"
"2101400";"Balsas (MA)";"Total";"83528"
"2101400";"Balsas (MA)";"Urbana";"72771"
"2101400";"Balsas (MA)";"Rural";"10757"
"2101509";"Barão de Grajaú (MA)";"Total";"17841"
"2101509";"Barão de Grajaú (MA)";"Urbana";"10338"
"2101509";"Barão de Grajaú (MA)";"Rural";"7503"
"2101608";"Barra do Corda (MA)";"Total";"82830"
"2101608";"Barra do Corda (MA)";"Urbana";"51648"
"2101608";"Barra do Corda (MA)";"Rural";"31182"
"2101707";"Barreirinhas (MA)";"Total";"54930"
"2101707";"Barreirinhas (MA)";"Urbana";"22053"
"2101707";"Barreirinhas (MA)";"Rural";"32877"
"2101731";"Belágua (MA)";"Total";"6524"
"2101731";"Belágua (MA)";"Urbana";"3263"
"2101731";"Belágua (MA)";"Rural";"3261"
"2101772";"Bela Vista do Maranhão (MA)";"Total";"12049"
"2101772";"Bela Vista do Maranhão (MA)";"Urbana";"5170"
"2101772";"Bela Vista do Maranhão (MA)";"Rural";"6879"
"2101806";"Benedito Leite (MA)";"Total";"5469"
"2101806";"Benedito Leite (MA)";"Urbana";"2813"
"2101806";"Benedito Leite (MA)";"Rural";"2656"
"2101905";"Bequimão (MA)";"Total";"20344"
"2101905";"Bequimão (MA)";"Urbana";"6606"
"2101905";"Bequimão (MA)";"Rural";"13738"
"2101939";"Bernardo do Mearim (MA)";"Total";"5996"
"2101939";"Bernardo do Mearim (MA)";"Urbana";"2324"
"2101939";"Bernardo do Mearim (MA)";"Rural";"3672"
"2101970";"Boa Vista do Gurupi (MA)";"Total";"7949"
"2101970";"Boa Vista do Gurupi (MA)";"Urbana";"5619"
"2101970";"Boa Vista do Gurupi (MA)";"Rural";"2330"
"2102002";"Bom Jardim (MA)";"Total";"39049"
"2102002";"Bom Jardim (MA)";"Urbana";"16386"
"2102002";"Bom Jardim (MA)";"Rural";"22663"
"2102036";"Bom Jesus das Selvas (MA)";"Total";"28459"
"2102036";"Bom Jesus das Selvas (MA)";"Urbana";"13431"
"2102036";"Bom Jesus das Selvas (MA)";"Rural";"15028"
"2102077";"Bom Lugar (MA)";"Total";"14818"
"2102077";"Bom Lugar (MA)";"Urbana";"4181"
"2102077";"Bom Lugar (MA)";"Rural";"10637"
"2102101";"Brejo (MA)";"Total";"33359"
"2102101";"Brejo (MA)";"Urbana";"12340"
"2102101";"Brejo (MA)";"Rural";"21019"
"2102150";"Brejo de Areia (MA)";"Total";"5577"
"2102150";"Brejo de Areia (MA)";"Urbana";"2853"
"2102150";"Brejo de Areia (MA)";"Rural";"2724"
"2102200";"Buriti (MA)";"Total";"27013"
"2102200";"Buriti (MA)";"Urbana";"8399"
"2102200";"Buriti (MA)";"Rural";"18614"
"2102309";"Buriti Bravo (MA)";"Total";"22899"
"2102309";"Buriti Bravo (MA)";"Urbana";"17014"
"2102309";"Buriti Bravo (MA)";"Rural";"5885"
"2102325";"Buriticupu (MA)";"Total";"65237"
"2102325";"Buriticupu (MA)";"Urbana";"35789"
"2102325";"Buriticupu (MA)";"Rural";"29448"
"2102358";"Buritirana (MA)";"Total";"14784"
"2102358";"Buritirana (MA)";"Urbana";"4146"
"2102358";"Buritirana (MA)";"Rural";"10638"
"2102374";"Cachoeira Grande (MA)";"Total";"8446"
"2102374";"Cachoeira Grande (MA)";"Urbana";"3792"
"2102374";"Cachoeira Grande (MA)";"Rural";"4654"
"2102408";"Cajapió (MA)";"Total";"10593"
"2102408";"Cajapió (MA)";"Urbana";"3885"
"2102408";"Cajapió (MA)";"Rural";"6708"
"2102507";"Cajari (MA)";"Total";"18338"
"2102507";"Cajari (MA)";"Urbana";"4284"
"2102507";"Cajari (MA)";"Rural";"14054"
"2102556";"Campestre do Maranhão (MA)";"Total";"13369"
"2102556";"Campestre do Maranhão (MA)";"Urbana";"10621"
"2102556";"Campestre do Maranhão (MA)";"Rural";"2748"
"2102606";"Cândido Mendes (MA)";"Total";"18505"
"2102606";"Cândido Mendes (MA)";"Urbana";"11911"
"2102606";"Cândido Mendes (MA)";"Rural";"6594"
"2102705";"Cantanhede (MA)";"Total";"20448"
"2102705";"Cantanhede (MA)";"Urbana";"12959"
"2102705";"Cantanhede (MA)";"Rural";"7489"
"2102754";"Capinzal do Norte (MA)";"Total";"10698"
"2102754";"Capinzal do Norte (MA)";"Urbana";"5610"
"2102754";"Capinzal do Norte (MA)";"Rural";"5088"
"2102804";"Carolina (MA)";"Total";"23959"
"2102804";"Carolina (MA)";"Urbana";"16237"
"2102804";"Carolina (MA)";"Rural";"7722"
"2102903";"Carutapera (MA)";"Total";"22006"
"2102903";"Carutapera (MA)";"Urbana";"16224"
"2102903";"Carutapera (MA)";"Rural";"5782"
"2103000";"Caxias (MA)";"Total";"155129"
"2103000";"Caxias (MA)";"Urbana";"118534"
"2103000";"Caxias (MA)";"Rural";"36595"
"2103109";"Cedral (MA)";"Total";"10297"
"2103109";"Cedral (MA)";"Urbana";"2397"
"2103109";"Cedral (MA)";"Rural";"7900"
"2103125";"Central do Maranhão (MA)";"Total";"7887"
"2103125";"Central do Maranhão (MA)";"Urbana";"4086"
"2103125";"Central do Maranhão (MA)";"Rural";"3801"
"2103158";"Centro do Guilherme (MA)";"Total";"12565"
"2103158";"Centro do Guilherme (MA)";"Urbana";"7072"
"2103158";"Centro do Guilherme (MA)";"Rural";"5493"
"2103174";"Centro Novo do Maranhão (MA)";"Total";"17622"
"2103174";"Centro Novo do Maranhão (MA)";"Urbana";"5522"
"2103174";"Centro Novo do Maranhão (MA)";"Rural";"12100"
"2103208";"Chapadinha (MA)";"Total";"73350"
"2103208";"Chapadinha (MA)";"Urbana";"52882"
"2103208";"Chapadinha (MA)";"Rural";"20468"
"2103257";"Cidelândia (MA)";"Total";"13681"
"2103257";"Cidelândia (MA)";"Urbana";"6036"
"2103257";"Cidelândia (MA)";"Rural";"7645"
"2103307";"Codó (MA)";"Total";"118038"
"2103307";"Codó (MA)";"Urbana";"81045"
"2103307";"Codó (MA)";"Rural";"36993"
"2103406";"Coelho Neto (MA)";"Total";"46750"
"2103406";"Coelho Neto (MA)";"Urbana";"38729"
"2103406";"Coelho Neto (MA)";"Rural";"8021"
"2103505";"Colinas (MA)";"Total";"39132"
"2103505";"Colinas (MA)";"Urbana";"25575"
"2103505";"Colinas (MA)";"Rural";"13557"
"2103554";"Conceição do Lago-Açu (MA)";"Total";"14436"
"2103554";"Conceição do Lago-Açu (MA)";"Urbana";"6869"
"2103554";"Conceição do Lago-Açu (MA)";"Rural";"7567"
"2103604";"Coroatá (MA)";"Total";"61725"
"2103604";"Coroatá (MA)";"Urbana";"43057"
"2103604";"Coroatá (MA)";"Rural";"18668"
"2103703";"Cururupu (MA)";"Total";"32652"
"2103703";"Cururupu (MA)";"Urbana";"22270"
"2103703";"Cururupu (MA)";"Rural";"10382"
"2103752";"Davinópolis (MA)";"Total";"12579"
"2103752";"Davinópolis (MA)";"Urbana";"10487"
"2103752";"Davinópolis (MA)";"Rural";"2092"
"2103802";"Dom Pedro (MA)";"Total";"22681"
"2103802";"Dom Pedro (MA)";"Urbana";"15261"
"2103802";"Dom Pedro (MA)";"Rural";"7420"
"2103901";"Duque Bacelar (MA)";"Total";"10649"
"2103901";"Duque Bacelar (MA)";"Urbana";"5340"
"2103901";"Duque Bacelar (MA)";"Rural";"5309"
"2104008";"Esperantinópolis (MA)";"Total";"18452"
"2104008";"Esperantinópolis (MA)";"Urbana";"10035"
"2104008";"Esperantinópolis (MA)";"Rural";"8417"
"2104057";"Estreito (MA)";"Total";"35835"
"2104057";"Estreito (MA)";"Urbana";"25778"
"2104057";"Estreito (MA)";"Rural";"10057"
"2104073";"Feira Nova do Maranhão (MA)";"Total";"8126"
"2104073";"Feira Nova do Maranhão (MA)";"Urbana";"1927"
"2104073";"Feira Nova do Maranhão (MA)";"Rural";"6199"
"2104081";"Fernando Falcão (MA)";"Total";"9241"
"2104081";"Fernando Falcão (MA)";"Urbana";"1506"
"2104081";"Fernando Falcão (MA)";"Rural";"7735"
"2104099";"Formosa da Serra Negra (MA)";"Total";"17757"
"2104099";"Formosa da Serra Negra (MA)";"Urbana";"5915"
"2104099";"Formosa da Serra Negra (MA)";"Rural";"11842"
"2104107";"Fortaleza dos Nogueiras (MA)";"Total";"11646"
"2104107";"Fortaleza dos Nogueiras (MA)";"Urbana";"7019"
"2104107";"Fortaleza dos Nogueiras (MA)";"Rural";"4627"
"2104206";"Fortuna (MA)";"Total";"15098"
"2104206";"Fortuna (MA)";"Urbana";"9504"
"2104206";"Fortuna (MA)";"Rural";"5594"
"2104305";"Godofredo Viana (MA)";"Total";"10635"
"2104305";"Godofredo Viana (MA)";"Urbana";"6723"
"2104305";"Godofredo Viana (MA)";"Rural";"3912"
"2104404";"Gonçalves Dias (MA)";"Total";"17482"
"2104404";"Gonçalves Dias (MA)";"Urbana";"7770"
"2104404";"Gonçalves Dias (MA)";"Rural";"9712"
"2104503";"Governador Archer (MA)";"Total";"10205"
"2104503";"Governador Archer (MA)";"Urbana";"6630"
"2104503";"Governador Archer (MA)";"Rural";"3575"
"2104552";"Governador Edison Lobão (MA)";"Total";"15895"
"2104552";"Governador Edison Lobão (MA)";"Urbana";"6957"
"2104552";"Governador Edison Lobão (MA)";"Rural";"8938"
"2104602";"Governador Eugênio Barros (MA)";"Total";"15991"
"2104602";"Governador Eugênio Barros (MA)";"Urbana";"4690"
"2104602";"Governador Eugênio Barros (MA)";"Rural";"11301"
"2104628";"Governador Luiz Rocha (MA)";"Total";"7337"
"2104628";"Governador Luiz Rocha (MA)";"Urbana";"5187"
"2104628";"Governador Luiz Rocha (MA)";"Rural";"2150"
"2104651";"Governador Newton Bello (MA)";"Total";"11921"
"2104651";"Governador Newton Bello (MA)";"Urbana";"4291"
"2104651";"Governador Newton Bello (MA)";"Rural";"7630"
"2104677";"Governador Nunes Freire (MA)";"Total";"25401"
"2104677";"Governador Nunes Freire (MA)";"Urbana";"15945"
"2104677";"Governador Nunes Freire (MA)";"Rural";"9456"
"2104701";"Graça Aranha (MA)";"Total";"6140"
"2104701";"Graça Aranha (MA)";"Urbana";"2912"
"2104701";"Graça Aranha (MA)";"Rural";"3228"
"2104800";"Grajaú (MA)";"Total";"62093"
"2104800";"Grajaú (MA)";"Urbana";"37041"
"2104800";"Grajaú (MA)";"Rural";"25052"
"2104909";"Guimarães (MA)";"Total";"12081"
"2104909";"Guimarães (MA)";"Urbana";"6909"
"2104909";"Guimarães (MA)";"Rural";"5172"
"2105005";"Humberto de Campos (MA)";"Total";"26189"
"2105005";"Humberto de Campos (MA)";"Urbana";"10506"
"2105005";"Humberto de Campos (MA)";"Rural";"15683"
"2105104";"Icatu (MA)";"Total";"25145"
"2105104";"Icatu (MA)";"Urbana";"7816"
"2105104";"Icatu (MA)";"Rural";"17329"
"2105153";"Igarapé do Meio (MA)";"Total";"12550"
"2105153";"Igarapé do Meio (MA)";"Urbana";"6207"
"2105153";"Igarapé do Meio (MA)";"Rural";"6343"
"2105203";"Igarapé Grande (MA)";"Total";"11041"
"2105203";"Igarapé Grande (MA)";"Urbana";"6664"
"2105203";"Igarapé Grande (MA)";"Rural";"4377"
"2105302";"Imperatriz (MA)";"Total";"247505"
"2105302";"Imperatriz (MA)";"Urbana";"234547"
"2105302";"Imperatriz (MA)";"Rural";"12958"
"2105351";"Itaipava do Grajaú (MA)";"Total";"14297"
"2105351";"Itaipava do Grajaú (MA)";"Urbana";"4296"
"2105351";"Itaipava do Grajaú (MA)";"Rural";"10001"
"2105401";"Itapecuru Mirim (MA)";"Total";"62110"
"2105401";"Itapecuru Mirim (MA)";"Urbana";"34668"
"2105401";"Itapecuru Mirim (MA)";"Rural";"27442"
"2105427";"Itinga do Maranhão (MA)";"Total";"24863"
"2105427";"Itinga do Maranhão (MA)";"Urbana";"17640"
"2105427";"Itinga do Maranhão (MA)";"Rural";"7223"
"2105450";"Jatobá (MA)";"Total";"8526"
"2105450";"Jatobá (MA)";"Urbana";"3740"
"2105450";"Jatobá (MA)";"Rural";"4786"
"2105476";"Jenipapo dos Vieiras (MA)";"Total";"15440"
"2105476";"Jenipapo dos Vieiras (MA)";"Urbana";"2519"
"2105476";"Jenipapo dos Vieiras (MA)";"Rural";"12921"
"2105500";"João Lisboa (MA)";"Total";"20381"
"2105500";"João Lisboa (MA)";"Urbana";"15336"
"2105500";"João Lisboa (MA)";"Rural";"5045"
"2105609";"Joselândia (MA)";"Total";"15433"
"2105609";"Joselândia (MA)";"Urbana";"5960"
"2105609";"Joselândia (MA)";"Rural";"9473"
"2105658";"Junco do Maranhão (MA)";"Total";"4020"
"2105658";"Junco do Maranhão (MA)";"Urbana";"2819"
"2105658";"Junco do Maranhão (MA)";"Rural";"1201"
"2105708";"Lago da Pedra (MA)";"Total";"46083"
"2105708";"Lago da Pedra (MA)";"Urbana";"30046"
"2105708";"Lago da Pedra (MA)";"Rural";"16037"
"2105807";"Lago do Junco (MA)";"Total";"10729"
"2105807";"Lago do Junco (MA)";"Urbana";"3913"
"2105807";"Lago do Junco (MA)";"Rural";"6816"
"2105906";"Lago Verde (MA)";"Total";"15412"
"2105906";"Lago Verde (MA)";"Urbana";"5052"
"2105906";"Lago Verde (MA)";"Rural";"10360"
"2105922";"Lagoa do Mato (MA)";"Total";"10934"
"2105922";"Lagoa do Mato (MA)";"Urbana";"4453"
"2105922";"Lagoa do Mato (MA)";"Rural";"6481"
"2105948";"Lago dos Rodrigues (MA)";"Total";"7794"
"2105948";"Lago dos Rodrigues (MA)";"Urbana";"4849"
"2105948";"Lago dos Rodrigues (MA)";"Rural";"2945"
"2105963";"Lagoa Grande do Maranhão (MA)";"Total";"10517"
"2105963";"Lagoa Grande do Maranhão (MA)";"Urbana";"5499"
"2105963";"Lagoa Grande do Maranhão (MA)";"Rural";"5018"
"2105989";"Lajeado Novo (MA)";"Total";"6923"
"2105989";"Lajeado Novo (MA)";"Urbana";"3194"
"2105989";"Lajeado Novo (MA)";"Rural";"3729"
"2106003";"Lima Campos (MA)";"Total";"11423"
"2106003";"Lima Campos (MA)";"Urbana";"6793"
"2106003";"Lima Campos (MA)";"Rural";"4630"
"2106102";"Loreto (MA)";"Total";"11390"
"2106102";"Loreto (MA)";"Urbana";"6360"
"2106102";"Loreto (MA)";"Rural";"5030"
"2106201";"Luís Domingues (MA)";"Total";"6510"
"2106201";"Luís Domingues (MA)";"Urbana";"5503"
"2106201";"Luís Domingues (MA)";"Rural";"1007"
"2106300";"Magalhães de Almeida (MA)";"Total";"17587"
"2106300";"Magalhães de Almeida (MA)";"Urbana";"8963"
"2106300";"Magalhães de Almeida (MA)";"Rural";"8624"
"2106326";"Maracaçumé (MA)";"Total";"19155"
"2106326";"Maracaçumé (MA)";"Urbana";"15829"
"2106326";"Maracaçumé (MA)";"Rural";"3326"
"2106359";"Marajá do Sena (MA)";"Total";"8051"
"2106359";"Marajá do Sena (MA)";"Urbana";"1158"
"2106359";"Marajá do Sena (MA)";"Rural";"6893"
"2106375";"Maranhãozinho (MA)";"Total";"14065"
"2106375";"Maranhãozinho (MA)";"Urbana";"9020"
"2106375";"Maranhãozinho (MA)";"Rural";"5045"
"2106409";"Mata Roma (MA)";"Total";"15150"
"2106409";"Mata Roma (MA)";"Urbana";"7132"
"2106409";"Mata Roma (MA)";"Rural";"8018"
"2106508";"Matinha (MA)";"Total";"21885"
"2106508";"Matinha (MA)";"Urbana";"8883"
"2106508";"Matinha (MA)";"Rural";"13002"
"2106607";"Matões (MA)";"Total";"31015"
"2106607";"Matões (MA)";"Urbana";"13635"
"2106607";"Matões (MA)";"Rural";"17380"
"2106631";"Matões do Norte (MA)";"Total";"13794"
"2106631";"Matões do Norte (MA)";"Urbana";"4679"
"2106631";"Matões do Norte (MA)";"Rural";"9115"
"2106672";"Milagres do Maranhão (MA)";"Total";"8118"
"2106672";"Milagres do Maranhão (MA)";"Urbana";"1760"
"2106672";"Milagres do Maranhão (MA)";"Rural";"6358"
"2106706";"Mirador (MA)";"Total";"20452"
"2106706";"Mirador (MA)";"Urbana";"9373"
"2106706";"Mirador (MA)";"Rural";"11079"
"2106755";"Miranda do Norte (MA)";"Total";"24427"
"2106755";"Miranda do Norte (MA)";"Urbana";"19519"
"2106755";"Miranda do Norte (MA)";"Rural";"4908"
"2106805";"Mirinzal (MA)";"Total";"14218"
"2106805";"Mirinzal (MA)";"Urbana";"9031"
"2106805";"Mirinzal (MA)";"Rural";"5187"
"2106904";"Monção (MA)";"Total";"31738"
"2106904";"Monção (MA)";"Urbana";"11759"
"2106904";"Monção (MA)";"Rural";"19979"
"2107001";"Montes Altos (MA)";"Total";"9413"
"2107001";"Montes Altos (MA)";"Urbana";"5126"
"2107001";"Montes Altos (MA)";"Rural";"4287"
"2107100";"Morros (MA)";"Total";"17783"
"2107100";"Morros (MA)";"Urbana";"6720"
"2107100";"Morros (MA)";"Rural";"11063"
"2107209";"Nina Rodrigues (MA)";"Total";"12464"
"2107209";"Nina Rodrigues (MA)";"Urbana";"4439"
"2107209";"Nina Rodrigues (MA)";"Rural";"8025"
"2107258";"Nova Colinas (MA)";"Total";"4885"
"2107258";"Nova Colinas (MA)";"Urbana";"2210"
"2107258";"Nova Colinas (MA)";"Rural";"2675"
"2107308";"Nova Iorque (MA)";"Total";"4590"
"2107308";"Nova Iorque (MA)";"Urbana";"2876"
"2107308";"Nova Iorque (MA)";"Rural";"1714"
"2107357";"Nova Olinda do Maranhão (MA)";"Total";"19134"
"2107357";"Nova Olinda do Maranhão (MA)";"Urbana";"11862"
"2107357";"Nova Olinda do Maranhão (MA)";"Rural";"7272"
"2107407";"Olho d'Água das Cunhãs (MA)";"Total";"18601"
"2107407";"Olho d'Água das Cunhãs (MA)";"Urbana";"9592"
"2107407";"Olho d'Água das Cunhãs (MA)";"Rural";"9009"
"2107456";"Olinda Nova do Maranhão (MA)";"Total";"13181"
"2107456";"Olinda Nova do Maranhão (MA)";"Urbana";"5981"
"2107456";"Olinda Nova do Maranhão (MA)";"Rural";"7200"
"2107506";"Paço do Lumiar (MA)";"Total";"105121"
"2107506";"Paço do Lumiar (MA)";"Urbana";"78811"
"2107506";"Paço do Lumiar (MA)";"Rural";"26310"
"2107605";"Palmeirândia (MA)";"Total";"18764"
"2107605";"Palmeirândia (MA)";"Urbana";"3459"
"2107605";"Palmeirândia (MA)";"Rural";"15305"
"2107704";"Paraibano (MA)";"Total";"20103"
"2107704";"Paraibano (MA)";"Urbana";"15746"
"2107704";"Paraibano (MA)";"Rural";"4357"
"2107803";"Parnarama (MA)";"Total";"34586"
"2107803";"Parnarama (MA)";"Urbana";"13530"
"2107803";"Parnarama (MA)";"Rural";"21056"
"2107902";"Passagem Franca (MA)";"Total";"17562"
"2107902";"Passagem Franca (MA)";"Urbana";"10464"
"2107902";"Passagem Franca (MA)";"Rural";"7098"
"2108009";"Pastos Bons (MA)";"Total";"18067"
"2108009";"Pastos Bons (MA)";"Urbana";"12307"
"2108009";"Pastos Bons (MA)";"Rural";"5760"
"2108058";"Paulino Neves (MA)";"Total";"14519"
"2108058";"Paulino Neves (MA)";"Urbana";"4654"
"2108058";"Paulino Neves (MA)";"Rural";"9865"
"2108108";"Paulo Ramos (MA)";"Total";"20079"
"2108108";"Paulo Ramos (MA)";"Urbana";"10825"
"2108108";"Paulo Ramos (MA)";"Rural";"9254"
"2108207";"Pedreiras (MA)";"Total";"39448"
"2108207";"Pedreiras (MA)";"Urbana";"32937"
"2108207";"Pedreiras (MA)";"Rural";"6511"
"2108256";"Pedro do Rosário (MA)";"Total";"22732"
"2108256";"Pedro do Rosário (MA)";"Urbana";"5890"
"2108256";"Pedro do Rosário (MA)";"Rural";"16842"
"2108306";"Penalva (MA)";"Total";"34267"
"2108306";"Penalva (MA)";"Urbana";"16593"
"2108306";"Penalva (MA)";"Rural";"17674"
"2108405";"Peri Mirim (MA)";"Total";"13803"
"2108405";"Peri Mirim (MA)";"Urbana";"3668"
"2108405";"Peri Mirim (MA)";"Rural";"10135"
"2108454";"Peritoró (MA)";"Total";"21201"
"2108454";"Peritoró (MA)";"Urbana";"7752"
"2108454";"Peritoró (MA)";"Rural";"13449"
"2108504";"Pindaré-Mirim (MA)";"Total";"31152"
"2108504";"Pindaré-Mirim (MA)";"Urbana";"22417"
"2108504";"Pindaré-Mirim (MA)";"Rural";"8735"
"2108603";"Pinheiro (MA)";"Total";"78162"
"2108603";"Pinheiro (MA)";"Urbana";"46487"
"2108603";"Pinheiro (MA)";"Rural";"31675"
"2108702";"Pio XII (MA)";"Total";"22016"
"2108702";"Pio XII (MA)";"Urbana";"12459"
"2108702";"Pio XII (MA)";"Rural";"9557"
"2108801";"Pirapemas (MA)";"Total";"17381"
"2108801";"Pirapemas (MA)";"Urbana";"11146"
"2108801";"Pirapemas (MA)";"Rural";"6235"
"2108900";"Poção de Pedras (MA)";"Total";"19708"
"2108900";"Poção de Pedras (MA)";"Urbana";"8378"
"2108900";"Poção de Pedras (MA)";"Rural";"11330"
"2109007";"Porto Franco (MA)";"Total";"21530"
"2109007";"Porto Franco (MA)";"Urbana";"16866"
"2109007";"Porto Franco (MA)";"Rural";"4664"
"2109056";"Porto Rico do Maranhão (MA)";"Total";"6030"
"2109056";"Porto Rico do Maranhão (MA)";"Urbana";"2411"
"2109056";"Porto Rico do Maranhão (MA)";"Rural";"3619"
"2109106";"Presidente Dutra (MA)";"Total";"44731"
"2109106";"Presidente Dutra (MA)";"Urbana";"32000"
"2109106";"Presidente Dutra (MA)";"Rural";"12731"
"2109205";"Presidente Juscelino (MA)";"Total";"11541"
"2109205";"Presidente Juscelino (MA)";"Urbana";"4120"
"2109205";"Presidente Juscelino (MA)";"Rural";"7421"
"2109239";"Presidente Médici (MA)";"Total";"6374"
"2109239";"Presidente Médici (MA)";"Urbana";"3904"
"2109239";"Presidente Médici (MA)";"Rural";"2470"
"2109270";"Presidente Sarney (MA)";"Total";"17165"
"2109270";"Presidente Sarney (MA)";"Urbana";"4288"
"2109270";"Presidente Sarney (MA)";"Rural";"12877"
"2109304";"Presidente Vargas (MA)";"Total";"10717"
"2109304";"Presidente Vargas (MA)";"Urbana";"4581"
"2109304";"Presidente Vargas (MA)";"Rural";"6136"
"2109403";"Primeira Cruz (MA)";"Total";"13954"
"2109403";"Primeira Cruz (MA)";"Urbana";"4289"
"2109403";"Primeira Cruz (MA)";"Rural";"9665"
"2109452";"Raposa (MA)";"Total";"26327"
"2109452";"Raposa (MA)";"Urbana";"16675"
"2109452";"Raposa (MA)";"Rural";"9652"
"2109502";"Riachão (MA)";"Total";"20209"
"2109502";"Riachão (MA)";"Urbana";"10205"
"2109502";"Riachão (MA)";"Rural";"10004"
"2109551";"Ribamar Fiquene (MA)";"Total";"7318"
"2109551";"Ribamar Fiquene (MA)";"Urbana";"3677"
"2109551";"Ribamar Fiquene (MA)";"Rural";"3641"
"2109601";"Rosário (MA)";"Total";"39576"
"2109601";"Rosário (MA)";"Urbana";"23252"
"2109601";"Rosário (MA)";"Rural";"16324"
"2109700";"Sambaíba (MA)";"Total";"5487"
"2109700";"Sambaíba (MA)";"Urbana";"2836"
"2109700";"Sambaíba (MA)";"Rural";"2651"
"2109759";"Santa Filomena do Maranhão (MA)";"Total";"7061"
"2109759";"Santa Filomena do Maranhão (MA)";"Urbana";"2293"
"2109759";"Santa Filomena do Maranhão (MA)";"Rural";"4768"
"2109809";"Santa Helena (MA)";"Total";"39110"
"2109809";"Santa Helena (MA)";"Urbana";"19578"
"2109809";"Santa Helena (MA)";"Rural";"19532"
"2109908";"Santa Inês (MA)";"Total";"77282"
"2109908";"Santa Inês (MA)";"Urbana";"73197"
"2109908";"Santa Inês (MA)";"Rural";"4085"
"2110005";"Santa Luzia (MA)";"Total";"74043"
"2110005";"Santa Luzia (MA)";"Urbana";"25789"
"2110005";"Santa Luzia (MA)";"Rural";"48254"
"2110039";"Santa Luzia do Paruá (MA)";"Total";"22644"
"2110039";"Santa Luzia do Paruá (MA)";"Urbana";"12591"
"2110039";"Santa Luzia do Paruá (MA)";"Rural";"10053"
"2110104";"Santa Quitéria do Maranhão (MA)";"Total";"29191"
"2110104";"Santa Quitéria do Maranhão (MA)";"Urbana";"14141"
"2110104";"Santa Quitéria do Maranhão (MA)";"Rural";"15050"
"2110203";"Santa Rita (MA)";"Total";"32366"
"2110203";"Santa Rita (MA)";"Urbana";"14915"
"2110203";"Santa Rita (MA)";"Rural";"17451"
"2110237";"Santana do Maranhão (MA)";"Total";"11661"
"2110237";"Santana do Maranhão (MA)";"Urbana";"1842"
"2110237";"Santana do Maranhão (MA)";"Rural";"9819"
"2110278";"Santo Amaro do Maranhão (MA)";"Total";"13820"
"2110278";"Santo Amaro do Maranhão (MA)";"Urbana";"3630"
"2110278";"Santo Amaro do Maranhão (MA)";"Rural";"10190"
"2110302";"Santo Antônio dos Lopes (MA)";"Total";"14288"
"2110302";"Santo Antônio dos Lopes (MA)";"Urbana";"5732"
"2110302";"Santo Antônio dos Lopes (MA)";"Rural";"8556"
"2110401";"São Benedito do Rio Preto (MA)";"Total";"17799"
"2110401";"São Benedito do Rio Preto (MA)";"Urbana";"11049"
"2110401";"São Benedito do Rio Preto (MA)";"Rural";"6750"
"2110500";"São Bento (MA)";"Total";"40736"
"2110500";"São Bento (MA)";"Urbana";"23508"
"2110500";"São Bento (MA)";"Rural";"17228"
"2110609";"São Bernardo (MA)";"Total";"26476"
"2110609";"São Bernardo (MA)";"Urbana";"11800"
"2110609";"São Bernardo (MA)";"Rural";"14676"
"2110658";"São Domingos do Azeitão (MA)";"Total";"6983"
"2110658";"São Domingos do Azeitão (MA)";"Urbana";"4961"
"2110658";"São Domingos do Azeitão (MA)";"Rural";"2022"
"2110708";"São Domingos do Maranhão (MA)";"Total";"33607"
"2110708";"São Domingos do Maranhão (MA)";"Urbana";"17313"
"2110708";"São Domingos do Maranhão (MA)";"Rural";"16294"
"2110807";"São Félix de Balsas (MA)";"Total";"4702"
"2110807";"São Félix de Balsas (MA)";"Urbana";"1628"
"2110807";"São Félix de Balsas (MA)";"Rural";"3074"
"2110856";"São Francisco do Brejão (MA)";"Total";"10261"
"2110856";"São Francisco do Brejão (MA)";"Urbana";"4836"
"2110856";"São Francisco do Brejão (MA)";"Rural";"5425"
"2110906";"São Francisco do Maranhão (MA)";"Total";"12146"
"2110906";"São Francisco do Maranhão (MA)";"Urbana";"4104"
"2110906";"São Francisco do Maranhão (MA)";"Rural";"8042"
"2111003";"São João Batista (MA)";"Total";"19920"
"2111003";"São João Batista (MA)";"Urbana";"5344"
"2111003";"São João Batista (MA)";"Rural";"14576"
"2111029";"São João do Carú (MA)";"Total";"12309"
"2111029";"São João do Carú (MA)";"Urbana";"6323"
"2111029";"São João do Carú (MA)";"Rural";"5986"
"2111052";"São João do Paraíso (MA)";"Total";"10814"
"2111052";"São João do Paraíso (MA)";"Urbana";"5276"
"2111052";"São João do Paraíso (MA)";"Rural";"5538"
"2111078";"São João do Soter (MA)";"Total";"17238"
"2111078";"São João do Soter (MA)";"Urbana";"6646"
"2111078";"São João do Soter (MA)";"Rural";"10592"
"2111102";"São João dos Patos (MA)";"Total";"24928"
"2111102";"São João dos Patos (MA)";"Urbana";"20567"
"2111102";"São João dos Patos (MA)";"Rural";"4361"
"2111201";"São José de Ribamar (MA)";"Total";"163045"
"2111201";"São José de Ribamar (MA)";"Urbana";"37709"
"2111201";"São José de Ribamar (MA)";"Rural";"125336"
"2111250";"São José dos Basílios (MA)";"Total";"7496"
"2111250";"São José dos Basílios (MA)";"Urbana";"3006"
"2111250";"São José dos Basílios (MA)";"Rural";"4490"
"2111300";"São Luís (MA)";"Total";"1014837"
"2111300";"São Luís (MA)";"Urbana";"958522"
"2111300";"São Luís (MA)";"Rural";"56315"
"2111409";"São Luís Gonzaga do Maranhão (MA)";"Total";"20153"
"2111409";"São Luís Gonzaga do Maranhão (MA)";"Urbana";"7896"
"2111409";"São Luís Gonzaga do Maranhão (MA)";"Rural";"12257"
"2111508";"São Mateus do Maranhão (MA)";"Total";"39093"
"2111508";"São Mateus do Maranhão (MA)";"Urbana";"28712"
"2111508";"São Mateus do Maranhão (MA)";"Rural";"10381"
"2111532";"São Pedro da Água Branca (MA)";"Total";"12028"
"2111532";"São Pedro da Água Branca (MA)";"Urbana";"10712"
"2111532";"São Pedro da Água Branca (MA)";"Rural";"1316"
"2111573";"São Pedro dos Crentes (MA)";"Total";"4425"
"2111573";"São Pedro dos Crentes (MA)";"Urbana";"2437"
"2111573";"São Pedro dos Crentes (MA)";"Rural";"1988"
"2111607";"São Raimundo das Mangabeiras (MA)";"Total";"17474"
"2111607";"São Raimundo das Mangabeiras (MA)";"Urbana";"12533"
"2111607";"São Raimundo das Mangabeiras (MA)";"Rural";"4941"
"2111631";"São Raimundo do Doca Bezerra (MA)";"Total";"6090"
"2111631";"São Raimundo do Doca Bezerra (MA)";"Urbana";"1731"
"2111631";"São Raimundo do Doca Bezerra (MA)";"Rural";"4359"
"2111672";"São Roberto (MA)";"Total";"5957"
"2111672";"São Roberto (MA)";"Urbana";"2845"
"2111672";"São Roberto (MA)";"Rural";"3112"
"2111706";"São Vicente Ferrer (MA)";"Total";"20863"
"2111706";"São Vicente Ferrer (MA)";"Urbana";"5431"
"2111706";"São Vicente Ferrer (MA)";"Rural";"15432"
"2111722";"Satubinha (MA)";"Total";"11990"
"2111722";"Satubinha (MA)";"Urbana";"3634"
"2111722";"Satubinha (MA)";"Rural";"8356"
"2111748";"Senador Alexandre Costa (MA)";"Total";"10256"
"2111748";"Senador Alexandre Costa (MA)";"Urbana";"6164"
"2111748";"Senador Alexandre Costa (MA)";"Rural";"4092"
"2111763";"Senador La Rocque (MA)";"Total";"17998"
"2111763";"Senador La Rocque (MA)";"Urbana";"8739"
"2111763";"Senador La Rocque (MA)";"Rural";"9259"
"2111789";"Serrano do Maranhão (MA)";"Total";"10940"
"2111789";"Serrano do Maranhão (MA)";"Urbana";"4227"
"2111789";"Serrano do Maranhão (MA)";"Rural";"6713"
"2111805";"Sítio Novo (MA)";"Total";"17002"
"2111805";"Sítio Novo (MA)";"Urbana";"5139"
"2111805";"Sítio Novo (MA)";"Rural";"11863"
"2111904";"Sucupira do Norte (MA)";"Total";"10444"
"2111904";"Sucupira do Norte (MA)";"Urbana";"4944"
"2111904";"Sucupira do Norte (MA)";"Rural";"5500"
"2111953";"Sucupira do Riachão (MA)";"Total";"4613"
"2111953";"Sucupira do Riachão (MA)";"Urbana";"2862"
"2111953";"Sucupira do Riachão (MA)";"Rural";"1751"
"2112001";"Tasso Fragoso (MA)";"Total";"7796"
"2112001";"Tasso Fragoso (MA)";"Urbana";"4648"
"2112001";"Tasso Fragoso (MA)";"Rural";"3148"
"2112100";"Timbiras (MA)";"Total";"27997"
"2112100";"Timbiras (MA)";"Urbana";"17471"
"2112100";"Timbiras (MA)";"Rural";"10526"
"2112209";"Timon (MA)";"Total";"155460"
"2112209";"Timon (MA)";"Urbana";"135133"
"2112209";"Timon (MA)";"Rural";"20327"
"2112233";"Trizidela do Vale (MA)";"Total";"18953"
"2112233";"Trizidela do Vale (MA)";"Urbana";"16170"
"2112233";"Trizidela do Vale (MA)";"Rural";"2783"
"2112274";"Tufilândia (MA)";"Total";"5596"
"2112274";"Tufilândia (MA)";"Urbana";"2732"
"2112274";"Tufilândia (MA)";"Rural";"2864"
"2112308";"Tuntum (MA)";"Total";"39183"
"2112308";"Tuntum (MA)";"Urbana";"17927"
"2112308";"Tuntum (MA)";"Rural";"21256"
"2112407";"Turiaçu (MA)";"Total";"33933"
"2112407";"Turiaçu (MA)";"Urbana";"10931"
"2112407";"Turiaçu (MA)";"Rural";"23002"
"2112456";"Turilândia (MA)";"Total";"22846"
"2112456";"Turilândia (MA)";"Urbana";"10353"
"2112456";"Turilândia (MA)";"Rural";"12493"
"2112506";"Tutóia (MA)";"Total";"52788"
"2112506";"Tutóia (MA)";"Urbana";"18680"
"2112506";"Tutóia (MA)";"Rural";"34108"
"2112605";"Urbano Santos (MA)";"Total";"24573"
"2112605";"Urbano Santos (MA)";"Urbana";"17374"
"2112605";"Urbano Santos (MA)";"Rural";"7199"
"2112704";"Vargem Grande (MA)";"Total";"49412"
"2112704";"Vargem Grande (MA)";"Urbana";"26687"
"2112704";"Vargem Grande (MA)";"Rural";"22725"
"2112803";"Viana (MA)";"Total";"49496"
"2112803";"Viana (MA)";"Urbana";"26915"
"2112803";"Viana (MA)";"Rural";"22581"
"2112852";"Vila Nova dos Martírios (MA)";"Total";"11258"
"2112852";"Vila Nova dos Martírios (MA)";"Urbana";"6188"
"2112852";"Vila Nova dos Martírios (MA)";"Rural";"5070"
"2112902";"Vitória do Mearim (MA)";"Total";"31217"
"2112902";"Vitória do Mearim (MA)";"Urbana";"14811"
"2112902";"Vitória do Mearim (MA)";"Rural";"16406"
"2113009";"Vitorino Freire (MA)";"Total";"31658"
"2113009";"Vitorino Freire (MA)";"Urbana";"16176"
"2113009";"Vitorino Freire (MA)";"Rural";"15482"
"2114007";"Zé Doca (MA)";"Total";"50173"
"2114007";"Zé Doca (MA)";"Urbana";"30864"
"2114007";"Zé Doca (MA)";"Rural";"19309"
"2200053";"Acauã (PI)";"Total";"6749"
"2200053";"Acauã (PI)";"Urbana";"901"
"2200053";"Acauã (PI)";"Rural";"5848"
"2200103";"Agricolândia (PI)";"Total";"5098"
"2200103";"Agricolândia (PI)";"Urbana";"3602"
"2200103";"Agricolândia (PI)";"Rural";"1496"
"2200202";"Água Branca (PI)";"Total";"16451"
"2200202";"Água Branca (PI)";"Urbana";"14539"
"2200202";"Água Branca (PI)";"Rural";"1912"
"2200251";"Alagoinha do Piauí (PI)";"Total";"7341"
"2200251";"Alagoinha do Piauí (PI)";"Urbana";"2669"
"2200251";"Alagoinha do Piauí (PI)";"Rural";"4672"
"2200277";"Alegrete do Piauí (PI)";"Total";"5153"
"2200277";"Alegrete do Piauí (PI)";"Urbana";"2837"
"2200277";"Alegrete do Piauí (PI)";"Rural";"2316"
"2200301";"Alto Longá (PI)";"Total";"13646"
"2200301";"Alto Longá (PI)";"Urbana";"6714"
"2200301";"Alto Longá (PI)";"Rural";"6932"
"2200400";"Altos (PI)";"Total";"38822"
"2200400";"Altos (PI)";"Urbana";"27388"
"2200400";"Altos (PI)";"Rural";"11434"
"2200459";"Alvorada do Gurguéia (PI)";"Total";"5050"
"2200459";"Alvorada do Gurguéia (PI)";"Urbana";"1849"
"2200459";"Alvorada do Gurguéia (PI)";"Rural";"3201"
"2200509";"Amarante (PI)";"Total";"17135"
"2200509";"Amarante (PI)";"Urbana";"8772"
"2200509";"Amarante (PI)";"Rural";"8363"
"2200608";"Angical do Piauí (PI)";"Total";"6672"
"2200608";"Angical do Piauí (PI)";"Urbana";"5214"
"2200608";"Angical do Piauí (PI)";"Rural";"1458"
"2200707";"Anísio de Abreu (PI)";"Total";"9098"
"2200707";"Anísio de Abreu (PI)";"Urbana";"4503"
"2200707";"Anísio de Abreu (PI)";"Rural";"4595"
"2200806";"Antônio Almeida (PI)";"Total";"3039"
"2200806";"Antônio Almeida (PI)";"Urbana";"2224"
"2200806";"Antônio Almeida (PI)";"Rural";"815"
"2200905";"Aroazes (PI)";"Total";"5779"
"2200905";"Aroazes (PI)";"Urbana";"3430"
"2200905";"Aroazes (PI)";"Rural";"2349"
"2200954";"Aroeiras do Itaim (PI)";"Total";"2440"
"2200954";"Aroeiras do Itaim (PI)";"Urbana";"238"
"2200954";"Aroeiras do Itaim (PI)";"Rural";"2202"
"2201002";"Arraial (PI)";"Total";"4688"
"2201002";"Arraial (PI)";"Urbana";"2433"
"2201002";"Arraial (PI)";"Rural";"2255"
"2201051";"Assunção do Piauí (PI)";"Total";"7503"
"2201051";"Assunção do Piauí (PI)";"Urbana";"3378"
"2201051";"Assunção do Piauí (PI)";"Rural";"4125"
"2201101";"Avelino Lopes (PI)";"Total";"11067"
"2201101";"Avelino Lopes (PI)";"Urbana";"6714"
"2201101";"Avelino Lopes (PI)";"Rural";"4353"
"2201150";"Baixa Grande do Ribeiro (PI)";"Total";"10516"
"2201150";"Baixa Grande do Ribeiro (PI)";"Urbana";"6487"
"2201150";"Baixa Grande do Ribeiro (PI)";"Rural";"4029"
"2201176";"Barra D'Alcântara (PI)";"Total";"3852"
"2201176";"Barra D'Alcântara (PI)";"Urbana";"2032"
"2201176";"Barra D'Alcântara (PI)";"Rural";"1820"
"2201200";"Barras (PI)";"Total";"44850"
"2201200";"Barras (PI)";"Urbana";"22126"
"2201200";"Barras (PI)";"Rural";"22724"
"2201309";"Barreiras do Piauí (PI)";"Total";"3234"
"2201309";"Barreiras do Piauí (PI)";"Urbana";"1875"
"2201309";"Barreiras do Piauí (PI)";"Rural";"1359"
"2201408";"Barro Duro (PI)";"Total";"6607"
"2201408";"Barro Duro (PI)";"Urbana";"4789"
"2201408";"Barro Duro (PI)";"Rural";"1818"
"2201507";"Batalha (PI)";"Total";"25774"
"2201507";"Batalha (PI)";"Urbana";"9607"
"2201507";"Batalha (PI)";"Rural";"16167"
"2201556";"Bela Vista do Piauí (PI)";"Total";"3778"
"2201556";"Bela Vista do Piauí (PI)";"Urbana";"1243"
"2201556";"Bela Vista do Piauí (PI)";"Rural";"2535"
"2201572";"Belém do Piauí (PI)";"Total";"3284"
"2201572";"Belém do Piauí (PI)";"Urbana";"1603"
"2201572";"Belém do Piauí (PI)";"Rural";"1681"
"2201606";"Beneditinos (PI)";"Total";"9911"
"2201606";"Beneditinos (PI)";"Urbana";"6261"
"2201606";"Beneditinos (PI)";"Rural";"3650"
"2201705";"Bertolínia (PI)";"Total";"5319"
"2201705";"Bertolínia (PI)";"Urbana";"3894"
"2201705";"Bertolínia (PI)";"Rural";"1425"
"2201739";"Betânia do Piauí (PI)";"Total";"6015"
"2201739";"Betânia do Piauí (PI)";"Urbana";"1678"
"2201739";"Betânia do Piauí (PI)";"Rural";"4337"
"2201770";"Boa Hora (PI)";"Total";"6296"
"2201770";"Boa Hora (PI)";"Urbana";"1524"
"2201770";"Boa Hora (PI)";"Rural";"4772"
"2201804";"Bocaina (PI)";"Total";"4369"
"2201804";"Bocaina (PI)";"Urbana";"1746"
"2201804";"Bocaina (PI)";"Rural";"2623"
"2201903";"Bom Jesus (PI)";"Total";"22629"
"2201903";"Bom Jesus (PI)";"Urbana";"17623"
"2201903";"Bom Jesus (PI)";"Rural";"5006"
"2201919";"Bom Princípio do Piauí (PI)";"Total";"5304"
"2201919";"Bom Princípio do Piauí (PI)";"Urbana";"1654"
"2201919";"Bom Princípio do Piauí (PI)";"Rural";"3650"
"2201929";"Bonfim do Piauí (PI)";"Total";"5393"
"2201929";"Bonfim do Piauí (PI)";"Urbana";"1635"
"2201929";"Bonfim do Piauí (PI)";"Rural";"3758"
"2201945";"Boqueirão do Piauí (PI)";"Total";"6193"
"2201945";"Boqueirão do Piauí (PI)";"Urbana";"2666"
"2201945";"Boqueirão do Piauí (PI)";"Rural";"3527"
"2201960";"Brasileira (PI)";"Total";"7966"
"2201960";"Brasileira (PI)";"Urbana";"3483"
"2201960";"Brasileira (PI)";"Rural";"4483"
"2201988";"Brejo do Piauí (PI)";"Total";"3850"
"2201988";"Brejo do Piauí (PI)";"Urbana";"1426"
"2201988";"Brejo do Piauí (PI)";"Rural";"2424"
"2202000";"Buriti dos Lopes (PI)";"Total";"19074"
"2202000";"Buriti dos Lopes (PI)";"Urbana";"10294"
"2202000";"Buriti dos Lopes (PI)";"Rural";"8780"
"2202026";"Buriti dos Montes (PI)";"Total";"7974"
"2202026";"Buriti dos Montes (PI)";"Urbana";"2421"
"2202026";"Buriti dos Montes (PI)";"Rural";"5553"
"2202059";"Cabeceiras do Piauí (PI)";"Total";"9928"
"2202059";"Cabeceiras do Piauí (PI)";"Urbana";"1657"
"2202059";"Cabeceiras do Piauí (PI)";"Rural";"8271"
"2202075";"Cajazeiras do Piauí (PI)";"Total";"3343"
"2202075";"Cajazeiras do Piauí (PI)";"Urbana";"1112"
"2202075";"Cajazeiras do Piauí (PI)";"Rural";"2231"
"2202083";"Cajueiro da Praia (PI)";"Total";"7163"
"2202083";"Cajueiro da Praia (PI)";"Urbana";"2699"
"2202083";"Cajueiro da Praia (PI)";"Rural";"4464"
"2202091";"Caldeirão Grande do Piauí (PI)";"Total";"5671"
"2202091";"Caldeirão Grande do Piauí (PI)";"Urbana";"1662"
"2202091";"Caldeirão Grande do Piauí (PI)";"Rural";"4009"
"2202109";"Campinas do Piauí (PI)";"Total";"5408"
"2202109";"Campinas do Piauí (PI)";"Urbana";"1807"
"2202109";"Campinas do Piauí (PI)";"Rural";"3601"
"2202117";"Campo Alegre do Fidalgo (PI)";"Total";"4693"
"2202117";"Campo Alegre do Fidalgo (PI)";"Urbana";"1224"
"2202117";"Campo Alegre do Fidalgo (PI)";"Rural";"3469"
"2202133";"Campo Grande do Piauí (PI)";"Total";"5592"
"2202133";"Campo Grande do Piauí (PI)";"Urbana";"1569"
"2202133";"Campo Grande do Piauí (PI)";"Rural";"4023"
"2202174";"Campo Largo do Piauí (PI)";"Total";"6803"
"2202174";"Campo Largo do Piauí (PI)";"Urbana";"1430"
"2202174";"Campo Largo do Piauí (PI)";"Rural";"5373"
"2202208";"Campo Maior (PI)";"Total";"45177"
"2202208";"Campo Maior (PI)";"Urbana";"33521"
"2202208";"Campo Maior (PI)";"Rural";"11656"
"2202251";"Canavieira (PI)";"Total";"3921"
"2202251";"Canavieira (PI)";"Urbana";"1738"
"2202251";"Canavieira (PI)";"Rural";"2183"
"2202307";"Canto do Buriti (PI)";"Total";"20020"
"2202307";"Canto do Buriti (PI)";"Urbana";"11130"
"2202307";"Canto do Buriti (PI)";"Rural";"8890"
"2202406";"Capitão de Campos (PI)";"Total";"10953"
"2202406";"Capitão de Campos (PI)";"Urbana";"6347"
"2202406";"Capitão de Campos (PI)";"Rural";"4606"
"2202455";"Capitão Gervásio Oliveira (PI)";"Total";"3878"
"2202455";"Capitão Gervásio Oliveira (PI)";"Urbana";"1162"
"2202455";"Capitão Gervásio Oliveira (PI)";"Rural";"2716"
"2202505";"Caracol (PI)";"Total";"10212"
"2202505";"Caracol (PI)";"Urbana";"4028"
"2202505";"Caracol (PI)";"Rural";"6184"
"2202539";"Caraúbas do Piauí (PI)";"Total";"5525"
"2202539";"Caraúbas do Piauí (PI)";"Urbana";"972"
"2202539";"Caraúbas do Piauí (PI)";"Rural";"4553"
"2202554";"Caridade do Piauí (PI)";"Total";"4826"
"2202554";"Caridade do Piauí (PI)";"Urbana";"1579"
"2202554";"Caridade do Piauí (PI)";"Rural";"3247"
"2202604";"Castelo do Piauí (PI)";"Total";"18336"
"2202604";"Castelo do Piauí (PI)";"Urbana";"11479"
"2202604";"Castelo do Piauí (PI)";"Rural";"6857"
"2202653";"Caxingó (PI)";"Total";"5039"
"2202653";"Caxingó (PI)";"Urbana";"966"
"2202653";"Caxingó (PI)";"Rural";"4073"
"2202703";"Cocal (PI)";"Total";"26036"
"2202703";"Cocal (PI)";"Urbana";"12020"
"2202703";"Cocal (PI)";"Rural";"14016"
"2202711";"Cocal de Telha (PI)";"Total";"4525"
"2202711";"Cocal de Telha (PI)";"Urbana";"2667"
"2202711";"Cocal de Telha (PI)";"Rural";"1858"
"2202729";"Cocal dos Alves (PI)";"Total";"5572"
"2202729";"Cocal dos Alves (PI)";"Urbana";"1782"
"2202729";"Cocal dos Alves (PI)";"Rural";"3790"
"2202737";"Coivaras (PI)";"Total";"3811"
"2202737";"Coivaras (PI)";"Urbana";"1173"
"2202737";"Coivaras (PI)";"Rural";"2638"
"2202752";"Colônia do Gurguéia (PI)";"Total";"6036"
"2202752";"Colônia do Gurguéia (PI)";"Urbana";"4850"
"2202752";"Colônia do Gurguéia (PI)";"Rural";"1186"
"2202778";"Colônia do Piauí (PI)";"Total";"7433"
"2202778";"Colônia do Piauí (PI)";"Urbana";"2644"
"2202778";"Colônia do Piauí (PI)";"Rural";"4789"
"2202802";"Conceição do Canindé (PI)";"Total";"4475"
"2202802";"Conceição do Canindé (PI)";"Urbana";"2363"
"2202802";"Conceição do Canindé (PI)";"Rural";"2112"
"2202851";"Coronel José Dias (PI)";"Total";"4541"
"2202851";"Coronel José Dias (PI)";"Urbana";"1491"
"2202851";"Coronel José Dias (PI)";"Rural";"3050"
"2202901";"Corrente (PI)";"Total";"25407"
"2202901";"Corrente (PI)";"Urbana";"15693"
"2202901";"Corrente (PI)";"Rural";"9714"
"2203008";"Cristalândia do Piauí (PI)";"Total";"7831"
"2203008";"Cristalândia do Piauí (PI)";"Urbana";"2945"
"2203008";"Cristalândia do Piauí (PI)";"Rural";"4886"
"2203107";"Cristino Castro (PI)";"Total";"9981"
"2203107";"Cristino Castro (PI)";"Urbana";"7262"
"2203107";"Cristino Castro (PI)";"Rural";"2719"
"2203206";"Curimatá (PI)";"Total";"10761"
"2203206";"Curimatá (PI)";"Urbana";"7084"
"2203206";"Curimatá (PI)";"Rural";"3677"
"2203230";"Currais (PI)";"Total";"4704"
"2203230";"Currais (PI)";"Urbana";"924"
"2203230";"Currais (PI)";"Rural";"3780"
"2203255";"Curralinhos (PI)";"Total";"4183"
"2203255";"Curralinhos (PI)";"Urbana";"1331"
"2203255";"Curralinhos (PI)";"Rural";"2852"
"2203271";"Curral Novo do Piauí (PI)";"Total";"4869"
"2203271";"Curral Novo do Piauí (PI)";"Urbana";"1379"
"2203271";"Curral Novo do Piauí (PI)";"Rural";"3490"
"2203305";"Demerval Lobão (PI)";"Total";"13278"
"2203305";"Demerval Lobão (PI)";"Urbana";"10873"
"2203305";"Demerval Lobão (PI)";"Rural";"2405"
"2203354";"Dirceu Arcoverde (PI)";"Total";"6675"
"2203354";"Dirceu Arcoverde (PI)";"Urbana";"2369"
"2203354";"Dirceu Arcoverde (PI)";"Rural";"4306"
"2203404";"Dom Expedito Lopes (PI)";"Total";"6569"
"2203404";"Dom Expedito Lopes (PI)";"Urbana";"3572"
"2203404";"Dom Expedito Lopes (PI)";"Rural";"2997"
"2203420";"Domingos Mourão (PI)";"Total";"4264"
"2203420";"Domingos Mourão (PI)";"Urbana";"958"
"2203420";"Domingos Mourão (PI)";"Rural";"3306"
"2203453";"Dom Inocêncio (PI)";"Total";"9245"
"2203453";"Dom Inocêncio (PI)";"Urbana";"2018"
"2203453";"Dom Inocêncio (PI)";"Rural";"7227"
"2203503";"Elesbão Veloso (PI)";"Total";"14512"
"2203503";"Elesbão Veloso (PI)";"Urbana";"10124"
"2203503";"Elesbão Veloso (PI)";"Rural";"4388"
"2203602";"Eliseu Martins (PI)";"Total";"4665"
"2203602";"Eliseu Martins (PI)";"Urbana";"3821"
"2203602";"Eliseu Martins (PI)";"Rural";"844"
"2203701";"Esperantina (PI)";"Total";"37767"
"2203701";"Esperantina (PI)";"Urbana";"23158"
"2203701";"Esperantina (PI)";"Rural";"14609"
"2203750";"Fartura do Piauí (PI)";"Total";"5074"
"2203750";"Fartura do Piauí (PI)";"Urbana";"1336"
"2203750";"Fartura do Piauí (PI)";"Rural";"3738"
"2203800";"Flores do Piauí (PI)";"Total";"4366"
"2203800";"Flores do Piauí (PI)";"Urbana";"1987"
"2203800";"Flores do Piauí (PI)";"Rural";"2379"
"2203859";"Floresta do Piauí (PI)";"Total";"2482"
"2203859";"Floresta do Piauí (PI)";"Urbana";"861"
"2203859";"Floresta do Piauí (PI)";"Rural";"1621"
"2203909";"Floriano (PI)";"Total";"57690"
"2203909";"Floriano (PI)";"Urbana";"49970"
"2203909";"Floriano (PI)";"Rural";"7720"
"2204006";"Francinópolis (PI)";"Total";"5235"
"2204006";"Francinópolis (PI)";"Urbana";"3275"
"2204006";"Francinópolis (PI)";"Rural";"1960"
"2204105";"Francisco Ayres (PI)";"Total";"4477"
"2204105";"Francisco Ayres (PI)";"Urbana";"2154"
"2204105";"Francisco Ayres (PI)";"Rural";"2323"
"2204154";"Francisco Macedo (PI)";"Total";"2879"
"2204154";"Francisco Macedo (PI)";"Urbana";"1159"
"2204154";"Francisco Macedo (PI)";"Rural";"1720"
"2204204";"Francisco Santos (PI)";"Total";"8592"
"2204204";"Francisco Santos (PI)";"Urbana";"3979"
"2204204";"Francisco Santos (PI)";"Rural";"4613"
"2204303";"Fronteiras (PI)";"Total";"11117"
"2204303";"Fronteiras (PI)";"Urbana";"7288"
"2204303";"Fronteiras (PI)";"Rural";"3829"
"2204352";"Geminiano (PI)";"Total";"5475"
"2204352";"Geminiano (PI)";"Urbana";"1216"
"2204352";"Geminiano (PI)";"Rural";"4259"
"2204402";"Gilbués (PI)";"Total";"10402"
"2204402";"Gilbués (PI)";"Urbana";"5991"
"2204402";"Gilbués (PI)";"Rural";"4411"
"2204501";"Guadalupe (PI)";"Total";"10268"
"2204501";"Guadalupe (PI)";"Urbana";"9842"
"2204501";"Guadalupe (PI)";"Rural";"426"
"2204550";"Guaribas (PI)";"Total";"4401"
"2204550";"Guaribas (PI)";"Urbana";"1275"
"2204550";"Guaribas (PI)";"Rural";"3126"
"2204600";"Hugo Napoleão (PI)";"Total";"3771"
"2204600";"Hugo Napoleão (PI)";"Urbana";"3098"
"2204600";"Hugo Napoleão (PI)";"Rural";"673"
"2204659";"Ilha Grande (PI)";"Total";"8914"
"2204659";"Ilha Grande (PI)";"Urbana";"7445"
"2204659";"Ilha Grande (PI)";"Rural";"1469"
"2204709";"Inhuma (PI)";"Total";"14845"
"2204709";"Inhuma (PI)";"Urbana";"7279"
"2204709";"Inhuma (PI)";"Rural";"7566"
"2204808";"Ipiranga do Piauí (PI)";"Total";"9327"
"2204808";"Ipiranga do Piauí (PI)";"Urbana";"5746"
"2204808";"Ipiranga do Piauí (PI)";"Rural";"3581"
"2204907";"Isaías Coelho (PI)";"Total";"8221"
"2204907";"Isaías Coelho (PI)";"Urbana";"1865"
"2204907";"Isaías Coelho (PI)";"Rural";"6356"
"2205003";"Itainópolis (PI)";"Total";"11109"
"2205003";"Itainópolis (PI)";"Urbana";"2530"
"2205003";"Itainópolis (PI)";"Rural";"8579"
"2205102";"Itaueira (PI)";"Total";"10678"
"2205102";"Itaueira (PI)";"Urbana";"5949"
"2205102";"Itaueira (PI)";"Rural";"4729"
"2205151";"Jacobina do Piauí (PI)";"Total";"5722"
"2205151";"Jacobina do Piauí (PI)";"Urbana";"1024"
"2205151";"Jacobina do Piauí (PI)";"Rural";"4698"
"2205201";"Jaicós (PI)";"Total";"18035"
"2205201";"Jaicós (PI)";"Urbana";"8508"
"2205201";"Jaicós (PI)";"Rural";"9527"
"2205250";"Jardim do Mulato (PI)";"Total";"4309"
"2205250";"Jardim do Mulato (PI)";"Urbana";"1183"
"2205250";"Jardim do Mulato (PI)";"Rural";"3126"
"2205276";"Jatobá do Piauí (PI)";"Total";"4656"
"2205276";"Jatobá do Piauí (PI)";"Urbana";"888"
"2205276";"Jatobá do Piauí (PI)";"Rural";"3768"
"2205300";"Jerumenha (PI)";"Total";"4390"
"2205300";"Jerumenha (PI)";"Urbana";"2469"
"2205300";"Jerumenha (PI)";"Rural";"1921"
"2205359";"João Costa (PI)";"Total";"2960"
"2205359";"João Costa (PI)";"Urbana";"701"
"2205359";"João Costa (PI)";"Rural";"2259"
"2205409";"Joaquim Pires (PI)";"Total";"13817"
"2205409";"Joaquim Pires (PI)";"Urbana";"4256"
"2205409";"Joaquim Pires (PI)";"Rural";"9561"
"2205458";"Joca Marques (PI)";"Total";"5100"
"2205458";"Joca Marques (PI)";"Urbana";"1677"
"2205458";"Joca Marques (PI)";"Rural";"3423"
"2205508";"José de Freitas (PI)";"Total";"37085"
"2205508";"José de Freitas (PI)";"Urbana";"21601"
"2205508";"José de Freitas (PI)";"Rural";"15484"
"2205516";"Juazeiro do Piauí (PI)";"Total";"4757"
"2205516";"Juazeiro do Piauí (PI)";"Urbana";"1479"
"2205516";"Juazeiro do Piauí (PI)";"Rural";"3278"
"2205524";"Júlio Borges (PI)";"Total";"5373"
"2205524";"Júlio Borges (PI)";"Urbana";"1618"
"2205524";"Júlio Borges (PI)";"Rural";"3755"
"2205532";"Jurema (PI)";"Total";"4517"
"2205532";"Jurema (PI)";"Urbana";"866"
"2205532";"Jurema (PI)";"Rural";"3651"
"2205540";"Lagoinha do Piauí (PI)";"Total";"2656"
"2205540";"Lagoinha do Piauí (PI)";"Urbana";"1582"
"2205540";"Lagoinha do Piauí (PI)";"Rural";"1074"
"2205557";"Lagoa Alegre (PI)";"Total";"8008"
"2205557";"Lagoa Alegre (PI)";"Urbana";"3042"
"2205557";"Lagoa Alegre (PI)";"Rural";"4966"
"2205565";"Lagoa do Barro do Piauí (PI)";"Total";"4523"
"2205565";"Lagoa do Barro do Piauí (PI)";"Urbana";"994"
"2205565";"Lagoa do Barro do Piauí (PI)";"Rural";"3529"
"2205573";"Lagoa de São Francisco (PI)";"Total";"6422"
"2205573";"Lagoa de São Francisco (PI)";"Urbana";"2092"
"2205573";"Lagoa de São Francisco (PI)";"Rural";"4330"
"2205581";"Lagoa do Piauí (PI)";"Total";"3863"
"2205581";"Lagoa do Piauí (PI)";"Urbana";"1672"
"2205581";"Lagoa do Piauí (PI)";"Rural";"2191"
"2205599";"Lagoa do Sítio (PI)";"Total";"4850"
"2205599";"Lagoa do Sítio (PI)";"Urbana";"1723"
"2205599";"Lagoa do Sítio (PI)";"Rural";"3127"
"2205607";"Landri Sales (PI)";"Total";"5281"
"2205607";"Landri Sales (PI)";"Urbana";"3957"
"2205607";"Landri Sales (PI)";"Rural";"1324"
"2205706";"Luís Correia (PI)";"Total";"28406"
"2205706";"Luís Correia (PI)";"Urbana";"12645"
"2205706";"Luís Correia (PI)";"Rural";"15761"
"2205805";"Luzilândia (PI)";"Total";"24721"
"2205805";"Luzilândia (PI)";"Urbana";"13268"
"2205805";"Luzilândia (PI)";"Rural";"11453"
"2205854";"Madeiro (PI)";"Total";"7816"
"2205854";"Madeiro (PI)";"Urbana";"3364"
"2205854";"Madeiro (PI)";"Rural";"4452"
"2205904";"Manoel Emídio (PI)";"Total";"5213"
"2205904";"Manoel Emídio (PI)";"Urbana";"3315"
"2205904";"Manoel Emídio (PI)";"Rural";"1898"
"2205953";"Marcolândia (PI)";"Total";"7812"
"2205953";"Marcolândia (PI)";"Urbana";"6707"
"2205953";"Marcolândia (PI)";"Rural";"1105"
"2206001";"Marcos Parente (PI)";"Total";"4456"
"2206001";"Marcos Parente (PI)";"Urbana";"3845"
"2206001";"Marcos Parente (PI)";"Rural";"611"
"2206050";"Massapê do Piauí (PI)";"Total";"6220"
"2206050";"Massapê do Piauí (PI)";"Urbana";"936"
"2206050";"Massapê do Piauí (PI)";"Rural";"5284"
"2206100";"Matias Olímpio (PI)";"Total";"10473"
"2206100";"Matias Olímpio (PI)";"Urbana";"4796"
"2206100";"Matias Olímpio (PI)";"Rural";"5677"
"2206209";"Miguel Alves (PI)";"Total";"32289"
"2206209";"Miguel Alves (PI)";"Urbana";"10711"
"2206209";"Miguel Alves (PI)";"Rural";"21578"
"2206308";"Miguel Leão (PI)";"Total";"1253"
"2206308";"Miguel Leão (PI)";"Urbana";"862"
"2206308";"Miguel Leão (PI)";"Rural";"391"
"2206357";"Milton Brandão (PI)";"Total";"6769"
"2206357";"Milton Brandão (PI)";"Urbana";"1701"
"2206357";"Milton Brandão (PI)";"Rural";"5068"
"2206407";"Monsenhor Gil (PI)";"Total";"10333"
"2206407";"Monsenhor Gil (PI)";"Urbana";"5309"
"2206407";"Monsenhor Gil (PI)";"Rural";"5024"
"2206506";"Monsenhor Hipólito (PI)";"Total";"7391"
"2206506";"Monsenhor Hipólito (PI)";"Urbana";"3485"
"2206506";"Monsenhor Hipólito (PI)";"Rural";"3906"
"2206605";"Monte Alegre do Piauí (PI)";"Total";"10345"
"2206605";"Monte Alegre do Piauí (PI)";"Urbana";"2981"
"2206605";"Monte Alegre do Piauí (PI)";"Rural";"7364"
"2206654";"Morro Cabeça no Tempo (PI)";"Total";"4068"
"2206654";"Morro Cabeça no Tempo (PI)";"Urbana";"1404"
"2206654";"Morro Cabeça no Tempo (PI)";"Rural";"2664"
"2206670";"Morro do Chapéu do Piauí (PI)";"Total";"6499"
"2206670";"Morro do Chapéu do Piauí (PI)";"Urbana";"2298"
"2206670";"Morro do Chapéu do Piauí (PI)";"Rural";"4201"
"2206696";"Murici dos Portelas (PI)";"Total";"8464"
"2206696";"Murici dos Portelas (PI)";"Urbana";"1689"
"2206696";"Murici dos Portelas (PI)";"Rural";"6775"
"2206704";"Nazaré do Piauí (PI)";"Total";"7321"
"2206704";"Nazaré do Piauí (PI)";"Urbana";"3503"
"2206704";"Nazaré do Piauí (PI)";"Rural";"3818"
"2206720";"Nazária (PI)";"Total";"8068"
"2206720";"Nazária (PI)";"Urbana";"1652"
"2206720";"Nazária (PI)";"Rural";"6416"
"2206753";"Nossa Senhora de Nazaré (PI)";"Total";"4556"
"2206753";"Nossa Senhora de Nazaré (PI)";"Urbana";"1363"
"2206753";"Nossa Senhora de Nazaré (PI)";"Rural";"3193"
"2206803";"Nossa Senhora dos Remédios (PI)";"Total";"8206"
"2206803";"Nossa Senhora dos Remédios (PI)";"Urbana";"3693"
"2206803";"Nossa Senhora dos Remédios (PI)";"Rural";"4513"
"2206902";"Novo Oriente do Piauí (PI)";"Total";"6498"
"2206902";"Novo Oriente do Piauí (PI)";"Urbana";"3280"
"2206902";"Novo Oriente do Piauí (PI)";"Rural";"3218"
"2206951";"Novo Santo Antônio (PI)";"Total";"3260"
"2206951";"Novo Santo Antônio (PI)";"Urbana";"916"
"2206951";"Novo Santo Antônio (PI)";"Rural";"2344"
"2207009";"Oeiras (PI)";"Total";"35640"
"2207009";"Oeiras (PI)";"Urbana";"21997"
"2207009";"Oeiras (PI)";"Rural";"13643"
"2207108";"Olho D'Água do Piauí (PI)";"Total";"2626"
"2207108";"Olho D'Água do Piauí (PI)";"Urbana";"1064"
"2207108";"Olho D'Água do Piauí (PI)";"Rural";"1562"
"2207207";"Padre Marcos (PI)";"Total";"6657"
"2207207";"Padre Marcos (PI)";"Urbana";"2352"
"2207207";"Padre Marcos (PI)";"Rural";"4305"
"2207306";"Paes Landim (PI)";"Total";"4059"
"2207306";"Paes Landim (PI)";"Urbana";"2376"
"2207306";"Paes Landim (PI)";"Rural";"1683"
"2207355";"Pajeú do Piauí (PI)";"Total";"3363"
"2207355";"Pajeú do Piauí (PI)";"Urbana";"1426"
"2207355";"Pajeú do Piauí (PI)";"Rural";"1937"
"2207405";"Palmeira do Piauí (PI)";"Total";"4993"
"2207405";"Palmeira do Piauí (PI)";"Urbana";"1764"
"2207405";"Palmeira do Piauí (PI)";"Rural";"3229"
"2207504";"Palmeirais (PI)";"Total";"13745"
"2207504";"Palmeirais (PI)";"Urbana";"5342"
"2207504";"Palmeirais (PI)";"Rural";"8403"
"2207553";"Paquetá (PI)";"Total";"4147"
"2207553";"Paquetá (PI)";"Urbana";"557"
"2207553";"Paquetá (PI)";"Rural";"3590"
"2207603";"Parnaguá (PI)";"Total";"10276"
"2207603";"Parnaguá (PI)";"Urbana";"5339"
"2207603";"Parnaguá (PI)";"Rural";"4937"
"2207702";"Parnaíba (PI)";"Total";"145705"
"2207702";"Parnaíba (PI)";"Urbana";"137485"
"2207702";"Parnaíba (PI)";"Rural";"8220"
"2207751";"Passagem Franca do Piauí (PI)";"Total";"4546"
"2207751";"Passagem Franca do Piauí (PI)";"Urbana";"2482"
"2207751";"Passagem Franca do Piauí (PI)";"Rural";"2064"
"2207777";"Patos do Piauí (PI)";"Total";"6105"
"2207777";"Patos do Piauí (PI)";"Urbana";"1689"
"2207777";"Patos do Piauí (PI)";"Rural";"4416"
"2207793";"Pau D'Arco do Piauí (PI)";"Total";"3757"
"2207793";"Pau D'Arco do Piauí (PI)";"Urbana";"556"
"2207793";"Pau D'Arco do Piauí (PI)";"Rural";"3201"
"2207801";"Paulistana (PI)";"Total";"19785"
"2207801";"Paulistana (PI)";"Urbana";"10656"
"2207801";"Paulistana (PI)";"Rural";"9129"
"2207850";"Pavussu (PI)";"Total";"3663"
"2207850";"Pavussu (PI)";"Urbana";"1793"
"2207850";"Pavussu (PI)";"Rural";"1870"
"2207900";"Pedro II (PI)";"Total";"37496"
"2207900";"Pedro II (PI)";"Urbana";"22666"
"2207900";"Pedro II (PI)";"Rural";"14830"
"2207934";"Pedro Laurentino (PI)";"Total";"2407"
"2207934";"Pedro Laurentino (PI)";"Urbana";"819"
"2207934";"Pedro Laurentino (PI)";"Rural";"1588"
"2207959";"Nova Santa Rita (PI)";"Total";"4187"
"2207959";"Nova Santa Rita (PI)";"Urbana";"704"
"2207959";"Nova Santa Rita (PI)";"Rural";"3483"
"2208007";"Picos (PI)";"Total";"73414"
"2208007";"Picos (PI)";"Urbana";"58307"
"2208007";"Picos (PI)";"Rural";"15107"
"2208106";"Pimenteiras (PI)";"Total";"11733"
"2208106";"Pimenteiras (PI)";"Urbana";"4795"
"2208106";"Pimenteiras (PI)";"Rural";"6938"
"2208205";"Pio IX (PI)";"Total";"17671"
"2208205";"Pio IX (PI)";"Urbana";"5291"
"2208205";"Pio IX (PI)";"Rural";"12380"
"2208304";"Piracuruca (PI)";"Total";"27553"
"2208304";"Piracuruca (PI)";"Urbana";"19247"
"2208304";"Piracuruca (PI)";"Rural";"8306"
"2208403";"Piripiri (PI)";"Total";"61834"
"2208403";"Piripiri (PI)";"Urbana";"44540"
"2208403";"Piripiri (PI)";"Rural";"17294"
"2208502";"Porto (PI)";"Total";"11897"
"2208502";"Porto (PI)";"Urbana";"7503"
"2208502";"Porto (PI)";"Rural";"4394"
"2208551";"Porto Alegre do Piauí (PI)";"Total";"2559"
"2208551";"Porto Alegre do Piauí (PI)";"Urbana";"1802"
"2208551";"Porto Alegre do Piauí (PI)";"Rural";"757"
"2208601";"Prata do Piauí (PI)";"Total";"3085"
"2208601";"Prata do Piauí (PI)";"Urbana";"2552"
"2208601";"Prata do Piauí (PI)";"Rural";"533"
"2208650";"Queimada Nova (PI)";"Total";"8553"
"2208650";"Queimada Nova (PI)";"Urbana";"1156"
"2208650";"Queimada Nova (PI)";"Rural";"7397"
"2208700";"Redenção do Gurguéia (PI)";"Total";"8400"
"2208700";"Redenção do Gurguéia (PI)";"Urbana";"5335"
"2208700";"Redenção do Gurguéia (PI)";"Rural";"3065"
"2208809";"Regeneração (PI)";"Total";"17556"
"2208809";"Regeneração (PI)";"Urbana";"13805"
"2208809";"Regeneração (PI)";"Rural";"3751"
"2208858";"Riacho Frio (PI)";"Total";"4241"
"2208858";"Riacho Frio (PI)";"Urbana";"2222"
"2208858";"Riacho Frio (PI)";"Rural";"2019"
"2208874";"Ribeira do Piauí (PI)";"Total";"4263"
"2208874";"Ribeira do Piauí (PI)";"Urbana";"1030"
"2208874";"Ribeira do Piauí (PI)";"Rural";"3233"
"2208908";"Ribeiro Gonçalves (PI)";"Total";"6845"
"2208908";"Ribeiro Gonçalves (PI)";"Urbana";"4449"
"2208908";"Ribeiro Gonçalves (PI)";"Rural";"2396"
"2209005";"Rio Grande do Piauí (PI)";"Total";"6273"
"2209005";"Rio Grande do Piauí (PI)";"Urbana";"4094"
"2209005";"Rio Grande do Piauí (PI)";"Rural";"2179"
"2209104";"Santa Cruz do Piauí (PI)";"Total";"6027"
"2209104";"Santa Cruz do Piauí (PI)";"Urbana";"4067"
"2209104";"Santa Cruz do Piauí (PI)";"Rural";"1960"
"2209153";"Santa Cruz dos Milagres (PI)";"Total";"3794"
"2209153";"Santa Cruz dos Milagres (PI)";"Urbana";"2127"
"2209153";"Santa Cruz dos Milagres (PI)";"Rural";"1667"
"2209203";"Santa Filomena (PI)";"Total";"6096"
"2209203";"Santa Filomena (PI)";"Urbana";"3544"
"2209203";"Santa Filomena (PI)";"Rural";"2552"
"2209302";"Santa Luz (PI)";"Total";"5513"
"2209302";"Santa Luz (PI)";"Urbana";"3109"
"2209302";"Santa Luz (PI)";"Rural";"2404"
"2209351";"Santana do Piauí (PI)";"Total";"4917"
"2209351";"Santana do Piauí (PI)";"Urbana";"1939"
"2209351";"Santana do Piauí (PI)";"Rural";"2978"
"2209377";"Santa Rosa do Piauí (PI)";"Total";"5149"
"2209377";"Santa Rosa do Piauí (PI)";"Urbana";"3655"
"2209377";"Santa Rosa do Piauí (PI)";"Rural";"1494"
"2209401";"Santo Antônio de Lisboa (PI)";"Total";"6007"
"2209401";"Santo Antônio de Lisboa (PI)";"Urbana";"3920"
"2209401";"Santo Antônio de Lisboa (PI)";"Rural";"2087"
"2209450";"Santo Antônio dos Milagres (PI)";"Total";"2059"
"2209450";"Santo Antônio dos Milagres (PI)";"Urbana";"807"
"2209450";"Santo Antônio dos Milagres (PI)";"Rural";"1252"
"2209500";"Santo Inácio do Piauí (PI)";"Total";"3648"
"2209500";"Santo Inácio do Piauí (PI)";"Urbana";"2297"
"2209500";"Santo Inácio do Piauí (PI)";"Rural";"1351"
"2209559";"São Braz do Piauí (PI)";"Total";"4313"
"2209559";"São Braz do Piauí (PI)";"Urbana";"1021"
"2209559";"São Braz do Piauí (PI)";"Rural";"3292"
"2209609";"São Félix do Piauí (PI)";"Total";"3069"
"2209609";"São Félix do Piauí (PI)";"Urbana";"1641"
"2209609";"São Félix do Piauí (PI)";"Rural";"1428"
"2209658";"São Francisco de Assis do Piauí (PI)";"Total";"5567"
"2209658";"São Francisco de Assis do Piauí (PI)";"Urbana";"1429"
"2209658";"São Francisco de Assis do Piauí (PI)";"Rural";"4138"
"2209708";"São Francisco do Piauí (PI)";"Total";"6298"
"2209708";"São Francisco do Piauí (PI)";"Urbana";"1983"
"2209708";"São Francisco do Piauí (PI)";"Rural";"4315"
"2209757";"São Gonçalo do Gurguéia (PI)";"Total";"2825"
"2209757";"São Gonçalo do Gurguéia (PI)";"Urbana";"1219"
"2209757";"São Gonçalo do Gurguéia (PI)";"Rural";"1606"
"2209807";"São Gonçalo do Piauí (PI)";"Total";"4754"
"2209807";"São Gonçalo do Piauí (PI)";"Urbana";"3308"
"2209807";"São Gonçalo do Piauí (PI)";"Rural";"1446"
"2209856";"São João da Canabrava (PI)";"Total";"4445"
"2209856";"São João da Canabrava (PI)";"Urbana";"1233"
"2209856";"São João da Canabrava (PI)";"Rural";"3212"
"2209872";"São João da Fronteira (PI)";"Total";"5608"
"2209872";"São João da Fronteira (PI)";"Urbana";"2272"
"2209872";"São João da Fronteira (PI)";"Rural";"3336"
"2209906";"São João da Serra (PI)";"Total";"6157"
"2209906";"São João da Serra (PI)";"Urbana";"3447"
"2209906";"São João da Serra (PI)";"Rural";"2710"
"2209955";"São João da Varjota (PI)";"Total";"4651"
"2209955";"São João da Varjota (PI)";"Urbana";"1389"
"2209955";"São João da Varjota (PI)";"Rural";"3262"
"2209971";"São João do Arraial (PI)";"Total";"7336"
"2209971";"São João do Arraial (PI)";"Urbana";"3701"
"2209971";"São João do Arraial (PI)";"Rural";"3635"
"2210003";"São João do Piauí (PI)";"Total";"19548"
"2210003";"São João do Piauí (PI)";"Urbana";"13470"
"2210003";"São João do Piauí (PI)";"Rural";"6078"
"2210052";"São José do Divino (PI)";"Total";"5148"
"2210052";"São José do Divino (PI)";"Urbana";"2710"
"2210052";"São José do Divino (PI)";"Rural";"2438"
"2210102";"São José do Peixe (PI)";"Total";"3700"
"2210102";"São José do Peixe (PI)";"Urbana";"1889"
"2210102";"São José do Peixe (PI)";"Rural";"1811"
"2210201";"São José do Piauí (PI)";"Total";"6591"
"2210201";"São José do Piauí (PI)";"Urbana";"1929"
"2210201";"São José do Piauí (PI)";"Rural";"4662"
"2210300";"São Julião (PI)";"Total";"5675"
"2210300";"São Julião (PI)";"Urbana";"2328"
"2210300";"São Julião (PI)";"Rural";"3347"
"2210359";"São Lourenço do Piauí (PI)";"Total";"4427"
"2210359";"São Lourenço do Piauí (PI)";"Urbana";"1113"
"2210359";"São Lourenço do Piauí (PI)";"Rural";"3314"
"2210375";"São Luis do Piauí (PI)";"Total";"2561"
"2210375";"São Luis do Piauí (PI)";"Urbana";"814"
"2210375";"São Luis do Piauí (PI)";"Rural";"1747"
"2210383";"São Miguel da Baixa Grande (PI)";"Total";"2110"
"2210383";"São Miguel da Baixa Grande (PI)";"Urbana";"1358"
"2210383";"São Miguel da Baixa Grande (PI)";"Rural";"752"
"2210391";"São Miguel do Fidalgo (PI)";"Total";"2976"
"2210391";"São Miguel do Fidalgo (PI)";"Urbana";"1085"
"2210391";"São Miguel do Fidalgo (PI)";"Rural";"1891"
"2210409";"São Miguel do Tapuio (PI)";"Total";"18134"
"2210409";"São Miguel do Tapuio (PI)";"Urbana";"6675"
"2210409";"São Miguel do Tapuio (PI)";"Rural";"11459"
"2210508";"São Pedro do Piauí (PI)";"Total";"13639"
"2210508";"São Pedro do Piauí (PI)";"Urbana";"8195"
"2210508";"São Pedro do Piauí (PI)";"Rural";"5444"
"2210607";"São Raimundo Nonato (PI)";"Total";"32327"
"2210607";"São Raimundo Nonato (PI)";"Urbana";"21266"
"2210607";"São Raimundo Nonato (PI)";"Rural";"11061"
"2210623";"Sebastião Barros (PI)";"Total";"3560"
"2210623";"Sebastião Barros (PI)";"Urbana";"1112"
"2210623";"Sebastião Barros (PI)";"Rural";"2448"
"2210631";"Sebastião Leal (PI)";"Total";"4116"
"2210631";"Sebastião Leal (PI)";"Urbana";"1922"
"2210631";"Sebastião Leal (PI)";"Rural";"2194"
"2210656";"Sigefredo Pacheco (PI)";"Total";"9619"
"2210656";"Sigefredo Pacheco (PI)";"Urbana";"3176"
"2210656";"Sigefredo Pacheco (PI)";"Rural";"6443"
"2210706";"Simões (PI)";"Total";"14180"
"2210706";"Simões (PI)";"Urbana";"5689"
"2210706";"Simões (PI)";"Rural";"8491"
"2210805";"Simplício Mendes (PI)";"Total";"12077"
"2210805";"Simplício Mendes (PI)";"Urbana";"7163"
"2210805";"Simplício Mendes (PI)";"Rural";"4914"
"2210904";"Socorro do Piauí (PI)";"Total";"4522"
"2210904";"Socorro do Piauí (PI)";"Urbana";"1630"
"2210904";"Socorro do Piauí (PI)";"Rural";"2892"
"2210938";"Sussuapara (PI)";"Total";"6229"
"2210938";"Sussuapara (PI)";"Urbana";"1582"
"2210938";"Sussuapara (PI)";"Rural";"4647"
"2210953";"Tamboril do Piauí (PI)";"Total";"2753"
"2210953";"Tamboril do Piauí (PI)";"Urbana";"1512"
"2210953";"Tamboril do Piauí (PI)";"Rural";"1241"
"2210979";"Tanque do Piauí (PI)";"Total";"2620"
"2210979";"Tanque do Piauí (PI)";"Urbana";"1239"
"2210979";"Tanque do Piauí (PI)";"Rural";"1381"
"2211001";"Teresina (PI)";"Total";"814230"
"2211001";"Teresina (PI)";"Urbana";"767557"
"2211001";"Teresina (PI)";"Rural";"46673"
"2211100";"União (PI)";"Total";"42654"
"2211100";"União (PI)";"Urbana";"20965"
"2211100";"União (PI)";"Rural";"21689"
"2211209";"Uruçuí (PI)";"Total";"20149"
"2211209";"Uruçuí (PI)";"Urbana";"15505"
"2211209";"Uruçuí (PI)";"Rural";"4644"
"2211308";"Valença do Piauí (PI)";"Total";"20326"
"2211308";"Valença do Piauí (PI)";"Urbana";"15798"
"2211308";"Valença do Piauí (PI)";"Rural";"4528"
"2211357";"Várzea Branca (PI)";"Total";"4913"
"2211357";"Várzea Branca (PI)";"Urbana";"1147"
"2211357";"Várzea Branca (PI)";"Rural";"3766"
"2211407";"Várzea Grande (PI)";"Total";"4336"
"2211407";"Várzea Grande (PI)";"Urbana";"2581"
"2211407";"Várzea Grande (PI)";"Rural";"1755"
"2211506";"Vera Mendes (PI)";"Total";"2986"
"2211506";"Vera Mendes (PI)";"Urbana";"966"
"2211506";"Vera Mendes (PI)";"Rural";"2020"
"2211605";"Vila Nova do Piauí (PI)";"Total";"3076"
"2211605";"Vila Nova do Piauí (PI)";"Urbana";"759"
"2211605";"Vila Nova do Piauí (PI)";"Rural";"2317"
"2211704";"Wall Ferraz (PI)";"Total";"4280"
"2211704";"Wall Ferraz (PI)";"Urbana";"1166"
"2211704";"Wall Ferraz (PI)";"Rural";"3114"
"2300101";"Abaiara (CE)";"Total";"10496"
"2300101";"Abaiara (CE)";"Urbana";"4552"
"2300101";"Abaiara (CE)";"Rural";"5944"
"2300150";"Acarape (CE)";"Total";"15338"
"2300150";"Acarape (CE)";"Urbana";"7982"
"2300150";"Acarape (CE)";"Rural";"7356"
"2300200";"Acaraú (CE)";"Total";"57551"
"2300200";"Acaraú (CE)";"Urbana";"28242"
"2300200";"Acaraú (CE)";"Rural";"29309"
"2300309";"Acopiara (CE)";"Total";"51160"
"2300309";"Acopiara (CE)";"Urbana";"25228"
"2300309";"Acopiara (CE)";"Rural";"25932"
"2300408";"Aiuaba (CE)";"Total";"16203"
"2300408";"Aiuaba (CE)";"Urbana";"3951"
"2300408";"Aiuaba (CE)";"Rural";"12252"
"2300507";"Alcântaras (CE)";"Total";"10771"
"2300507";"Alcântaras (CE)";"Urbana";"3448"
"2300507";"Alcântaras (CE)";"Rural";"7323"
"2300606";"Altaneira (CE)";"Total";"6856"
"2300606";"Altaneira (CE)";"Urbana";"4957"
"2300606";"Altaneira (CE)";"Rural";"1899"
"2300705";"Alto Santo (CE)";"Total";"16359"
"2300705";"Alto Santo (CE)";"Urbana";"8041"
"2300705";"Alto Santo (CE)";"Rural";"8318"
"2300754";"Amontada (CE)";"Total";"39232"
"2300754";"Amontada (CE)";"Urbana";"15947"
"2300754";"Amontada (CE)";"Rural";"23285"
"2300804";"Antonina do Norte (CE)";"Total";"6984"
"2300804";"Antonina do Norte (CE)";"Urbana";"4999"
"2300804";"Antonina do Norte (CE)";"Rural";"1985"
"2300903";"Apuiarés (CE)";"Total";"13925"
"2300903";"Apuiarés (CE)";"Urbana";"5772"
"2300903";"Apuiarés (CE)";"Rural";"8153"
"2301000";"Aquiraz (CE)";"Total";"72628"
"2301000";"Aquiraz (CE)";"Urbana";"67083"
"2301000";"Aquiraz (CE)";"Rural";"5545"
"2301109";"Aracati (CE)";"Total";"69159"
"2301109";"Aracati (CE)";"Urbana";"44035"
"2301109";"Aracati (CE)";"Rural";"25124"
"2301208";"Aracoiaba (CE)";"Total";"25391"
"2301208";"Aracoiaba (CE)";"Urbana";"13737"
"2301208";"Aracoiaba (CE)";"Rural";"11654"
"2301257";"Ararendá (CE)";"Total";"10491"
"2301257";"Ararendá (CE)";"Urbana";"4906"
"2301257";"Ararendá (CE)";"Rural";"5585"
"2301307";"Araripe (CE)";"Total";"20685"
"2301307";"Araripe (CE)";"Urbana";"12733"
"2301307";"Araripe (CE)";"Rural";"7952"
"2301406";"Aratuba (CE)";"Total";"11529"
"2301406";"Aratuba (CE)";"Urbana";"3769"
"2301406";"Aratuba (CE)";"Rural";"7760"
"2301505";"Arneiroz (CE)";"Total";"7650"
"2301505";"Arneiroz (CE)";"Urbana";"3879"
"2301505";"Arneiroz (CE)";"Rural";"3771"
"2301604";"Assaré (CE)";"Total";"22445"
"2301604";"Assaré (CE)";"Urbana";"11952"
"2301604";"Assaré (CE)";"Rural";"10493"
"2301703";"Aurora (CE)";"Total";"24566"
"2301703";"Aurora (CE)";"Urbana";"11825"
"2301703";"Aurora (CE)";"Rural";"12741"
"2301802";"Baixio (CE)";"Total";"6026"
"2301802";"Baixio (CE)";"Urbana";"3304"
"2301802";"Baixio (CE)";"Rural";"2722"
"2301851";"Banabuiú (CE)";"Total";"17315"
"2301851";"Banabuiú (CE)";"Urbana";"8753"
"2301851";"Banabuiú (CE)";"Rural";"8562"
"2301901";"Barbalha (CE)";"Total";"55323"
"2301901";"Barbalha (CE)";"Urbana";"38022"
"2301901";"Barbalha (CE)";"Rural";"17301"
"2301950";"Barreira (CE)";"Total";"19573"
"2301950";"Barreira (CE)";"Urbana";"8127"
"2301950";"Barreira (CE)";"Rural";"11446"
"2302008";"Barro (CE)";"Total";"21514"
"2302008";"Barro (CE)";"Urbana";"13160"
"2302008";"Barro (CE)";"Rural";"8354"
"2302057";"Barroquinha (CE)";"Total";"14476"
"2302057";"Barroquinha (CE)";"Urbana";"9770"
"2302057";"Barroquinha (CE)";"Rural";"4706"
"2302107";"Baturité (CE)";"Total";"33321"
"2302107";"Baturité (CE)";"Urbana";"24437"
"2302107";"Baturité (CE)";"Rural";"8884"
"2302206";"Beberibe (CE)";"Total";"49311"
"2302206";"Beberibe (CE)";"Urbana";"21611"
"2302206";"Beberibe (CE)";"Rural";"27700"
"2302305";"Bela Cruz (CE)";"Total";"30878"
"2302305";"Bela Cruz (CE)";"Urbana";"12997"
"2302305";"Bela Cruz (CE)";"Rural";"17881"
"2302404";"Boa Viagem (CE)";"Total";"52498"
"2302404";"Boa Viagem (CE)";"Urbana";"26604"
"2302404";"Boa Viagem (CE)";"Rural";"25894"
"2302503";"Brejo Santo (CE)";"Total";"45193"
"2302503";"Brejo Santo (CE)";"Urbana";"28055"
"2302503";"Brejo Santo (CE)";"Rural";"17138"
"2302602";"Camocim (CE)";"Total";"60158"
"2302602";"Camocim (CE)";"Urbana";"44657"
"2302602";"Camocim (CE)";"Rural";"15501"
"2302701";"Campos Sales (CE)";"Total";"26506"
"2302701";"Campos Sales (CE)";"Urbana";"19081"
"2302701";"Campos Sales (CE)";"Rural";"7425"
"2302800";"Canindé (CE)";"Total";"74473"
"2302800";"Canindé (CE)";"Urbana";"46875"
"2302800";"Canindé (CE)";"Rural";"27598"
"2302909";"Capistrano (CE)";"Total";"17062"
"2302909";"Capistrano (CE)";"Urbana";"6212"
"2302909";"Capistrano (CE)";"Rural";"10850"
"2303006";"Caridade (CE)";"Total";"20020"
"2303006";"Caridade (CE)";"Urbana";"11523"
"2303006";"Caridade (CE)";"Rural";"8497"
"2303105";"Cariré (CE)";"Total";"18347"
"2303105";"Cariré (CE)";"Urbana";"8301"
"2303105";"Cariré (CE)";"Rural";"10046"
"2303204";"Caririaçu (CE)";"Total";"26393"
"2303204";"Caririaçu (CE)";"Urbana";"14031"
"2303204";"Caririaçu (CE)";"Rural";"12362"
"2303303";"Cariús (CE)";"Total";"18567"
"2303303";"Cariús (CE)";"Urbana";"8310"
"2303303";"Cariús (CE)";"Rural";"10257"
"2303402";"Carnaubal (CE)";"Total";"16746"
"2303402";"Carnaubal (CE)";"Urbana";"7960"
"2303402";"Carnaubal (CE)";"Rural";"8786"
"2303501";"Cascavel (CE)";"Total";"66142"
"2303501";"Cascavel (CE)";"Urbana";"56157"
"2303501";"Cascavel (CE)";"Rural";"9985"
"2303600";"Catarina (CE)";"Total";"18745"
"2303600";"Catarina (CE)";"Urbana";"8728"
"2303600";"Catarina (CE)";"Rural";"10017"
"2303659";"Catunda (CE)";"Total";"9952"
"2303659";"Catunda (CE)";"Urbana";"5395"
"2303659";"Catunda (CE)";"Rural";"4557"
"2303709";"Caucaia (CE)";"Total";"325441"
"2303709";"Caucaia (CE)";"Urbana";"290220"
"2303709";"Caucaia (CE)";"Rural";"35221"
"2303808";"Cedro (CE)";"Total";"24527"
"2303808";"Cedro (CE)";"Urbana";"15159"
"2303808";"Cedro (CE)";"Rural";"9368"
"2303907";"Chaval (CE)";"Total";"12615"
"2303907";"Chaval (CE)";"Urbana";"9168"
"2303907";"Chaval (CE)";"Rural";"3447"
"2303931";"Choró (CE)";"Total";"12853"
"2303931";"Choró (CE)";"Urbana";"3794"
"2303931";"Choró (CE)";"Rural";"9059"
"2303956";"Chorozinho (CE)";"Total";"18915"
"2303956";"Chorozinho (CE)";"Urbana";"11426"
"2303956";"Chorozinho (CE)";"Rural";"7489"
"2304004";"Coreaú (CE)";"Total";"21954"
"2304004";"Coreaú (CE)";"Urbana";"14223"
"2304004";"Coreaú (CE)";"Rural";"7731"
"2304103";"Crateús (CE)";"Total";"72812"
"2304103";"Crateús (CE)";"Urbana";"52644"
"2304103";"Crateús (CE)";"Rural";"20168"
"2304202";"Crato (CE)";"Total";"121428"
"2304202";"Crato (CE)";"Urbana";"100916"
"2304202";"Crato (CE)";"Rural";"20512"
"2304236";"Croatá (CE)";"Total";"17069"
"2304236";"Croatá (CE)";"Urbana";"9038"
"2304236";"Croatá (CE)";"Rural";"8031"
"2304251";"Cruz (CE)";"Total";"22479"
"2304251";"Cruz (CE)";"Urbana";"9569"
"2304251";"Cruz (CE)";"Rural";"12910"
"2304269";"Deputado Irapuan Pinheiro (CE)";"Total";"9095"
"2304269";"Deputado Irapuan Pinheiro (CE)";"Urbana";"4133"
"2304269";"Deputado Irapuan Pinheiro (CE)";"Rural";"4962"
"2304277";"Ereré (CE)";"Total";"6840"
"2304277";"Ereré (CE)";"Urbana";"3458"
"2304277";"Ereré (CE)";"Rural";"3382"
"2304285";"Eusébio (CE)";"Total";"46033"
"2304285";"Eusébio (CE)";"Urbana";"46033"
"2304285";"Eusébio (CE)";"Rural";"-"
"2304301";"Farias Brito (CE)";"Total";"19007"
"2304301";"Farias Brito (CE)";"Urbana";"8871"
"2304301";"Farias Brito (CE)";"Rural";"10136"
"2304350";"Forquilha (CE)";"Total";"21786"
"2304350";"Forquilha (CE)";"Urbana";"15473"
"2304350";"Forquilha (CE)";"Rural";"6313"
"2304400";"Fortaleza (CE)";"Total";"2452185"
"2304400";"Fortaleza (CE)";"Urbana";"2452185"
"2304400";"Fortaleza (CE)";"Rural";"-"
"2304459";"Fortim (CE)";"Total";"14817"
"2304459";"Fortim (CE)";"Urbana";"9608"
"2304459";"Fortim (CE)";"Rural";"5209"
"2304509";"Frecheirinha (CE)";"Total";"12991"
"2304509";"Frecheirinha (CE)";"Urbana";"7636"
"2304509";"Frecheirinha (CE)";"Rural";"5355"
"2304608";"General Sampaio (CE)";"Total";"6218"
"2304608";"General Sampaio (CE)";"Urbana";"3648"
"2304608";"General Sampaio (CE)";"Rural";"2570"
"2304657";"Graça (CE)";"Total";"15049"
"2304657";"Graça (CE)";"Urbana";"5815"
"2304657";"Graça (CE)";"Rural";"9234"
"2304707";"Granja (CE)";"Total";"52645"
"2304707";"Granja (CE)";"Urbana";"25892"
"2304707";"Granja (CE)";"Rural";"26753"
"2304806";"Granjeiro (CE)";"Total";"4629"
"2304806";"Granjeiro (CE)";"Urbana";"1370"
"2304806";"Granjeiro (CE)";"Rural";"3259"
"2304905";"Groaíras (CE)";"Total";"10228"
"2304905";"Groaíras (CE)";"Urbana";"7076"
"2304905";"Groaíras (CE)";"Rural";"3152"
"2304954";"Guaiúba (CE)";"Total";"24091"
"2304954";"Guaiúba (CE)";"Urbana";"18877"
"2304954";"Guaiúba (CE)";"Rural";"5214"
"2305001";"Guaraciaba do Norte (CE)";"Total";"37775"
"2305001";"Guaraciaba do Norte (CE)";"Urbana";"17403"
"2305001";"Guaraciaba do Norte (CE)";"Rural";"20372"
"2305100";"Guaramiranga (CE)";"Total";"4164"
"2305100";"Guaramiranga (CE)";"Urbana";"2495"
"2305100";"Guaramiranga (CE)";"Rural";"1669"
"2305209";"Hidrolândia (CE)";"Total";"19325"
"2305209";"Hidrolândia (CE)";"Urbana";"11054"
"2305209";"Hidrolândia (CE)";"Rural";"8271"
"2305233";"Horizonte (CE)";"Total";"55187"
"2305233";"Horizonte (CE)";"Urbana";"51049"
"2305233";"Horizonte (CE)";"Rural";"4138"
"2305266";"Ibaretama (CE)";"Total";"12922"
"2305266";"Ibaretama (CE)";"Urbana";"4447"
"2305266";"Ibaretama (CE)";"Rural";"8475"
"2305308";"Ibiapina (CE)";"Total";"23808"
"2305308";"Ibiapina (CE)";"Urbana";"10743"
"2305308";"Ibiapina (CE)";"Rural";"13065"
"2305332";"Ibicuitinga (CE)";"Total";"11335"
"2305332";"Ibicuitinga (CE)";"Urbana";"5742"
"2305332";"Ibicuitinga (CE)";"Rural";"5593"
"2305357";"Icapuí (CE)";"Total";"18392"
"2305357";"Icapuí (CE)";"Urbana";"5787"
"2305357";"Icapuí (CE)";"Rural";"12605"
"2305407";"Icó (CE)";"Total";"65456"
"2305407";"Icó (CE)";"Urbana";"30463"
"2305407";"Icó (CE)";"Rural";"34993"
"2305506";"Iguatu (CE)";"Total";"96495"
"2305506";"Iguatu (CE)";"Urbana";"74627"
"2305506";"Iguatu (CE)";"Rural";"21868"
"2305605";"Independência (CE)";"Total";"25573"
"2305605";"Independência (CE)";"Urbana";"11473"
"2305605";"Independência (CE)";"Rural";"14100"
"2305654";"Ipaporanga (CE)";"Total";"11343"
"2305654";"Ipaporanga (CE)";"Urbana";"4136"
"2305654";"Ipaporanga (CE)";"Rural";"7207"
"2305704";"Ipaumirim (CE)";"Total";"12009"
"2305704";"Ipaumirim (CE)";"Urbana";"7133"
"2305704";"Ipaumirim (CE)";"Rural";"4876"
"2305803";"Ipu (CE)";"Total";"40296"
"2305803";"Ipu (CE)";"Urbana";"25581"
"2305803";"Ipu (CE)";"Rural";"14715"
"2305902";"Ipueiras (CE)";"Total";"37862"
"2305902";"Ipueiras (CE)";"Urbana";"18358"
"2305902";"Ipueiras (CE)";"Rural";"19504"
"2306009";"Iracema (CE)";"Total";"13722"
"2306009";"Iracema (CE)";"Urbana";"9819"
"2306009";"Iracema (CE)";"Rural";"3903"
"2306108";"Irauçuba (CE)";"Total";"22324"
"2306108";"Irauçuba (CE)";"Urbana";"14343"
"2306108";"Irauçuba (CE)";"Rural";"7981"
"2306207";"Itaiçaba (CE)";"Total";"7316"
"2306207";"Itaiçaba (CE)";"Urbana";"4279"
"2306207";"Itaiçaba (CE)";"Rural";"3037"
"2306256";"Itaitinga (CE)";"Total";"35817"
"2306256";"Itaitinga (CE)";"Urbana";"35565"
"2306256";"Itaitinga (CE)";"Rural";"252"
"2306306";"Itapajé (CE)";"Total";"48350"
"2306306";"Itapajé (CE)";"Urbana";"33990"
"2306306";"Itapajé (CE)";"Rural";"14360"
"2306405";"Itapipoca (CE)";"Total";"116065"
"2306405";"Itapipoca (CE)";"Urbana";"66909"
"2306405";"Itapipoca (CE)";"Rural";"49156"
"2306504";"Itapiúna (CE)";"Total";"18626"
"2306504";"Itapiúna (CE)";"Urbana";"8819"
"2306504";"Itapiúna (CE)";"Rural";"9807"
"2306553";"Itarema (CE)";"Total";"37471"
"2306553";"Itarema (CE)";"Urbana";"15938"
"2306553";"Itarema (CE)";"Rural";"21533"
"2306603";"Itatira (CE)";"Total";"18894"
"2306603";"Itatira (CE)";"Urbana";"9522"
"2306603";"Itatira (CE)";"Rural";"9372"
"2306702";"Jaguaretama (CE)";"Total";"17863"
"2306702";"Jaguaretama (CE)";"Urbana";"8469"
"2306702";"Jaguaretama (CE)";"Rural";"9394"
"2306801";"Jaguaribara (CE)";"Total";"10399"
"2306801";"Jaguaribara (CE)";"Urbana";"7212"
"2306801";"Jaguaribara (CE)";"Rural";"3187"
"2306900";"Jaguaribe (CE)";"Total";"34409"
"2306900";"Jaguaribe (CE)";"Urbana";"23268"
"2306900";"Jaguaribe (CE)";"Rural";"11141"
"2307007";"Jaguaruana (CE)";"Total";"32236"
"2307007";"Jaguaruana (CE)";"Urbana";"19135"
"2307007";"Jaguaruana (CE)";"Rural";"13101"
"2307106";"Jardim (CE)";"Total";"26688"
"2307106";"Jardim (CE)";"Urbana";"8994"
"2307106";"Jardim (CE)";"Rural";"17694"
"2307205";"Jati (CE)";"Total";"7660"
"2307205";"Jati (CE)";"Urbana";"4489"
"2307205";"Jati (CE)";"Rural";"3171"
"2307254";"Jijoca de Jericoacoara (CE)";"Total";"17002"
"2307254";"Jijoca de Jericoacoara (CE)";"Urbana";"5556"
"2307254";"Jijoca de Jericoacoara (CE)";"Rural";"11446"
"2307304";"Juazeiro do Norte (CE)";"Total";"249939"
"2307304";"Juazeiro do Norte (CE)";"Urbana";"240128"
"2307304";"Juazeiro do Norte (CE)";"Rural";"9811"
"2307403";"Jucás (CE)";"Total";"23807"
"2307403";"Jucás (CE)";"Urbana";"14150"
"2307403";"Jucás (CE)";"Rural";"9657"
"2307502";"Lavras da Mangabeira (CE)";"Total";"31090"
"2307502";"Lavras da Mangabeira (CE)";"Urbana";"18132"
"2307502";"Lavras da Mangabeira (CE)";"Rural";"12958"
"2307601";"Limoeiro do Norte (CE)";"Total";"56264"
"2307601";"Limoeiro do Norte (CE)";"Urbana";"32483"
"2307601";"Limoeiro do Norte (CE)";"Rural";"23781"
"2307635";"Madalena (CE)";"Total";"18088"
"2307635";"Madalena (CE)";"Urbana";"8915"
"2307635";"Madalena (CE)";"Rural";"9173"
"2307650";"Maracanaú (CE)";"Total";"209057"
"2307650";"Maracanaú (CE)";"Urbana";"207635"
"2307650";"Maracanaú (CE)";"Rural";"1422"
"2307700";"Maranguape (CE)";"Total";"113561"
"2307700";"Maranguape (CE)";"Urbana";"86309"
"2307700";"Maranguape (CE)";"Rural";"27252"
"2307809";"Marco (CE)";"Total";"24703"
"2307809";"Marco (CE)";"Urbana";"15435"
"2307809";"Marco (CE)";"Rural";"9268"
"2307908";"Martinópole (CE)";"Total";"10214"
"2307908";"Martinópole (CE)";"Urbana";"8007"
"2307908";"Martinópole (CE)";"Rural";"2207"
"2308005";"Massapê (CE)";"Total";"35191"
"2308005";"Massapê (CE)";"Urbana";"23983"
"2308005";"Massapê (CE)";"Rural";"11208"
"2308104";"Mauriti (CE)";"Total";"44240"
"2308104";"Mauriti (CE)";"Urbana";"23285"
"2308104";"Mauriti (CE)";"Rural";"20955"
"2308203";"Meruoca (CE)";"Total";"13693"
"2308203";"Meruoca (CE)";"Urbana";"7420"
"2308203";"Meruoca (CE)";"Rural";"6273"
"2308302";"Milagres (CE)";"Total";"28316"
"2308302";"Milagres (CE)";"Urbana";"13556"
"2308302";"Milagres (CE)";"Rural";"14760"
"2308351";"Milhã (CE)";"Total";"13086"
"2308351";"Milhã (CE)";"Urbana";"5969"
"2308351";"Milhã (CE)";"Rural";"7117"
"2308377";"Miraíma (CE)";"Total";"12800"
"2308377";"Miraíma (CE)";"Urbana";"6847"
"2308377";"Miraíma (CE)";"Rural";"5953"
"2308401";"Missão Velha (CE)";"Total";"34274"
"2308401";"Missão Velha (CE)";"Urbana";"15419"
"2308401";"Missão Velha (CE)";"Rural";"18855"
"2308500";"Mombaça (CE)";"Total";"42690"
"2308500";"Mombaça (CE)";"Urbana";"18816"
"2308500";"Mombaça (CE)";"Rural";"23874"
"2308609";"Monsenhor Tabosa (CE)";"Total";"16705"
"2308609";"Monsenhor Tabosa (CE)";"Urbana";"9362"
"2308609";"Monsenhor Tabosa (CE)";"Rural";"7343"
"2308708";"Morada Nova (CE)";"Total";"62065"
"2308708";"Morada Nova (CE)";"Urbana";"35401"
"2308708";"Morada Nova (CE)";"Rural";"26664"
"2308807";"Moraújo (CE)";"Total";"8070"
"2308807";"Moraújo (CE)";"Urbana";"3604"
"2308807";"Moraújo (CE)";"Rural";"4466"
"2308906";"Morrinhos (CE)";"Total";"20700"
"2308906";"Morrinhos (CE)";"Urbana";"9612"
"2308906";"Morrinhos (CE)";"Rural";"11088"
"2309003";"Mucambo (CE)";"Total";"14102"
"2309003";"Mucambo (CE)";"Urbana";"9066"
"2309003";"Mucambo (CE)";"Rural";"5036"
"2309102";"Mulungu (CE)";"Total";"11485"
"2309102";"Mulungu (CE)";"Urbana";"4198"
"2309102";"Mulungu (CE)";"Rural";"7287"
"2309201";"Nova Olinda (CE)";"Total";"14256"
"2309201";"Nova Olinda (CE)";"Urbana";"9696"
"2309201";"Nova Olinda (CE)";"Rural";"4560"
"2309300";"Nova Russas (CE)";"Total";"30965"
"2309300";"Nova Russas (CE)";"Urbana";"23244"
"2309300";"Nova Russas (CE)";"Rural";"7721"
"2309409";"Novo Oriente (CE)";"Total";"27453"
"2309409";"Novo Oriente (CE)";"Urbana";"14230"
"2309409";"Novo Oriente (CE)";"Rural";"13223"
"2309458";"Ocara (CE)";"Total";"24007"
"2309458";"Ocara (CE)";"Urbana";"7605"
"2309458";"Ocara (CE)";"Rural";"16402"
"2309508";"Orós (CE)";"Total";"21389"
"2309508";"Orós (CE)";"Urbana";"16023"
"2309508";"Orós (CE)";"Rural";"5366"
"2309607";"Pacajus (CE)";"Total";"61838"
"2309607";"Pacajus (CE)";"Urbana";"50675"
"2309607";"Pacajus (CE)";"Rural";"11163"
"2309706";"Pacatuba (CE)";"Total";"72299"
"2309706";"Pacatuba (CE)";"Urbana";"62095"
"2309706";"Pacatuba (CE)";"Rural";"10204"
"2309805";"Pacoti (CE)";"Total";"11607"
"2309805";"Pacoti (CE)";"Urbana";"4745"
"2309805";"Pacoti (CE)";"Rural";"6862"
"2309904";"Pacujá (CE)";"Total";"5986"
"2309904";"Pacujá (CE)";"Urbana";"3723"
"2309904";"Pacujá (CE)";"Rural";"2263"
"2310001";"Palhano (CE)";"Total";"8866"
"2310001";"Palhano (CE)";"Urbana";"4515"
"2310001";"Palhano (CE)";"Rural";"4351"
"2310100";"Palmácia (CE)";"Total";"12005"
"2310100";"Palmácia (CE)";"Urbana";"4957"
"2310100";"Palmácia (CE)";"Rural";"7048"
"2310209";"Paracuru (CE)";"Total";"31636"
"2310209";"Paracuru (CE)";"Urbana";"20589"
"2310209";"Paracuru (CE)";"Rural";"11047"
"2310258";"Paraipaba (CE)";"Total";"30041"
"2310258";"Paraipaba (CE)";"Urbana";"13435"
"2310258";"Paraipaba (CE)";"Rural";"16606"
"2310308";"Parambu (CE)";"Total";"31309"
"2310308";"Parambu (CE)";"Urbana";"14106"
"2310308";"Parambu (CE)";"Rural";"17203"
"2310407";"Paramoti (CE)";"Total";"11308"
"2310407";"Paramoti (CE)";"Urbana";"5540"
"2310407";"Paramoti (CE)";"Rural";"5768"
"2310506";"Pedra Branca (CE)";"Total";"41890"
"2310506";"Pedra Branca (CE)";"Urbana";"24510"
"2310506";"Pedra Branca (CE)";"Rural";"17380"
"2310605";"Penaforte (CE)";"Total";"8226"
"2310605";"Penaforte (CE)";"Urbana";"6399"
"2310605";"Penaforte (CE)";"Rural";"1827"
"2310704";"Pentecoste (CE)";"Total";"35400"
"2310704";"Pentecoste (CE)";"Urbana";"21394"
"2310704";"Pentecoste (CE)";"Rural";"14006"
"2310803";"Pereiro (CE)";"Total";"15757"
"2310803";"Pereiro (CE)";"Urbana";"5433"
"2310803";"Pereiro (CE)";"Rural";"10324"
"2310852";"Pindoretama (CE)";"Total";"18683"
"2310852";"Pindoretama (CE)";"Urbana";"11280"
"2310852";"Pindoretama (CE)";"Rural";"7403"
"2310902";"Piquet Carneiro (CE)";"Total";"15467"
"2310902";"Piquet Carneiro (CE)";"Urbana";"7440"
"2310902";"Piquet Carneiro (CE)";"Rural";"8027"
"2310951";"Pires Ferreira (CE)";"Total";"10216"
"2310951";"Pires Ferreira (CE)";"Urbana";"3354"
"2310951";"Pires Ferreira (CE)";"Rural";"6862"
"2311009";"Poranga (CE)";"Total";"12001"
"2311009";"Poranga (CE)";"Urbana";"7798"
"2311009";"Poranga (CE)";"Rural";"4203"
"2311108";"Porteiras (CE)";"Total";"15061"
"2311108";"Porteiras (CE)";"Urbana";"6189"
"2311108";"Porteiras (CE)";"Rural";"8872"
"2311207";"Potengi (CE)";"Total";"10276"
"2311207";"Potengi (CE)";"Urbana";"5714"
"2311207";"Potengi (CE)";"Rural";"4562"
"2311231";"Potiretama (CE)";"Total";"6126"
"2311231";"Potiretama (CE)";"Urbana";"2703"
"2311231";"Potiretama (CE)";"Rural";"3423"
"2311264";"Quiterianópolis (CE)";"Total";"19921"
"2311264";"Quiterianópolis (CE)";"Urbana";"6305"
"2311264";"Quiterianópolis (CE)";"Rural";"13616"
"2311306";"Quixadá (CE)";"Total";"80604"
"2311306";"Quixadá (CE)";"Urbana";"57485"
"2311306";"Quixadá (CE)";"Rural";"23119"
"2311355";"Quixelô (CE)";"Total";"15000"
"2311355";"Quixelô (CE)";"Urbana";"4929"
"2311355";"Quixelô (CE)";"Rural";"10071"
"2311405";"Quixeramobim (CE)";"Total";"71887"
"2311405";"Quixeramobim (CE)";"Urbana";"43424"
"2311405";"Quixeramobim (CE)";"Rural";"28463"
"2311504";"Quixeré (CE)";"Total";"19412"
"2311504";"Quixeré (CE)";"Urbana";"11930"
"2311504";"Quixeré (CE)";"Rural";"7482"
"2311603";"Redenção (CE)";"Total";"26415"
"2311603";"Redenção (CE)";"Urbana";"15134"
"2311603";"Redenção (CE)";"Rural";"11281"
"2311702";"Reriutaba (CE)";"Total";"19455"
"2311702";"Reriutaba (CE)";"Urbana";"10590"
"2311702";"Reriutaba (CE)";"Rural";"8865"
"2311801";"Russas (CE)";"Total";"69833"
"2311801";"Russas (CE)";"Urbana";"44952"
"2311801";"Russas (CE)";"Rural";"24881"
"2311900";"Saboeiro (CE)";"Total";"15752"
"2311900";"Saboeiro (CE)";"Urbana";"8455"
"2311900";"Saboeiro (CE)";"Rural";"7297"
"2311959";"Salitre (CE)";"Total";"15453"
"2311959";"Salitre (CE)";"Urbana";"6263"
"2311959";"Salitre (CE)";"Rural";"9190"
"2312007";"Santana do Acaraú (CE)";"Total";"29946"
"2312007";"Santana do Acaraú (CE)";"Urbana";"15372"
"2312007";"Santana do Acaraú (CE)";"Rural";"14574"
"2312106";"Santana do Cariri (CE)";"Total";"17170"
"2312106";"Santana do Cariri (CE)";"Urbana";"8822"
"2312106";"Santana do Cariri (CE)";"Rural";"8348"
"2312205";"Santa Quitéria (CE)";"Total";"42763"
"2312205";"Santa Quitéria (CE)";"Urbana";"22260"
"2312205";"Santa Quitéria (CE)";"Rural";"20503"
"2312304";"São Benedito (CE)";"Total";"44178"
"2312304";"São Benedito (CE)";"Urbana";"24554"
"2312304";"São Benedito (CE)";"Rural";"19624"
"2312403";"São Gonçalo do Amarante (CE)";"Total";"43890"
"2312403";"São Gonçalo do Amarante (CE)";"Urbana";"28537"
"2312403";"São Gonçalo do Amarante (CE)";"Rural";"15353"
"2312502";"São João do Jaguaribe (CE)";"Total";"7900"
"2312502";"São João do Jaguaribe (CE)";"Urbana";"3169"
"2312502";"São João do Jaguaribe (CE)";"Rural";"4731"
"2312601";"São Luís do Curu (CE)";"Total";"12332"
"2312601";"São Luís do Curu (CE)";"Urbana";"7961"
"2312601";"São Luís do Curu (CE)";"Rural";"4371"
"2312700";"Senador Pompeu (CE)";"Total";"26469"
"2312700";"Senador Pompeu (CE)";"Urbana";"15706"
"2312700";"Senador Pompeu (CE)";"Rural";"10763"
"2312809";"Senador Sá (CE)";"Total";"6852"
"2312809";"Senador Sá (CE)";"Urbana";"5068"
"2312809";"Senador Sá (CE)";"Rural";"1784"
"2312908";"Sobral (CE)";"Total";"188233"
"2312908";"Sobral (CE)";"Urbana";"166310"
"2312908";"Sobral (CE)";"Rural";"21923"
"2313005";"Solonópole (CE)";"Total";"17665"
"2313005";"Solonópole (CE)";"Urbana";"9106"
"2313005";"Solonópole (CE)";"Rural";"8559"
"2313104";"Tabuleiro do Norte (CE)";"Total";"29204"
"2313104";"Tabuleiro do Norte (CE)";"Urbana";"18806"
"2313104";"Tabuleiro do Norte (CE)";"Rural";"10398"
"2313203";"Tamboril (CE)";"Total";"25451"
"2313203";"Tamboril (CE)";"Urbana";"14202"
"2313203";"Tamboril (CE)";"Rural";"11249"
"2313252";"Tarrafas (CE)";"Total";"8910"
"2313252";"Tarrafas (CE)";"Urbana";"2624"
"2313252";"Tarrafas (CE)";"Rural";"6286"
"2313302";"Tauá (CE)";"Total";"55716"
"2313302";"Tauá (CE)";"Urbana";"32259"
"2313302";"Tauá (CE)";"Rural";"23457"
"2313351";"Tejuçuoca (CE)";"Total";"16827"
"2313351";"Tejuçuoca (CE)";"Urbana";"6335"
"2313351";"Tejuçuoca (CE)";"Rural";"10492"
"2313401";"Tianguá (CE)";"Total";"68892"
"2313401";"Tianguá (CE)";"Urbana";"45819"
"2313401";"Tianguá (CE)";"Rural";"23073"
"2313500";"Trairi (CE)";"Total";"51422"
"2313500";"Trairi (CE)";"Urbana";"18784"
"2313500";"Trairi (CE)";"Rural";"32638"
"2313559";"Tururu (CE)";"Total";"14408"
"2313559";"Tururu (CE)";"Urbana";"5288"
"2313559";"Tururu (CE)";"Rural";"9120"
"2313609";"Ubajara (CE)";"Total";"31787"
"2313609";"Ubajara (CE)";"Urbana";"15350"
"2313609";"Ubajara (CE)";"Rural";"16437"
"2313708";"Umari (CE)";"Total";"7545"
"2313708";"Umari (CE)";"Urbana";"3918"
"2313708";"Umari (CE)";"Rural";"3627"
"2313757";"Umirim (CE)";"Total";"18802"
"2313757";"Umirim (CE)";"Urbana";"11091"
"2313757";"Umirim (CE)";"Rural";"7711"
"2313807";"Uruburetama (CE)";"Total";"19765"
"2313807";"Uruburetama (CE)";"Urbana";"14689"
"2313807";"Uruburetama (CE)";"Rural";"5076"
"2313906";"Uruoca (CE)";"Total";"12883"
"2313906";"Uruoca (CE)";"Urbana";"7671"
"2313906";"Uruoca (CE)";"Rural";"5212"
"2313955";"Varjota (CE)";"Total";"17593"
"2313955";"Varjota (CE)";"Urbana";"14416"
"2313955";"Varjota (CE)";"Rural";"3177"
"2314003";"Várzea Alegre (CE)";"Total";"38434"
"2314003";"Várzea Alegre (CE)";"Urbana";"23896"
"2314003";"Várzea Alegre (CE)";"Rural";"14538"
"2314102";"Viçosa do Ceará (CE)";"Total";"54955"
"2314102";"Viçosa do Ceará (CE)";"Urbana";"17827"
"2314102";"Viçosa do Ceará (CE)";"Rural";"37128"
"2399903";"Cococi (CE)";"Total";"..."
"2399903";"Cococi (CE)";"Urbana";"..."
"2399903";"Cococi (CE)";"Rural";"..."
"2400109";"Acari (RN)";"Total";"11035"
"2400109";"Acari (RN)";"Urbana";"8902"
"2400109";"Acari (RN)";"Rural";"2133"
"2400208";"Assú (RN)";"Total";"53227"
"2400208";"Assú (RN)";"Urbana";"39359"
"2400208";"Assú (RN)";"Rural";"13868"
"2400307";"Afonso Bezerra (RN)";"Total";"10844"
"2400307";"Afonso Bezerra (RN)";"Urbana";"5759"
"2400307";"Afonso Bezerra (RN)";"Rural";"5085"
"2400406";"Água Nova (RN)";"Total";"2980"
"2400406";"Água Nova (RN)";"Urbana";"1908"
"2400406";"Água Nova (RN)";"Rural";"1072"
"2400505";"Alexandria (RN)";"Total";"13507"
"2400505";"Alexandria (RN)";"Urbana";"9189"
"2400505";"Alexandria (RN)";"Rural";"4318"
"2400604";"Almino Afonso (RN)";"Total";"4871"
"2400604";"Almino Afonso (RN)";"Urbana";"3479"
"2400604";"Almino Afonso (RN)";"Rural";"1392"
"2400703";"Alto do Rodrigues (RN)";"Total";"12305"
"2400703";"Alto do Rodrigues (RN)";"Urbana";"8873"
"2400703";"Alto do Rodrigues (RN)";"Rural";"3432"
"2400802";"Angicos (RN)";"Total";"11549"
"2400802";"Angicos (RN)";"Urbana";"10085"
"2400802";"Angicos (RN)";"Rural";"1464"
"2400901";"Antônio Martins (RN)";"Total";"6907"
"2400901";"Antônio Martins (RN)";"Urbana";"3784"
"2400901";"Antônio Martins (RN)";"Rural";"3123"
"2401008";"Apodi (RN)";"Total";"34763"
"2401008";"Apodi (RN)";"Urbana";"17531"
"2401008";"Apodi (RN)";"Rural";"17232"
"2401107";"Areia Branca (RN)";"Total";"25315"
"2401107";"Areia Branca (RN)";"Urbana";"20317"
"2401107";"Areia Branca (RN)";"Rural";"4998"
"2401206";"Arez (RN)";"Total";"12924"
"2401206";"Arez (RN)";"Urbana";"8069"
"2401206";"Arez (RN)";"Rural";"4855"
"2401305";"Campo Grande (RN)";"Total";"9289"
"2401305";"Campo Grande (RN)";"Urbana";"5002"
"2401305";"Campo Grande (RN)";"Rural";"4287"
"2401404";"Baía Formosa (RN)";"Total";"8573"
"2401404";"Baía Formosa (RN)";"Urbana";"7128"
"2401404";"Baía Formosa (RN)";"Rural";"1445"
"2401453";"Baraúna (RN)";"Total";"24182"
"2401453";"Baraúna (RN)";"Urbana";"15210"
"2401453";"Baraúna (RN)";"Rural";"8972"
"2401503";"Barcelona (RN)";"Total";"3950"
"2401503";"Barcelona (RN)";"Urbana";"1756"
"2401503";"Barcelona (RN)";"Rural";"2194"
"2401602";"Bento Fernandes (RN)";"Total";"5113"
"2401602";"Bento Fernandes (RN)";"Urbana";"2067"
"2401602";"Bento Fernandes (RN)";"Rural";"3046"
"2401651";"Bodó (RN)";"Total";"2425"
"2401651";"Bodó (RN)";"Urbana";"1393"
"2401651";"Bodó (RN)";"Rural";"1032"
"2401701";"Bom Jesus (RN)";"Total";"9440"
"2401701";"Bom Jesus (RN)";"Urbana";"6768"
"2401701";"Bom Jesus (RN)";"Rural";"2672"
"2401800";"Brejinho (RN)";"Total";"11577"
"2401800";"Brejinho (RN)";"Urbana";"8925"
"2401800";"Brejinho (RN)";"Rural";"2652"
"2401859";"Caiçara do Norte (RN)";"Total";"6016"
"2401859";"Caiçara do Norte (RN)";"Urbana";"5894"
"2401859";"Caiçara do Norte (RN)";"Rural";"122"
"2401909";"Caiçara do Rio do Vento (RN)";"Total";"3308"
"2401909";"Caiçara do Rio do Vento (RN)";"Urbana";"2526"
"2401909";"Caiçara do Rio do Vento (RN)";"Rural";"782"
"2402006";"Caicó (RN)";"Total";"62709"
"2402006";"Caicó (RN)";"Urbana";"57461"
"2402006";"Caicó (RN)";"Rural";"5248"
"2402105";"Campo Redondo (RN)";"Total";"10266"
"2402105";"Campo Redondo (RN)";"Urbana";"5197"
"2402105";"Campo Redondo (RN)";"Rural";"5069"
"2402204";"Canguaretama (RN)";"Total";"30916"
"2402204";"Canguaretama (RN)";"Urbana";"20235"
"2402204";"Canguaretama (RN)";"Rural";"10681"
"2402303";"Caraúbas (RN)";"Total";"19576"
"2402303";"Caraúbas (RN)";"Urbana";"13704"
"2402303";"Caraúbas (RN)";"Rural";"5872"
"2402402";"Carnaúba dos Dantas (RN)";"Total";"7429"
"2402402";"Carnaúba dos Dantas (RN)";"Urbana";"6028"
"2402402";"Carnaúba dos Dantas (RN)";"Rural";"1401"
"2402501";"Carnaubais (RN)";"Total";"9762"
"2402501";"Carnaubais (RN)";"Urbana";"4757"
"2402501";"Carnaubais (RN)";"Rural";"5005"
"2402600";"Ceará-Mirim (RN)";"Total";"68141"
"2402600";"Ceará-Mirim (RN)";"Urbana";"35494"
"2402600";"Ceará-Mirim (RN)";"Rural";"32647"
"2402709";"Cerro Corá (RN)";"Total";"10916"
"2402709";"Cerro Corá (RN)";"Urbana";"4742"
"2402709";"Cerro Corá (RN)";"Rural";"6174"
"2402808";"Coronel Ezequiel (RN)";"Total";"5405"
"2402808";"Coronel Ezequiel (RN)";"Urbana";"2273"
"2402808";"Coronel Ezequiel (RN)";"Rural";"3132"
"2402907";"Coronel João Pessoa (RN)";"Total";"4772"
"2402907";"Coronel João Pessoa (RN)";"Urbana";"1777"
"2402907";"Coronel João Pessoa (RN)";"Rural";"2995"
"2403004";"Cruzeta (RN)";"Total";"7967"
"2403004";"Cruzeta (RN)";"Urbana";"6521"
"2403004";"Cruzeta (RN)";"Rural";"1446"
"2403103";"Currais Novos (RN)";"Total";"42652"
"2403103";"Currais Novos (RN)";"Urbana";"37777"
"2403103";"Currais Novos (RN)";"Rural";"4875"
"2403202";"Doutor Severiano (RN)";"Total";"6492"
"2403202";"Doutor Severiano (RN)";"Urbana";"2783"
"2403202";"Doutor Severiano (RN)";"Rural";"3709"
"2403251";"Parnamirim (RN)";"Total";"202456"
"2403251";"Parnamirim (RN)";"Urbana";"202456"
"2403251";"Parnamirim (RN)";"Rural";"-"
"2403301";"Encanto (RN)";"Total";"5231"
"2403301";"Encanto (RN)";"Urbana";"2130"
"2403301";"Encanto (RN)";"Rural";"3101"
"2403400";"Equador (RN)";"Total";"5822"
"2403400";"Equador (RN)";"Urbana";"4810"
"2403400";"Equador (RN)";"Rural";"1012"
"2403509";"Espírito Santo (RN)";"Total";"10475"
"2403509";"Espírito Santo (RN)";"Urbana";"5000"
"2403509";"Espírito Santo (RN)";"Rural";"5475"
"2403608";"Extremoz (RN)";"Total";"24569"
"2403608";"Extremoz (RN)";"Urbana";"15769"
"2403608";"Extremoz (RN)";"Rural";"8800"
"2403707";"Felipe Guerra (RN)";"Total";"5734"
"2403707";"Felipe Guerra (RN)";"Urbana";"3875"
"2403707";"Felipe Guerra (RN)";"Rural";"1859"
"2403756";"Fernando Pedroza (RN)";"Total";"2854"
"2403756";"Fernando Pedroza (RN)";"Urbana";"2437"
"2403756";"Fernando Pedroza (RN)";"Rural";"417"
"2403806";"Florânia (RN)";"Total";"8959"
"2403806";"Florânia (RN)";"Urbana";"6857"
"2403806";"Florânia (RN)";"Rural";"2102"
"2403905";"Francisco Dantas (RN)";"Total";"2874"
"2403905";"Francisco Dantas (RN)";"Urbana";"1647"
"2403905";"Francisco Dantas (RN)";"Rural";"1227"
"2404002";"Frutuoso Gomes (RN)";"Total";"4233"
"2404002";"Frutuoso Gomes (RN)";"Urbana";"2812"
"2404002";"Frutuoso Gomes (RN)";"Rural";"1421"
"2404101";"Galinhos (RN)";"Total";"2159"
"2404101";"Galinhos (RN)";"Urbana";"1238"
"2404101";"Galinhos (RN)";"Rural";"921"
"2404200";"Goianinha (RN)";"Total";"22481"
"2404200";"Goianinha (RN)";"Urbana";"15477"
"2404200";"Goianinha (RN)";"Rural";"7004"
"2404309";"Governador Dix-Sept Rosado (RN)";"Total";"12374"
"2404309";"Governador Dix-Sept Rosado (RN)";"Urbana";"6806"
"2404309";"Governador Dix-Sept Rosado (RN)";"Rural";"5568"
"2404408";"Grossos (RN)";"Total";"9393"
"2404408";"Grossos (RN)";"Urbana";"7039"
"2404408";"Grossos (RN)";"Rural";"2354"
"2404507";"Guamaré (RN)";"Total";"12404"
"2404507";"Guamaré (RN)";"Urbana";"4407"
"2404507";"Guamaré (RN)";"Rural";"7997"
"2404606";"Ielmo Marinho (RN)";"Total";"12171"
"2404606";"Ielmo Marinho (RN)";"Urbana";"1546"
"2404606";"Ielmo Marinho (RN)";"Rural";"10625"
"2404705";"Ipanguaçu (RN)";"Total";"13856"
"2404705";"Ipanguaçu (RN)";"Urbana";"5383"
"2404705";"Ipanguaçu (RN)";"Rural";"8473"
"2404804";"Ipueira (RN)";"Total";"2077"
"2404804";"Ipueira (RN)";"Urbana";"1889"
"2404804";"Ipueira (RN)";"Rural";"188"
"2404853";"Itajá (RN)";"Total";"6932"
"2404853";"Itajá (RN)";"Urbana";"5701"
"2404853";"Itajá (RN)";"Rural";"1231"
"2404903";"Itaú (RN)";"Total";"5564"
"2404903";"Itaú (RN)";"Urbana";"4789"
"2404903";"Itaú (RN)";"Rural";"775"
"2405009";"Jaçanã (RN)";"Total";"7925"
"2405009";"Jaçanã (RN)";"Urbana";"5333"
"2405009";"Jaçanã (RN)";"Rural";"2592"
"2405108";"Jandaíra (RN)";"Total";"6801"
"2405108";"Jandaíra (RN)";"Urbana";"3954"
"2405108";"Jandaíra (RN)";"Rural";"2847"
"2405207";"Janduís (RN)";"Total";"5345"
"2405207";"Janduís (RN)";"Urbana";"3992"
"2405207";"Janduís (RN)";"Rural";"1353"
"2405306";"Januário Cicco (RN)";"Total";"9011"
"2405306";"Januário Cicco (RN)";"Urbana";"3209"
"2405306";"Januário Cicco (RN)";"Rural";"5802"
"2405405";"Japi (RN)";"Total";"5522"
"2405405";"Japi (RN)";"Urbana";"4107"
"2405405";"Japi (RN)";"Rural";"1415"
"2405504";"Jardim de Angicos (RN)";"Total";"2607"
"2405504";"Jardim de Angicos (RN)";"Urbana";"433"
"2405504";"Jardim de Angicos (RN)";"Rural";"2174"
"2405603";"Jardim de Piranhas (RN)";"Total";"13506"
"2405603";"Jardim de Piranhas (RN)";"Urbana";"10596"
"2405603";"Jardim de Piranhas (RN)";"Rural";"2910"
"2405702";"Jardim do Seridó (RN)";"Total";"12113"
"2405702";"Jardim do Seridó (RN)";"Urbana";"9835"
"2405702";"Jardim do Seridó (RN)";"Rural";"2278"
"2405801";"João Câmara (RN)";"Total";"32227"
"2405801";"João Câmara (RN)";"Urbana";"22657"
"2405801";"João Câmara (RN)";"Rural";"9570"
"2405900";"João Dias (RN)";"Total";"2601"
"2405900";"João Dias (RN)";"Urbana";"1166"
"2405900";"João Dias (RN)";"Rural";"1435"
"2406007";"José da Penha (RN)";"Total";"5868"
"2406007";"José da Penha (RN)";"Urbana";"3542"
"2406007";"José da Penha (RN)";"Rural";"2326"
"2406106";"Jucurutu (RN)";"Total";"17692"
"2406106";"Jucurutu (RN)";"Urbana";"10567"
"2406106";"Jucurutu (RN)";"Rural";"7125"
"2406155";"Jundiá (RN)";"Total";"3582"
"2406155";"Jundiá (RN)";"Urbana";"960"
"2406155";"Jundiá (RN)";"Rural";"2622"
"2406205";"Lagoa d'Anta (RN)";"Total";"6227"
"2406205";"Lagoa d'Anta (RN)";"Urbana";"3982"
"2406205";"Lagoa d'Anta (RN)";"Rural";"2245"
"2406304";"Lagoa de Pedras (RN)";"Total";"6989"
"2406304";"Lagoa de Pedras (RN)";"Urbana";"2237"
"2406304";"Lagoa de Pedras (RN)";"Rural";"4752"
"2406403";"Lagoa de Velhos (RN)";"Total";"2668"
"2406403";"Lagoa de Velhos (RN)";"Urbana";"1793"
"2406403";"Lagoa de Velhos (RN)";"Rural";"875"
"2406502";"Lagoa Nova (RN)";"Total";"13983"
"2406502";"Lagoa Nova (RN)";"Urbana";"6801"
"2406502";"Lagoa Nova (RN)";"Rural";"7182"
"2406601";"Lagoa Salgada (RN)";"Total";"7564"
"2406601";"Lagoa Salgada (RN)";"Urbana";"5005"
"2406601";"Lagoa Salgada (RN)";"Rural";"2559"
"2406700";"Lajes (RN)";"Total";"10381"
"2406700";"Lajes (RN)";"Urbana";"8068"
"2406700";"Lajes (RN)";"Rural";"2313"
"2406809";"Lajes Pintadas (RN)";"Total";"4612"
"2406809";"Lajes Pintadas (RN)";"Urbana";"2390"
"2406809";"Lajes Pintadas (RN)";"Rural";"2222"
"2406908";"Lucrécia (RN)";"Total";"3633"
"2406908";"Lucrécia (RN)";"Urbana";"2280"
"2406908";"Lucrécia (RN)";"Rural";"1353"
"2407005";"Luís Gomes (RN)";"Total";"9610"
"2407005";"Luís Gomes (RN)";"Urbana";"6686"
"2407005";"Luís Gomes (RN)";"Rural";"2924"
"2407104";"Macaíba (RN)";"Total";"69467"
"2407104";"Macaíba (RN)";"Urbana";"42631"
"2407104";"Macaíba (RN)";"Rural";"26836"
"2407203";"Macau (RN)";"Total";"28954"
"2407203";"Macau (RN)";"Urbana";"21966"
"2407203";"Macau (RN)";"Rural";"6988"
"2407252";"Major Sales (RN)";"Total";"3536"
"2407252";"Major Sales (RN)";"Urbana";"2900"
"2407252";"Major Sales (RN)";"Rural";"636"
"2407302";"Marcelino Vieira (RN)";"Total";"8265"
"2407302";"Marcelino Vieira (RN)";"Urbana";"4894"
"2407302";"Marcelino Vieira (RN)";"Rural";"3371"
"2407401";"Martins (RN)";"Total";"8218"
"2407401";"Martins (RN)";"Urbana";"5036"
"2407401";"Martins (RN)";"Rural";"3182"
"2407500";"Maxaranguape (RN)";"Total";"10441"
"2407500";"Maxaranguape (RN)";"Urbana";"3889"
"2407500";"Maxaranguape (RN)";"Rural";"6552"
"2407609";"Messias Targino (RN)";"Total";"4188"
"2407609";"Messias Targino (RN)";"Urbana";"3638"
"2407609";"Messias Targino (RN)";"Rural";"550"
"2407708";"Montanhas (RN)";"Total";"11413"
"2407708";"Montanhas (RN)";"Urbana";"8870"
"2407708";"Montanhas (RN)";"Rural";"2543"
"2407807";"Monte Alegre (RN)";"Total";"20685"
"2407807";"Monte Alegre (RN)";"Urbana";"9002"
"2407807";"Monte Alegre (RN)";"Rural";"11683"
"2407906";"Monte das Gameleiras (RN)";"Total";"2261"
"2407906";"Monte das Gameleiras (RN)";"Urbana";"1283"
"2407906";"Monte das Gameleiras (RN)";"Rural";"978"
"2408003";"Mossoró (RN)";"Total";"259815"
"2408003";"Mossoró (RN)";"Urbana";"237241"
"2408003";"Mossoró (RN)";"Rural";"22574"
"2408102";"Natal (RN)";"Total";"803739"
"2408102";"Natal (RN)";"Urbana";"803739"
"2408102";"Natal (RN)";"Rural";"-"
"2408201";"Nísia Floresta (RN)";"Total";"23784"
"2408201";"Nísia Floresta (RN)";"Urbana";"9380"
"2408201";"Nísia Floresta (RN)";"Rural";"14404"
"2408300";"Nova Cruz (RN)";"Total";"35490"
"2408300";"Nova Cruz (RN)";"Urbana";"24380"
"2408300";"Nova Cruz (RN)";"Rural";"11110"
"2408409";"Olho d'Água do Borges (RN)";"Total";"4295"
"2408409";"Olho d'Água do Borges (RN)";"Urbana";"3240"
"2408409";"Olho d'Água do Borges (RN)";"Rural";"1055"
"2408508";"Ouro Branco (RN)";"Total";"4699"
"2408508";"Ouro Branco (RN)";"Urbana";"3258"
"2408508";"Ouro Branco (RN)";"Rural";"1441"
"2408607";"Paraná (RN)";"Total";"3952"
"2408607";"Paraná (RN)";"Urbana";"821"
"2408607";"Paraná (RN)";"Rural";"3131"
"2408706";"Paraú (RN)";"Total";"3859"
"2408706";"Paraú (RN)";"Urbana";"3335"
"2408706";"Paraú (RN)";"Rural";"524"
"2408805";"Parazinho (RN)";"Total";"4845"
"2408805";"Parazinho (RN)";"Urbana";"3137"
"2408805";"Parazinho (RN)";"Rural";"1708"
"2408904";"Parelhas (RN)";"Total";"20354"
"2408904";"Parelhas (RN)";"Urbana";"17084"
"2408904";"Parelhas (RN)";"Rural";"3270"
"2408953";"Rio do Fogo (RN)";"Total";"10059"
"2408953";"Rio do Fogo (RN)";"Urbana";"3748"
"2408953";"Rio do Fogo (RN)";"Rural";"6311"
"2409100";"Passa e Fica (RN)";"Total";"11100"
"2409100";"Passa e Fica (RN)";"Urbana";"6755"
"2409100";"Passa e Fica (RN)";"Rural";"4345"
"2409209";"Passagem (RN)";"Total";"2895"
"2409209";"Passagem (RN)";"Urbana";"1191"
"2409209";"Passagem (RN)";"Rural";"1704"
"2409308";"Patu (RN)";"Total";"11964"
"2409308";"Patu (RN)";"Urbana";"10159"
"2409308";"Patu (RN)";"Rural";"1805"
"2409332";"Santa Maria (RN)";"Total";"4762"
"2409332";"Santa Maria (RN)";"Urbana";"3051"
"2409332";"Santa Maria (RN)";"Rural";"1711"
"2409407";"Pau dos Ferros (RN)";"Total";"27745"
"2409407";"Pau dos Ferros (RN)";"Urbana";"25551"
"2409407";"Pau dos Ferros (RN)";"Rural";"2194"
"2409506";"Pedra Grande (RN)";"Total";"3521"
"2409506";"Pedra Grande (RN)";"Urbana";"1161"
"2409506";"Pedra Grande (RN)";"Rural";"2360"
"2409605";"Pedra Preta (RN)";"Total";"2590"
"2409605";"Pedra Preta (RN)";"Urbana";"990"
"2409605";"Pedra Preta (RN)";"Rural";"1600"
"2409704";"Pedro Avelino (RN)";"Total";"7171"
"2409704";"Pedro Avelino (RN)";"Urbana";"4120"
"2409704";"Pedro Avelino (RN)";"Rural";"3051"
"2409803";"Pedro Velho (RN)";"Total";"14114"
"2409803";"Pedro Velho (RN)";"Urbana";"7248"
"2409803";"Pedro Velho (RN)";"Rural";"6866"
"2409902";"Pendências (RN)";"Total";"13432"
"2409902";"Pendências (RN)";"Urbana";"10574"
"2409902";"Pendências (RN)";"Rural";"2858"
"2410009";"Pilões (RN)";"Total";"3453"
"2410009";"Pilões (RN)";"Urbana";"2533"
"2410009";"Pilões (RN)";"Rural";"920"
"2410108";"Poço Branco (RN)";"Total";"13949"
"2410108";"Poço Branco (RN)";"Urbana";"7417"
"2410108";"Poço Branco (RN)";"Rural";"6532"
"2410207";"Portalegre (RN)";"Total";"7320"
"2410207";"Portalegre (RN)";"Urbana";"3843"
"2410207";"Portalegre (RN)";"Rural";"3477"
"2410256";"Porto do Mangue (RN)";"Total";"5217"
"2410256";"Porto do Mangue (RN)";"Urbana";"3027"
"2410256";"Porto do Mangue (RN)";"Rural";"2190"
"2410306";"Serra Caiada (RN)";"Total";"8768"
"2410306";"Serra Caiada (RN)";"Urbana";"5313"
"2410306";"Serra Caiada (RN)";"Rural";"3455"
"2410405";"Pureza (RN)";"Total";"8424"
"2410405";"Pureza (RN)";"Urbana";"2996"
"2410405";"Pureza (RN)";"Rural";"5428"
"2410504";"Rafael Fernandes (RN)";"Total";"4692"
"2410504";"Rafael Fernandes (RN)";"Urbana";"2709"
"2410504";"Rafael Fernandes (RN)";"Rural";"1983"
"2410603";"Rafael Godeiro (RN)";"Total";"3063"
"2410603";"Rafael Godeiro (RN)";"Urbana";"1933"
"2410603";"Rafael Godeiro (RN)";"Rural";"1130"
"2410702";"Riacho da Cruz (RN)";"Total";"3165"
"2410702";"Riacho da Cruz (RN)";"Urbana";"2674"
"2410702";"Riacho da Cruz (RN)";"Rural";"491"
"2410801";"Riacho de Santana (RN)";"Total";"4156"
"2410801";"Riacho de Santana (RN)";"Urbana";"1710"
"2410801";"Riacho de Santana (RN)";"Rural";"2446"
"2410900";"Riachuelo (RN)";"Total";"7067"
"2410900";"Riachuelo (RN)";"Urbana";"4342"
"2410900";"Riachuelo (RN)";"Rural";"2725"
"2411007";"Rodolfo Fernandes (RN)";"Total";"4418"
"2411007";"Rodolfo Fernandes (RN)";"Urbana";"3734"
"2411007";"Rodolfo Fernandes (RN)";"Rural";"684"
"2411056";"Tibau (RN)";"Total";"3687"
"2411056";"Tibau (RN)";"Urbana";"2835"
"2411056";"Tibau (RN)";"Rural";"852"
"2411106";"Ruy Barbosa (RN)";"Total";"3595"
"2411106";"Ruy Barbosa (RN)";"Urbana";"1736"
"2411106";"Ruy Barbosa (RN)";"Rural";"1859"
"2411205";"Santa Cruz (RN)";"Total";"35797"
"2411205";"Santa Cruz (RN)";"Urbana";"30499"
"2411205";"Santa Cruz (RN)";"Rural";"5298"
"2411403";"Santana do Matos (RN)";"Total";"13809"
"2411403";"Santana do Matos (RN)";"Urbana";"6895"
"2411403";"Santana do Matos (RN)";"Rural";"6914"
"2411429";"Santana do Seridó (RN)";"Total";"2526"
"2411429";"Santana do Seridó (RN)";"Urbana";"1653"
"2411429";"Santana do Seridó (RN)";"Rural";"873"
"2411502";"Santo Antônio (RN)";"Total";"22216"
"2411502";"Santo Antônio (RN)";"Urbana";"14280"
"2411502";"Santo Antônio (RN)";"Rural";"7936"
"2411601";"São Bento do Norte (RN)";"Total";"2975"
"2411601";"São Bento do Norte (RN)";"Urbana";"1038"
"2411601";"São Bento do Norte (RN)";"Rural";"1937"
"2411700";"São Bento do Trairí (RN)";"Total";"3905"
"2411700";"São Bento do Trairí (RN)";"Urbana";"1884"
"2411700";"São Bento do Trairí (RN)";"Rural";"2021"
"2411809";"São Fernando (RN)";"Total";"3401"
"2411809";"São Fernando (RN)";"Urbana";"2297"
"2411809";"São Fernando (RN)";"Rural";"1104"
"2411908";"São Francisco do Oeste (RN)";"Total";"3874"
"2411908";"São Francisco do Oeste (RN)";"Urbana";"2948"
"2411908";"São Francisco do Oeste (RN)";"Rural";"926"
"2412005";"São Gonçalo do Amarante (RN)";"Total";"87668"
"2412005";"São Gonçalo do Amarante (RN)";"Urbana";"74099"
"2412005";"São Gonçalo do Amarante (RN)";"Rural";"13569"
"2412104";"São João do Sabugi (RN)";"Total";"5922"
"2412104";"São João do Sabugi (RN)";"Urbana";"4756"
"2412104";"São João do Sabugi (RN)";"Rural";"1166"
"2412203";"São José de Mipibu (RN)";"Total";"39776"
"2412203";"São José de Mipibu (RN)";"Urbana";"18232"
"2412203";"São José de Mipibu (RN)";"Rural";"21544"
"2412302";"São José do Campestre (RN)";"Total";"12356"
"2412302";"São José do Campestre (RN)";"Urbana";"10272"
"2412302";"São José do Campestre (RN)";"Rural";"2084"
"2412401";"São José do Seridó (RN)";"Total";"4231"
"2412401";"São José do Seridó (RN)";"Urbana";"3302"
"2412401";"São José do Seridó (RN)";"Rural";"929"
"2412500";"São Miguel (RN)";"Total";"22157"
"2412500";"São Miguel (RN)";"Urbana";"14500"
"2412500";"São Miguel (RN)";"Rural";"7657"
"2412559";"São Miguel do Gostoso (RN)";"Total";"8670"
"2412559";"São Miguel do Gostoso (RN)";"Urbana";"4131"
"2412559";"São Miguel do Gostoso (RN)";"Rural";"4539"
"2412609";"São Paulo do Potengi (RN)";"Total";"15843"
"2412609";"São Paulo do Potengi (RN)";"Urbana";"11468"
"2412609";"São Paulo do Potengi (RN)";"Rural";"4375"
"2412708";"São Pedro (RN)";"Total";"6235"
"2412708";"São Pedro (RN)";"Urbana";"3494"
"2412708";"São Pedro (RN)";"Rural";"2741"
"2412807";"São Rafael (RN)";"Total";"8111"
"2412807";"São Rafael (RN)";"Urbana";"5538"
"2412807";"São Rafael (RN)";"Rural";"2573"
"2412906";"São Tomé (RN)";"Total";"10827"
"2412906";"São Tomé (RN)";"Urbana";"5941"
"2412906";"São Tomé (RN)";"Rural";"4886"
"2413003";"São Vicente (RN)";"Total";"6028"
"2413003";"São Vicente (RN)";"Urbana";"3765"
"2413003";"São Vicente (RN)";"Rural";"2263"
"2413102";"Senador Elói de Souza (RN)";"Total";"5637"
"2413102";"Senador Elói de Souza (RN)";"Urbana";"2423"
"2413102";"Senador Elói de Souza (RN)";"Rural";"3214"
"2413201";"Senador Georgino Avelino (RN)";"Total";"3924"
"2413201";"Senador Georgino Avelino (RN)";"Urbana";"3881"
"2413201";"Senador Georgino Avelino (RN)";"Rural";"43"
"2413300";"Serra de São Bento (RN)";"Total";"5743"
"2413300";"Serra de São Bento (RN)";"Urbana";"3262"
"2413300";"Serra de São Bento (RN)";"Rural";"2481"
"2413359";"Serra do Mel (RN)";"Total";"10287"
"2413359";"Serra do Mel (RN)";"Urbana";"2698"
"2413359";"Serra do Mel (RN)";"Rural";"7589"
"2413409";"Serra Negra do Norte (RN)";"Total";"7770"
"2413409";"Serra Negra do Norte (RN)";"Urbana";"4997"
"2413409";"Serra Negra do Norte (RN)";"Rural";"2773"
"2413508";"Serrinha (RN)";"Total";"6581"
"2413508";"Serrinha (RN)";"Urbana";"2121"
"2413508";"Serrinha (RN)";"Rural";"4460"
"2413557";"Serrinha dos Pintos (RN)";"Total";"4540"
"2413557";"Serrinha dos Pintos (RN)";"Urbana";"2404"
"2413557";"Serrinha dos Pintos (RN)";"Rural";"2136"
"2413607";"Severiano Melo (RN)";"Total";"5752"
"2413607";"Severiano Melo (RN)";"Urbana";"2118"
"2413607";"Severiano Melo (RN)";"Rural";"3634"
"2413706";"Sítio Novo (RN)";"Total";"5020"
"2413706";"Sítio Novo (RN)";"Urbana";"2390"
"2413706";"Sítio Novo (RN)";"Rural";"2630"
"2413805";"Taboleiro Grande (RN)";"Total";"2317"
"2413805";"Taboleiro Grande (RN)";"Urbana";"1887"
"2413805";"Taboleiro Grande (RN)";"Rural";"430"
"2413904";"Taipu (RN)";"Total";"11836"
"2413904";"Taipu (RN)";"Urbana";"4084"
"2413904";"Taipu (RN)";"Rural";"7752"
"2414001";"Tangará (RN)";"Total";"14175"
"2414001";"Tangará (RN)";"Urbana";"9734"
"2414001";"Tangará (RN)";"Rural";"4441"
"2414100";"Tenente Ananias (RN)";"Total";"9883"
"2414100";"Tenente Ananias (RN)";"Urbana";"6825"
"2414100";"Tenente Ananias (RN)";"Rural";"3058"
"2414159";"Tenente Laurentino Cruz (RN)";"Total";"5406"
"2414159";"Tenente Laurentino Cruz (RN)";"Urbana";"1152"
"2414159";"Tenente Laurentino Cruz (RN)";"Rural";"4254"
"2414209";"Tibau do Sul (RN)";"Total";"11385"
"2414209";"Tibau do Sul (RN)";"Urbana";"6861"
"2414209";"Tibau do Sul (RN)";"Rural";"4524"
"2414308";"Timbaúba dos Batistas (RN)";"Total";"2295"
"2414308";"Timbaúba dos Batistas (RN)";"Urbana";"1728"
"2414308";"Timbaúba dos Batistas (RN)";"Rural";"567"
"2414407";"Touros (RN)";"Total";"31089"
"2414407";"Touros (RN)";"Urbana";"7922"
"2414407";"Touros (RN)";"Rural";"23167"
"2414456";"Triunfo Potiguar (RN)";"Total";"3368"
"2414456";"Triunfo Potiguar (RN)";"Urbana";"2197"
"2414456";"Triunfo Potiguar (RN)";"Rural";"1171"
"2414506";"Umarizal (RN)";"Total";"10659"
"2414506";"Umarizal (RN)";"Urbana";"9069"
"2414506";"Umarizal (RN)";"Rural";"1590"
"2414605";"Upanema (RN)";"Total";"12992"
"2414605";"Upanema (RN)";"Urbana";"6298"
"2414605";"Upanema (RN)";"Rural";"6694"
"2414704";"Várzea (RN)";"Total";"5236"
"2414704";"Várzea (RN)";"Urbana";"4321"
"2414704";"Várzea (RN)";"Rural";"915"
"2414753";"Venha-Ver (RN)";"Total";"3821"
"2414753";"Venha-Ver (RN)";"Urbana";"1199"
"2414753";"Venha-Ver (RN)";"Rural";"2622"
"2414803";"Vera Cruz (RN)";"Total";"10719"
"2414803";"Vera Cruz (RN)";"Urbana";"4695"
"2414803";"Vera Cruz (RN)";"Rural";"6024"
"2414902";"Viçosa (RN)";"Total";"1618"
"2414902";"Viçosa (RN)";"Urbana";"1541"
"2414902";"Viçosa (RN)";"Rural";"77"
"2415008";"Vila Flor (RN)";"Total";"2872"
"2415008";"Vila Flor (RN)";"Urbana";"2784"
"2415008";"Vila Flor (RN)";"Rural";"88"
"2500106";"Água Branca (PB)";"Total";"9449"
"2500106";"Água Branca (PB)";"Urbana";"4061"
"2500106";"Água Branca (PB)";"Rural";"5388"
"2500205";"Aguiar (PB)";"Total";"5530"
"2500205";"Aguiar (PB)";"Urbana";"2701"
"2500205";"Aguiar (PB)";"Rural";"2829"
"2500304";"Alagoa Grande (PB)";"Total";"28479"
"2500304";"Alagoa Grande (PB)";"Urbana";"17531"
"2500304";"Alagoa Grande (PB)";"Rural";"10948"
"2500403";"Alagoa Nova (PB)";"Total";"19681"
"2500403";"Alagoa Nova (PB)";"Urbana";"9794"
"2500403";"Alagoa Nova (PB)";"Rural";"9887"
"2500502";"Alagoinha (PB)";"Total";"13576"
"2500502";"Alagoinha (PB)";"Urbana";"9034"
"2500502";"Alagoinha (PB)";"Rural";"4542"
"2500536";"Alcantil (PB)";"Total";"5239"
"2500536";"Alcantil (PB)";"Urbana";"2064"
"2500536";"Alcantil (PB)";"Rural";"3175"
"2500577";"Algodão de Jandaíra (PB)";"Total";"2366"
"2500577";"Algodão de Jandaíra (PB)";"Urbana";"1231"
"2500577";"Algodão de Jandaíra (PB)";"Rural";"1135"
"2500601";"Alhandra (PB)";"Total";"18007"
"2500601";"Alhandra (PB)";"Urbana";"11153"
"2500601";"Alhandra (PB)";"Rural";"6854"
"2500700";"São João do Rio do Peixe (PB)";"Total";"18201"
"2500700";"São João do Rio do Peixe (PB)";"Urbana";"6885"
"2500700";"São João do Rio do Peixe (PB)";"Rural";"11316"
"2500734";"Amparo (PB)";"Total";"2088"
"2500734";"Amparo (PB)";"Urbana";"1062"
"2500734";"Amparo (PB)";"Rural";"1026"
"2500775";"Aparecida (PB)";"Total";"7676"
"2500775";"Aparecida (PB)";"Urbana";"3638"
"2500775";"Aparecida (PB)";"Rural";"4038"
"2500809";"Araçagi (PB)";"Total";"17224"
"2500809";"Araçagi (PB)";"Urbana";"6804"
"2500809";"Araçagi (PB)";"Rural";"10420"
"2500908";"Arara (PB)";"Total";"12653"
"2500908";"Arara (PB)";"Urbana";"8924"
"2500908";"Arara (PB)";"Rural";"3729"
"2501005";"Araruna (PB)";"Total";"18879"
"2501005";"Araruna (PB)";"Urbana";"9328"
"2501005";"Araruna (PB)";"Rural";"9551"
"2501104";"Areia (PB)";"Total";"23829"
"2501104";"Areia (PB)";"Urbana";"14598"
"2501104";"Areia (PB)";"Rural";"9231"
"2501153";"Areia de Baraúnas (PB)";"Total";"1927"
"2501153";"Areia de Baraúnas (PB)";"Urbana";"1017"
"2501153";"Areia de Baraúnas (PB)";"Rural";"910"
"2501203";"Areial (PB)";"Total";"6470"
"2501203";"Areial (PB)";"Urbana";"4600"
"2501203";"Areial (PB)";"Rural";"1870"
"2501302";"Aroeiras (PB)";"Total";"19082"
"2501302";"Aroeiras (PB)";"Urbana";"9531"
"2501302";"Aroeiras (PB)";"Rural";"9551"
"2501351";"Assunção (PB)";"Total";"3522"
"2501351";"Assunção (PB)";"Urbana";"2846"
"2501351";"Assunção (PB)";"Rural";"676"
"2501401";"Baía da Traição (PB)";"Total";"8012"
"2501401";"Baía da Traição (PB)";"Urbana";"3092"
"2501401";"Baía da Traição (PB)";"Rural";"4920"
"2501500";"Bananeiras (PB)";"Total";"21851"
"2501500";"Bananeiras (PB)";"Urbana";"8668"
"2501500";"Bananeiras (PB)";"Rural";"13183"
"2501534";"Baraúna (PB)";"Total";"4220"
"2501534";"Baraúna (PB)";"Urbana";"3187"
"2501534";"Baraúna (PB)";"Rural";"1033"
"2501575";"Barra de Santana (PB)";"Total";"8206"
"2501575";"Barra de Santana (PB)";"Urbana";"731"
"2501575";"Barra de Santana (PB)";"Rural";"7475"
"2501609";"Barra de Santa Rosa (PB)";"Total";"14157"
"2501609";"Barra de Santa Rosa (PB)";"Urbana";"7956"
"2501609";"Barra de Santa Rosa (PB)";"Rural";"6201"
"2501708";"Barra de São Miguel (PB)";"Total";"5611"
"2501708";"Barra de São Miguel (PB)";"Urbana";"2364"
"2501708";"Barra de São Miguel (PB)";"Rural";"3247"
"2501807";"Bayeux (PB)";"Total";"99716"
"2501807";"Bayeux (PB)";"Urbana";"98793"
"2501807";"Bayeux (PB)";"Rural";"923"
"2501906";"Belém (PB)";"Total";"17093"
"2501906";"Belém (PB)";"Urbana";"14112"
"2501906";"Belém (PB)";"Rural";"2981"
"2502003";"Belém do Brejo do Cruz (PB)";"Total";"7143"
"2502003";"Belém do Brejo do Cruz (PB)";"Urbana";"5260"
"2502003";"Belém do Brejo do Cruz (PB)";"Rural";"1883"
"2502052";"Bernardino Batista (PB)";"Total";"3075"
"2502052";"Bernardino Batista (PB)";"Urbana";"858"
"2502052";"Bernardino Batista (PB)";"Rural";"2217"
"2502102";"Boa Ventura (PB)";"Total";"5751"
"2502102";"Boa Ventura (PB)";"Urbana";"3522"
"2502102";"Boa Ventura (PB)";"Rural";"2229"
"2502151";"Boa Vista (PB)";"Total";"6227"
"2502151";"Boa Vista (PB)";"Urbana";"3208"
"2502151";"Boa Vista (PB)";"Rural";"3019"
"2502201";"Bom Jesus (PB)";"Total";"2400"
"2502201";"Bom Jesus (PB)";"Urbana";"988"
"2502201";"Bom Jesus (PB)";"Rural";"1412"
"2502300";"Bom Sucesso (PB)";"Total";"5035"
"2502300";"Bom Sucesso (PB)";"Urbana";"2030"
"2502300";"Bom Sucesso (PB)";"Rural";"3005"
"2502409";"Bonito de Santa Fé (PB)";"Total";"10804"
"2502409";"Bonito de Santa Fé (PB)";"Urbana";"7399"
"2502409";"Bonito de Santa Fé (PB)";"Rural";"3405"
"2502508";"Boqueirão (PB)";"Total";"16888"
"2502508";"Boqueirão (PB)";"Urbana";"12006"
"2502508";"Boqueirão (PB)";"Rural";"4882"
"2502607";"Igaracy (PB)";"Total";"6156"
"2502607";"Igaracy (PB)";"Urbana";"4121"
"2502607";"Igaracy (PB)";"Rural";"2035"
"2502706";"Borborema (PB)";"Total";"5111"
"2502706";"Borborema (PB)";"Urbana";"3732"
"2502706";"Borborema (PB)";"Rural";"1379"
"2502805";"Brejo do Cruz (PB)";"Total";"13123"
"2502805";"Brejo do Cruz (PB)";"Urbana";"9898"
"2502805";"Brejo do Cruz (PB)";"Rural";"3225"
"2502904";"Brejo dos Santos (PB)";"Total";"6198"
"2502904";"Brejo dos Santos (PB)";"Urbana";"4634"
"2502904";"Brejo dos Santos (PB)";"Rural";"1564"
"2503001";"Caaporã (PB)";"Total";"20362"
"2503001";"Caaporã (PB)";"Urbana";"17548"
"2503001";"Caaporã (PB)";"Rural";"2814"
"2503100";"Cabaceiras (PB)";"Total";"5035"
"2503100";"Cabaceiras (PB)";"Urbana";"2217"
"2503100";"Cabaceiras (PB)";"Rural";"2818"
"2503209";"Cabedelo (PB)";"Total";"57944"
"2503209";"Cabedelo (PB)";"Urbana";"57936"
"2503209";"Cabedelo (PB)";"Rural";"8"
"2503308";"Cachoeira dos Índios (PB)";"Total";"9546"
"2503308";"Cachoeira dos Índios (PB)";"Urbana";"3403"
"2503308";"Cachoeira dos Índios (PB)";"Rural";"6143"
"2503407";"Cacimba de Areia (PB)";"Total";"3557"
"2503407";"Cacimba de Areia (PB)";"Urbana";"1674"
"2503407";"Cacimba de Areia (PB)";"Rural";"1883"
"2503506";"Cacimba de Dentro (PB)";"Total";"16748"
"2503506";"Cacimba de Dentro (PB)";"Urbana";"9158"
"2503506";"Cacimba de Dentro (PB)";"Rural";"7590"
"2503555";"Cacimbas (PB)";"Total";"6814"
"2503555";"Cacimbas (PB)";"Urbana";"1641"
"2503555";"Cacimbas (PB)";"Rural";"5173"
"2503605";"Caiçara (PB)";"Total";"7220"
"2503605";"Caiçara (PB)";"Urbana";"5190"
"2503605";"Caiçara (PB)";"Rural";"2030"
"2503704";"Cajazeiras (PB)";"Total";"58446"
"2503704";"Cajazeiras (PB)";"Urbana";"47501"
"2503704";"Cajazeiras (PB)";"Rural";"10945"
"2503753";"Cajazeirinhas (PB)";"Total";"3033"
"2503753";"Cajazeirinhas (PB)";"Urbana";"1000"
"2503753";"Cajazeirinhas (PB)";"Rural";"2033"
"2503803";"Caldas Brandão (PB)";"Total";"5637"
"2503803";"Caldas Brandão (PB)";"Urbana";"3224"
"2503803";"Caldas Brandão (PB)";"Rural";"2413"
"2503902";"Camalaú (PB)";"Total";"5749"
"2503902";"Camalaú (PB)";"Urbana";"2887"
"2503902";"Camalaú (PB)";"Rural";"2862"
"2504009";"Campina Grande (PB)";"Total";"385213"
"2504009";"Campina Grande (PB)";"Urbana";"367209"
"2504009";"Campina Grande (PB)";"Rural";"18004"
"2504033";"Capim (PB)";"Total";"5601"
"2504033";"Capim (PB)";"Urbana";"4106"
"2504033";"Capim (PB)";"Rural";"1495"
"2504074";"Caraúbas (PB)";"Total";"3899"
"2504074";"Caraúbas (PB)";"Urbana";"1517"
"2504074";"Caraúbas (PB)";"Rural";"2382"
"2504108";"Carrapateira (PB)";"Total";"2378"
"2504108";"Carrapateira (PB)";"Urbana";"1713"
"2504108";"Carrapateira (PB)";"Rural";"665"
"2504157";"Casserengue (PB)";"Total";"7058"
"2504157";"Casserengue (PB)";"Urbana";"3458"
"2504157";"Casserengue (PB)";"Rural";"3600"
"2504207";"Catingueira (PB)";"Total";"4812"
"2504207";"Catingueira (PB)";"Urbana";"2884"
"2504207";"Catingueira (PB)";"Rural";"1928"
"2504306";"Catolé do Rocha (PB)";"Total";"28759"
"2504306";"Catolé do Rocha (PB)";"Urbana";"21323"
"2504306";"Catolé do Rocha (PB)";"Rural";"7436"
"2504355";"Caturité (PB)";"Total";"4543"
"2504355";"Caturité (PB)";"Urbana";"1024"
"2504355";"Caturité (PB)";"Rural";"3519"
"2504405";"Conceição (PB)";"Total";"18363"
"2504405";"Conceição (PB)";"Urbana";"11433"
"2504405";"Conceição (PB)";"Rural";"6930"
"2504504";"Condado (PB)";"Total";"6584"
"2504504";"Condado (PB)";"Urbana";"4562"
"2504504";"Condado (PB)";"Rural";"2022"
"2504603";"Conde (PB)";"Total";"21400"
"2504603";"Conde (PB)";"Urbana";"14487"
"2504603";"Conde (PB)";"Rural";"6913"
"2504702";"Congo (PB)";"Total";"4687"
"2504702";"Congo (PB)";"Urbana";"2942"
"2504702";"Congo (PB)";"Rural";"1745"
"2504801";"Coremas (PB)";"Total";"15149"
"2504801";"Coremas (PB)";"Urbana";"11419"
"2504801";"Coremas (PB)";"Rural";"3730"
"2504850";"Coxixola (PB)";"Total";"1771"
"2504850";"Coxixola (PB)";"Urbana";"782"
"2504850";"Coxixola (PB)";"Rural";"989"
"2504900";"Cruz do Espírito Santo (PB)";"Total";"16257"
"2504900";"Cruz do Espírito Santo (PB)";"Urbana";"7440"
"2504900";"Cruz do Espírito Santo (PB)";"Rural";"8817"
"2505006";"Cubati (PB)";"Total";"6866"
"2505006";"Cubati (PB)";"Urbana";"4769"
"2505006";"Cubati (PB)";"Rural";"2097"
"2505105";"Cuité (PB)";"Total";"19978"
"2505105";"Cuité (PB)";"Urbana";"13462"
"2505105";"Cuité (PB)";"Rural";"6516"
"2505204";"Cuitegi (PB)";"Total";"6889"
"2505204";"Cuitegi (PB)";"Urbana";"5608"
"2505204";"Cuitegi (PB)";"Rural";"1281"
"2505238";"Cuité de Mamanguape (PB)";"Total";"6202"
"2505238";"Cuité de Mamanguape (PB)";"Urbana";"2069"
"2505238";"Cuité de Mamanguape (PB)";"Rural";"4133"
"2505279";"Curral de Cima (PB)";"Total";"5209"
"2505279";"Curral de Cima (PB)";"Urbana";"473"
"2505279";"Curral de Cima (PB)";"Rural";"4736"
"2505303";"Curral Velho (PB)";"Total";"2505"
"2505303";"Curral Velho (PB)";"Urbana";"1410"
"2505303";"Curral Velho (PB)";"Rural";"1095"
"2505352";"Damião (PB)";"Total";"4900"
"2505352";"Damião (PB)";"Urbana";"2278"
"2505352";"Damião (PB)";"Rural";"2622"
"2505402";"Desterro (PB)";"Total";"7991"
"2505402";"Desterro (PB)";"Urbana";"4889"
"2505402";"Desterro (PB)";"Rural";"3102"
"2505501";"Vista Serrana (PB)";"Total";"3512"
"2505501";"Vista Serrana (PB)";"Urbana";"1586"
"2505501";"Vista Serrana (PB)";"Rural";"1926"
"2505600";"Diamante (PB)";"Total";"6616"
"2505600";"Diamante (PB)";"Urbana";"3818"
"2505600";"Diamante (PB)";"Rural";"2798"
"2505709";"Dona Inês (PB)";"Total";"10517"
"2505709";"Dona Inês (PB)";"Urbana";"4655"
"2505709";"Dona Inês (PB)";"Rural";"5862"
"2505808";"Duas Estradas (PB)";"Total";"3638"
"2505808";"Duas Estradas (PB)";"Urbana";"2839"
"2505808";"Duas Estradas (PB)";"Rural";"799"
"2505907";"Emas (PB)";"Total";"3317"
"2505907";"Emas (PB)";"Urbana";"2132"
"2505907";"Emas (PB)";"Rural";"1185"
"2506004";"Esperança (PB)";"Total";"31095"
"2506004";"Esperança (PB)";"Urbana";"21631"
"2506004";"Esperança (PB)";"Rural";"9464"
"2506103";"Fagundes (PB)";"Total";"11405"
"2506103";"Fagundes (PB)";"Urbana";"5465"
"2506103";"Fagundes (PB)";"Rural";"5940"
"2506202";"Frei Martinho (PB)";"Total";"2933"
"2506202";"Frei Martinho (PB)";"Urbana";"1807"
"2506202";"Frei Martinho (PB)";"Rural";"1126"
"2506251";"Gado Bravo (PB)";"Total";"8376"
"2506251";"Gado Bravo (PB)";"Urbana";"908"
"2506251";"Gado Bravo (PB)";"Rural";"7468"
"2506301";"Guarabira (PB)";"Total";"55326"
"2506301";"Guarabira (PB)";"Urbana";"48960"
"2506301";"Guarabira (PB)";"Rural";"6366"
"2506400";"Gurinhém (PB)";"Total";"13872"
"2506400";"Gurinhém (PB)";"Urbana";"5795"
"2506400";"Gurinhém (PB)";"Rural";"8077"
"2506509";"Gurjão (PB)";"Total";"3159"
"2506509";"Gurjão (PB)";"Urbana";"2128"
"2506509";"Gurjão (PB)";"Rural";"1031"
"2506608";"Ibiara (PB)";"Total";"6031"
"2506608";"Ibiara (PB)";"Urbana";"3686"
"2506608";"Ibiara (PB)";"Rural";"2345"
"2506707";"Imaculada (PB)";"Total";"11352"
"2506707";"Imaculada (PB)";"Urbana";"5063"
"2506707";"Imaculada (PB)";"Rural";"6289"
"2506806";"Ingá (PB)";"Total";"18180"
"2506806";"Ingá (PB)";"Urbana";"11599"
"2506806";"Ingá (PB)";"Rural";"6581"
"2506905";"Itabaiana (PB)";"Total";"24481"
"2506905";"Itabaiana (PB)";"Urbana";"19731"
"2506905";"Itabaiana (PB)";"Rural";"4750"
"2507002";"Itaporanga (PB)";"Total";"23192"
"2507002";"Itaporanga (PB)";"Urbana";"17629"
"2507002";"Itaporanga (PB)";"Rural";"5563"
"2507101";"Itapororoca (PB)";"Total";"16997"
"2507101";"Itapororoca (PB)";"Urbana";"10856"
"2507101";"Itapororoca (PB)";"Rural";"6141"
"2507200";"Itatuba (PB)";"Total";"10201"
"2507200";"Itatuba (PB)";"Urbana";"5955"
"2507200";"Itatuba (PB)";"Rural";"4246"
"2507309";"Jacaraú (PB)";"Total";"13942"
"2507309";"Jacaraú (PB)";"Urbana";"8032"
"2507309";"Jacaraú (PB)";"Rural";"5910"
"2507408";"Jericó (PB)";"Total";"7538"
"2507408";"Jericó (PB)";"Urbana";"4729"
"2507408";"Jericó (PB)";"Rural";"2809"
"2507507";"João Pessoa (PB)";"Total";"723515"
"2507507";"João Pessoa (PB)";"Urbana";"720785"
"2507507";"João Pessoa (PB)";"Rural";"2730"
"2507606";"Juarez Távora (PB)";"Total";"7459"
"2507606";"Juarez Távora (PB)";"Urbana";"5852"
"2507606";"Juarez Távora (PB)";"Rural";"1607"
"2507705";"Juazeirinho (PB)";"Total";"16776"
"2507705";"Juazeirinho (PB)";"Urbana";"9124"
"2507705";"Juazeirinho (PB)";"Rural";"7652"
"2507804";"Junco do Seridó (PB)";"Total";"6643"
"2507804";"Junco do Seridó (PB)";"Urbana";"4369"
"2507804";"Junco do Seridó (PB)";"Rural";"2274"
"2507903";"Juripiranga (PB)";"Total";"10237"
"2507903";"Juripiranga (PB)";"Urbana";"9586"
"2507903";"Juripiranga (PB)";"Rural";"651"
"2508000";"Juru (PB)";"Total";"9826"
"2508000";"Juru (PB)";"Urbana";"4359"
"2508000";"Juru (PB)";"Rural";"5467"
"2508109";"Lagoa (PB)";"Total";"4681"
"2508109";"Lagoa (PB)";"Urbana";"2304"
"2508109";"Lagoa (PB)";"Rural";"2377"
"2508208";"Lagoa de Dentro (PB)";"Total";"7370"
"2508208";"Lagoa de Dentro (PB)";"Urbana";"3975"
"2508208";"Lagoa de Dentro (PB)";"Rural";"3395"
"2508307";"Lagoa Seca (PB)";"Total";"25900"
"2508307";"Lagoa Seca (PB)";"Urbana";"10570"
"2508307";"Lagoa Seca (PB)";"Rural";"15330"
"2508406";"Lastro (PB)";"Total";"2841"
"2508406";"Lastro (PB)";"Urbana";"1335"
"2508406";"Lastro (PB)";"Rural";"1506"
"2508505";"Livramento (PB)";"Total";"7164"
"2508505";"Livramento (PB)";"Urbana";"3752"
"2508505";"Livramento (PB)";"Rural";"3412"
"2508554";"Logradouro (PB)";"Total";"3942"
"2508554";"Logradouro (PB)";"Urbana";"1723"
"2508554";"Logradouro (PB)";"Rural";"2219"
"2508604";"Lucena (PB)";"Total";"11730"
"2508604";"Lucena (PB)";"Urbana";"10152"
"2508604";"Lucena (PB)";"Rural";"1578"
"2508703";"Mãe d'Água (PB)";"Total";"4019"
"2508703";"Mãe d'Água (PB)";"Urbana";"1569"
"2508703";"Mãe d'Água (PB)";"Rural";"2450"
"2508802";"Malta (PB)";"Total";"5613"
"2508802";"Malta (PB)";"Urbana";"4905"
"2508802";"Malta (PB)";"Rural";"708"
"2508901";"Mamanguape (PB)";"Total";"42303"
"2508901";"Mamanguape (PB)";"Urbana";"34234"
"2508901";"Mamanguape (PB)";"Rural";"8069"
"2509008";"Manaíra (PB)";"Total";"10759"
"2509008";"Manaíra (PB)";"Urbana";"6027"
"2509008";"Manaíra (PB)";"Rural";"4732"
"2509057";"Marcação (PB)";"Total";"7609"
"2509057";"Marcação (PB)";"Urbana";"2849"
"2509057";"Marcação (PB)";"Rural";"4760"
"2509107";"Mari (PB)";"Total";"21176"
"2509107";"Mari (PB)";"Urbana";"17455"
"2509107";"Mari (PB)";"Rural";"3721"
"2509156";"Marizópolis (PB)";"Total";"6173"
"2509156";"Marizópolis (PB)";"Urbana";"5357"
"2509156";"Marizópolis (PB)";"Rural";"816"
"2509206";"Massaranduba (PB)";"Total";"12902"
"2509206";"Massaranduba (PB)";"Urbana";"4484"
"2509206";"Massaranduba (PB)";"Rural";"8418"
"2509305";"Mataraca (PB)";"Total";"7407"
"2509305";"Mataraca (PB)";"Urbana";"6548"
"2509305";"Mataraca (PB)";"Rural";"859"
"2509339";"Matinhas (PB)";"Total";"4321"
"2509339";"Matinhas (PB)";"Urbana";"682"
"2509339";"Matinhas (PB)";"Rural";"3639"
"2509370";"Mato Grosso (PB)";"Total";"2702"
"2509370";"Mato Grosso (PB)";"Urbana";"1201"
"2509370";"Mato Grosso (PB)";"Rural";"1501"
"2509396";"Maturéia (PB)";"Total";"5939"
"2509396";"Maturéia (PB)";"Urbana";"3857"
"2509396";"Maturéia (PB)";"Rural";"2082"
"2509404";"Mogeiro (PB)";"Total";"12491"
"2509404";"Mogeiro (PB)";"Urbana";"5583"
"2509404";"Mogeiro (PB)";"Rural";"6908"
"2509503";"Montadas (PB)";"Total";"4990"
"2509503";"Montadas (PB)";"Urbana";"3156"
"2509503";"Montadas (PB)";"Rural";"1834"
"2509602";"Monte Horebe (PB)";"Total";"4508"
"2509602";"Monte Horebe (PB)";"Urbana";"2501"
"2509602";"Monte Horebe (PB)";"Rural";"2007"
"2509701";"Monteiro (PB)";"Total";"30852"
"2509701";"Monteiro (PB)";"Urbana";"20261"
"2509701";"Monteiro (PB)";"Rural";"10591"
"2509800";"Mulungu (PB)";"Total";"9469"
"2509800";"Mulungu (PB)";"Urbana";"4536"
"2509800";"Mulungu (PB)";"Rural";"4933"
"2509909";"Natuba (PB)";"Total";"10566"
"2509909";"Natuba (PB)";"Urbana";"3634"
"2509909";"Natuba (PB)";"Rural";"6932"
"2510006";"Nazarezinho (PB)";"Total";"7280"
"2510006";"Nazarezinho (PB)";"Urbana";"3184"
"2510006";"Nazarezinho (PB)";"Rural";"4096"
"2510105";"Nova Floresta (PB)";"Total";"10533"
"2510105";"Nova Floresta (PB)";"Urbana";"7892"
"2510105";"Nova Floresta (PB)";"Rural";"2641"
"2510204";"Nova Olinda (PB)";"Total";"6070"
"2510204";"Nova Olinda (PB)";"Urbana";"3227"
"2510204";"Nova Olinda (PB)";"Rural";"2843"
"2510303";"Nova Palmeira (PB)";"Total";"4361"
"2510303";"Nova Palmeira (PB)";"Urbana";"2552"
"2510303";"Nova Palmeira (PB)";"Rural";"1809"
"2510402";"Olho d'Água (PB)";"Total";"6931"
"2510402";"Olho d'Água (PB)";"Urbana";"3868"
"2510402";"Olho d'Água (PB)";"Rural";"3063"
"2510501";"Olivedos (PB)";"Total";"3627"
"2510501";"Olivedos (PB)";"Urbana";"1902"
"2510501";"Olivedos (PB)";"Rural";"1725"
"2510600";"Ouro Velho (PB)";"Total";"2928"
"2510600";"Ouro Velho (PB)";"Urbana";"2047"
"2510600";"Ouro Velho (PB)";"Rural";"881"
"2510659";"Parari (PB)";"Total";"1256"
"2510659";"Parari (PB)";"Urbana";"699"
"2510659";"Parari (PB)";"Rural";"557"
"2510709";"Passagem (PB)";"Total";"2233"
"2510709";"Passagem (PB)";"Urbana";"1109"
"2510709";"Passagem (PB)";"Rural";"1124"
"2510808";"Patos (PB)";"Total";"100674"
"2510808";"Patos (PB)";"Urbana";"97278"
"2510808";"Patos (PB)";"Rural";"3396"
"2510907";"Paulista (PB)";"Total";"11788"
"2510907";"Paulista (PB)";"Urbana";"5720"
"2510907";"Paulista (PB)";"Rural";"6068"
"2511004";"Pedra Branca (PB)";"Total";"3721"
"2511004";"Pedra Branca (PB)";"Urbana";"2365"
"2511004";"Pedra Branca (PB)";"Rural";"1356"
"2511103";"Pedra Lavrada (PB)";"Total";"7475"
"2511103";"Pedra Lavrada (PB)";"Urbana";"3075"
"2511103";"Pedra Lavrada (PB)";"Rural";"4400"
"2511202";"Pedras de Fogo (PB)";"Total";"27032"
"2511202";"Pedras de Fogo (PB)";"Urbana";"16358"
"2511202";"Pedras de Fogo (PB)";"Rural";"10674"
"2511301";"Piancó (PB)";"Total";"15465"
"2511301";"Piancó (PB)";"Urbana";"11278"
"2511301";"Piancó (PB)";"Rural";"4187"
"2511400";"Picuí (PB)";"Total";"18222"
"2511400";"Picuí (PB)";"Urbana";"12120"
"2511400";"Picuí (PB)";"Rural";"6102"
"2511509";"Pilar (PB)";"Total";"11191"
"2511509";"Pilar (PB)";"Urbana";"7673"
"2511509";"Pilar (PB)";"Rural";"3518"
"2511608";"Pilões (PB)";"Total";"6978"
"2511608";"Pilões (PB)";"Urbana";"3332"
"2511608";"Pilões (PB)";"Rural";"3646"
"2511707";"Pilõezinhos (PB)";"Total";"5155"
"2511707";"Pilõezinhos (PB)";"Urbana";"2747"
"2511707";"Pilõezinhos (PB)";"Rural";"2408"
"2511806";"Pirpirituba (PB)";"Total";"10326"
"2511806";"Pirpirituba (PB)";"Urbana";"7894"
"2511806";"Pirpirituba (PB)";"Rural";"2432"
"2511905";"Pitimbu (PB)";"Total";"17024"
"2511905";"Pitimbu (PB)";"Urbana";"10384"
"2511905";"Pitimbu (PB)";"Rural";"6640"
"2512002";"Pocinhos (PB)";"Total";"17032"
"2512002";"Pocinhos (PB)";"Urbana";"9618"
"2512002";"Pocinhos (PB)";"Rural";"7414"
"2512036";"Poço Dantas (PB)";"Total";"3751"
"2512036";"Poço Dantas (PB)";"Urbana";"977"
"2512036";"Poço Dantas (PB)";"Rural";"2774"
"2512077";"Poço de José de Moura (PB)";"Total";"3978"
"2512077";"Poço de José de Moura (PB)";"Urbana";"1425"
"2512077";"Poço de José de Moura (PB)";"Rural";"2553"
"2512101";"Pombal (PB)";"Total";"32110"
"2512101";"Pombal (PB)";"Urbana";"25753"
"2512101";"Pombal (PB)";"Rural";"6357"
"2512200";"Prata (PB)";"Total";"3854"
"2512200";"Prata (PB)";"Urbana";"2444"
"2512200";"Prata (PB)";"Rural";"1410"
"2512309";"Princesa Isabel (PB)";"Total";"21283"
"2512309";"Princesa Isabel (PB)";"Urbana";"14528"
"2512309";"Princesa Isabel (PB)";"Rural";"6755"
"2512408";"Puxinanã (PB)";"Total";"12923"
"2512408";"Puxinanã (PB)";"Urbana";"4217"
"2512408";"Puxinanã (PB)";"Rural";"8706"
"2512507";"Queimadas (PB)";"Total";"41049"
"2512507";"Queimadas (PB)";"Urbana";"22236"
"2512507";"Queimadas (PB)";"Rural";"18813"
"2512606";"Quixaba (PB)";"Total";"1699"
"2512606";"Quixaba (PB)";"Urbana";"633"
"2512606";"Quixaba (PB)";"Rural";"1066"
"2512705";"Remígio (PB)";"Total";"17581"
"2512705";"Remígio (PB)";"Urbana";"12953"
"2512705";"Remígio (PB)";"Rural";"4628"
"2512721";"Pedro Régis (PB)";"Total";"5765"
"2512721";"Pedro Régis (PB)";"Urbana";"2148"
"2512721";"Pedro Régis (PB)";"Rural";"3617"
"2512747";"Riachão (PB)";"Total";"3266"
"2512747";"Riachão (PB)";"Urbana";"2026"
"2512747";"Riachão (PB)";"Rural";"1240"
"2512754";"Riachão do Bacamarte (PB)";"Total";"4264"
"2512754";"Riachão do Bacamarte (PB)";"Urbana";"2663"
"2512754";"Riachão do Bacamarte (PB)";"Rural";"1601"
"2512762";"Riachão do Poço (PB)";"Total";"4164"
"2512762";"Riachão do Poço (PB)";"Urbana";"1287"
"2512762";"Riachão do Poço (PB)";"Rural";"2877"
"2512788";"Riacho de Santo Antônio (PB)";"Total";"1722"
"2512788";"Riacho de Santo Antônio (PB)";"Urbana";"1186"
"2512788";"Riacho de Santo Antônio (PB)";"Rural";"536"
"2512804";"Riacho dos Cavalos (PB)";"Total";"8314"
"2512804";"Riacho dos Cavalos (PB)";"Urbana";"4025"
"2512804";"Riacho dos Cavalos (PB)";"Rural";"4289"
"2512903";"Rio Tinto (PB)";"Total";"22976"
"2512903";"Rio Tinto (PB)";"Urbana";"13057"
"2512903";"Rio Tinto (PB)";"Rural";"9919"
"2513000";"Salgadinho (PB)";"Total";"3508"
"2513000";"Salgadinho (PB)";"Urbana";"1203"
"2513000";"Salgadinho (PB)";"Rural";"2305"
"2513109";"Salgado de São Félix (PB)";"Total";"11976"
"2513109";"Salgado de São Félix (PB)";"Urbana";"5250"
"2513109";"Salgado de São Félix (PB)";"Rural";"6726"
"2513158";"Santa Cecília (PB)";"Total";"6658"
"2513158";"Santa Cecília (PB)";"Urbana";"1868"
"2513158";"Santa Cecília (PB)";"Rural";"4790"
"2513208";"Santa Cruz (PB)";"Total";"6471"
"2513208";"Santa Cruz (PB)";"Urbana";"2988"
"2513208";"Santa Cruz (PB)";"Rural";"3483"
"2513307";"Santa Helena (PB)";"Total";"5369"
"2513307";"Santa Helena (PB)";"Urbana";"2702"
"2513307";"Santa Helena (PB)";"Rural";"2667"
"2513356";"Santa Inês (PB)";"Total";"3539"
"2513356";"Santa Inês (PB)";"Urbana";"1430"
"2513356";"Santa Inês (PB)";"Rural";"2109"
"2513406";"Santa Luzia (PB)";"Total";"14719"
"2513406";"Santa Luzia (PB)";"Urbana";"13479"
"2513406";"Santa Luzia (PB)";"Rural";"1240"
"2513505";"Santana de Mangueira (PB)";"Total";"5331"
"2513505";"Santana de Mangueira (PB)";"Urbana";"2231"
"2513505";"Santana de Mangueira (PB)";"Rural";"3100"
"2513604";"Santana dos Garrotes (PB)";"Total";"7266"
"2513604";"Santana dos Garrotes (PB)";"Urbana";"3736"
"2513604";"Santana dos Garrotes (PB)";"Rural";"3530"
"2513653";"Joca Claudino (PB)";"Total";"2615"
"2513653";"Joca Claudino (PB)";"Urbana";"840"
"2513653";"Joca Claudino (PB)";"Rural";"1775"
"2513703";"Santa Rita (PB)";"Total";"120310"
"2513703";"Santa Rita (PB)";"Urbana";"103717"
"2513703";"Santa Rita (PB)";"Rural";"16593"
"2513802";"Santa Teresinha (PB)";"Total";"4581"
"2513802";"Santa Teresinha (PB)";"Urbana";"2208"
"2513802";"Santa Teresinha (PB)";"Rural";"2373"
"2513851";"Santo André (PB)";"Total";"2638"
"2513851";"Santo André (PB)";"Urbana";"865"
"2513851";"Santo André (PB)";"Rural";"1773"
"2513901";"São Bento (PB)";"Total";"30879"
"2513901";"São Bento (PB)";"Urbana";"25040"
"2513901";"São Bento (PB)";"Rural";"5839"
"2513927";"São Bentinho (PB)";"Total";"4138"
"2513927";"São Bentinho (PB)";"Urbana";"2845"
"2513927";"São Bentinho (PB)";"Rural";"1293"
"2513943";"São Domingos do Cariri (PB)";"Total";"2420"
"2513943";"São Domingos do Cariri (PB)";"Urbana";"1034"
"2513943";"São Domingos do Cariri (PB)";"Rural";"1386"
"2513968";"São Domingos (PB)";"Total";"2855"
"2513968";"São Domingos (PB)";"Urbana";"994"
"2513968";"São Domingos (PB)";"Rural";"1861"
"2513984";"São Francisco (PB)";"Total";"3364"
"2513984";"São Francisco (PB)";"Urbana";"1363"
"2513984";"São Francisco (PB)";"Rural";"2001"
"2514008";"São João do Cariri (PB)";"Total";"4344"
"2514008";"São João do Cariri (PB)";"Urbana";"2347"
"2514008";"São João do Cariri (PB)";"Rural";"1997"
"2514107";"São João do Tigre (PB)";"Total";"4396"
"2514107";"São João do Tigre (PB)";"Urbana";"1529"
"2514107";"São João do Tigre (PB)";"Rural";"2867"
"2514206";"São José da Lagoa Tapada (PB)";"Total";"7564"
"2514206";"São José da Lagoa Tapada (PB)";"Urbana";"3315"
"2514206";"São José da Lagoa Tapada (PB)";"Rural";"4249"
"2514305";"São José de Caiana (PB)";"Total";"6010"
"2514305";"São José de Caiana (PB)";"Urbana";"2729"
"2514305";"São José de Caiana (PB)";"Rural";"3281"
"2514404";"São José de Espinharas (PB)";"Total";"4760"
"2514404";"São José de Espinharas (PB)";"Urbana";"1617"
"2514404";"São José de Espinharas (PB)";"Rural";"3143"
"2514453";"São José dos Ramos (PB)";"Total";"5508"
"2514453";"São José dos Ramos (PB)";"Urbana";"2373"
"2514453";"São José dos Ramos (PB)";"Rural";"3135"
"2514503";"São José de Piranhas (PB)";"Total";"19096"
"2514503";"São José de Piranhas (PB)";"Urbana";"10795"
"2514503";"São José de Piranhas (PB)";"Rural";"8301"
"2514552";"São José de Princesa (PB)";"Total";"4219"
"2514552";"São José de Princesa (PB)";"Urbana";"695"
"2514552";"São José de Princesa (PB)";"Rural";"3524"
"2514602";"São José do Bonfim (PB)";"Total";"3233"
"2514602";"São José do Bonfim (PB)";"Urbana";"1361"
"2514602";"São José do Bonfim (PB)";"Rural";"1872"
"2514651";"São José do Brejo do Cruz (PB)";"Total";"1684"
"2514651";"São José do Brejo do Cruz (PB)";"Urbana";"958"
"2514651";"São José do Brejo do Cruz (PB)";"Rural";"726"
"2514701";"São José do Sabugi (PB)";"Total";"4010"
"2514701";"São José do Sabugi (PB)";"Urbana";"2579"
"2514701";"São José do Sabugi (PB)";"Rural";"1431"
"2514800";"São José dos Cordeiros (PB)";"Total";"3985"
"2514800";"São José dos Cordeiros (PB)";"Urbana";"1643"
"2514800";"São José dos Cordeiros (PB)";"Rural";"2342"
"2514909";"São Mamede (PB)";"Total";"7748"
"2514909";"São Mamede (PB)";"Urbana";"5929"
"2514909";"São Mamede (PB)";"Rural";"1819"
"2515005";"São Miguel de Taipu (PB)";"Total";"6696"
"2515005";"São Miguel de Taipu (PB)";"Urbana";"2977"
"2515005";"São Miguel de Taipu (PB)";"Rural";"3719"
"2515104";"São Sebastião de Lagoa de Roça (PB)";"Total";"11041"
"2515104";"São Sebastião de Lagoa de Roça (PB)";"Urbana";"4659"
"2515104";"São Sebastião de Lagoa de Roça (PB)";"Rural";"6382"
"2515203";"São Sebastião do Umbuzeiro (PB)";"Total";"3235"
"2515203";"São Sebastião do Umbuzeiro (PB)";"Urbana";"2097"
"2515203";"São Sebastião do Umbuzeiro (PB)";"Rural";"1138"
"2515302";"Sapé (PB)";"Total";"50143"
"2515302";"Sapé (PB)";"Urbana";"38141"
"2515302";"Sapé (PB)";"Rural";"12002"
"2515401";"São Vicente do Seridó (PB)";"Total";"10230"
"2515401";"São Vicente do Seridó (PB)";"Urbana";"4597"
"2515401";"São Vicente do Seridó (PB)";"Rural";"5633"
"2515500";"Serra Branca (PB)";"Total";"12973"
"2515500";"Serra Branca (PB)";"Urbana";"8418"
"2515500";"Serra Branca (PB)";"Rural";"4555"
"2515609";"Serra da Raiz (PB)";"Total";"3204"
"2515609";"Serra da Raiz (PB)";"Urbana";"2135"
"2515609";"Serra da Raiz (PB)";"Rural";"1069"
"2515708";"Serra Grande (PB)";"Total";"2975"
"2515708";"Serra Grande (PB)";"Urbana";"1776"
"2515708";"Serra Grande (PB)";"Rural";"1199"
"2515807";"Serra Redonda (PB)";"Total";"7050"
"2515807";"Serra Redonda (PB)";"Urbana";"3608"
"2515807";"Serra Redonda (PB)";"Rural";"3442"
"2515906";"Serraria (PB)";"Total";"6238"
"2515906";"Serraria (PB)";"Urbana";"3467"
"2515906";"Serraria (PB)";"Rural";"2771"
"2515930";"Sertãozinho (PB)";"Total";"4395"
"2515930";"Sertãozinho (PB)";"Urbana";"3215"
"2515930";"Sertãozinho (PB)";"Rural";"1180"
"2515971";"Sobrado (PB)";"Total";"7373"
"2515971";"Sobrado (PB)";"Urbana";"883"
"2515971";"Sobrado (PB)";"Rural";"6490"
"2516003";"Solânea (PB)";"Total";"26693"
"2516003";"Solânea (PB)";"Urbana";"19332"
"2516003";"Solânea (PB)";"Rural";"7361"
"2516102";"Soledade (PB)";"Total";"13739"
"2516102";"Soledade (PB)";"Urbana";"10231"
"2516102";"Soledade (PB)";"Rural";"3508"
"2516151";"Sossêgo (PB)";"Total";"3169"
"2516151";"Sossêgo (PB)";"Urbana";"1582"
"2516151";"Sossêgo (PB)";"Rural";"1587"
"2516201";"Sousa (PB)";"Total";"65803"
"2516201";"Sousa (PB)";"Urbana";"51881"
"2516201";"Sousa (PB)";"Rural";"13922"
"2516300";"Sumé (PB)";"Total";"16060"
"2516300";"Sumé (PB)";"Urbana";"12236"
"2516300";"Sumé (PB)";"Rural";"3824"
"2516409";"Tacima (PB)";"Total";"10262"
"2516409";"Tacima (PB)";"Urbana";"4368"
"2516409";"Tacima (PB)";"Rural";"5894"
"2516508";"Taperoá (PB)";"Total";"14936"
"2516508";"Taperoá (PB)";"Urbana";"8939"
"2516508";"Taperoá (PB)";"Rural";"5997"
"2516607";"Tavares (PB)";"Total";"14103"
"2516607";"Tavares (PB)";"Urbana";"6616"
"2516607";"Tavares (PB)";"Rural";"7487"
"2516706";"Teixeira (PB)";"Total";"14153"
"2516706";"Teixeira (PB)";"Urbana";"9631"
"2516706";"Teixeira (PB)";"Rural";"4522"
"2516755";"Tenório (PB)";"Total";"2813"
"2516755";"Tenório (PB)";"Urbana";"1673"
"2516755";"Tenório (PB)";"Rural";"1140"
"2516805";"Triunfo (PB)";"Total";"9220"
"2516805";"Triunfo (PB)";"Urbana";"4309"
"2516805";"Triunfo (PB)";"Rural";"4911"
"2516904";"Uiraúna (PB)";"Total";"14584"
"2516904";"Uiraúna (PB)";"Urbana";"10349"
"2516904";"Uiraúna (PB)";"Rural";"4235"
"2517001";"Umbuzeiro (PB)";"Total";"9298"
"2517001";"Umbuzeiro (PB)";"Urbana";"3986"
"2517001";"Umbuzeiro (PB)";"Rural";"5312"
"2517100";"Várzea (PB)";"Total";"2504"
"2517100";"Várzea (PB)";"Urbana";"1835"
"2517100";"Várzea (PB)";"Rural";"669"
"2517209";"Vieirópolis (PB)";"Total";"5045"
"2517209";"Vieirópolis (PB)";"Urbana";"996"
"2517209";"Vieirópolis (PB)";"Rural";"4049"
"2517407";"Zabelê (PB)";"Total";"2075"
"2517407";"Zabelê (PB)";"Urbana";"1472"
"2517407";"Zabelê (PB)";"Rural";"603"
"2600054";"Abreu e Lima (PE)";"Total";"94429"
"2600054";"Abreu e Lima (PE)";"Urbana";"86625"
"2600054";"Abreu e Lima (PE)";"Rural";"7804"
"2600104";"Afogados da Ingazeira (PE)";"Total";"35088"
"2600104";"Afogados da Ingazeira (PE)";"Urbana";"27402"
"2600104";"Afogados da Ingazeira (PE)";"Rural";"7686"
"2600203";"Afrânio (PE)";"Total";"17586"
"2600203";"Afrânio (PE)";"Urbana";"5861"
"2600203";"Afrânio (PE)";"Rural";"11725"
"2600302";"Agrestina (PE)";"Total";"22679"
"2600302";"Agrestina (PE)";"Urbana";"16957"
"2600302";"Agrestina (PE)";"Rural";"5722"
"2600401";"Água Preta (PE)";"Total";"33095"
"2600401";"Água Preta (PE)";"Urbana";"18750"
"2600401";"Água Preta (PE)";"Rural";"14345"
"2600500";"Águas Belas (PE)";"Total";"40235"
"2600500";"Águas Belas (PE)";"Urbana";"24564"
"2600500";"Águas Belas (PE)";"Rural";"15671"
"2600609";"Alagoinha (PE)";"Total";"13759"
"2600609";"Alagoinha (PE)";"Urbana";"7769"
"2600609";"Alagoinha (PE)";"Rural";"5990"
"2600708";"Aliança (PE)";"Total";"37415"
"2600708";"Aliança (PE)";"Urbana";"20247"
"2600708";"Aliança (PE)";"Rural";"17168"
"2600807";"Altinho (PE)";"Total";"22353"
"2600807";"Altinho (PE)";"Urbana";"12776"
"2600807";"Altinho (PE)";"Rural";"9577"
"2600906";"Amaraji (PE)";"Total";"21939"
"2600906";"Amaraji (PE)";"Urbana";"16045"
"2600906";"Amaraji (PE)";"Rural";"5894"
"2601003";"Angelim (PE)";"Total";"10202"
"2601003";"Angelim (PE)";"Urbana";"6087"
"2601003";"Angelim (PE)";"Rural";"4115"
"2601052";"Araçoiaba (PE)";"Total";"18156"
"2601052";"Araçoiaba (PE)";"Urbana";"15268"
"2601052";"Araçoiaba (PE)";"Rural";"2888"
"2601102";"Araripina (PE)";"Total";"77302"
"2601102";"Araripina (PE)";"Urbana";"46908"
"2601102";"Araripina (PE)";"Rural";"30394"
"2601201";"Arcoverde (PE)";"Total";"68793"
"2601201";"Arcoverde (PE)";"Urbana";"62668"
"2601201";"Arcoverde (PE)";"Rural";"6125"
"2601300";"Barra de Guabiraba (PE)";"Total";"12776"
"2601300";"Barra de Guabiraba (PE)";"Urbana";"11390"
"2601300";"Barra de Guabiraba (PE)";"Rural";"1386"
"2601409";"Barreiros (PE)";"Total";"40732"
"2601409";"Barreiros (PE)";"Urbana";"33982"
"2601409";"Barreiros (PE)";"Rural";"6750"
"2601508";"Belém de Maria (PE)";"Total";"11353"
"2601508";"Belém de Maria (PE)";"Urbana";"7991"
"2601508";"Belém de Maria (PE)";"Rural";"3362"
"2601607";"Belém do São Francisco (PE)";"Total";"20253"
"2601607";"Belém do São Francisco (PE)";"Urbana";"12582"
"2601607";"Belém do São Francisco (PE)";"Rural";"7671"
"2601706";"Belo Jardim (PE)";"Total";"72432"
"2601706";"Belo Jardim (PE)";"Urbana";"58233"
"2601706";"Belo Jardim (PE)";"Rural";"14199"
"2601805";"Betânia (PE)";"Total";"12003"
"2601805";"Betânia (PE)";"Urbana";"3712"
"2601805";"Betânia (PE)";"Rural";"8291"
"2601904";"Bezerros (PE)";"Total";"58668"
"2601904";"Bezerros (PE)";"Urbana";"49740"
"2601904";"Bezerros (PE)";"Rural";"8928"
"2602001";"Bodocó (PE)";"Total";"35158"
"2602001";"Bodocó (PE)";"Urbana";"12824"
"2602001";"Bodocó (PE)";"Rural";"22334"
"2602100";"Bom Conselho (PE)";"Total";"45503"
"2602100";"Bom Conselho (PE)";"Urbana";"29779"
"2602100";"Bom Conselho (PE)";"Rural";"15724"
"2602209";"Bom Jardim (PE)";"Total";"37826"
"2602209";"Bom Jardim (PE)";"Urbana";"15195"
"2602209";"Bom Jardim (PE)";"Rural";"22631"
"2602308";"Bonito (PE)";"Total";"37566"
"2602308";"Bonito (PE)";"Urbana";"26208"
"2602308";"Bonito (PE)";"Rural";"11358"
"2602407";"Brejão (PE)";"Total";"8844"
"2602407";"Brejão (PE)";"Urbana";"3564"
"2602407";"Brejão (PE)";"Rural";"5280"
"2602506";"Brejinho (PE)";"Total";"7307"
"2602506";"Brejinho (PE)";"Urbana";"3386"
"2602506";"Brejinho (PE)";"Rural";"3921"
"2602605";"Brejo da Madre de Deus (PE)";"Total";"45180"
"2602605";"Brejo da Madre de Deus (PE)";"Urbana";"35124"
"2602605";"Brejo da Madre de Deus (PE)";"Rural";"10056"
"2602704";"Buenos Aires (PE)";"Total";"12537"
"2602704";"Buenos Aires (PE)";"Urbana";"7917"
"2602704";"Buenos Aires (PE)";"Rural";"4620"
"2602803";"Buíque (PE)";"Total";"52105"
"2602803";"Buíque (PE)";"Urbana";"21195"
"2602803";"Buíque (PE)";"Rural";"30910"
"2602902";"Cabo de Santo Agostinho (PE)";"Total";"185025"
"2602902";"Cabo de Santo Agostinho (PE)";"Urbana";"167783"
"2602902";"Cabo de Santo Agostinho (PE)";"Rural";"17242"
"2603009";"Cabrobó (PE)";"Total";"30873"
"2603009";"Cabrobó (PE)";"Urbana";"19798"
"2603009";"Cabrobó (PE)";"Rural";"11075"
"2603108";"Cachoeirinha (PE)";"Total";"18819"
"2603108";"Cachoeirinha (PE)";"Urbana";"15205"
"2603108";"Cachoeirinha (PE)";"Rural";"3614"
"2603207";"Caetés (PE)";"Total";"26577"
"2603207";"Caetés (PE)";"Urbana";"7520"
"2603207";"Caetés (PE)";"Rural";"19057"
"2603306";"Calçado (PE)";"Total";"11125"
"2603306";"Calçado (PE)";"Urbana";"3810"
"2603306";"Calçado (PE)";"Rural";"7315"
"2603405";"Calumbi (PE)";"Total";"5648"
"2603405";"Calumbi (PE)";"Urbana";"2180"
"2603405";"Calumbi (PE)";"Rural";"3468"
"2603454";"Camaragibe (PE)";"Total";"144466"
"2603454";"Camaragibe (PE)";"Urbana";"144466"
"2603454";"Camaragibe (PE)";"Rural";"-"
"2603504";"Camocim de São Félix (PE)";"Total";"17104"
"2603504";"Camocim de São Félix (PE)";"Urbana";"14327"
"2603504";"Camocim de São Félix (PE)";"Rural";"2777"
"2603603";"Camutanga (PE)";"Total";"8156"
"2603603";"Camutanga (PE)";"Urbana";"6534"
"2603603";"Camutanga (PE)";"Rural";"1622"
"2603702";"Canhotinho (PE)";"Total";"24521"
"2603702";"Canhotinho (PE)";"Urbana";"14106"
"2603702";"Canhotinho (PE)";"Rural";"10415"
"2603801";"Capoeiras (PE)";"Total";"19593"
"2603801";"Capoeiras (PE)";"Urbana";"6263"
"2603801";"Capoeiras (PE)";"Rural";"13330"
"2603900";"Carnaíba (PE)";"Total";"18574"
"2603900";"Carnaíba (PE)";"Urbana";"7624"
"2603900";"Carnaíba (PE)";"Rural";"10950"
"2603926";"Carnaubeira da Penha (PE)";"Total";"11782"
"2603926";"Carnaubeira da Penha (PE)";"Urbana";"1982"
"2603926";"Carnaubeira da Penha (PE)";"Rural";"9800"
"2604007";"Carpina (PE)";"Total";"74858"
"2604007";"Carpina (PE)";"Urbana";"72056"
"2604007";"Carpina (PE)";"Rural";"2802"
"2604106";"Caruaru (PE)";"Total";"314912"
"2604106";"Caruaru (PE)";"Urbana";"279589"
"2604106";"Caruaru (PE)";"Rural";"35323"
"2604155";"Casinhas (PE)";"Total";"13766"
"2604155";"Casinhas (PE)";"Urbana";"1704"
"2604155";"Casinhas (PE)";"Rural";"12062"
"2604205";"Catende (PE)";"Total";"37820"
"2604205";"Catende (PE)";"Urbana";"28861"
"2604205";"Catende (PE)";"Rural";"8959"
"2604304";"Cedro (PE)";"Total";"10778"
"2604304";"Cedro (PE)";"Urbana";"6291"
"2604304";"Cedro (PE)";"Rural";"4487"
"2604403";"Chã de Alegria (PE)";"Total";"12404"
"2604403";"Chã de Alegria (PE)";"Urbana";"9565"
"2604403";"Chã de Alegria (PE)";"Rural";"2839"
"2604502";"Chã Grande (PE)";"Total";"20137"
"2604502";"Chã Grande (PE)";"Urbana";"13692"
"2604502";"Chã Grande (PE)";"Rural";"6445"
"2604601";"Condado (PE)";"Total";"24282"
"2604601";"Condado (PE)";"Urbana";"22637"
"2604601";"Condado (PE)";"Rural";"1645"
"2604700";"Correntes (PE)";"Total";"17419"
"2604700";"Correntes (PE)";"Urbana";"10329"
"2604700";"Correntes (PE)";"Rural";"7090"
"2604809";"Cortês (PE)";"Total";"12452"
"2604809";"Cortês (PE)";"Urbana";"7901"
"2604809";"Cortês (PE)";"Rural";"4551"
"2604908";"Cumaru (PE)";"Total";"17183"
"2604908";"Cumaru (PE)";"Urbana";"8039"
"2604908";"Cumaru (PE)";"Rural";"9144"
"2605004";"Cupira (PE)";"Total";"23390"
"2605004";"Cupira (PE)";"Urbana";"20787"
"2605004";"Cupira (PE)";"Rural";"2603"
"2605103";"Custódia (PE)";"Total";"33855"
"2605103";"Custódia (PE)";"Urbana";"21716"
"2605103";"Custódia (PE)";"Rural";"12139"
"2605152";"Dormentes (PE)";"Total";"16917"
"2605152";"Dormentes (PE)";"Urbana";"6004"
"2605152";"Dormentes (PE)";"Rural";"10913"
"2605202";"Escada (PE)";"Total";"63517"
"2605202";"Escada (PE)";"Urbana";"53964"
"2605202";"Escada (PE)";"Rural";"9553"
"2605301";"Exu (PE)";"Total";"31636"
"2605301";"Exu (PE)";"Urbana";"16303"
"2605301";"Exu (PE)";"Rural";"15333"
"2605400";"Feira Nova (PE)";"Total";"20571"
"2605400";"Feira Nova (PE)";"Urbana";"16313"
"2605400";"Feira Nova (PE)";"Rural";"4258"
"2605459";"Fernando de Noronha (PE)";"Total";"2630"
"2605459";"Fernando de Noronha (PE)";"Urbana";"2630"
"2605459";"Fernando de Noronha (PE)";"Rural";"-"
"2605509";"Ferreiros (PE)";"Total";"11430"
"2605509";"Ferreiros (PE)";"Urbana";"9162"
"2605509";"Ferreiros (PE)";"Rural";"2268"
"2605608";"Flores (PE)";"Total";"22169"
"2605608";"Flores (PE)";"Urbana";"9364"
"2605608";"Flores (PE)";"Rural";"12805"
"2605707";"Floresta (PE)";"Total";"29285"
"2605707";"Floresta (PE)";"Urbana";"19973"
"2605707";"Floresta (PE)";"Rural";"9312"
"2605806";"Frei Miguelinho (PE)";"Total";"14293"
"2605806";"Frei Miguelinho (PE)";"Urbana";"3389"
"2605806";"Frei Miguelinho (PE)";"Rural";"10904"
"2605905";"Gameleira (PE)";"Total";"27912"
"2605905";"Gameleira (PE)";"Urbana";"19504"
"2605905";"Gameleira (PE)";"Rural";"8408"
"2606002";"Garanhuns (PE)";"Total";"129408"
"2606002";"Garanhuns (PE)";"Urbana";"115356"
"2606002";"Garanhuns (PE)";"Rural";"14052"
"2606101";"Glória do Goitá (PE)";"Total";"29019"
"2606101";"Glória do Goitá (PE)";"Urbana";"15434"
"2606101";"Glória do Goitá (PE)";"Rural";"13585"
"2606200";"Goiana (PE)";"Total";"75644"
"2606200";"Goiana (PE)";"Urbana";"58025"
"2606200";"Goiana (PE)";"Rural";"17619"
"2606309";"Granito (PE)";"Total";"6855"
"2606309";"Granito (PE)";"Urbana";"3178"
"2606309";"Granito (PE)";"Rural";"3677"
"2606408";"Gravatá (PE)";"Total";"76458"
"2606408";"Gravatá (PE)";"Urbana";"68385"
"2606408";"Gravatá (PE)";"Rural";"8073"
"2606507";"Iati (PE)";"Total";"18360"
"2606507";"Iati (PE)";"Urbana";"7718"
"2606507";"Iati (PE)";"Rural";"10642"
"2606606";"Ibimirim (PE)";"Total";"26954"
"2606606";"Ibimirim (PE)";"Urbana";"14895"
"2606606";"Ibimirim (PE)";"Rural";"12059"
"2606705";"Ibirajuba (PE)";"Total";"7534"
"2606705";"Ibirajuba (PE)";"Urbana";"3140"
"2606705";"Ibirajuba (PE)";"Rural";"4394"
"2606804";"Igarassu (PE)";"Total";"102021"
"2606804";"Igarassu (PE)";"Urbana";"93931"
"2606804";"Igarassu (PE)";"Rural";"8090"
"2606903";"Iguaracy (PE)";"Total";"11779"
"2606903";"Iguaracy (PE)";"Urbana";"6110"
"2606903";"Iguaracy (PE)";"Rural";"5669"
"2607000";"Inajá (PE)";"Total";"19081"
"2607000";"Inajá (PE)";"Urbana";"7958"
"2607000";"Inajá (PE)";"Rural";"11123"
"2607109";"Ingazeira (PE)";"Total";"4496"
"2607109";"Ingazeira (PE)";"Urbana";"2456"
"2607109";"Ingazeira (PE)";"Rural";"2040"
"2607208";"Ipojuca (PE)";"Total";"80637"
"2607208";"Ipojuca (PE)";"Urbana";"59719"
"2607208";"Ipojuca (PE)";"Rural";"20918"
"2607307";"Ipubi (PE)";"Total";"28120"
"2607307";"Ipubi (PE)";"Urbana";"17278"
"2607307";"Ipubi (PE)";"Rural";"10842"
"2607406";"Itacuruba (PE)";"Total";"4369"
"2607406";"Itacuruba (PE)";"Urbana";"3708"
"2607406";"Itacuruba (PE)";"Rural";"661"
"2607505";"Itaíba (PE)";"Total";"26256"
"2607505";"Itaíba (PE)";"Urbana";"9688"
"2607505";"Itaíba (PE)";"Rural";"16568"
"2607604";"Ilha de Itamaracá (PE)";"Total";"21884"
"2607604";"Ilha de Itamaracá (PE)";"Urbana";"16993"
"2607604";"Ilha de Itamaracá (PE)";"Rural";"4891"
"2607653";"Itambé (PE)";"Total";"35398"
"2607653";"Itambé (PE)";"Urbana";"29424"
"2607653";"Itambé (PE)";"Rural";"5974"
"2607703";"Itapetim (PE)";"Total";"13881"
"2607703";"Itapetim (PE)";"Urbana";"8426"
"2607703";"Itapetim (PE)";"Rural";"5455"
"2607752";"Itapissuma (PE)";"Total";"23769"
"2607752";"Itapissuma (PE)";"Urbana";"18320"
"2607752";"Itapissuma (PE)";"Rural";"5449"
"2607802";"Itaquitinga (PE)";"Total";"15692"
"2607802";"Itaquitinga (PE)";"Urbana";"12064"
"2607802";"Itaquitinga (PE)";"Rural";"3628"
"2607901";"Jaboatão dos Guararapes (PE)";"Total";"644620"
"2607901";"Jaboatão dos Guararapes (PE)";"Urbana";"630595"
"2607901";"Jaboatão dos Guararapes (PE)";"Rural";"14025"
"2607950";"Jaqueira (PE)";"Total";"11501"
"2607950";"Jaqueira (PE)";"Urbana";"7082"
"2607950";"Jaqueira (PE)";"Rural";"4419"
"2608008";"Jataúba (PE)";"Total";"15819"
"2608008";"Jataúba (PE)";"Urbana";"9184"
"2608008";"Jataúba (PE)";"Rural";"6635"
"2608057";"Jatobá (PE)";"Total";"13963"
"2608057";"Jatobá (PE)";"Urbana";"6082"
"2608057";"Jatobá (PE)";"Rural";"7881"
"2608107";"João Alfredo (PE)";"Total";"30743"
"2608107";"João Alfredo (PE)";"Urbana";"15020"
"2608107";"João Alfredo (PE)";"Rural";"15723"
"2608206";"Joaquim Nabuco (PE)";"Total";"15773"
"2608206";"Joaquim Nabuco (PE)";"Urbana";"11504"
"2608206";"Joaquim Nabuco (PE)";"Rural";"4269"
"2608255";"Jucati (PE)";"Total";"10604"
"2608255";"Jucati (PE)";"Urbana";"2828"
"2608255";"Jucati (PE)";"Rural";"7776"
"2608305";"Jupi (PE)";"Total";"13705"
"2608305";"Jupi (PE)";"Urbana";"8356"
"2608305";"Jupi (PE)";"Rural";"5349"
"2608404";"Jurema (PE)";"Total";"14541"
"2608404";"Jurema (PE)";"Urbana";"8753"
"2608404";"Jurema (PE)";"Rural";"5788"
"2608453";"Lagoa do Carro (PE)";"Total";"16007"
"2608453";"Lagoa do Carro (PE)";"Urbana";"11632"
"2608453";"Lagoa do Carro (PE)";"Rural";"4375"
"2608503";"Lagoa de Itaenga (PE)";"Total";"20659"
"2608503";"Lagoa de Itaenga (PE)";"Urbana";"17118"
"2608503";"Lagoa de Itaenga (PE)";"Rural";"3541"
"2608602";"Lagoa do Ouro (PE)";"Total";"12132"
"2608602";"Lagoa do Ouro (PE)";"Urbana";"6029"
"2608602";"Lagoa do Ouro (PE)";"Rural";"6103"
"2608701";"Lagoa dos Gatos (PE)";"Total";"15615"
"2608701";"Lagoa dos Gatos (PE)";"Urbana";"8641"
"2608701";"Lagoa dos Gatos (PE)";"Rural";"6974"
"2608750";"Lagoa Grande (PE)";"Total";"22760"
"2608750";"Lagoa Grande (PE)";"Urbana";"10416"
"2608750";"Lagoa Grande (PE)";"Rural";"12344"
"2608800";"Lajedo (PE)";"Total";"36628"
"2608800";"Lajedo (PE)";"Urbana";"26395"
"2608800";"Lajedo (PE)";"Rural";"10233"
"2608909";"Limoeiro (PE)";"Total";"55439"
"2608909";"Limoeiro (PE)";"Urbana";"44560"
"2608909";"Limoeiro (PE)";"Rural";"10879"
"2609006";"Macaparana (PE)";"Total";"23925"
"2609006";"Macaparana (PE)";"Urbana";"14833"
"2609006";"Macaparana (PE)";"Rural";"9092"
"2609105";"Machados (PE)";"Total";"13596"
"2609105";"Machados (PE)";"Urbana";"8454"
"2609105";"Machados (PE)";"Rural";"5142"
"2609154";"Manari (PE)";"Total";"18083"
"2609154";"Manari (PE)";"Urbana";"3818"
"2609154";"Manari (PE)";"Rural";"14265"
"2609204";"Maraial (PE)";"Total";"12230"
"2609204";"Maraial (PE)";"Urbana";"8559"
"2609204";"Maraial (PE)";"Rural";"3671"
"2609303";"Mirandiba (PE)";"Total";"14308"
"2609303";"Mirandiba (PE)";"Urbana";"7141"
"2609303";"Mirandiba (PE)";"Rural";"7167"
"2609402";"Moreno (PE)";"Total";"56696"
"2609402";"Moreno (PE)";"Urbana";"50197"
"2609402";"Moreno (PE)";"Rural";"6499"
"2609501";"Nazaré da Mata (PE)";"Total";"30796"
"2609501";"Nazaré da Mata (PE)";"Urbana";"27182"
"2609501";"Nazaré da Mata (PE)";"Rural";"3614"
"2609600";"Olinda (PE)";"Total";"377779"
"2609600";"Olinda (PE)";"Urbana";"370332"
"2609600";"Olinda (PE)";"Rural";"7447"
"2609709";"Orobó (PE)";"Total";"22878"
"2609709";"Orobó (PE)";"Urbana";"8233"
"2609709";"Orobó (PE)";"Rural";"14645"
"2609808";"Orocó (PE)";"Total";"13180"
"2609808";"Orocó (PE)";"Urbana";"4617"
"2609808";"Orocó (PE)";"Rural";"8563"
"2609907";"Ouricuri (PE)";"Total";"64358"
"2609907";"Ouricuri (PE)";"Urbana";"32596"
"2609907";"Ouricuri (PE)";"Rural";"31762"
"2610004";"Palmares (PE)";"Total";"59526"
"2610004";"Palmares (PE)";"Urbana";"46886"
"2610004";"Palmares (PE)";"Rural";"12640"
"2610103";"Palmeirina (PE)";"Total";"8189"
"2610103";"Palmeirina (PE)";"Urbana";"5178"
"2610103";"Palmeirina (PE)";"Rural";"3011"
"2610202";"Panelas (PE)";"Total";"25645"
"2610202";"Panelas (PE)";"Urbana";"13964"
"2610202";"Panelas (PE)";"Rural";"11681"
"2610301";"Paranatama (PE)";"Total";"11001"
"2610301";"Paranatama (PE)";"Urbana";"2241"
"2610301";"Paranatama (PE)";"Rural";"8760"
"2610400";"Parnamirim (PE)";"Total";"20224"
"2610400";"Parnamirim (PE)";"Urbana";"8377"
"2610400";"Parnamirim (PE)";"Rural";"11847"
"2610509";"Passira (PE)";"Total";"28628"
"2610509";"Passira (PE)";"Urbana";"13945"
"2610509";"Passira (PE)";"Rural";"14683"
"2610608";"Paudalho (PE)";"Total";"51357"
"2610608";"Paudalho (PE)";"Urbana";"36332"
"2610608";"Paudalho (PE)";"Rural";"15025"
"2610707";"Paulista (PE)";"Total";"300466"
"2610707";"Paulista (PE)";"Urbana";"300466"
"2610707";"Paulista (PE)";"Rural";"-"
"2610806";"Pedra (PE)";"Total";"20944"
"2610806";"Pedra (PE)";"Urbana";"11998"
"2610806";"Pedra (PE)";"Rural";"8946"
"2610905";"Pesqueira (PE)";"Total";"62931"
"2610905";"Pesqueira (PE)";"Urbana";"45126"
"2610905";"Pesqueira (PE)";"Rural";"17805"
"2611002";"Petrolândia (PE)";"Total";"32492"
"2611002";"Petrolândia (PE)";"Urbana";"23621"
"2611002";"Petrolândia (PE)";"Rural";"8871"
"2611101";"Petrolina (PE)";"Total";"293962"
"2611101";"Petrolina (PE)";"Urbana";"219215"
"2611101";"Petrolina (PE)";"Rural";"74747"
"2611200";"Poção (PE)";"Total";"11242"
"2611200";"Poção (PE)";"Urbana";"6988"
"2611200";"Poção (PE)";"Rural";"4254"
"2611309";"Pombos (PE)";"Total";"24046"
"2611309";"Pombos (PE)";"Urbana";"16011"
"2611309";"Pombos (PE)";"Rural";"8035"
"2611408";"Primavera (PE)";"Total";"13439"
"2611408";"Primavera (PE)";"Urbana";"8579"
"2611408";"Primavera (PE)";"Rural";"4860"
"2611507";"Quipapá (PE)";"Total";"24186"
"2611507";"Quipapá (PE)";"Urbana";"11813"
"2611507";"Quipapá (PE)";"Rural";"12373"
"2611533";"Quixaba (PE)";"Total";"6739"
"2611533";"Quixaba (PE)";"Urbana";"2495"
"2611533";"Quixaba (PE)";"Rural";"4244"
"2611606";"Recife (PE)";"Total";"1537704"
"2611606";"Recife (PE)";"Urbana";"1537704"
"2611606";"Recife (PE)";"Rural";"-"
"2611705";"Riacho das Almas (PE)";"Total";"19162"
"2611705";"Riacho das Almas (PE)";"Urbana";"8762"
"2611705";"Riacho das Almas (PE)";"Rural";"10400"
"2611804";"Ribeirão (PE)";"Total";"44439"
"2611804";"Ribeirão (PE)";"Urbana";"34003"
"2611804";"Ribeirão (PE)";"Rural";"10436"
"2611903";"Rio Formoso (PE)";"Total";"22151"
"2611903";"Rio Formoso (PE)";"Urbana";"13373"
"2611903";"Rio Formoso (PE)";"Rural";"8778"
"2612000";"Sairé (PE)";"Total";"11240"
"2612000";"Sairé (PE)";"Urbana";"6305"
"2612000";"Sairé (PE)";"Rural";"4935"
"2612109";"Salgadinho (PE)";"Total";"9312"
"2612109";"Salgadinho (PE)";"Urbana";"3062"
"2612109";"Salgadinho (PE)";"Rural";"6250"
"2612208";"Salgueiro (PE)";"Total";"56629"
"2612208";"Salgueiro (PE)";"Urbana";"45713"
"2612208";"Salgueiro (PE)";"Rural";"10916"
"2612307";"Saloá (PE)";"Total";"15309"
"2612307";"Saloá (PE)";"Urbana";"7668"
"2612307";"Saloá (PE)";"Rural";"7641"
"2612406";"Sanharó (PE)";"Total";"21955"
"2612406";"Sanharó (PE)";"Urbana";"12500"
"2612406";"Sanharó (PE)";"Rural";"9455"
"2612455";"Santa Cruz (PE)";"Total";"13594"
"2612455";"Santa Cruz (PE)";"Urbana";"4447"
"2612455";"Santa Cruz (PE)";"Rural";"9147"
"2612471";"Santa Cruz da Baixa Verde (PE)";"Total";"11768"
"2612471";"Santa Cruz da Baixa Verde (PE)";"Urbana";"5277"
"2612471";"Santa Cruz da Baixa Verde (PE)";"Rural";"6491"
"2612505";"Santa Cruz do Capibaribe (PE)";"Total";"87582"
"2612505";"Santa Cruz do Capibaribe (PE)";"Urbana";"85594"
"2612505";"Santa Cruz do Capibaribe (PE)";"Rural";"1988"
"2612554";"Santa Filomena (PE)";"Total";"13371"
"2612554";"Santa Filomena (PE)";"Urbana";"2226"
"2612554";"Santa Filomena (PE)";"Rural";"11145"
"2612604";"Santa Maria da Boa Vista (PE)";"Total";"39435"
"2612604";"Santa Maria da Boa Vista (PE)";"Urbana";"14876"
"2612604";"Santa Maria da Boa Vista (PE)";"Rural";"24559"
"2612703";"Santa Maria do Cambucá (PE)";"Total";"13021"
"2612703";"Santa Maria do Cambucá (PE)";"Urbana";"3275"
"2612703";"Santa Maria do Cambucá (PE)";"Rural";"9746"
"2612802";"Santa Terezinha (PE)";"Total";"10991"
"2612802";"Santa Terezinha (PE)";"Urbana";"6876"
"2612802";"Santa Terezinha (PE)";"Rural";"4115"
"2612901";"São Benedito do Sul (PE)";"Total";"13941"
"2612901";"São Benedito do Sul (PE)";"Urbana";"7158"
"2612901";"São Benedito do Sul (PE)";"Rural";"6783"
"2613008";"São Bento do Una (PE)";"Total";"53242"
"2613008";"São Bento do Una (PE)";"Urbana";"27899"
"2613008";"São Bento do Una (PE)";"Rural";"25343"
"2613107";"São Caitano (PE)";"Total";"35274"
"2613107";"São Caitano (PE)";"Urbana";"27079"
"2613107";"São Caitano (PE)";"Rural";"8195"
"2613206";"São João (PE)";"Total";"21312"
"2613206";"São João (PE)";"Urbana";"9656"
"2613206";"São João (PE)";"Rural";"11656"
"2613305";"São Joaquim do Monte (PE)";"Total";"20488"
"2613305";"São Joaquim do Monte (PE)";"Urbana";"14122"
"2613305";"São Joaquim do Monte (PE)";"Rural";"6366"
"2613404";"São José da Coroa Grande (PE)";"Total";"18180"
"2613404";"São José da Coroa Grande (PE)";"Urbana";"13436"
"2613404";"São José da Coroa Grande (PE)";"Rural";"4744"
"2613503";"São José do Belmonte (PE)";"Total";"32617"
"2613503";"São José do Belmonte (PE)";"Urbana";"16168"
"2613503";"São José do Belmonte (PE)";"Rural";"16449"
"2613602";"São José do Egito (PE)";"Total";"31829"
"2613602";"São José do Egito (PE)";"Urbana";"20960"
"2613602";"São José do Egito (PE)";"Rural";"10869"
"2613701";"São Lourenço da Mata (PE)";"Total";"102895"
"2613701";"São Lourenço da Mata (PE)";"Urbana";"96777"
"2613701";"São Lourenço da Mata (PE)";"Rural";"6118"
"2613800";"São Vicente Férrer (PE)";"Total";"17000"
"2613800";"São Vicente Férrer (PE)";"Urbana";"11201"
"2613800";"São Vicente Férrer (PE)";"Rural";"5799"
"2613909";"Serra Talhada (PE)";"Total";"79232"
"2613909";"Serra Talhada (PE)";"Urbana";"61275"
"2613909";"Serra Talhada (PE)";"Rural";"17957"
"2614006";"Serrita (PE)";"Total";"18331"
"2614006";"Serrita (PE)";"Urbana";"6356"
"2614006";"Serrita (PE)";"Rural";"11975"
"2614105";"Sertânia (PE)";"Total";"33787"
"2614105";"Sertânia (PE)";"Urbana";"18557"
"2614105";"Sertânia (PE)";"Rural";"15230"
"2614204";"Sirinhaém (PE)";"Total";"40296"
"2614204";"Sirinhaém (PE)";"Urbana";"21484"
"2614204";"Sirinhaém (PE)";"Rural";"18812"
"2614303";"Moreilândia (PE)";"Total";"11132"
"2614303";"Moreilândia (PE)";"Urbana";"6838"
"2614303";"Moreilândia (PE)";"Rural";"4294"
"2614402";"Solidão (PE)";"Total";"5744"
"2614402";"Solidão (PE)";"Urbana";"1831"
"2614402";"Solidão (PE)";"Rural";"3913"
"2614501";"Surubim (PE)";"Total";"58515"
"2614501";"Surubim (PE)";"Urbana";"44036"
"2614501";"Surubim (PE)";"Rural";"14479"
"2614600";"Tabira (PE)";"Total";"26427"
"2614600";"Tabira (PE)";"Urbana";"19769"
"2614600";"Tabira (PE)";"Rural";"6658"
"2614709";"Tacaimbó (PE)";"Total";"12725"
"2614709";"Tacaimbó (PE)";"Urbana";"7085"
"2614709";"Tacaimbó (PE)";"Rural";"5640"
"2614808";"Tacaratu (PE)";"Total";"22068"
"2614808";"Tacaratu (PE)";"Urbana";"9192"
"2614808";"Tacaratu (PE)";"Rural";"12876"
"2614857";"Tamandaré (PE)";"Total";"20715"
"2614857";"Tamandaré (PE)";"Urbana";"15170"
"2614857";"Tamandaré (PE)";"Rural";"5545"
"2615003";"Taquaritinga do Norte (PE)";"Total";"24903"
"2615003";"Taquaritinga do Norte (PE)";"Urbana";"17961"
"2615003";"Taquaritinga do Norte (PE)";"Rural";"6942"
"2615102";"Terezinha (PE)";"Total";"6737"
"2615102";"Terezinha (PE)";"Urbana";"2860"
"2615102";"Terezinha (PE)";"Rural";"3877"
"2615201";"Terra Nova (PE)";"Total";"9278"
"2615201";"Terra Nova (PE)";"Urbana";"5014"
"2615201";"Terra Nova (PE)";"Rural";"4264"
"2615300";"Timbaúba (PE)";"Total";"53825"
"2615300";"Timbaúba (PE)";"Urbana";"46367"
"2615300";"Timbaúba (PE)";"Rural";"7458"
"2615409";"Toritama (PE)";"Total";"35554"
"2615409";"Toritama (PE)";"Urbana";"34125"
"2615409";"Toritama (PE)";"Rural";"1429"
"2615508";"Tracunhaém (PE)";"Total";"13055"
"2615508";"Tracunhaém (PE)";"Urbana";"10969"
"2615508";"Tracunhaém (PE)";"Rural";"2086"
"2615607";"Trindade (PE)";"Total";"26116"
"2615607";"Trindade (PE)";"Urbana";"22464"
"2615607";"Trindade (PE)";"Rural";"3652"
"2615706";"Triunfo (PE)";"Total";"15006"
"2615706";"Triunfo (PE)";"Urbana";"7944"
"2615706";"Triunfo (PE)";"Rural";"7062"
"2615805";"Tupanatinga (PE)";"Total";"24425"
"2615805";"Tupanatinga (PE)";"Urbana";"8534"
"2615805";"Tupanatinga (PE)";"Rural";"15891"
"2615904";"Tuparetama (PE)";"Total";"7925"
"2615904";"Tuparetama (PE)";"Urbana";"6351"
"2615904";"Tuparetama (PE)";"Rural";"1574"
"2616001";"Venturosa (PE)";"Total";"16052"
"2616001";"Venturosa (PE)";"Urbana";"10343"
"2616001";"Venturosa (PE)";"Rural";"5709"
"2616100";"Verdejante (PE)";"Total";"9142"
"2616100";"Verdejante (PE)";"Urbana";"2692"
"2616100";"Verdejante (PE)";"Rural";"6450"
"2616183";"Vertente do Lério (PE)";"Total";"7873"
"2616183";"Vertente do Lério (PE)";"Urbana";"1813"
"2616183";"Vertente do Lério (PE)";"Rural";"6060"
"2616209";"Vertentes (PE)";"Total";"18222"
"2616209";"Vertentes (PE)";"Urbana";"12941"
"2616209";"Vertentes (PE)";"Rural";"5281"
"2616308";"Vicência (PE)";"Total";"30732"
"2616308";"Vicência (PE)";"Urbana";"13805"
"2616308";"Vicência (PE)";"Rural";"16927"
"2616407";"Vitória de Santo Antão (PE)";"Total";"129974"
"2616407";"Vitória de Santo Antão (PE)";"Urbana";"113429"
"2616407";"Vitória de Santo Antão (PE)";"Rural";"16545"
"2616506";"Xexéu (PE)";"Total";"14093"
"2616506";"Xexéu (PE)";"Urbana";"9170"
"2616506";"Xexéu (PE)";"Rural";"4923"
"2700102";"Água Branca (AL)";"Total";"19377"
"2700102";"Água Branca (AL)";"Urbana";"5101"
"2700102";"Água Branca (AL)";"Rural";"14276"
"2700201";"Anadia (AL)";"Total";"17424"
"2700201";"Anadia (AL)";"Urbana";"8949"
"2700201";"Anadia (AL)";"Rural";"8475"
"2700300";"Arapiraca (AL)";"Total";"214006"
"2700300";"Arapiraca (AL)";"Urbana";"181481"
"2700300";"Arapiraca (AL)";"Rural";"32525"
"2700409";"Atalaia (AL)";"Total";"44322"
"2700409";"Atalaia (AL)";"Urbana";"22457"
"2700409";"Atalaia (AL)";"Rural";"21865"
"2700508";"Barra de Santo Antônio (AL)";"Total";"14230"
"2700508";"Barra de Santo Antônio (AL)";"Urbana";"13242"
"2700508";"Barra de Santo Antônio (AL)";"Rural";"988"
"2700607";"Barra de São Miguel (AL)";"Total";"7574"
"2700607";"Barra de São Miguel (AL)";"Urbana";"6521"
"2700607";"Barra de São Miguel (AL)";"Rural";"1053"
"2700706";"Batalha (AL)";"Total";"17076"
"2700706";"Batalha (AL)";"Urbana";"12042"
"2700706";"Batalha (AL)";"Rural";"5034"
"2700805";"Belém (AL)";"Total";"4551"
"2700805";"Belém (AL)";"Urbana";"1872"
"2700805";"Belém (AL)";"Rural";"2679"
"2700904";"Belo Monte (AL)";"Total";"7030"
"2700904";"Belo Monte (AL)";"Urbana";"1171"
"2700904";"Belo Monte (AL)";"Rural";"5859"
"2701001";"Boca da Mata (AL)";"Total";"25776"
"2701001";"Boca da Mata (AL)";"Urbana";"17450"
"2701001";"Boca da Mata (AL)";"Rural";"8326"
"2701100";"Branquinha (AL)";"Total";"10583"
"2701100";"Branquinha (AL)";"Urbana";"6673"
"2701100";"Branquinha (AL)";"Rural";"3910"
"2701209";"Cacimbinhas (AL)";"Total";"10195"
"2701209";"Cacimbinhas (AL)";"Urbana";"5402"
"2701209";"Cacimbinhas (AL)";"Rural";"4793"
"2701308";"Cajueiro (AL)";"Total";"20409"
"2701308";"Cajueiro (AL)";"Urbana";"16484"
"2701308";"Cajueiro (AL)";"Rural";"3925"
"2701357";"Campestre (AL)";"Total";"6598"
"2701357";"Campestre (AL)";"Urbana";"5540"
"2701357";"Campestre (AL)";"Rural";"1058"
"2701407";"Campo Alegre (AL)";"Total";"50816"
"2701407";"Campo Alegre (AL)";"Urbana";"22161"
"2701407";"Campo Alegre (AL)";"Rural";"28655"
"2701506";"Campo Grande (AL)";"Total";"9032"
"2701506";"Campo Grande (AL)";"Urbana";"4185"
"2701506";"Campo Grande (AL)";"Rural";"4847"
"2701605";"Canapi (AL)";"Total";"17250"
"2701605";"Canapi (AL)";"Urbana";"5538"
"2701605";"Canapi (AL)";"Rural";"11712"
"2701704";"Capela (AL)";"Total";"17077"
"2701704";"Capela (AL)";"Urbana";"12650"
"2701704";"Capela (AL)";"Rural";"4427"
"2701803";"Carneiros (AL)";"Total";"8290"
"2701803";"Carneiros (AL)";"Urbana";"4702"
"2701803";"Carneiros (AL)";"Rural";"3588"
"2701902";"Chã Preta (AL)";"Total";"7146"
"2701902";"Chã Preta (AL)";"Urbana";"4488"
"2701902";"Chã Preta (AL)";"Rural";"2658"
"2702009";"Coité do Nóia (AL)";"Total";"10926"
"2702009";"Coité do Nóia (AL)";"Urbana";"3737"
"2702009";"Coité do Nóia (AL)";"Rural";"7189"
"2702108";"Colônia Leopoldina (AL)";"Total";"20019"
"2702108";"Colônia Leopoldina (AL)";"Urbana";"15319"
"2702108";"Colônia Leopoldina (AL)";"Rural";"4700"
"2702207";"Coqueiro Seco (AL)";"Total";"5526"
"2702207";"Coqueiro Seco (AL)";"Urbana";"4973"
"2702207";"Coqueiro Seco (AL)";"Rural";"553"
"2702306";"Coruripe (AL)";"Total";"52130"
"2702306";"Coruripe (AL)";"Urbana";"46043"
"2702306";"Coruripe (AL)";"Rural";"6087"
"2702355";"Craíbas (AL)";"Total";"22641"
"2702355";"Craíbas (AL)";"Urbana";"7328"
"2702355";"Craíbas (AL)";"Rural";"15313"
"2702405";"Delmiro Gouveia (AL)";"Total";"48096"
"2702405";"Delmiro Gouveia (AL)";"Urbana";"34854"
"2702405";"Delmiro Gouveia (AL)";"Rural";"13242"
"2702504";"Dois Riachos (AL)";"Total";"10880"
"2702504";"Dois Riachos (AL)";"Urbana";"5085"
"2702504";"Dois Riachos (AL)";"Rural";"5795"
"2702553";"Estrela de Alagoas (AL)";"Total";"17251"
"2702553";"Estrela de Alagoas (AL)";"Urbana";"4029"
"2702553";"Estrela de Alagoas (AL)";"Rural";"13222"
"2702603";"Feira Grande (AL)";"Total";"21321"
"2702603";"Feira Grande (AL)";"Urbana";"3421"
"2702603";"Feira Grande (AL)";"Rural";"17900"
"2702702";"Feliz Deserto (AL)";"Total";"4345"
"2702702";"Feliz Deserto (AL)";"Urbana";"3481"
"2702702";"Feliz Deserto (AL)";"Rural";"864"
"2702801";"Flexeiras (AL)";"Total";"12325"
"2702801";"Flexeiras (AL)";"Urbana";"8017"
"2702801";"Flexeiras (AL)";"Rural";"4308"
"2702900";"Girau do Ponciano (AL)";"Total";"36600"
"2702900";"Girau do Ponciano (AL)";"Urbana";"11298"
"2702900";"Girau do Ponciano (AL)";"Rural";"25302"
"2703007";"Ibateguara (AL)";"Total";"15149"
"2703007";"Ibateguara (AL)";"Urbana";"9335"
"2703007";"Ibateguara (AL)";"Rural";"5814"
"2703106";"Igaci (AL)";"Total";"25188"
"2703106";"Igaci (AL)";"Urbana";"6184"
"2703106";"Igaci (AL)";"Rural";"19004"
"2703205";"Igreja Nova (AL)";"Total";"23292"
"2703205";"Igreja Nova (AL)";"Urbana";"4775"
"2703205";"Igreja Nova (AL)";"Rural";"18517"
"2703304";"Inhapi (AL)";"Total";"17898"
"2703304";"Inhapi (AL)";"Urbana";"6699"
"2703304";"Inhapi (AL)";"Rural";"11199"
"2703403";"Jacaré dos Homens (AL)";"Total";"5413"
"2703403";"Jacaré dos Homens (AL)";"Urbana";"3032"
"2703403";"Jacaré dos Homens (AL)";"Rural";"2381"
"2703502";"Jacuípe (AL)";"Total";"6997"
"2703502";"Jacuípe (AL)";"Urbana";"4355"
"2703502";"Jacuípe (AL)";"Rural";"2642"
"2703601";"Japaratinga (AL)";"Total";"7754"
"2703601";"Japaratinga (AL)";"Urbana";"3308"
"2703601";"Japaratinga (AL)";"Rural";"4446"
"2703700";"Jaramataia (AL)";"Total";"5558"
"2703700";"Jaramataia (AL)";"Urbana";"2913"
"2703700";"Jaramataia (AL)";"Rural";"2645"
"2703759";"Jequiá da Praia (AL)";"Total";"12029"
"2703759";"Jequiá da Praia (AL)";"Urbana";"2879"
"2703759";"Jequiá da Praia (AL)";"Rural";"9150"
"2703809";"Joaquim Gomes (AL)";"Total";"22575"
"2703809";"Joaquim Gomes (AL)";"Urbana";"14477"
"2703809";"Joaquim Gomes (AL)";"Rural";"8098"
"2703908";"Jundiá (AL)";"Total";"4202"
"2703908";"Jundiá (AL)";"Urbana";"2827"
"2703908";"Jundiá (AL)";"Rural";"1375"
"2704005";"Junqueiro (AL)";"Total";"23836"
"2704005";"Junqueiro (AL)";"Urbana";"7803"
"2704005";"Junqueiro (AL)";"Rural";"16033"
"2704104";"Lagoa da Canoa (AL)";"Total";"18250"
"2704104";"Lagoa da Canoa (AL)";"Urbana";"9165"
"2704104";"Lagoa da Canoa (AL)";"Rural";"9085"
"2704203";"Limoeiro de Anadia (AL)";"Total";"26992"
"2704203";"Limoeiro de Anadia (AL)";"Urbana";"2246"
"2704203";"Limoeiro de Anadia (AL)";"Rural";"24746"
"2704302";"Maceió (AL)";"Total";"932748"
"2704302";"Maceió (AL)";"Urbana";"932129"
"2704302";"Maceió (AL)";"Rural";"619"
"2704401";"Major Isidoro (AL)";"Total";"18897"
"2704401";"Major Isidoro (AL)";"Urbana";"9306"
"2704401";"Major Isidoro (AL)";"Rural";"9591"
"2704500";"Maragogi (AL)";"Total";"28749"
"2704500";"Maragogi (AL)";"Urbana";"18625"
"2704500";"Maragogi (AL)";"Rural";"10124"
"2704609";"Maravilha (AL)";"Total";"10284"
"2704609";"Maravilha (AL)";"Urbana";"5137"
"2704609";"Maravilha (AL)";"Rural";"5147"
"2704708";"Marechal Deodoro (AL)";"Total";"45977"
"2704708";"Marechal Deodoro (AL)";"Urbana";"43392"
"2704708";"Marechal Deodoro (AL)";"Rural";"2585"
"2704807";"Maribondo (AL)";"Total";"13619"
"2704807";"Maribondo (AL)";"Urbana";"9978"
"2704807";"Maribondo (AL)";"Rural";"3641"
"2704906";"Mar Vermelho (AL)";"Total";"3652"
"2704906";"Mar Vermelho (AL)";"Urbana";"1638"
"2704906";"Mar Vermelho (AL)";"Rural";"2014"
"2705002";"Mata Grande (AL)";"Total";"24698"
"2705002";"Mata Grande (AL)";"Urbana";"5674"
"2705002";"Mata Grande (AL)";"Rural";"19024"
"2705101";"Matriz de Camaragibe (AL)";"Total";"23785"
"2705101";"Matriz de Camaragibe (AL)";"Urbana";"22096"
"2705101";"Matriz de Camaragibe (AL)";"Rural";"1689"
"2705200";"Messias (AL)";"Total";"15682"
"2705200";"Messias (AL)";"Urbana";"14263"
"2705200";"Messias (AL)";"Rural";"1419"
"2705309";"Minador do Negrão (AL)";"Total";"5275"
"2705309";"Minador do Negrão (AL)";"Urbana";"2252"
"2705309";"Minador do Negrão (AL)";"Rural";"3023"
"2705408";"Monteirópolis (AL)";"Total";"6935"
"2705408";"Monteirópolis (AL)";"Urbana";"2515"
"2705408";"Monteirópolis (AL)";"Rural";"4420"
"2705507";"Murici (AL)";"Total";"26710"
"2705507";"Murici (AL)";"Urbana";"22108"
"2705507";"Murici (AL)";"Rural";"4602"
"2705606";"Novo Lino (AL)";"Total";"12060"
"2705606";"Novo Lino (AL)";"Urbana";"7328"
"2705606";"Novo Lino (AL)";"Rural";"4732"
"2705705";"Olho d'Água das Flores (AL)";"Total";"20364"
"2705705";"Olho d'Água das Flores (AL)";"Urbana";"13989"
"2705705";"Olho d'Água das Flores (AL)";"Rural";"6375"
"2705804";"Olho d'Água do Casado (AL)";"Total";"8491"
"2705804";"Olho d'Água do Casado (AL)";"Urbana";"4027"
"2705804";"Olho d'Água do Casado (AL)";"Rural";"4464"
"2705903";"Olho d'Água Grande (AL)";"Total";"4957"
"2705903";"Olho d'Água Grande (AL)";"Urbana";"1203"
"2705903";"Olho d'Água Grande (AL)";"Rural";"3754"
"2706000";"Olivença (AL)";"Total";"11047"
"2706000";"Olivença (AL)";"Urbana";"3137"
"2706000";"Olivença (AL)";"Rural";"7910"
"2706109";"Ouro Branco (AL)";"Total";"10912"
"2706109";"Ouro Branco (AL)";"Urbana";"6880"
"2706109";"Ouro Branco (AL)";"Rural";"4032"
"2706208";"Palestina (AL)";"Total";"5112"
"2706208";"Palestina (AL)";"Urbana";"3237"
"2706208";"Palestina (AL)";"Rural";"1875"
"2706307";"Palmeira dos Índios (AL)";"Total";"70368"
"2706307";"Palmeira dos Índios (AL)";"Urbana";"51610"
"2706307";"Palmeira dos Índios (AL)";"Rural";"18758"
"2706406";"Pão de Açúcar (AL)";"Total";"23811"
"2706406";"Pão de Açúcar (AL)";"Urbana";"10769"
"2706406";"Pão de Açúcar (AL)";"Rural";"13042"
"2706422";"Pariconha (AL)";"Total";"10264"
"2706422";"Pariconha (AL)";"Urbana";"2796"
"2706422";"Pariconha (AL)";"Rural";"7468"
"2706448";"Paripueira (AL)";"Total";"11347"
"2706448";"Paripueira (AL)";"Urbana";"10049"
"2706448";"Paripueira (AL)";"Rural";"1298"
"2706505";"Passo de Camaragibe (AL)";"Total";"14763"
"2706505";"Passo de Camaragibe (AL)";"Urbana";"7228"
"2706505";"Passo de Camaragibe (AL)";"Rural";"7535"
"2706604";"Paulo Jacinto (AL)";"Total";"7426"
"2706604";"Paulo Jacinto (AL)";"Urbana";"4908"
"2706604";"Paulo Jacinto (AL)";"Rural";"2518"
"2706703";"Penedo (AL)";"Total";"60378"
"2706703";"Penedo (AL)";"Urbana";"45020"
"2706703";"Penedo (AL)";"Rural";"15358"
"2706802";"Piaçabuçu (AL)";"Total";"17203"
"2706802";"Piaçabuçu (AL)";"Urbana";"10436"
"2706802";"Piaçabuçu (AL)";"Rural";"6767"
"2706901";"Pilar (AL)";"Total";"33305"
"2706901";"Pilar (AL)";"Urbana";"31801"
"2706901";"Pilar (AL)";"Rural";"1504"
"2707008";"Pindoba (AL)";"Total";"2866"
"2707008";"Pindoba (AL)";"Urbana";"1637"
"2707008";"Pindoba (AL)";"Rural";"1229"
"2707107";"Piranhas (AL)";"Total";"23045"
"2707107";"Piranhas (AL)";"Urbana";"13189"
"2707107";"Piranhas (AL)";"Rural";"9856"
"2707206";"Poço das Trincheiras (AL)";"Total";"13872"
"2707206";"Poço das Trincheiras (AL)";"Urbana";"2043"
"2707206";"Poço das Trincheiras (AL)";"Rural";"11829"
"2707305";"Porto Calvo (AL)";"Total";"25708"
"2707305";"Porto Calvo (AL)";"Urbana";"20197"
"2707305";"Porto Calvo (AL)";"Rural";"5511"
"2707404";"Porto de Pedras (AL)";"Total";"8429"
"2707404";"Porto de Pedras (AL)";"Urbana";"4798"
"2707404";"Porto de Pedras (AL)";"Rural";"3631"
"2707503";"Porto Real do Colégio (AL)";"Total";"19334"
"2707503";"Porto Real do Colégio (AL)";"Urbana";"6606"
"2707503";"Porto Real do Colégio (AL)";"Rural";"12728"
"2707602";"Quebrangulo (AL)";"Total";"11480"
"2707602";"Quebrangulo (AL)";"Urbana";"6474"
"2707602";"Quebrangulo (AL)";"Rural";"5006"
"2707701";"Rio Largo (AL)";"Total";"68481"
"2707701";"Rio Largo (AL)";"Urbana";"55947"
"2707701";"Rio Largo (AL)";"Rural";"12534"
"2707800";"Roteiro (AL)";"Total";"6656"
"2707800";"Roteiro (AL)";"Urbana";"5830"
"2707800";"Roteiro (AL)";"Rural";"826"
"2707909";"Santa Luzia do Norte (AL)";"Total";"6891"
"2707909";"Santa Luzia do Norte (AL)";"Urbana";"6172"
"2707909";"Santa Luzia do Norte (AL)";"Rural";"719"
"2708006";"Santana do Ipanema (AL)";"Total";"44932"
"2708006";"Santana do Ipanema (AL)";"Urbana";"27185"
"2708006";"Santana do Ipanema (AL)";"Rural";"17747"
"2708105";"Santana do Mundaú (AL)";"Total";"10961"
"2708105";"Santana do Mundaú (AL)";"Urbana";"5658"
"2708105";"Santana do Mundaú (AL)";"Rural";"5303"
"2708204";"São Brás (AL)";"Total";"6718"
"2708204";"São Brás (AL)";"Urbana";"3183"
"2708204";"São Brás (AL)";"Rural";"3535"
"2708303";"São José da Laje (AL)";"Total";"22686"
"2708303";"São José da Laje (AL)";"Urbana";"15391"
"2708303";"São José da Laje (AL)";"Rural";"7295"
"2708402";"São José da Tapera (AL)";"Total";"30088"
"2708402";"São José da Tapera (AL)";"Urbana";"11637"
"2708402";"São José da Tapera (AL)";"Rural";"18451"
"2708501";"São Luís do Quitunde (AL)";"Total";"32412"
"2708501";"São Luís do Quitunde (AL)";"Urbana";"20588"
"2708501";"São Luís do Quitunde (AL)";"Rural";"11824"
"2708600";"São Miguel dos Campos (AL)";"Total";"54577"
"2708600";"São Miguel dos Campos (AL)";"Urbana";"52566"
"2708600";"São Miguel dos Campos (AL)";"Rural";"2011"
"2708709";"São Miguel dos Milagres (AL)";"Total";"7163"
"2708709";"São Miguel dos Milagres (AL)";"Urbana";"2261"
"2708709";"São Miguel dos Milagres (AL)";"Rural";"4902"
"2708808";"São Sebastião (AL)";"Total";"32010"
"2708808";"São Sebastião (AL)";"Urbana";"12309"
"2708808";"São Sebastião (AL)";"Rural";"19701"
"2708907";"Satuba (AL)";"Total";"14603"
"2708907";"Satuba (AL)";"Urbana";"12792"
"2708907";"Satuba (AL)";"Rural";"1811"
"2708956";"Senador Rui Palmeira (AL)";"Total";"13047"
"2708956";"Senador Rui Palmeira (AL)";"Urbana";"3944"
"2708956";"Senador Rui Palmeira (AL)";"Rural";"9103"
"2709004";"Tanque d'Arca (AL)";"Total";"6122"
"2709004";"Tanque d'Arca (AL)";"Urbana";"2140"
"2709004";"Tanque d'Arca (AL)";"Rural";"3982"
"2709103";"Taquarana (AL)";"Total";"19020"
"2709103";"Taquarana (AL)";"Urbana";"7314"
"2709103";"Taquarana (AL)";"Rural";"11706"
"2709152";"Teotônio Vilela (AL)";"Total";"41152"
"2709152";"Teotônio Vilela (AL)";"Urbana";"34785"
"2709152";"Teotônio Vilela (AL)";"Rural";"6367"
"2709202";"Traipu (AL)";"Total";"25702"
"2709202";"Traipu (AL)";"Urbana";"8027"
"2709202";"Traipu (AL)";"Rural";"17675"
"2709301";"União dos Palmares (AL)";"Total";"62358"
"2709301";"União dos Palmares (AL)";"Urbana";"47651"
"2709301";"União dos Palmares (AL)";"Rural";"14707"
"2709400";"Viçosa (AL)";"Total";"25407"
"2709400";"Viçosa (AL)";"Urbana";"18313"
"2709400";"Viçosa (AL)";"Rural";"7094"
"2800100";"Amparo do São Francisco (SE)";"Total";"2275"
"2800100";"Amparo do São Francisco (SE)";"Urbana";"1840"
"2800100";"Amparo do São Francisco (SE)";"Rural";"435"
"2800209";"Aquidabã (SE)";"Total";"20056"
"2800209";"Aquidabã (SE)";"Urbana";"11457"
"2800209";"Aquidabã (SE)";"Rural";"8599"
"2800308";"Aracaju (SE)";"Total";"571149"
"2800308";"Aracaju (SE)";"Urbana";"571149"
"2800308";"Aracaju (SE)";"Rural";"-"
"2800407";"Arauá (SE)";"Total";"10878"
"2800407";"Arauá (SE)";"Urbana";"4487"
"2800407";"Arauá (SE)";"Rural";"6391"
"2800506";"Areia Branca (SE)";"Total";"16857"
"2800506";"Areia Branca (SE)";"Urbana";"8191"
"2800506";"Areia Branca (SE)";"Rural";"8666"
"2800605";"Barra dos Coqueiros (SE)";"Total";"24976"
"2800605";"Barra dos Coqueiros (SE)";"Urbana";"20886"
"2800605";"Barra dos Coqueiros (SE)";"Rural";"4090"
"2800670";"Boquim (SE)";"Total";"25533"
"2800670";"Boquim (SE)";"Urbana";"15994"
"2800670";"Boquim (SE)";"Rural";"9539"
"2800704";"Brejo Grande (SE)";"Total";"7742"
"2800704";"Brejo Grande (SE)";"Urbana";"4022"
"2800704";"Brejo Grande (SE)";"Rural";"3720"
"2801009";"Campo do Brito (SE)";"Total";"16749"
"2801009";"Campo do Brito (SE)";"Urbana";"8330"
"2801009";"Campo do Brito (SE)";"Rural";"8419"
"2801108";"Canhoba (SE)";"Total";"3956"
"2801108";"Canhoba (SE)";"Urbana";"1499"
"2801108";"Canhoba (SE)";"Rural";"2457"
"2801207";"Canindé de São Francisco (SE)";"Total";"24686"
"2801207";"Canindé de São Francisco (SE)";"Urbana";"14063"
"2801207";"Canindé de São Francisco (SE)";"Rural";"10623"
"2801306";"Capela (SE)";"Total";"30761"
"2801306";"Capela (SE)";"Urbana";"19742"
"2801306";"Capela (SE)";"Rural";"11019"
"2801405";"Carira (SE)";"Total";"20007"
"2801405";"Carira (SE)";"Urbana";"11167"
"2801405";"Carira (SE)";"Rural";"8840"
"2801504";"Carmópolis (SE)";"Total";"13503"
"2801504";"Carmópolis (SE)";"Urbana";"10716"
"2801504";"Carmópolis (SE)";"Rural";"2787"
"2801603";"Cedro de São João (SE)";"Total";"5633"
"2801603";"Cedro de São João (SE)";"Urbana";"5035"
"2801603";"Cedro de São João (SE)";"Rural";"598"
"2801702";"Cristinápolis (SE)";"Total";"16519"
"2801702";"Cristinápolis (SE)";"Urbana";"8336"
"2801702";"Cristinápolis (SE)";"Rural";"8183"
"2801900";"Cumbe (SE)";"Total";"3813"
"2801900";"Cumbe (SE)";"Urbana";"2271"
"2801900";"Cumbe (SE)";"Rural";"1542"
"2802007";"Divina Pastora (SE)";"Total";"4326"
"2802007";"Divina Pastora (SE)";"Urbana";"2099"
"2802007";"Divina Pastora (SE)";"Rural";"2227"
"2802106";"Estância (SE)";"Total";"64409"
"2802106";"Estância (SE)";"Urbana";"54760"
"2802106";"Estância (SE)";"Rural";"9649"
"2802205";"Feira Nova (SE)";"Total";"5324"
"2802205";"Feira Nova (SE)";"Urbana";"3587"
"2802205";"Feira Nova (SE)";"Rural";"1737"
"2802304";"Frei Paulo (SE)";"Total";"13874"
"2802304";"Frei Paulo (SE)";"Urbana";"8213"
"2802304";"Frei Paulo (SE)";"Rural";"5661"
"2802403";"Gararu (SE)";"Total";"11405"
"2802403";"Gararu (SE)";"Urbana";"2832"
"2802403";"Gararu (SE)";"Rural";"8573"
"2802502";"General Maynard (SE)";"Total";"2929"
"2802502";"General Maynard (SE)";"Urbana";"1843"
"2802502";"General Maynard (SE)";"Rural";"1086"
"2802601";"Graccho Cardoso (SE)";"Total";"5645"
"2802601";"Graccho Cardoso (SE)";"Urbana";"2703"
"2802601";"Graccho Cardoso (SE)";"Rural";"2942"
"2802700";"Ilha das Flores (SE)";"Total";"8348"
"2802700";"Ilha das Flores (SE)";"Urbana";"5435"
"2802700";"Ilha das Flores (SE)";"Rural";"2913"
"2802809";"Indiaroba (SE)";"Total";"15831"
"2802809";"Indiaroba (SE)";"Urbana";"5585"
"2802809";"Indiaroba (SE)";"Rural";"10246"
"2802908";"Itabaiana (SE)";"Total";"86967"
"2802908";"Itabaiana (SE)";"Urbana";"67709"
"2802908";"Itabaiana (SE)";"Rural";"19258"
"2803005";"Itabaianinha (SE)";"Total";"38910"
"2803005";"Itabaianinha (SE)";"Urbana";"19409"
"2803005";"Itabaianinha (SE)";"Rural";"19501"
"2803104";"Itabi (SE)";"Total";"4972"
"2803104";"Itabi (SE)";"Urbana";"2752"
"2803104";"Itabi (SE)";"Rural";"2220"
"2803203";"Itaporanga d'Ajuda (SE)";"Total";"30419"
"2803203";"Itaporanga d'Ajuda (SE)";"Urbana";"11869"
"2803203";"Itaporanga d'Ajuda (SE)";"Rural";"18550"
"2803302";"Japaratuba (SE)";"Total";"16864"
"2803302";"Japaratuba (SE)";"Urbana";"7903"
"2803302";"Japaratuba (SE)";"Rural";"8961"
"2803401";"Japoatã (SE)";"Total";"12938"
"2803401";"Japoatã (SE)";"Urbana";"4312"
"2803401";"Japoatã (SE)";"Rural";"8626"
"2803500";"Lagarto (SE)";"Total";"94861"
"2803500";"Lagarto (SE)";"Urbana";"48867"
"2803500";"Lagarto (SE)";"Rural";"45994"
"2803609";"Laranjeiras (SE)";"Total";"26902"
"2803609";"Laranjeiras (SE)";"Urbana";"21257"
"2803609";"Laranjeiras (SE)";"Rural";"5645"
"2803708";"Macambira (SE)";"Total";"6401"
"2803708";"Macambira (SE)";"Urbana";"3063"
"2803708";"Macambira (SE)";"Rural";"3338"
"2803807";"Malhada dos Bois (SE)";"Total";"3456"
"2803807";"Malhada dos Bois (SE)";"Urbana";"1600"
"2803807";"Malhada dos Bois (SE)";"Rural";"1856"
"2803906";"Malhador (SE)";"Total";"12042"
"2803906";"Malhador (SE)";"Urbana";"5626"
"2803906";"Malhador (SE)";"Rural";"6416"
"2804003";"Maruim (SE)";"Total";"16343"
"2804003";"Maruim (SE)";"Urbana";"12041"
"2804003";"Maruim (SE)";"Rural";"4302"
"2804102";"Moita Bonita (SE)";"Total";"11001"
"2804102";"Moita Bonita (SE)";"Urbana";"4600"
"2804102";"Moita Bonita (SE)";"Rural";"6401"
"2804201";"Monte Alegre de Sergipe (SE)";"Total";"13627"
"2804201";"Monte Alegre de Sergipe (SE)";"Urbana";"8043"
"2804201";"Monte Alegre de Sergipe (SE)";"Rural";"5584"
"2804300";"Muribeca (SE)";"Total";"7344"
"2804300";"Muribeca (SE)";"Urbana";"3288"
"2804300";"Muribeca (SE)";"Rural";"4056"
"2804409";"Neópolis (SE)";"Total";"18506"
"2804409";"Neópolis (SE)";"Urbana";"10517"
"2804409";"Neópolis (SE)";"Rural";"7989"
"2804458";"Nossa Senhora Aparecida (SE)";"Total";"8508"
"2804458";"Nossa Senhora Aparecida (SE)";"Urbana";"3455"
"2804458";"Nossa Senhora Aparecida (SE)";"Rural";"5053"
"2804508";"Nossa Senhora da Glória (SE)";"Total";"32497"
"2804508";"Nossa Senhora da Glória (SE)";"Urbana";"21617"
"2804508";"Nossa Senhora da Glória (SE)";"Rural";"10880"
"2804607";"Nossa Senhora das Dores (SE)";"Total";"24580"
"2804607";"Nossa Senhora das Dores (SE)";"Urbana";"16027"
"2804607";"Nossa Senhora das Dores (SE)";"Rural";"8553"
"2804706";"Nossa Senhora de Lourdes (SE)";"Total";"6238"
"2804706";"Nossa Senhora de Lourdes (SE)";"Urbana";"3291"
"2804706";"Nossa Senhora de Lourdes (SE)";"Rural";"2947"
"2804805";"Nossa Senhora do Socorro (SE)";"Total";"160827"
"2804805";"Nossa Senhora do Socorro (SE)";"Urbana";"155823"
"2804805";"Nossa Senhora do Socorro (SE)";"Rural";"5004"
"2804904";"Pacatuba (SE)";"Total";"13137"
"2804904";"Pacatuba (SE)";"Urbana";"2688"
"2804904";"Pacatuba (SE)";"Rural";"10449"
"2805000";"Pedra Mole (SE)";"Total";"2974"
"2805000";"Pedra Mole (SE)";"Urbana";"1197"
"2805000";"Pedra Mole (SE)";"Rural";"1777"
"2805109";"Pedrinhas (SE)";"Total";"8833"
"2805109";"Pedrinhas (SE)";"Urbana";"6471"
"2805109";"Pedrinhas (SE)";"Rural";"2362"
"2805208";"Pinhão (SE)";"Total";"5973"
"2805208";"Pinhão (SE)";"Urbana";"3319"
"2805208";"Pinhão (SE)";"Rural";"2654"
"2805307";"Pirambu (SE)";"Total";"8369"
"2805307";"Pirambu (SE)";"Urbana";"4906"
"2805307";"Pirambu (SE)";"Rural";"3463"
"2805406";"Poço Redondo (SE)";"Total";"30880"
"2805406";"Poço Redondo (SE)";"Urbana";"8538"
"2805406";"Poço Redondo (SE)";"Rural";"22342"
"2805505";"Poço Verde (SE)";"Total";"21983"
"2805505";"Poço Verde (SE)";"Urbana";"12312"
"2805505";"Poço Verde (SE)";"Rural";"9671"
"2805604";"Porto da Folha (SE)";"Total";"27146"
"2805604";"Porto da Folha (SE)";"Urbana";"9955"
"2805604";"Porto da Folha (SE)";"Rural";"17191"
"2805703";"Propriá (SE)";"Total";"28451"
"2805703";"Propriá (SE)";"Urbana";"24390"
"2805703";"Propriá (SE)";"Rural";"4061"
"2805802";"Riachão do Dantas (SE)";"Total";"19386"
"2805802";"Riachão do Dantas (SE)";"Urbana";"4872"
"2805802";"Riachão do Dantas (SE)";"Rural";"14514"
"2805901";"Riachuelo (SE)";"Total";"9355"
"2805901";"Riachuelo (SE)";"Urbana";"7855"
"2805901";"Riachuelo (SE)";"Rural";"1500"
"2806008";"Ribeirópolis (SE)";"Total";"17173"
"2806008";"Ribeirópolis (SE)";"Urbana";"11928"
"2806008";"Ribeirópolis (SE)";"Rural";"5245"
"2806107";"Rosário do Catete (SE)";"Total";"9221"
"2806107";"Rosário do Catete (SE)";"Urbana";"6509"
"2806107";"Rosário do Catete (SE)";"Rural";"2712"
"2806206";"Salgado (SE)";"Total";"19365"
"2806206";"Salgado (SE)";"Urbana";"6694"
"2806206";"Salgado (SE)";"Rural";"12671"
"2806305";"Santa Luzia do Itanhy (SE)";"Total";"12969"
"2806305";"Santa Luzia do Itanhy (SE)";"Urbana";"2915"
"2806305";"Santa Luzia do Itanhy (SE)";"Rural";"10054"
"2806404";"Santana do São Francisco (SE)";"Total";"7038"
"2806404";"Santana do São Francisco (SE)";"Urbana";"4523"
"2806404";"Santana do São Francisco (SE)";"Rural";"2515"
"2806503";"Santa Rosa de Lima (SE)";"Total";"3749"
"2806503";"Santa Rosa de Lima (SE)";"Urbana";"2137"
"2806503";"Santa Rosa de Lima (SE)";"Rural";"1612"
"2806602";"Santo Amaro das Brotas (SE)";"Total";"11410"
"2806602";"Santo Amaro das Brotas (SE)";"Urbana";"8211"
"2806602";"Santo Amaro das Brotas (SE)";"Rural";"3199"
"2806701";"São Cristóvão (SE)";"Total";"78864"
"2806701";"São Cristóvão (SE)";"Urbana";"66665"
"2806701";"São Cristóvão (SE)";"Rural";"12199"
"2806800";"São Domingos (SE)";"Total";"10271"
"2806800";"São Domingos (SE)";"Urbana";"5147"
"2806800";"São Domingos (SE)";"Rural";"5124"
"2806909";"São Francisco (SE)";"Total";"3393"
"2806909";"São Francisco (SE)";"Urbana";"2379"
"2806909";"São Francisco (SE)";"Rural";"1014"
"2807006";"São Miguel do Aleixo (SE)";"Total";"3698"
"2807006";"São Miguel do Aleixo (SE)";"Urbana";"1747"
"2807006";"São Miguel do Aleixo (SE)";"Rural";"1951"
"2807105";"Simão Dias (SE)";"Total";"38702"
"2807105";"Simão Dias (SE)";"Urbana";"20426"
"2807105";"Simão Dias (SE)";"Rural";"18276"
"2807204";"Siriri (SE)";"Total";"8004"
"2807204";"Siriri (SE)";"Urbana";"3181"
"2807204";"Siriri (SE)";"Rural";"4823"
"2807303";"Telha (SE)";"Total";"2957"
"2807303";"Telha (SE)";"Urbana";"1127"
"2807303";"Telha (SE)";"Rural";"1830"
"2807402";"Tobias Barreto (SE)";"Total";"48040"
"2807402";"Tobias Barreto (SE)";"Urbana";"32228"
"2807402";"Tobias Barreto (SE)";"Rural";"15812"
"2807501";"Tomar do Geru (SE)";"Total";"12855"
"2807501";"Tomar do Geru (SE)";"Urbana";"4812"
"2807501";"Tomar do Geru (SE)";"Rural";"8043"
"2807600";"Umbaúba (SE)";"Total";"22434"
"2807600";"Umbaúba (SE)";"Urbana";"13923"
"2807600";"Umbaúba (SE)";"Rural";"8511"
"2900108";"Abaíra (BA)";"Total";"8316"
"2900108";"Abaíra (BA)";"Urbana";"3736"
"2900108";"Abaíra (BA)";"Rural";"4580"
"2900207";"Abaré (BA)";"Total";"17064"
"2900207";"Abaré (BA)";"Urbana";"9029"
"2900207";"Abaré (BA)";"Rural";"8035"
"2900306";"Acajutiba (BA)";"Total";"14653"
"2900306";"Acajutiba (BA)";"Urbana";"12774"
"2900306";"Acajutiba (BA)";"Rural";"1879"
"2900355";"Adustina (BA)";"Total";"15702"
"2900355";"Adustina (BA)";"Urbana";"5572"
"2900355";"Adustina (BA)";"Rural";"10130"
"2900405";"Água Fria (BA)";"Total";"15731"
"2900405";"Água Fria (BA)";"Urbana";"5777"
"2900405";"Água Fria (BA)";"Rural";"9954"
"2900504";"Érico Cardoso (BA)";"Total";"10859"
"2900504";"Érico Cardoso (BA)";"Urbana";"2016"
"2900504";"Érico Cardoso (BA)";"Rural";"8843"
"2900603";"Aiquara (BA)";"Total";"4602"
"2900603";"Aiquara (BA)";"Urbana";"2680"
"2900603";"Aiquara (BA)";"Rural";"1922"
"2900702";"Alagoinhas (BA)";"Total";"141949"
"2900702";"Alagoinhas (BA)";"Urbana";"124042"
"2900702";"Alagoinhas (BA)";"Rural";"17907"
"2900801";"Alcobaça (BA)";"Total";"21271"
"2900801";"Alcobaça (BA)";"Urbana";"11085"
"2900801";"Alcobaça (BA)";"Rural";"10186"
"2900900";"Almadina (BA)";"Total";"6357"
"2900900";"Almadina (BA)";"Urbana";"5080"
"2900900";"Almadina (BA)";"Rural";"1277"
"2901007";"Amargosa (BA)";"Total";"34351"
"2901007";"Amargosa (BA)";"Urbana";"24891"
"2901007";"Amargosa (BA)";"Rural";"9460"
"2901106";"Amélia Rodrigues (BA)";"Total";"25190"
"2901106";"Amélia Rodrigues (BA)";"Urbana";"19957"
"2901106";"Amélia Rodrigues (BA)";"Rural";"5233"
"2901155";"América Dourada (BA)";"Total";"15961"
"2901155";"América Dourada (BA)";"Urbana";"10832"
"2901155";"América Dourada (BA)";"Rural";"5129"
"2901205";"Anagé (BA)";"Total";"25516"
"2901205";"Anagé (BA)";"Urbana";"4924"
"2901205";"Anagé (BA)";"Rural";"20592"
"2901304";"Andaraí (BA)";"Total";"13960"
"2901304";"Andaraí (BA)";"Urbana";"7773"
"2901304";"Andaraí (BA)";"Rural";"6187"
"2901353";"Andorinha (BA)";"Total";"14414"
"2901353";"Andorinha (BA)";"Urbana";"6208"
"2901353";"Andorinha (BA)";"Rural";"8206"
"2901403";"Angical (BA)";"Total";"14073"
"2901403";"Angical (BA)";"Urbana";"6531"
"2901403";"Angical (BA)";"Rural";"7542"
"2901502";"Anguera (BA)";"Total";"10242"
"2901502";"Anguera (BA)";"Urbana";"4326"
"2901502";"Anguera (BA)";"Rural";"5916"
"2901601";"Antas (BA)";"Total";"17072"
"2901601";"Antas (BA)";"Urbana";"6360"
"2901601";"Antas (BA)";"Rural";"10712"
"2901700";"Antônio Cardoso (BA)";"Total";"11554"
"2901700";"Antônio Cardoso (BA)";"Urbana";"3225"
"2901700";"Antônio Cardoso (BA)";"Rural";"8329"
"2901809";"Antônio Gonçalves (BA)";"Total";"11015"
"2901809";"Antônio Gonçalves (BA)";"Urbana";"5783"
"2901809";"Antônio Gonçalves (BA)";"Rural";"5232"
"2901908";"Aporá (BA)";"Total";"17731"
"2901908";"Aporá (BA)";"Urbana";"8505"
"2901908";"Aporá (BA)";"Rural";"9226"
"2901957";"Apuarema (BA)";"Total";"7459"
"2901957";"Apuarema (BA)";"Urbana";"5117"
"2901957";"Apuarema (BA)";"Rural";"2342"
"2902005";"Aracatu (BA)";"Total";"13743"
"2902005";"Aracatu (BA)";"Urbana";"3938"
"2902005";"Aracatu (BA)";"Rural";"9805"
"2902054";"Araçás (BA)";"Total";"11561"
"2902054";"Araçás (BA)";"Urbana";"5807"
"2902054";"Araçás (BA)";"Rural";"5754"
"2902104";"Araci (BA)";"Total";"51651"
"2902104";"Araci (BA)";"Urbana";"19638"
"2902104";"Araci (BA)";"Rural";"32013"
"2902203";"Aramari (BA)";"Total";"10036"
"2902203";"Aramari (BA)";"Urbana";"5125"
"2902203";"Aramari (BA)";"Rural";"4911"
"2902252";"Arataca (BA)";"Total";"10392"
"2902252";"Arataca (BA)";"Urbana";"5588"
"2902252";"Arataca (BA)";"Rural";"4804"
"2902302";"Aratuípe (BA)";"Total";"8599"
"2902302";"Aratuípe (BA)";"Urbana";"5513"
"2902302";"Aratuípe (BA)";"Rural";"3086"
"2902401";"Aurelino Leal (BA)";"Total";"13595"
"2902401";"Aurelino Leal (BA)";"Urbana";"11426"
"2902401";"Aurelino Leal (BA)";"Rural";"2169"
"2902500";"Baianópolis (BA)";"Total";"13850"
"2902500";"Baianópolis (BA)";"Urbana";"3482"
"2902500";"Baianópolis (BA)";"Rural";"10368"
"2902609";"Baixa Grande (BA)";"Total";"20060"
"2902609";"Baixa Grande (BA)";"Urbana";"8338"
"2902609";"Baixa Grande (BA)";"Rural";"11722"
"2902658";"Banzaê (BA)";"Total";"11814"
"2902658";"Banzaê (BA)";"Urbana";"4042"
"2902658";"Banzaê (BA)";"Rural";"7772"
"2902708";"Barra (BA)";"Total";"49325"
"2902708";"Barra (BA)";"Urbana";"22446"
"2902708";"Barra (BA)";"Rural";"26879"
"2902807";"Barra da Estiva (BA)";"Total";"21187"
"2902807";"Barra da Estiva (BA)";"Urbana";"10404"
"2902807";"Barra da Estiva (BA)";"Rural";"10783"
"2902906";"Barra do Choça (BA)";"Total";"34788"
"2902906";"Barra do Choça (BA)";"Urbana";"22407"
"2902906";"Barra do Choça (BA)";"Rural";"12381"
"2903003";"Barra do Mendes (BA)";"Total";"13987"
"2903003";"Barra do Mendes (BA)";"Urbana";"6256"
"2903003";"Barra do Mendes (BA)";"Rural";"7731"
"2903102";"Barra do Rocha (BA)";"Total";"6313"
"2903102";"Barra do Rocha (BA)";"Urbana";"3806"
"2903102";"Barra do Rocha (BA)";"Rural";"2507"
"2903201";"Barreiras (BA)";"Total";"137427"
"2903201";"Barreiras (BA)";"Urbana";"123741"
"2903201";"Barreiras (BA)";"Rural";"13686"
"2903235";"Barro Alto (BA)";"Total";"13612"
"2903235";"Barro Alto (BA)";"Urbana";"6712"
"2903235";"Barro Alto (BA)";"Rural";"6900"
"2903276";"Barrocas (BA)";"Total";"14191"
"2903276";"Barrocas (BA)";"Urbana";"5695"
"2903276";"Barrocas (BA)";"Rural";"8496"
"2903300";"Barro Preto (BA)";"Total";"6453"
"2903300";"Barro Preto (BA)";"Urbana";"5295"
"2903300";"Barro Preto (BA)";"Rural";"1158"
"2903409";"Belmonte (BA)";"Total";"21798"
"2903409";"Belmonte (BA)";"Urbana";"11420"
"2903409";"Belmonte (BA)";"Rural";"10378"
"2903508";"Belo Campo (BA)";"Total";"16021"
"2903508";"Belo Campo (BA)";"Urbana";"9029"
"2903508";"Belo Campo (BA)";"Rural";"6992"
"2903607";"Biritinga (BA)";"Total";"14836"
"2903607";"Biritinga (BA)";"Urbana";"3517"
"2903607";"Biritinga (BA)";"Rural";"11319"
"2903706";"Boa Nova (BA)";"Total";"15411"
"2903706";"Boa Nova (BA)";"Urbana";"5804"
"2903706";"Boa Nova (BA)";"Rural";"9607"
"2903805";"Boa Vista do Tupim (BA)";"Total";"17991"
"2903805";"Boa Vista do Tupim (BA)";"Urbana";"6593"
"2903805";"Boa Vista do Tupim (BA)";"Rural";"11398"
"2903904";"Bom Jesus da Lapa (BA)";"Total";"63480"
"2903904";"Bom Jesus da Lapa (BA)";"Urbana";"43099"
"2903904";"Bom Jesus da Lapa (BA)";"Rural";"20381"
"2903953";"Bom Jesus da Serra (BA)";"Total";"10113"
"2903953";"Bom Jesus da Serra (BA)";"Urbana";"2768"
"2903953";"Bom Jesus da Serra (BA)";"Rural";"7345"
"2904001";"Boninal (BA)";"Total";"13695"
"2904001";"Boninal (BA)";"Urbana";"4607"
"2904001";"Boninal (BA)";"Rural";"9088"
"2904050";"Bonito (BA)";"Total";"14834"
"2904050";"Bonito (BA)";"Urbana";"6232"
"2904050";"Bonito (BA)";"Rural";"8602"
"2904100";"Boquira (BA)";"Total";"22037"
"2904100";"Boquira (BA)";"Urbana";"7364"
"2904100";"Boquira (BA)";"Rural";"14673"
"2904209";"Botuporã (BA)";"Total";"11154"
"2904209";"Botuporã (BA)";"Urbana";"4076"
"2904209";"Botuporã (BA)";"Rural";"7078"
"2904308";"Brejões (BA)";"Total";"14282"
"2904308";"Brejões (BA)";"Urbana";"4937"
"2904308";"Brejões (BA)";"Rural";"9345"
"2904407";"Brejolândia (BA)";"Total";"11077"
"2904407";"Brejolândia (BA)";"Urbana";"1984"
"2904407";"Brejolândia (BA)";"Rural";"9093"
"2904506";"Brotas de Macaúbas (BA)";"Total";"10717"
"2904506";"Brotas de Macaúbas (BA)";"Urbana";"3118"
"2904506";"Brotas de Macaúbas (BA)";"Rural";"7599"
"2904605";"Brumado (BA)";"Total";"64602"
"2904605";"Brumado (BA)";"Urbana";"45131"
"2904605";"Brumado (BA)";"Rural";"19471"
"2904704";"Buerarema (BA)";"Total";"18605"
"2904704";"Buerarema (BA)";"Urbana";"15277"
"2904704";"Buerarema (BA)";"Rural";"3328"
"2904753";"Buritirama (BA)";"Total";"19600"
"2904753";"Buritirama (BA)";"Urbana";"7905"
"2904753";"Buritirama (BA)";"Rural";"11695"
"2904803";"Caatiba (BA)";"Total";"11420"
"2904803";"Caatiba (BA)";"Urbana";"5398"
"2904803";"Caatiba (BA)";"Rural";"6022"
"2904852";"Cabaceiras do Paraguaçu (BA)";"Total";"17327"
"2904852";"Cabaceiras do Paraguaçu (BA)";"Urbana";"4644"
"2904852";"Cabaceiras do Paraguaçu (BA)";"Rural";"12683"
"2904902";"Cachoeira (BA)";"Total";"32026"
"2904902";"Cachoeira (BA)";"Urbana";"16387"
"2904902";"Cachoeira (BA)";"Rural";"15639"
"2905008";"Caculé (BA)";"Total";"22236"
"2905008";"Caculé (BA)";"Urbana";"13309"
"2905008";"Caculé (BA)";"Rural";"8927"
"2905107";"Caém (BA)";"Total";"10368"
"2905107";"Caém (BA)";"Urbana";"3655"
"2905107";"Caém (BA)";"Rural";"6713"
"2905156";"Caetanos (BA)";"Total";"13639"
"2905156";"Caetanos (BA)";"Urbana";"3291"
"2905156";"Caetanos (BA)";"Rural";"10348"
"2905206";"Caetité (BA)";"Total";"47515"
"2905206";"Caetité (BA)";"Urbana";"28447"
"2905206";"Caetité (BA)";"Rural";"19068"
"2905305";"Cafarnaum (BA)";"Total";"17209"
"2905305";"Cafarnaum (BA)";"Urbana";"10563"
"2905305";"Cafarnaum (BA)";"Rural";"6646"
"2905404";"Cairu (BA)";"Total";"15374"
"2905404";"Cairu (BA)";"Urbana";"8147"
"2905404";"Cairu (BA)";"Rural";"7227"
"2905503";"Caldeirão Grande (BA)";"Total";"12491"
"2905503";"Caldeirão Grande (BA)";"Urbana";"4558"
"2905503";"Caldeirão Grande (BA)";"Rural";"7933"
"2905602";"Camacan (BA)";"Total";"31472"
"2905602";"Camacan (BA)";"Urbana";"24685"
"2905602";"Camacan (BA)";"Rural";"6787"
"2905701";"Camaçari (BA)";"Total";"242970"
"2905701";"Camaçari (BA)";"Urbana";"231973"
"2905701";"Camaçari (BA)";"Rural";"10997"
"2905800";"Camamu (BA)";"Total";"35180"
"2905800";"Camamu (BA)";"Urbana";"15618"
"2905800";"Camamu (BA)";"Rural";"19562"
"2905909";"Campo Alegre de Lourdes (BA)";"Total";"28090"
"2905909";"Campo Alegre de Lourdes (BA)";"Urbana";"8126"
"2905909";"Campo Alegre de Lourdes (BA)";"Rural";"19964"
"2906006";"Campo Formoso (BA)";"Total";"66616"
"2906006";"Campo Formoso (BA)";"Urbana";"24863"
"2906006";"Campo Formoso (BA)";"Rural";"41753"
"2906105";"Canápolis (BA)";"Total";"9410"
"2906105";"Canápolis (BA)";"Urbana";"3225"
"2906105";"Canápolis (BA)";"Rural";"6185"
"2906204";"Canarana (BA)";"Total";"24067"
"2906204";"Canarana (BA)";"Urbana";"11455"
"2906204";"Canarana (BA)";"Rural";"12612"
"2906303";"Canavieiras (BA)";"Total";"32336"
"2906303";"Canavieiras (BA)";"Urbana";"25903"
"2906303";"Canavieiras (BA)";"Rural";"6433"
"2906402";"Candeal (BA)";"Total";"8895"
"2906402";"Candeal (BA)";"Urbana";"3476"
"2906402";"Candeal (BA)";"Rural";"5419"
"2906501";"Candeias (BA)";"Total";"83158"
"2906501";"Candeias (BA)";"Urbana";"75994"
"2906501";"Candeias (BA)";"Rural";"7164"
"2906600";"Candiba (BA)";"Total";"13210"
"2906600";"Candiba (BA)";"Urbana";"7725"
"2906600";"Candiba (BA)";"Rural";"5485"
"2906709";"Cândido Sales (BA)";"Total";"27918"
"2906709";"Cândido Sales (BA)";"Urbana";"19286"
"2906709";"Cândido Sales (BA)";"Rural";"8632"
"2906808";"Cansanção (BA)";"Total";"32908"
"2906808";"Cansanção (BA)";"Urbana";"11021"
"2906808";"Cansanção (BA)";"Rural";"21887"
"2906824";"Canudos (BA)";"Total";"15732"
"2906824";"Canudos (BA)";"Urbana";"8698"
"2906824";"Canudos (BA)";"Rural";"7034"
"2906857";"Capela do Alto Alegre (BA)";"Total";"11527"
"2906857";"Capela do Alto Alegre (BA)";"Urbana";"5595"
"2906857";"Capela do Alto Alegre (BA)";"Rural";"5932"
"2906873";"Capim Grosso (BA)";"Total";"26577"
"2906873";"Capim Grosso (BA)";"Urbana";"21762"
"2906873";"Capim Grosso (BA)";"Rural";"4815"
"2906899";"Caraíbas (BA)";"Total";"10222"
"2906899";"Caraíbas (BA)";"Urbana";"2513"
"2906899";"Caraíbas (BA)";"Rural";"7709"
"2906907";"Caravelas (BA)";"Total";"21414"
"2906907";"Caravelas (BA)";"Urbana";"11309"
"2906907";"Caravelas (BA)";"Rural";"10105"
"2907004";"Cardeal da Silva (BA)";"Total";"8899"
"2907004";"Cardeal da Silva (BA)";"Urbana";"2901"
"2907004";"Cardeal da Silva (BA)";"Rural";"5998"
"2907103";"Carinhanha (BA)";"Total";"28380"
"2907103";"Carinhanha (BA)";"Urbana";"12585"
"2907103";"Carinhanha (BA)";"Rural";"15795"
"2907202";"Casa Nova (BA)";"Total";"64940"
"2907202";"Casa Nova (BA)";"Urbana";"37543"
"2907202";"Casa Nova (BA)";"Rural";"27397"
"2907301";"Castro Alves (BA)";"Total";"25408"
"2907301";"Castro Alves (BA)";"Urbana";"15686"
"2907301";"Castro Alves (BA)";"Rural";"9722"
"2907400";"Catolândia (BA)";"Total";"2612"
"2907400";"Catolândia (BA)";"Urbana";"967"
"2907400";"Catolândia (BA)";"Rural";"1645"
"2907509";"Catu (BA)";"Total";"51077"
"2907509";"Catu (BA)";"Urbana";"42755"
"2907509";"Catu (BA)";"Rural";"8322"
"2907558";"Caturama (BA)";"Total";"8843"
"2907558";"Caturama (BA)";"Urbana";"2374"
"2907558";"Caturama (BA)";"Rural";"6469"
"2907608";"Central (BA)";"Total";"17013"
"2907608";"Central (BA)";"Urbana";"8157"
"2907608";"Central (BA)";"Rural";"8856"
"2907707";"Chorrochó (BA)";"Total";"10734"
"2907707";"Chorrochó (BA)";"Urbana";"2631"
"2907707";"Chorrochó (BA)";"Rural";"8103"
"2907806";"Cícero Dantas (BA)";"Total";"32300"
"2907806";"Cícero Dantas (BA)";"Urbana";"17726"
"2907806";"Cícero Dantas (BA)";"Rural";"14574"
"2907905";"Cipó (BA)";"Total";"15755"
"2907905";"Cipó (BA)";"Urbana";"11287"
"2907905";"Cipó (BA)";"Rural";"4468"
"2908002";"Coaraci (BA)";"Total";"20964"
"2908002";"Coaraci (BA)";"Urbana";"19130"
"2908002";"Coaraci (BA)";"Rural";"1834"
"2908101";"Cocos (BA)";"Total";"18153"
"2908101";"Cocos (BA)";"Urbana";"8572"
"2908101";"Cocos (BA)";"Rural";"9581"
"2908200";"Conceição da Feira (BA)";"Total";"20391"
"2908200";"Conceição da Feira (BA)";"Urbana";"13137"
"2908200";"Conceição da Feira (BA)";"Rural";"7254"
"2908309";"Conceição do Almeida (BA)";"Total";"17889"
"2908309";"Conceição do Almeida (BA)";"Urbana";"7926"
"2908309";"Conceição do Almeida (BA)";"Rural";"9963"
"2908408";"Conceição do Coité (BA)";"Total";"62040"
"2908408";"Conceição do Coité (BA)";"Urbana";"36278"
"2908408";"Conceição do Coité (BA)";"Rural";"25762"
"2908507";"Conceição do Jacuípe (BA)";"Total";"30123"
"2908507";"Conceição do Jacuípe (BA)";"Urbana";"23539"
"2908507";"Conceição do Jacuípe (BA)";"Rural";"6584"
"2908606";"Conde (BA)";"Total";"23620"
"2908606";"Conde (BA)";"Urbana";"12129"
"2908606";"Conde (BA)";"Rural";"11491"
"2908705";"Condeúba (BA)";"Total";"16898"
"2908705";"Condeúba (BA)";"Urbana";"7462"
"2908705";"Condeúba (BA)";"Rural";"9436"
"2908804";"Contendas do Sincorá (BA)";"Total";"4663"
"2908804";"Contendas do Sincorá (BA)";"Urbana";"2297"
"2908804";"Contendas do Sincorá (BA)";"Rural";"2366"
"2908903";"Coração de Maria (BA)";"Total";"22401"
"2908903";"Coração de Maria (BA)";"Urbana";"9400"
"2908903";"Coração de Maria (BA)";"Rural";"13001"
"2909000";"Cordeiros (BA)";"Total";"8168"
"2909000";"Cordeiros (BA)";"Urbana";"2551"
"2909000";"Cordeiros (BA)";"Rural";"5617"
"2909109";"Coribe (BA)";"Total";"14307"
"2909109";"Coribe (BA)";"Urbana";"6141"
"2909109";"Coribe (BA)";"Rural";"8166"
"2909208";"Coronel João Sá (BA)";"Total";"17066"
"2909208";"Coronel João Sá (BA)";"Urbana";"7043"
"2909208";"Coronel João Sá (BA)";"Rural";"10023"
"2909307";"Correntina (BA)";"Total";"31249"
"2909307";"Correntina (BA)";"Urbana";"12604"
"2909307";"Correntina (BA)";"Rural";"18645"
"2909406";"Cotegipe (BA)";"Total";"13636"
"2909406";"Cotegipe (BA)";"Urbana";"6648"
"2909406";"Cotegipe (BA)";"Rural";"6988"
"2909505";"Cravolândia (BA)";"Total";"5041"
"2909505";"Cravolândia (BA)";"Urbana";"3180"
"2909505";"Cravolândia (BA)";"Rural";"1861"
"2909604";"Crisópolis (BA)";"Total";"20046"
"2909604";"Crisópolis (BA)";"Urbana";"8612"
"2909604";"Crisópolis (BA)";"Rural";"11434"
"2909703";"Cristópolis (BA)";"Total";"13280"
"2909703";"Cristópolis (BA)";"Urbana";"3133"
"2909703";"Cristópolis (BA)";"Rural";"10147"
"2909802";"Cruz das Almas (BA)";"Total";"58606"
"2909802";"Cruz das Almas (BA)";"Urbana";"49885"
"2909802";"Cruz das Almas (BA)";"Rural";"8721"
"2909901";"Curaçá (BA)";"Total";"32168"
"2909901";"Curaçá (BA)";"Urbana";"13719"
"2909901";"Curaçá (BA)";"Rural";"18449"
"2910008";"Dário Meira (BA)";"Total";"12836"
"2910008";"Dário Meira (BA)";"Urbana";"5090"
"2910008";"Dário Meira (BA)";"Rural";"7746"
"2910057";"Dias d'Ávila (BA)";"Total";"66440"
"2910057";"Dias d'Ávila (BA)";"Urbana";"62473"
"2910057";"Dias d'Ávila (BA)";"Rural";"3967"
"2910107";"Dom Basílio (BA)";"Total";"11355"
"2910107";"Dom Basílio (BA)";"Urbana";"2241"
"2910107";"Dom Basílio (BA)";"Rural";"9114"
"2910206";"Dom Macedo Costa (BA)";"Total";"3874"
"2910206";"Dom Macedo Costa (BA)";"Urbana";"1761"
"2910206";"Dom Macedo Costa (BA)";"Rural";"2113"
"2910305";"Elísio Medrado (BA)";"Total";"7947"
"2910305";"Elísio Medrado (BA)";"Urbana";"3248"
"2910305";"Elísio Medrado (BA)";"Rural";"4699"
"2910404";"Encruzilhada (BA)";"Total";"23766"
"2910404";"Encruzilhada (BA)";"Urbana";"5130"
"2910404";"Encruzilhada (BA)";"Rural";"18636"
"2910503";"Entre Rios (BA)";"Total";"39872"
"2910503";"Entre Rios (BA)";"Urbana";"23840"
"2910503";"Entre Rios (BA)";"Rural";"16032"
"2910602";"Esplanada (BA)";"Total";"32802"
"2910602";"Esplanada (BA)";"Urbana";"20822"
"2910602";"Esplanada (BA)";"Rural";"11980"
"2910701";"Euclides da Cunha (BA)";"Total";"56289"
"2910701";"Euclides da Cunha (BA)";"Urbana";"27416"
"2910701";"Euclides da Cunha (BA)";"Rural";"28873"
"2910727";"Eunápolis (BA)";"Total";"100196"
"2910727";"Eunápolis (BA)";"Urbana";"93413"
"2910727";"Eunápolis (BA)";"Rural";"6783"
"2910750";"Fátima (BA)";"Total";"17652"
"2910750";"Fátima (BA)";"Urbana";"6916"
"2910750";"Fátima (BA)";"Rural";"10736"
"2910776";"Feira da Mata (BA)";"Total";"6184"
"2910776";"Feira da Mata (BA)";"Urbana";"3243"
"2910776";"Feira da Mata (BA)";"Rural";"2941"
"2910800";"Feira de Santana (BA)";"Total";"556642"
"2910800";"Feira de Santana (BA)";"Urbana";"510635"
"2910800";"Feira de Santana (BA)";"Rural";"46007"
"2910859";"Filadélfia (BA)";"Total";"16740"
"2910859";"Filadélfia (BA)";"Urbana";"9022"
"2910859";"Filadélfia (BA)";"Rural";"7718"
"2910909";"Firmino Alves (BA)";"Total";"5384"
"2910909";"Firmino Alves (BA)";"Urbana";"4337"
"2910909";"Firmino Alves (BA)";"Rural";"1047"
"2911006";"Floresta Azul (BA)";"Total";"10660"
"2911006";"Floresta Azul (BA)";"Urbana";"7343"
"2911006";"Floresta Azul (BA)";"Rural";"3317"
"2911105";"Formosa do Rio Preto (BA)";"Total";"22528"
"2911105";"Formosa do Rio Preto (BA)";"Urbana";"13647"
"2911105";"Formosa do Rio Preto (BA)";"Rural";"8881"
"2911204";"Gandu (BA)";"Total";"30336"
"2911204";"Gandu (BA)";"Urbana";"24848"
"2911204";"Gandu (BA)";"Rural";"5488"
"2911253";"Gavião (BA)";"Total";"4561"
"2911253";"Gavião (BA)";"Urbana";"2538"
"2911253";"Gavião (BA)";"Rural";"2023"
"2911303";"Gentio do Ouro (BA)";"Total";"10622"
"2911303";"Gentio do Ouro (BA)";"Urbana";"5350"
"2911303";"Gentio do Ouro (BA)";"Rural";"5272"
"2911402";"Glória (BA)";"Total";"15076"
"2911402";"Glória (BA)";"Urbana";"2827"
"2911402";"Glória (BA)";"Rural";"12249"
"2911501";"Gongogi (BA)";"Total";"8357"
"2911501";"Gongogi (BA)";"Urbana";"5358"
"2911501";"Gongogi (BA)";"Rural";"2999"
"2911600";"Governador Mangabeira (BA)";"Total";"19818"
"2911600";"Governador Mangabeira (BA)";"Urbana";"7417"
"2911600";"Governador Mangabeira (BA)";"Rural";"12401"
"2911659";"Guajeru (BA)";"Total";"10412"
"2911659";"Guajeru (BA)";"Urbana";"2077"
"2911659";"Guajeru (BA)";"Rural";"8335"
"2911709";"Guanambi (BA)";"Total";"78833"
"2911709";"Guanambi (BA)";"Urbana";"62565"
"2911709";"Guanambi (BA)";"Rural";"16268"
"2911808";"Guaratinga (BA)";"Total";"22165"
"2911808";"Guaratinga (BA)";"Urbana";"10425"
"2911808";"Guaratinga (BA)";"Rural";"11740"
"2911857";"Heliópolis (BA)";"Total";"13192"
"2911857";"Heliópolis (BA)";"Urbana";"5428"
"2911857";"Heliópolis (BA)";"Rural";"7764"
"2911907";"Iaçu (BA)";"Total";"25736"
"2911907";"Iaçu (BA)";"Urbana";"20168"
"2911907";"Iaçu (BA)";"Rural";"5568"
"2912004";"Ibiassucê (BA)";"Total";"10062"
"2912004";"Ibiassucê (BA)";"Urbana";"4706"
"2912004";"Ibiassucê (BA)";"Rural";"5356"
"2912103";"Ibicaraí (BA)";"Total";"24272"
"2912103";"Ibicaraí (BA)";"Urbana";"17885"
"2912103";"Ibicaraí (BA)";"Rural";"6387"
"2912202";"Ibicoara (BA)";"Total";"17282"
"2912202";"Ibicoara (BA)";"Urbana";"10961"
"2912202";"Ibicoara (BA)";"Rural";"6321"
"2912301";"Ibicuí (BA)";"Total";"15785"
"2912301";"Ibicuí (BA)";"Urbana";"11964"
"2912301";"Ibicuí (BA)";"Rural";"3821"
"2912400";"Ibipeba (BA)";"Total";"17008"
"2912400";"Ibipeba (BA)";"Urbana";"10049"
"2912400";"Ibipeba (BA)";"Rural";"6959"
"2912509";"Ibipitanga (BA)";"Total";"14171"
"2912509";"Ibipitanga (BA)";"Urbana";"5155"
"2912509";"Ibipitanga (BA)";"Rural";"9016"
"2912608";"Ibiquera (BA)";"Total";"4866"
"2912608";"Ibiquera (BA)";"Urbana";"2461"
"2912608";"Ibiquera (BA)";"Rural";"2405"
"2912707";"Ibirapitanga (BA)";"Total";"22598"
"2912707";"Ibirapitanga (BA)";"Urbana";"6163"
"2912707";"Ibirapitanga (BA)";"Rural";"16435"
"2912806";"Ibirapuã (BA)";"Total";"7956"
"2912806";"Ibirapuã (BA)";"Urbana";"4532"
"2912806";"Ibirapuã (BA)";"Rural";"3424"
"2912905";"Ibirataia (BA)";"Total";"18943"
"2912905";"Ibirataia (BA)";"Urbana";"15742"
"2912905";"Ibirataia (BA)";"Rural";"3201"
"2913002";"Ibitiara (BA)";"Total";"15508"
"2913002";"Ibitiara (BA)";"Urbana";"3437"
"2913002";"Ibitiara (BA)";"Rural";"12071"
"2913101";"Ibititá (BA)";"Total";"17840"
"2913101";"Ibititá (BA)";"Urbana";"8338"
"2913101";"Ibititá (BA)";"Rural";"9502"
"2913200";"Ibotirama (BA)";"Total";"25424"
"2913200";"Ibotirama (BA)";"Urbana";"19501"
"2913200";"Ibotirama (BA)";"Rural";"5923"
"2913309";"Ichu (BA)";"Total";"5255"
"2913309";"Ichu (BA)";"Urbana";"3365"
"2913309";"Ichu (BA)";"Rural";"1890"
"2913408";"Igaporã (BA)";"Total";"15205"
"2913408";"Igaporã (BA)";"Urbana";"7864"
"2913408";"Igaporã (BA)";"Rural";"7341"
"2913457";"Igrapiúna (BA)";"Total";"13343"
"2913457";"Igrapiúna (BA)";"Urbana";"4275"
"2913457";"Igrapiúna (BA)";"Rural";"9068"
"2913507";"Iguaí (BA)";"Total";"25705"
"2913507";"Iguaí (BA)";"Urbana";"14580"
"2913507";"Iguaí (BA)";"Rural";"11125"
"2913606";"Ilhéus (BA)";"Total";"184236"
"2913606";"Ilhéus (BA)";"Urbana";"155281"
"2913606";"Ilhéus (BA)";"Rural";"28955"
"2913705";"Inhambupe (BA)";"Total";"36306"
"2913705";"Inhambupe (BA)";"Urbana";"15635"
"2913705";"Inhambupe (BA)";"Rural";"20671"
"2913804";"Ipecaetá (BA)";"Total";"15331"
"2913804";"Ipecaetá (BA)";"Urbana";"2637"
"2913804";"Ipecaetá (BA)";"Rural";"12694"
"2913903";"Ipiaú (BA)";"Total";"44390"
"2913903";"Ipiaú (BA)";"Urbana";"40384"
"2913903";"Ipiaú (BA)";"Rural";"4006"
"2914000";"Ipirá (BA)";"Total";"59343"
"2914000";"Ipirá (BA)";"Urbana";"29009"
"2914000";"Ipirá (BA)";"Rural";"30334"
"2914109";"Ipupiara (BA)";"Total";"9285"
"2914109";"Ipupiara (BA)";"Urbana";"5979"
"2914109";"Ipupiara (BA)";"Rural";"3306"
"2914208";"Irajuba (BA)";"Total";"7002"
"2914208";"Irajuba (BA)";"Urbana";"3273"
"2914208";"Irajuba (BA)";"Rural";"3729"
"2914307";"Iramaia (BA)";"Total";"11990"
"2914307";"Iramaia (BA)";"Urbana";"5404"
"2914307";"Iramaia (BA)";"Rural";"6586"
"2914406";"Iraquara (BA)";"Total";"22601"
"2914406";"Iraquara (BA)";"Urbana";"6757"
"2914406";"Iraquara (BA)";"Rural";"15844"
"2914505";"Irará (BA)";"Total";"27466"
"2914505";"Irará (BA)";"Urbana";"11246"
"2914505";"Irará (BA)";"Rural";"16220"
"2914604";"Irecê (BA)";"Total";"66181"
"2914604";"Irecê (BA)";"Urbana";"61019"
"2914604";"Irecê (BA)";"Rural";"5162"
"2914653";"Itabela (BA)";"Total";"28390"
"2914653";"Itabela (BA)";"Urbana";"21384"
"2914653";"Itabela (BA)";"Rural";"7006"
"2914703";"Itaberaba (BA)";"Total";"61631"
"2914703";"Itaberaba (BA)";"Urbana";"48485"
"2914703";"Itaberaba (BA)";"Rural";"13146"
"2914802";"Itabuna (BA)";"Total";"204667"
"2914802";"Itabuna (BA)";"Urbana";"199643"
"2914802";"Itabuna (BA)";"Rural";"5024"
"2914901";"Itacaré (BA)";"Total";"24318"
"2914901";"Itacaré (BA)";"Urbana";"13642"
"2914901";"Itacaré (BA)";"Rural";"10676"
"2915007";"Itaeté (BA)";"Total";"14924"
"2915007";"Itaeté (BA)";"Urbana";"6209"
"2915007";"Itaeté (BA)";"Rural";"8715"
"2915106";"Itagi (BA)";"Total";"13051"
"2915106";"Itagi (BA)";"Urbana";"10210"
"2915106";"Itagi (BA)";"Rural";"2841"
"2915205";"Itagibá (BA)";"Total";"15193"
"2915205";"Itagibá (BA)";"Urbana";"9572"
"2915205";"Itagibá (BA)";"Rural";"5621"
"2915304";"Itagimirim (BA)";"Total";"7110"
"2915304";"Itagimirim (BA)";"Urbana";"5649"
"2915304";"Itagimirim (BA)";"Rural";"1461"
"2915353";"Itaguaçu da Bahia (BA)";"Total";"13209"
"2915353";"Itaguaçu da Bahia (BA)";"Urbana";"2598"
"2915353";"Itaguaçu da Bahia (BA)";"Rural";"10611"
"2915403";"Itaju do Colônia (BA)";"Total";"7309"
"2915403";"Itaju do Colônia (BA)";"Urbana";"5860"
"2915403";"Itaju do Colônia (BA)";"Rural";"1449"
"2915502";"Itajuípe (BA)";"Total";"21081"
"2915502";"Itajuípe (BA)";"Urbana";"16839"
"2915502";"Itajuípe (BA)";"Rural";"4242"
"2915601";"Itamaraju (BA)";"Total";"63069"
"2915601";"Itamaraju (BA)";"Urbana";"49785"
"2915601";"Itamaraju (BA)";"Rural";"13284"
"2915700";"Itamari (BA)";"Total";"7903"
"2915700";"Itamari (BA)";"Urbana";"5839"
"2915700";"Itamari (BA)";"Rural";"2064"
"2915809";"Itambé (BA)";"Total";"23089"
"2915809";"Itambé (BA)";"Urbana";"19698"
"2915809";"Itambé (BA)";"Rural";"3391"
"2915908";"Itanagra (BA)";"Total";"7598"
"2915908";"Itanagra (BA)";"Urbana";"2327"
"2915908";"Itanagra (BA)";"Rural";"5271"
"2916005";"Itanhém (BA)";"Total";"20216"
"2916005";"Itanhém (BA)";"Urbana";"14206"
"2916005";"Itanhém (BA)";"Rural";"6010"
"2916104";"Itaparica (BA)";"Total";"20725"
"2916104";"Itaparica (BA)";"Urbana";"20725"
"2916104";"Itaparica (BA)";"Rural";"-"
"2916203";"Itapé (BA)";"Total";"10995"
"2916203";"Itapé (BA)";"Urbana";"7180"
"2916203";"Itapé (BA)";"Rural";"3815"
"2916302";"Itapebi (BA)";"Total";"10495"
"2916302";"Itapebi (BA)";"Urbana";"8268"
"2916302";"Itapebi (BA)";"Rural";"2227"
"2916401";"Itapetinga (BA)";"Total";"68273"
"2916401";"Itapetinga (BA)";"Urbana";"66276"
"2916401";"Itapetinga (BA)";"Rural";"1997"
"2916500";"Itapicuru (BA)";"Total";"32261"
"2916500";"Itapicuru (BA)";"Urbana";"6675"
"2916500";"Itapicuru (BA)";"Rural";"25586"
"2916609";"Itapitanga (BA)";"Total";"10207"
"2916609";"Itapitanga (BA)";"Urbana";"7591"
"2916609";"Itapitanga (BA)";"Rural";"2616"
"2916708";"Itaquara (BA)";"Total";"7678"
"2916708";"Itaquara (BA)";"Urbana";"4608"
"2916708";"Itaquara (BA)";"Rural";"3070"
"2916807";"Itarantim (BA)";"Total";"18539"
"2916807";"Itarantim (BA)";"Urbana";"15302"
"2916807";"Itarantim (BA)";"Rural";"3237"
"2916856";"Itatim (BA)";"Total";"14522"
"2916856";"Itatim (BA)";"Urbana";"10112"
"2916856";"Itatim (BA)";"Rural";"4410"
"2916906";"Itiruçu (BA)";"Total";"12693"
"2916906";"Itiruçu (BA)";"Urbana";"9526"
"2916906";"Itiruçu (BA)";"Rural";"3167"
"2917003";"Itiúba (BA)";"Total";"36113"
"2917003";"Itiúba (BA)";"Urbana";"9699"
"2917003";"Itiúba (BA)";"Rural";"26414"
"2917102";"Itororó (BA)";"Total";"19914"
"2917102";"Itororó (BA)";"Urbana";"18100"
"2917102";"Itororó (BA)";"Rural";"1814"
"2917201";"Ituaçu (BA)";"Total";"18127"
"2917201";"Ituaçu (BA)";"Urbana";"6569"
"2917201";"Ituaçu (BA)";"Rural";"11558"
"2917300";"Ituberá (BA)";"Total";"26591"
"2917300";"Ituberá (BA)";"Urbana";"19252"
"2917300";"Ituberá (BA)";"Rural";"7339"
"2917334";"Iuiu (BA)";"Total";"10900"
"2917334";"Iuiu (BA)";"Urbana";"5284"
"2917334";"Iuiu (BA)";"Rural";"5616"
"2917359";"Jaborandi (BA)";"Total";"8973"
"2917359";"Jaborandi (BA)";"Urbana";"3040"
"2917359";"Jaborandi (BA)";"Rural";"5933"
"2917409";"Jacaraci (BA)";"Total";"13651"
"2917409";"Jacaraci (BA)";"Urbana";"4923"
"2917409";"Jacaraci (BA)";"Rural";"8728"
"2917508";"Jacobina (BA)";"Total";"79247"
"2917508";"Jacobina (BA)";"Urbana";"55868"
"2917508";"Jacobina (BA)";"Rural";"23379"
"2917607";"Jaguaquara (BA)";"Total";"51011"
"2917607";"Jaguaquara (BA)";"Urbana";"38850"
"2917607";"Jaguaquara (BA)";"Rural";"12161"
"2917706";"Jaguarari (BA)";"Total";"30343"
"2917706";"Jaguarari (BA)";"Urbana";"16612"
"2917706";"Jaguarari (BA)";"Rural";"13731"
"2917805";"Jaguaripe (BA)";"Total";"16467"
"2917805";"Jaguaripe (BA)";"Urbana";"5298"
"2917805";"Jaguaripe (BA)";"Rural";"11169"
"2917904";"Jandaíra (BA)";"Total";"10331"
"2917904";"Jandaíra (BA)";"Urbana";"6147"
"2917904";"Jandaíra (BA)";"Rural";"4184"
"2918001";"Jequié (BA)";"Total";"151895"
"2918001";"Jequié (BA)";"Urbana";"139426"
"2918001";"Jequié (BA)";"Rural";"12469"
"2918100";"Jeremoabo (BA)";"Total";"37680"
"2918100";"Jeremoabo (BA)";"Urbana";"17437"
"2918100";"Jeremoabo (BA)";"Rural";"20243"
"2918209";"Jiquiriçá (BA)";"Total";"14118"
"2918209";"Jiquiriçá (BA)";"Urbana";"5581"
"2918209";"Jiquiriçá (BA)";"Rural";"8537"
"2918308";"Jitaúna (BA)";"Total";"14115"
"2918308";"Jitaúna (BA)";"Urbana";"9260"
"2918308";"Jitaúna (BA)";"Rural";"4855"
"2918357";"João Dourado (BA)";"Total";"22549"
"2918357";"João Dourado (BA)";"Urbana";"13569"
"2918357";"João Dourado (BA)";"Rural";"8980"
"2918407";"Juazeiro (BA)";"Total";"197965"
"2918407";"Juazeiro (BA)";"Urbana";"160775"
"2918407";"Juazeiro (BA)";"Rural";"37190"
"2918456";"Jucuruçu (BA)";"Total";"10290"
"2918456";"Jucuruçu (BA)";"Urbana";"2292"
"2918456";"Jucuruçu (BA)";"Rural";"7998"
"2918506";"Jussara (BA)";"Total";"15052"
"2918506";"Jussara (BA)";"Urbana";"10052"
"2918506";"Jussara (BA)";"Rural";"5000"
"2918555";"Jussari (BA)";"Total";"6474"
"2918555";"Jussari (BA)";"Urbana";"4876"
"2918555";"Jussari (BA)";"Rural";"1598"
"2918605";"Jussiape (BA)";"Total";"8031"
"2918605";"Jussiape (BA)";"Urbana";"3068"
"2918605";"Jussiape (BA)";"Rural";"4963"
"2918704";"Lafaiete Coutinho (BA)";"Total";"3901"
"2918704";"Lafaiete Coutinho (BA)";"Urbana";"2104"
"2918704";"Lafaiete Coutinho (BA)";"Rural";"1797"
"2918753";"Lagoa Real (BA)";"Total";"13934"
"2918753";"Lagoa Real (BA)";"Urbana";"2808"
"2918753";"Lagoa Real (BA)";"Rural";"11126"
"2918803";"Laje (BA)";"Total";"22201"
"2918803";"Laje (BA)";"Urbana";"6080"
"2918803";"Laje (BA)";"Rural";"16121"
"2918902";"Lajedão (BA)";"Total";"3733"
"2918902";"Lajedão (BA)";"Urbana";"2076"
"2918902";"Lajedão (BA)";"Rural";"1657"
"2919009";"Lajedinho (BA)";"Total";"3936"
"2919009";"Lajedinho (BA)";"Urbana";"1245"
"2919009";"Lajedinho (BA)";"Rural";"2691"
"2919058";"Lajedo do Tabocal (BA)";"Total";"8305"
"2919058";"Lajedo do Tabocal (BA)";"Urbana";"5149"
"2919058";"Lajedo do Tabocal (BA)";"Rural";"3156"
"2919108";"Lamarão (BA)";"Total";"9560"
"2919108";"Lamarão (BA)";"Urbana";"2085"
"2919108";"Lamarão (BA)";"Rural";"7475"
"2919157";"Lapão (BA)";"Total";"25646"
"2919157";"Lapão (BA)";"Urbana";"10050"
"2919157";"Lapão (BA)";"Rural";"15596"
"2919207";"Lauro de Freitas (BA)";"Total";"163449"
"2919207";"Lauro de Freitas (BA)";"Urbana";"163449"
"2919207";"Lauro de Freitas (BA)";"Rural";"-"
"2919306";"Lençóis (BA)";"Total";"10368"
"2919306";"Lençóis (BA)";"Urbana";"8037"
"2919306";"Lençóis (BA)";"Rural";"2331"
"2919405";"Licínio de Almeida (BA)";"Total";"12311"
"2919405";"Licínio de Almeida (BA)";"Urbana";"6253"
"2919405";"Licínio de Almeida (BA)";"Rural";"6058"
"2919504";"Livramento de Nossa Senhora (BA)";"Total";"42693"
"2919504";"Livramento de Nossa Senhora (BA)";"Urbana";"20530"
"2919504";"Livramento de Nossa Senhora (BA)";"Rural";"22163"
"2919553";"Luís Eduardo Magalhães (BA)";"Total";"60105"
"2919553";"Luís Eduardo Magalhães (BA)";"Urbana";"54881"
"2919553";"Luís Eduardo Magalhães (BA)";"Rural";"5224"
"2919603";"Macajuba (BA)";"Total";"11229"
"2919603";"Macajuba (BA)";"Urbana";"6871"
"2919603";"Macajuba (BA)";"Rural";"4358"
"2919702";"Macarani (BA)";"Total";"17093"
"2919702";"Macarani (BA)";"Urbana";"13639"
"2919702";"Macarani (BA)";"Rural";"3454"
"2919801";"Macaúbas (BA)";"Total";"47051"
"2919801";"Macaúbas (BA)";"Urbana";"15411"
"2919801";"Macaúbas (BA)";"Rural";"31640"
"2919900";"Macururé (BA)";"Total";"8073"
"2919900";"Macururé (BA)";"Urbana";"2860"
"2919900";"Macururé (BA)";"Rural";"5213"
"2919926";"Madre de Deus (BA)";"Total";"17376"
"2919926";"Madre de Deus (BA)";"Urbana";"16854"
"2919926";"Madre de Deus (BA)";"Rural";"522"
"2919959";"Maetinga (BA)";"Total";"7038"
"2919959";"Maetinga (BA)";"Urbana";"2817"
"2919959";"Maetinga (BA)";"Rural";"4221"
"2920007";"Maiquinique (BA)";"Total";"8782"
"2920007";"Maiquinique (BA)";"Urbana";"6916"
"2920007";"Maiquinique (BA)";"Rural";"1866"
"2920106";"Mairi (BA)";"Total";"19326"
"2920106";"Mairi (BA)";"Urbana";"11115"
"2920106";"Mairi (BA)";"Rural";"8211"
"2920205";"Malhada (BA)";"Total";"16014"
"2920205";"Malhada (BA)";"Urbana";"6559"
"2920205";"Malhada (BA)";"Rural";"9455"
"2920304";"Malhada de Pedras (BA)";"Total";"8468"
"2920304";"Malhada de Pedras (BA)";"Urbana";"3234"
"2920304";"Malhada de Pedras (BA)";"Rural";"5234"
"2920403";"Manoel Vitorino (BA)";"Total";"14387"
"2920403";"Manoel Vitorino (BA)";"Urbana";"7359"
"2920403";"Manoel Vitorino (BA)";"Rural";"7028"
"2920452";"Mansidão (BA)";"Total";"12592"
"2920452";"Mansidão (BA)";"Urbana";"4782"
"2920452";"Mansidão (BA)";"Rural";"7810"
"2920502";"Maracás (BA)";"Total";"24613"
"2920502";"Maracás (BA)";"Urbana";"17707"
"2920502";"Maracás (BA)";"Rural";"6906"
"2920601";"Maragogipe (BA)";"Total";"42815"
"2920601";"Maragogipe (BA)";"Urbana";"25093"
"2920601";"Maragogipe (BA)";"Rural";"17722"
"2920700";"Maraú (BA)";"Total";"19101"
"2920700";"Maraú (BA)";"Urbana";"3561"
"2920700";"Maraú (BA)";"Rural";"15540"
"2920809";"Marcionílio Souza (BA)";"Total";"10500"
"2920809";"Marcionílio Souza (BA)";"Urbana";"5312"
"2920809";"Marcionílio Souza (BA)";"Rural";"5188"
"2920908";"Mascote (BA)";"Total";"14640"
"2920908";"Mascote (BA)";"Urbana";"11679"
"2920908";"Mascote (BA)";"Rural";"2961"
"2921005";"Mata de São João (BA)";"Total";"40183"
"2921005";"Mata de São João (BA)";"Urbana";"29825"
"2921005";"Mata de São João (BA)";"Rural";"10358"
"2921054";"Matina (BA)";"Total";"11145"
"2921054";"Matina (BA)";"Urbana";"3473"
"2921054";"Matina (BA)";"Rural";"7672"
"2921104";"Medeiros Neto (BA)";"Total";"21560"
"2921104";"Medeiros Neto (BA)";"Urbana";"17064"
"2921104";"Medeiros Neto (BA)";"Rural";"4496"
"2921203";"Miguel Calmon (BA)";"Total";"26475"
"2921203";"Miguel Calmon (BA)";"Urbana";"16066"
"2921203";"Miguel Calmon (BA)";"Rural";"10409"
"2921302";"Milagres (BA)";"Total";"10306"
"2921302";"Milagres (BA)";"Urbana";"7789"
"2921302";"Milagres (BA)";"Rural";"2517"
"2921401";"Mirangaba (BA)";"Total";"16279"
"2921401";"Mirangaba (BA)";"Urbana";"7879"
"2921401";"Mirangaba (BA)";"Rural";"8400"
"2921450";"Mirante (BA)";"Total";"10507"
"2921450";"Mirante (BA)";"Urbana";"1809"
"2921450";"Mirante (BA)";"Rural";"8698"
"2921500";"Monte Santo (BA)";"Total";"52338"
"2921500";"Monte Santo (BA)";"Urbana";"8845"
"2921500";"Monte Santo (BA)";"Rural";"43493"
"2921609";"Morpará (BA)";"Total";"8280"
"2921609";"Morpará (BA)";"Urbana";"5538"
"2921609";"Morpará (BA)";"Rural";"2742"
"2921708";"Morro do Chapéu (BA)";"Total";"35164"
"2921708";"Morro do Chapéu (BA)";"Urbana";"20267"
"2921708";"Morro do Chapéu (BA)";"Rural";"14897"
"2921807";"Mortugaba (BA)";"Total";"12477"
"2921807";"Mortugaba (BA)";"Urbana";"5887"
"2921807";"Mortugaba (BA)";"Rural";"6590"
"2921906";"Mucugê (BA)";"Total";"10545"
"2921906";"Mucugê (BA)";"Urbana";"4180"
"2921906";"Mucugê (BA)";"Rural";"6365"
"2922003";"Mucuri (BA)";"Total";"36026"
"2922003";"Mucuri (BA)";"Urbana";"27492"
"2922003";"Mucuri (BA)";"Rural";"8534"
"2922052";"Mulungu do Morro (BA)";"Total";"12249"
"2922052";"Mulungu do Morro (BA)";"Urbana";"5919"
"2922052";"Mulungu do Morro (BA)";"Rural";"6330"
"2922102";"Mundo Novo (BA)";"Total";"24395"
"2922102";"Mundo Novo (BA)";"Urbana";"13564"
"2922102";"Mundo Novo (BA)";"Rural";"10831"
"2922201";"Muniz Ferreira (BA)";"Total";"7317"
"2922201";"Muniz Ferreira (BA)";"Urbana";"3394"
"2922201";"Muniz Ferreira (BA)";"Rural";"3923"
"2922250";"Muquém do São Francisco (BA)";"Total";"10272"
"2922250";"Muquém do São Francisco (BA)";"Urbana";"1283"
"2922250";"Muquém do São Francisco (BA)";"Rural";"8989"
"2922300";"Muritiba (BA)";"Total";"28899"
"2922300";"Muritiba (BA)";"Urbana";"18040"
"2922300";"Muritiba (BA)";"Rural";"10859"
"2922409";"Mutuípe (BA)";"Total";"21449"
"2922409";"Mutuípe (BA)";"Urbana";"9659"
"2922409";"Mutuípe (BA)";"Rural";"11790"
"2922508";"Nazaré (BA)";"Total";"27274"
"2922508";"Nazaré (BA)";"Urbana";"22864"
"2922508";"Nazaré (BA)";"Rural";"4410"
"2922607";"Nilo Peçanha (BA)";"Total";"12530"
"2922607";"Nilo Peçanha (BA)";"Urbana";"3105"
"2922607";"Nilo Peçanha (BA)";"Rural";"9425"
"2922656";"Nordestina (BA)";"Total";"12371"
"2922656";"Nordestina (BA)";"Urbana";"3921"
"2922656";"Nordestina (BA)";"Rural";"8450"
"2922706";"Nova Canaã (BA)";"Total";"16713"
"2922706";"Nova Canaã (BA)";"Urbana";"6852"
"2922706";"Nova Canaã (BA)";"Rural";"9861"
"2922730";"Nova Fátima (BA)";"Total";"7602"
"2922730";"Nova Fátima (BA)";"Urbana";"5074"
"2922730";"Nova Fátima (BA)";"Rural";"2528"
"2922755";"Nova Ibiá (BA)";"Total";"6648"
"2922755";"Nova Ibiá (BA)";"Urbana";"2807"
"2922755";"Nova Ibiá (BA)";"Rural";"3841"
"2922805";"Nova Itarana (BA)";"Total";"7435"
"2922805";"Nova Itarana (BA)";"Urbana";"2715"
"2922805";"Nova Itarana (BA)";"Rural";"4720"
"2922854";"Nova Redenção (BA)";"Total";"8034"
"2922854";"Nova Redenção (BA)";"Urbana";"5237"
"2922854";"Nova Redenção (BA)";"Rural";"2797"
"2922904";"Nova Soure (BA)";"Total";"24136"
"2922904";"Nova Soure (BA)";"Urbana";"11730"
"2922904";"Nova Soure (BA)";"Rural";"12406"
"2923001";"Nova Viçosa (BA)";"Total";"38556"
"2923001";"Nova Viçosa (BA)";"Urbana";"33526"
"2923001";"Nova Viçosa (BA)";"Rural";"5030"
"2923035";"Novo Horizonte (BA)";"Total";"10673"
"2923035";"Novo Horizonte (BA)";"Urbana";"3505"
"2923035";"Novo Horizonte (BA)";"Rural";"7168"
"2923050";"Novo Triunfo (BA)";"Total";"15051"
"2923050";"Novo Triunfo (BA)";"Urbana";"7503"
"2923050";"Novo Triunfo (BA)";"Rural";"7548"
"2923100";"Olindina (BA)";"Total";"24943"
"2923100";"Olindina (BA)";"Urbana";"12773"
"2923100";"Olindina (BA)";"Rural";"12170"
"2923209";"Oliveira dos Brejinhos (BA)";"Total";"21831"
"2923209";"Oliveira dos Brejinhos (BA)";"Urbana";"6584"
"2923209";"Oliveira dos Brejinhos (BA)";"Rural";"15247"
"2923308";"Ouriçangas (BA)";"Total";"8298"
"2923308";"Ouriçangas (BA)";"Urbana";"2762"
"2923308";"Ouriçangas (BA)";"Rural";"5536"
"2923357";"Ourolândia (BA)";"Total";"16425"
"2923357";"Ourolândia (BA)";"Urbana";"6341"
"2923357";"Ourolândia (BA)";"Rural";"10084"
"2923407";"Palmas de Monte Alto (BA)";"Total";"20775"
"2923407";"Palmas de Monte Alto (BA)";"Urbana";"9832"
"2923407";"Palmas de Monte Alto (BA)";"Rural";"10943"
"2923506";"Palmeiras (BA)";"Total";"8410"
"2923506";"Palmeiras (BA)";"Urbana";"5239"
"2923506";"Palmeiras (BA)";"Rural";"3171"
"2923605";"Paramirim (BA)";"Total";"21001"
"2923605";"Paramirim (BA)";"Urbana";"10029"
"2923605";"Paramirim (BA)";"Rural";"10972"
"2923704";"Paratinga (BA)";"Total";"29504"
"2923704";"Paratinga (BA)";"Urbana";"10905"
"2923704";"Paratinga (BA)";"Rural";"18599"
"2923803";"Paripiranga (BA)";"Total";"27778"
"2923803";"Paripiranga (BA)";"Urbana";"9533"
"2923803";"Paripiranga (BA)";"Rural";"18245"
"2923902";"Pau Brasil (BA)";"Total";"10852"
"2923902";"Pau Brasil (BA)";"Urbana";"7382"
"2923902";"Pau Brasil (BA)";"Rural";"3470"
"2924009";"Paulo Afonso (BA)";"Total";"108396"
"2924009";"Paulo Afonso (BA)";"Urbana";"93404"
"2924009";"Paulo Afonso (BA)";"Rural";"14992"
"2924058";"Pé de Serra (BA)";"Total";"13752"
"2924058";"Pé de Serra (BA)";"Urbana";"5174"
"2924058";"Pé de Serra (BA)";"Rural";"8578"
"2924108";"Pedrão (BA)";"Total";"6876"
"2924108";"Pedrão (BA)";"Urbana";"1716"
"2924108";"Pedrão (BA)";"Rural";"5160"
"2924207";"Pedro Alexandre (BA)";"Total";"16995"
"2924207";"Pedro Alexandre (BA)";"Urbana";"2786"
"2924207";"Pedro Alexandre (BA)";"Rural";"14209"
"2924306";"Piatã (BA)";"Total";"17982"
"2924306";"Piatã (BA)";"Urbana";"7612"
"2924306";"Piatã (BA)";"Rural";"10370"
"2924405";"Pilão Arcado (BA)";"Total";"32860"
"2924405";"Pilão Arcado (BA)";"Urbana";"11027"
"2924405";"Pilão Arcado (BA)";"Rural";"21833"
"2924504";"Pindaí (BA)";"Total";"15628"
"2924504";"Pindaí (BA)";"Urbana";"4319"
"2924504";"Pindaí (BA)";"Rural";"11309"
"2924603";"Pindobaçu (BA)";"Total";"20121"
"2924603";"Pindobaçu (BA)";"Urbana";"11237"
"2924603";"Pindobaçu (BA)";"Rural";"8884"
"2924652";"Pintadas (BA)";"Total";"10342"
"2924652";"Pintadas (BA)";"Urbana";"5840"
"2924652";"Pintadas (BA)";"Rural";"4502"
"2924678";"Piraí do Norte (BA)";"Total";"9799"
"2924678";"Piraí do Norte (BA)";"Urbana";"3689"
"2924678";"Piraí do Norte (BA)";"Rural";"6110"
"2924702";"Piripá (BA)";"Total";"12783"
"2924702";"Piripá (BA)";"Urbana";"6195"
"2924702";"Piripá (BA)";"Rural";"6588"
"2924801";"Piritiba (BA)";"Total";"22399"
"2924801";"Piritiba (BA)";"Urbana";"15162"
"2924801";"Piritiba (BA)";"Rural";"7237"
"2924900";"Planaltino (BA)";"Total";"8822"
"2924900";"Planaltino (BA)";"Urbana";"3640"
"2924900";"Planaltino (BA)";"Rural";"5182"
"2925006";"Planalto (BA)";"Total";"24481"
"2925006";"Planalto (BA)";"Urbana";"14869"
"2925006";"Planalto (BA)";"Rural";"9612"
"2925105";"Poções (BA)";"Total";"44701"
"2925105";"Poções (BA)";"Urbana";"34659"
"2925105";"Poções (BA)";"Rural";"10042"
"2925204";"Pojuca (BA)";"Total";"33066"
"2925204";"Pojuca (BA)";"Urbana";"28378"
"2925204";"Pojuca (BA)";"Rural";"4688"
"2925253";"Ponto Novo (BA)";"Total";"15742"
"2925253";"Ponto Novo (BA)";"Urbana";"8405"
"2925253";"Ponto Novo (BA)";"Rural";"7337"
"2925303";"Porto Seguro (BA)";"Total";"126929"
"2925303";"Porto Seguro (BA)";"Urbana";"104078"
"2925303";"Porto Seguro (BA)";"Rural";"22851"
"2925402";"Potiraguá (BA)";"Total";"9810"
"2925402";"Potiraguá (BA)";"Urbana";"6604"
"2925402";"Potiraguá (BA)";"Rural";"3206"
"2925501";"Prado (BA)";"Total";"27627"
"2925501";"Prado (BA)";"Urbana";"15474"
"2925501";"Prado (BA)";"Rural";"12153"
"2925600";"Presidente Dutra (BA)";"Total";"13750"
"2925600";"Presidente Dutra (BA)";"Urbana";"9056"
"2925600";"Presidente Dutra (BA)";"Rural";"4694"
"2925709";"Presidente Jânio Quadros (BA)";"Total";"13652"
"2925709";"Presidente Jânio Quadros (BA)";"Urbana";"4198"
"2925709";"Presidente Jânio Quadros (BA)";"Rural";"9454"
"2925758";"Presidente Tancredo Neves (BA)";"Total";"23846"
"2925758";"Presidente Tancredo Neves (BA)";"Urbana";"9569"
"2925758";"Presidente Tancredo Neves (BA)";"Rural";"14277"
"2925808";"Queimadas (BA)";"Total";"24602"
"2925808";"Queimadas (BA)";"Urbana";"12492"
"2925808";"Queimadas (BA)";"Rural";"12110"
"2925907";"Quijingue (BA)";"Total";"27228"
"2925907";"Quijingue (BA)";"Urbana";"6377"
"2925907";"Quijingue (BA)";"Rural";"20851"
"2925931";"Quixabeira (BA)";"Total";"9554"
"2925931";"Quixabeira (BA)";"Urbana";"3663"
"2925931";"Quixabeira (BA)";"Rural";"5891"
"2925956";"Rafael Jambeiro (BA)";"Total";"22874"
"2925956";"Rafael Jambeiro (BA)";"Urbana";"6850"
"2925956";"Rafael Jambeiro (BA)";"Rural";"16024"
"2926004";"Remanso (BA)";"Total";"38957"
"2926004";"Remanso (BA)";"Urbana";"23470"
"2926004";"Remanso (BA)";"Rural";"15487"
"2926103";"Retirolândia (BA)";"Total";"12055"
"2926103";"Retirolândia (BA)";"Urbana";"6722"
"2926103";"Retirolândia (BA)";"Rural";"5333"
"2926202";"Riachão das Neves (BA)";"Total";"21937"
"2926202";"Riachão das Neves (BA)";"Urbana";"10744"
"2926202";"Riachão das Neves (BA)";"Rural";"11193"
"2926301";"Riachão do Jacuípe (BA)";"Total";"33172"
"2926301";"Riachão do Jacuípe (BA)";"Urbana";"19860"
"2926301";"Riachão do Jacuípe (BA)";"Rural";"13312"
"2926400";"Riacho de Santana (BA)";"Total";"30646"
"2926400";"Riacho de Santana (BA)";"Urbana";"13091"
"2926400";"Riacho de Santana (BA)";"Rural";"17555"
"2926509";"Ribeira do Amparo (BA)";"Total";"14276"
"2926509";"Ribeira do Amparo (BA)";"Urbana";"1921"
"2926509";"Ribeira do Amparo (BA)";"Rural";"12355"
"2926608";"Ribeira do Pombal (BA)";"Total";"47518"
"2926608";"Ribeira do Pombal (BA)";"Urbana";"29756"
"2926608";"Ribeira do Pombal (BA)";"Rural";"17762"
"2926657";"Ribeirão do Largo (BA)";"Total";"8602"
"2926657";"Ribeirão do Largo (BA)";"Urbana";"4647"
"2926657";"Ribeirão do Largo (BA)";"Rural";"3955"
"2926707";"Rio de Contas (BA)";"Total";"13007"
"2926707";"Rio de Contas (BA)";"Urbana";"6309"
"2926707";"Rio de Contas (BA)";"Rural";"6698"
"2926806";"Rio do Antônio (BA)";"Total";"14815"
"2926806";"Rio do Antônio (BA)";"Urbana";"5993"
"2926806";"Rio do Antônio (BA)";"Rural";"8822"
"2926905";"Rio do Pires (BA)";"Total";"11918"
"2926905";"Rio do Pires (BA)";"Urbana";"5267"
"2926905";"Rio do Pires (BA)";"Rural";"6651"
"2927002";"Rio Real (BA)";"Total";"37164"
"2927002";"Rio Real (BA)";"Urbana";"23310"
"2927002";"Rio Real (BA)";"Rural";"13854"
"2927101";"Rodelas (BA)";"Total";"7775"
"2927101";"Rodelas (BA)";"Urbana";"6540"
"2927101";"Rodelas (BA)";"Rural";"1235"
"2927200";"Ruy Barbosa (BA)";"Total";"29887"
"2927200";"Ruy Barbosa (BA)";"Urbana";"22093"
"2927200";"Ruy Barbosa (BA)";"Rural";"7794"
"2927309";"Salinas da Margarida (BA)";"Total";"13456"
"2927309";"Salinas da Margarida (BA)";"Urbana";"5960"
"2927309";"Salinas da Margarida (BA)";"Rural";"7496"
"2927408";"Salvador (BA)";"Total";"2675656"
"2927408";"Salvador (BA)";"Urbana";"2674923"
"2927408";"Salvador (BA)";"Rural";"733"
"2927507";"Santa Bárbara (BA)";"Total";"19064"
"2927507";"Santa Bárbara (BA)";"Urbana";"8669"
"2927507";"Santa Bárbara (BA)";"Rural";"10395"
"2927606";"Santa Brígida (BA)";"Total";"15060"
"2927606";"Santa Brígida (BA)";"Urbana";"5611"
"2927606";"Santa Brígida (BA)";"Rural";"9449"
"2927705";"Santa Cruz Cabrália (BA)";"Total";"26264"
"2927705";"Santa Cruz Cabrália (BA)";"Urbana";"19002"
"2927705";"Santa Cruz Cabrália (BA)";"Rural";"7262"
"2927804";"Santa Cruz da Vitória (BA)";"Total";"6673"
"2927804";"Santa Cruz da Vitória (BA)";"Urbana";"5076"
"2927804";"Santa Cruz da Vitória (BA)";"Rural";"1597"
"2927903";"Santa Inês (BA)";"Total";"10363"
"2927903";"Santa Inês (BA)";"Urbana";"9514"
"2927903";"Santa Inês (BA)";"Rural";"849"
"2928000";"Santaluz (BA)";"Total";"33838"
"2928000";"Santaluz (BA)";"Urbana";"20795"
"2928000";"Santaluz (BA)";"Rural";"13043"
"2928059";"Santa Luzia (BA)";"Total";"13344"
"2928059";"Santa Luzia (BA)";"Urbana";"8072"
"2928059";"Santa Luzia (BA)";"Rural";"5272"
"2928109";"Santa Maria da Vitória (BA)";"Total";"40309"
"2928109";"Santa Maria da Vitória (BA)";"Urbana";"23816"
"2928109";"Santa Maria da Vitória (BA)";"Rural";"16493"
"2928208";"Santana (BA)";"Total";"24750"
"2928208";"Santana (BA)";"Urbana";"13483"
"2928208";"Santana (BA)";"Rural";"11267"
"2928307";"Santanópolis (BA)";"Total";"8776"
"2928307";"Santanópolis (BA)";"Urbana";"1684"
"2928307";"Santanópolis (BA)";"Rural";"7092"
"2928406";"Santa Rita de Cássia (BA)";"Total";"26250"
"2928406";"Santa Rita de Cássia (BA)";"Urbana";"14907"
"2928406";"Santa Rita de Cássia (BA)";"Rural";"11343"
"2928505";"Santa Terezinha (BA)";"Total";"9648"
"2928505";"Santa Terezinha (BA)";"Urbana";"2334"
"2928505";"Santa Terezinha (BA)";"Rural";"7314"
"2928604";"Santo Amaro (BA)";"Total";"57800"
"2928604";"Santo Amaro (BA)";"Urbana";"44766"
"2928604";"Santo Amaro (BA)";"Rural";"13034"
"2928703";"Santo Antônio de Jesus (BA)";"Total";"90985"
"2928703";"Santo Antônio de Jesus (BA)";"Urbana";"79299"
"2928703";"Santo Antônio de Jesus (BA)";"Rural";"11686"
"2928802";"Santo Estêvão (BA)";"Total";"47880"
"2928802";"Santo Estêvão (BA)";"Urbana";"27690"
"2928802";"Santo Estêvão (BA)";"Rural";"20190"
"2928901";"São Desidério (BA)";"Total";"27659"
"2928901";"São Desidério (BA)";"Urbana";"8633"
"2928901";"São Desidério (BA)";"Rural";"19026"
"2928950";"São Domingos (BA)";"Total";"9226"
"2928950";"São Domingos (BA)";"Urbana";"5916"
"2928950";"São Domingos (BA)";"Rural";"3310"
"2929008";"São Félix (BA)";"Total";"14098"
"2929008";"São Félix (BA)";"Urbana";"9265"
"2929008";"São Félix (BA)";"Rural";"4833"
"2929057";"São Félix do Coribe (BA)";"Total";"13048"
"2929057";"São Félix do Coribe (BA)";"Urbana";"10587"
"2929057";"São Félix do Coribe (BA)";"Rural";"2461"
"2929107";"São Felipe (BA)";"Total";"20305"
"2929107";"São Felipe (BA)";"Urbana";"9820"
"2929107";"São Felipe (BA)";"Rural";"10485"
"2929206";"São Francisco do Conde (BA)";"Total";"33183"
"2929206";"São Francisco do Conde (BA)";"Urbana";"27391"
"2929206";"São Francisco do Conde (BA)";"Rural";"5792"
"2929255";"São Gabriel (BA)";"Total";"18427"
"2929255";"São Gabriel (BA)";"Urbana";"10494"
"2929255";"São Gabriel (BA)";"Rural";"7933"
"2929305";"São Gonçalo dos Campos (BA)";"Total";"33283"
"2929305";"São Gonçalo dos Campos (BA)";"Urbana";"16505"
"2929305";"São Gonçalo dos Campos (BA)";"Rural";"16778"
"2929354";"São José da Vitória (BA)";"Total";"5715"
"2929354";"São José da Vitória (BA)";"Urbana";"5162"
"2929354";"São José da Vitória (BA)";"Rural";"553"
"2929370";"São José do Jacuípe (BA)";"Total";"10180"
"2929370";"São José do Jacuípe (BA)";"Urbana";"6991"
"2929370";"São José do Jacuípe (BA)";"Rural";"3189"
"2929404";"São Miguel das Matas (BA)";"Total";"10414"
"2929404";"São Miguel das Matas (BA)";"Urbana";"3360"
"2929404";"São Miguel das Matas (BA)";"Rural";"7054"
"2929503";"São Sebastião do Passé (BA)";"Total";"42153"
"2929503";"São Sebastião do Passé (BA)";"Urbana";"33112"
"2929503";"São Sebastião do Passé (BA)";"Rural";"9041"
"2929602";"Sapeaçu (BA)";"Total";"16585"
"2929602";"Sapeaçu (BA)";"Urbana";"8084"
"2929602";"Sapeaçu (BA)";"Rural";"8501"
"2929701";"Sátiro Dias (BA)";"Total";"18964"
"2929701";"Sátiro Dias (BA)";"Urbana";"4332"
"2929701";"Sátiro Dias (BA)";"Rural";"14632"
"2929750";"Saubara (BA)";"Total";"11201"
"2929750";"Saubara (BA)";"Urbana";"10948"
"2929750";"Saubara (BA)";"Rural";"253"
"2929800";"Saúde (BA)";"Total";"11845"
"2929800";"Saúde (BA)";"Urbana";"6646"
"2929800";"Saúde (BA)";"Rural";"5199"
"2929909";"Seabra (BA)";"Total";"41798"
"2929909";"Seabra (BA)";"Urbana";"20277"
"2929909";"Seabra (BA)";"Rural";"21521"
"2930006";"Sebastião Laranjeiras (BA)";"Total";"10371"
"2930006";"Sebastião Laranjeiras (BA)";"Urbana";"4084"
"2930006";"Sebastião Laranjeiras (BA)";"Rural";"6287"
"2930105";"Senhor do Bonfim (BA)";"Total";"74419"
"2930105";"Senhor do Bonfim (BA)";"Urbana";"57566"
"2930105";"Senhor do Bonfim (BA)";"Rural";"16853"
"2930154";"Serra do Ramalho (BA)";"Total";"31638"
"2930154";"Serra do Ramalho (BA)";"Urbana";"6274"
"2930154";"Serra do Ramalho (BA)";"Rural";"25364"
"2930204";"Sento Sé (BA)";"Total";"37425"
"2930204";"Sento Sé (BA)";"Urbana";"21676"
"2930204";"Sento Sé (BA)";"Rural";"15749"
"2930303";"Serra Dourada (BA)";"Total";"18112"
"2930303";"Serra Dourada (BA)";"Urbana";"6002"
"2930303";"Serra Dourada (BA)";"Rural";"12110"
"2930402";"Serra Preta (BA)";"Total";"15401"
"2930402";"Serra Preta (BA)";"Urbana";"6920"
"2930402";"Serra Preta (BA)";"Rural";"8481"
"2930501";"Serrinha (BA)";"Total";"76762"
"2930501";"Serrinha (BA)";"Urbana";"47188"
"2930501";"Serrinha (BA)";"Rural";"29574"
"2930600";"Serrolândia (BA)";"Total";"12344"
"2930600";"Serrolândia (BA)";"Urbana";"7279"
"2930600";"Serrolândia (BA)";"Rural";"5065"
"2930709";"Simões Filho (BA)";"Total";"118047"
"2930709";"Simões Filho (BA)";"Urbana";"105811"
"2930709";"Simões Filho (BA)";"Rural";"12236"
"2930758";"Sítio do Mato (BA)";"Total";"12050"
"2930758";"Sítio do Mato (BA)";"Urbana";"6866"
"2930758";"Sítio do Mato (BA)";"Rural";"5184"
"2930766";"Sítio do Quinto (BA)";"Total";"12592"
"2930766";"Sítio do Quinto (BA)";"Urbana";"5172"
"2930766";"Sítio do Quinto (BA)";"Rural";"7420"
"2930774";"Sobradinho (BA)";"Total";"22000"
"2930774";"Sobradinho (BA)";"Urbana";"20002"
"2930774";"Sobradinho (BA)";"Rural";"1998"
"2930808";"Souto Soares (BA)";"Total";"15899"
"2930808";"Souto Soares (BA)";"Urbana";"6039"
"2930808";"Souto Soares (BA)";"Rural";"9860"
"2930907";"Tabocas do Brejo Velho (BA)";"Total";"11431"
"2930907";"Tabocas do Brejo Velho (BA)";"Urbana";"3932"
"2930907";"Tabocas do Brejo Velho (BA)";"Rural";"7499"
"2931004";"Tanhaçu (BA)";"Total";"20013"
"2931004";"Tanhaçu (BA)";"Urbana";"8290"
"2931004";"Tanhaçu (BA)";"Rural";"11723"
"2931053";"Tanque Novo (BA)";"Total";"16128"
"2931053";"Tanque Novo (BA)";"Urbana";"7317"
"2931053";"Tanque Novo (BA)";"Rural";"8811"
"2931103";"Tanquinho (BA)";"Total";"8008"
"2931103";"Tanquinho (BA)";"Urbana";"5711"
"2931103";"Tanquinho (BA)";"Rural";"2297"
"2931202";"Taperoá (BA)";"Total";"18748"
"2931202";"Taperoá (BA)";"Urbana";"8725"
"2931202";"Taperoá (BA)";"Rural";"10023"
"2931301";"Tapiramutá (BA)";"Total";"16516"
"2931301";"Tapiramutá (BA)";"Urbana";"12784"
"2931301";"Tapiramutá (BA)";"Rural";"3732"
"2931350";"Teixeira de Freitas (BA)";"Total";"138341"
"2931350";"Teixeira de Freitas (BA)";"Urbana";"129263"
"2931350";"Teixeira de Freitas (BA)";"Rural";"9078"
"2931400";"Teodoro Sampaio (BA)";"Total";"7895"
"2931400";"Teodoro Sampaio (BA)";"Urbana";"6341"
"2931400";"Teodoro Sampaio (BA)";"Rural";"1554"
"2931509";"Teofilândia (BA)";"Total";"21482"
"2931509";"Teofilândia (BA)";"Urbana";"6692"
"2931509";"Teofilândia (BA)";"Rural";"14790"
"2931608";"Teolândia (BA)";"Total";"14836"
"2931608";"Teolândia (BA)";"Urbana";"5068"
"2931608";"Teolândia (BA)";"Rural";"9768"
"2931707";"Terra Nova (BA)";"Total";"12803"
"2931707";"Terra Nova (BA)";"Urbana";"11488"
"2931707";"Terra Nova (BA)";"Rural";"1315"
"2931806";"Tremedal (BA)";"Total";"17029"
"2931806";"Tremedal (BA)";"Urbana";"3939"
"2931806";"Tremedal (BA)";"Rural";"13090"
"2931905";"Tucano (BA)";"Total";"52418"
"2931905";"Tucano (BA)";"Urbana";"21958"
"2931905";"Tucano (BA)";"Rural";"30460"
"2932002";"Uauá (BA)";"Total";"24294"
"2932002";"Uauá (BA)";"Urbana";"10761"
"2932002";"Uauá (BA)";"Rural";"13533"
"2932101";"Ubaíra (BA)";"Total";"19750"
"2932101";"Ubaíra (BA)";"Urbana";"8822"
"2932101";"Ubaíra (BA)";"Rural";"10928"
"2932200";"Ubaitaba (BA)";"Total";"20691"
"2932200";"Ubaitaba (BA)";"Urbana";"17598"
"2932200";"Ubaitaba (BA)";"Rural";"3093"
"2932309";"Ubatã (BA)";"Total";"25004"
"2932309";"Ubatã (BA)";"Urbana";"17951"
"2932309";"Ubatã (BA)";"Rural";"7053"
"2932408";"Uibaí (BA)";"Total";"13625"
"2932408";"Uibaí (BA)";"Urbana";"8311"
"2932408";"Uibaí (BA)";"Rural";"5314"
"2932457";"Umburanas (BA)";"Total";"17000"
"2932457";"Umburanas (BA)";"Urbana";"7510"
"2932457";"Umburanas (BA)";"Rural";"9490"
"2932507";"Una (BA)";"Total";"24110"
"2932507";"Una (BA)";"Urbana";"15030"
"2932507";"Una (BA)";"Rural";"9080"
"2932606";"Urandi (BA)";"Total";"16466"
"2932606";"Urandi (BA)";"Urbana";"5939"
"2932606";"Urandi (BA)";"Rural";"10527"
"2932705";"Uruçuca (BA)";"Total";"19837"
"2932705";"Uruçuca (BA)";"Urbana";"15779"
"2932705";"Uruçuca (BA)";"Rural";"4058"
"2932804";"Utinga (BA)";"Total";"18173"
"2932804";"Utinga (BA)";"Urbana";"12810"
"2932804";"Utinga (BA)";"Rural";"5363"
"2932903";"Valença (BA)";"Total";"88673"
"2932903";"Valença (BA)";"Urbana";"64368"
"2932903";"Valença (BA)";"Rural";"24305"
"2933000";"Valente (BA)";"Total";"24560"
"2933000";"Valente (BA)";"Urbana";"13487"
"2933000";"Valente (BA)";"Rural";"11073"
"2933059";"Várzea da Roça (BA)";"Total";"13786"
"2933059";"Várzea da Roça (BA)";"Urbana";"6481"
"2933059";"Várzea da Roça (BA)";"Rural";"7305"
"2933109";"Várzea do Poço (BA)";"Total";"8661"
"2933109";"Várzea do Poço (BA)";"Urbana";"5789"
"2933109";"Várzea do Poço (BA)";"Rural";"2872"
"2933158";"Várzea Nova (BA)";"Total";"13073"
"2933158";"Várzea Nova (BA)";"Urbana";"8553"
"2933158";"Várzea Nova (BA)";"Rural";"4520"
"2933174";"Varzedo (BA)";"Total";"9109"
"2933174";"Varzedo (BA)";"Urbana";"3364"
"2933174";"Varzedo (BA)";"Rural";"5745"
"2933208";"Vera Cruz (BA)";"Total";"37567"
"2933208";"Vera Cruz (BA)";"Urbana";"35244"
"2933208";"Vera Cruz (BA)";"Rural";"2323"
"2933257";"Vereda (BA)";"Total";"6800"
"2933257";"Vereda (BA)";"Urbana";"1379"
"2933257";"Vereda (BA)";"Rural";"5421"
"2933307";"Vitória da Conquista (BA)";"Total";"306866"
"2933307";"Vitória da Conquista (BA)";"Urbana";"274739"
"2933307";"Vitória da Conquista (BA)";"Rural";"32127"
"2933406";"Wagner (BA)";"Total";"8983"
"2933406";"Wagner (BA)";"Urbana";"6482"
"2933406";"Wagner (BA)";"Rural";"2501"
"2933455";"Wanderley (BA)";"Total";"12485"
"2933455";"Wanderley (BA)";"Urbana";"5878"
"2933455";"Wanderley (BA)";"Rural";"6607"
"2933505";"Wenceslau Guimarães (BA)";"Total";"22189"
"2933505";"Wenceslau Guimarães (BA)";"Urbana";"7511"
"2933505";"Wenceslau Guimarães (BA)";"Rural";"14678"
"2933604";"Xique-Xique (BA)";"Total";"45536"
"2933604";"Xique-Xique (BA)";"Urbana";"32541"
"2933604";"Xique-Xique (BA)";"Rural";"12995"
"3100104";"Abadia dos Dourados (MG)";"Total";"6704"
"3100104";"Abadia dos Dourados (MG)";"Urbana";"4189"
"3100104";"Abadia dos Dourados (MG)";"Rural";"2515"
"3100203";"Abaeté (MG)";"Total";"22690"
"3100203";"Abaeté (MG)";"Urbana";"19704"
"3100203";"Abaeté (MG)";"Rural";"2986"
"3100302";"Abre Campo (MG)";"Total";"13311"
"3100302";"Abre Campo (MG)";"Urbana";"7281"
"3100302";"Abre Campo (MG)";"Rural";"6030"
"3100401";"Acaiaca (MG)";"Total";"3920"
"3100401";"Acaiaca (MG)";"Urbana";"2553"
"3100401";"Acaiaca (MG)";"Rural";"1367"
"3100500";"Açucena (MG)";"Total";"10276"
"3100500";"Açucena (MG)";"Urbana";"4805"
"3100500";"Açucena (MG)";"Rural";"5471"
"3100609";"Água Boa (MG)";"Total";"15195"
"3100609";"Água Boa (MG)";"Urbana";"7035"
"3100609";"Água Boa (MG)";"Rural";"8160"
"3100708";"Água Comprida (MG)";"Total";"2025"
"3100708";"Água Comprida (MG)";"Urbana";"1520"
"3100708";"Água Comprida (MG)";"Rural";"505"
"3100807";"Aguanil (MG)";"Total";"4054"
"3100807";"Aguanil (MG)";"Urbana";"2345"
"3100807";"Aguanil (MG)";"Rural";"1709"
"3100906";"Águas Formosas (MG)";"Total";"18479"
"3100906";"Águas Formosas (MG)";"Urbana";"14318"
"3100906";"Águas Formosas (MG)";"Rural";"4161"
"3101003";"Águas Vermelhas (MG)";"Total";"12722"
"3101003";"Águas Vermelhas (MG)";"Urbana";"8941"
"3101003";"Águas Vermelhas (MG)";"Rural";"3781"
"3101102";"Aimorés (MG)";"Total";"24959"
"3101102";"Aimorés (MG)";"Urbana";"19700"
"3101102";"Aimorés (MG)";"Rural";"5259"
"3101201";"Aiuruoca (MG)";"Total";"6162"
"3101201";"Aiuruoca (MG)";"Urbana";"3123"
"3101201";"Aiuruoca (MG)";"Rural";"3039"
"3101300";"Alagoa (MG)";"Total";"2709"
"3101300";"Alagoa (MG)";"Urbana";"1110"
"3101300";"Alagoa (MG)";"Rural";"1599"
"3101409";"Albertina (MG)";"Total";"2913"
"3101409";"Albertina (MG)";"Urbana";"2012"
"3101409";"Albertina (MG)";"Rural";"901"
"3101508";"Além Paraíba (MG)";"Total";"34349"
"3101508";"Além Paraíba (MG)";"Urbana";"32067"
"3101508";"Além Paraíba (MG)";"Rural";"2282"
"3101607";"Alfenas (MG)";"Total";"73774"
"3101607";"Alfenas (MG)";"Urbana";"69176"
"3101607";"Alfenas (MG)";"Rural";"4598"
"3101631";"Alfredo Vasconcelos (MG)";"Total";"6075"
"3101631";"Alfredo Vasconcelos (MG)";"Urbana";"4031"
"3101631";"Alfredo Vasconcelos (MG)";"Rural";"2044"
"3101706";"Almenara (MG)";"Total";"38775"
"3101706";"Almenara (MG)";"Urbana";"31750"
"3101706";"Almenara (MG)";"Rural";"7025"
"3101805";"Alpercata (MG)";"Total";"7172"
"3101805";"Alpercata (MG)";"Urbana";"5660"
"3101805";"Alpercata (MG)";"Rural";"1512"
"3101904";"Alpinópolis (MG)";"Total";"18488"
"3101904";"Alpinópolis (MG)";"Urbana";"14990"
"3101904";"Alpinópolis (MG)";"Rural";"3498"
"3102001";"Alterosa (MG)";"Total";"13717"
"3102001";"Alterosa (MG)";"Urbana";"10002"
"3102001";"Alterosa (MG)";"Rural";"3715"
"3102050";"Alto Caparaó (MG)";"Total";"5297"
"3102050";"Alto Caparaó (MG)";"Urbana";"3964"
"3102050";"Alto Caparaó (MG)";"Rural";"1333"
"3102100";"Alto Rio Doce (MG)";"Total";"12159"
"3102100";"Alto Rio Doce (MG)";"Urbana";"5070"
"3102100";"Alto Rio Doce (MG)";"Rural";"7089"
"3102209";"Alvarenga (MG)";"Total";"4444"
"3102209";"Alvarenga (MG)";"Urbana";"2119"
"3102209";"Alvarenga (MG)";"Rural";"2325"
"3102308";"Alvinópolis (MG)";"Total";"15261"
"3102308";"Alvinópolis (MG)";"Urbana";"11433"
"3102308";"Alvinópolis (MG)";"Rural";"3828"
"3102407";"Alvorada de Minas (MG)";"Total";"3546"
"3102407";"Alvorada de Minas (MG)";"Urbana";"1450"
"3102407";"Alvorada de Minas (MG)";"Rural";"2096"
"3102506";"Amparo do Serra (MG)";"Total";"5053"
"3102506";"Amparo do Serra (MG)";"Urbana";"2642"
"3102506";"Amparo do Serra (MG)";"Rural";"2411"
"3102605";"Andradas (MG)";"Total";"37270"
"3102605";"Andradas (MG)";"Urbana";"28026"
"3102605";"Andradas (MG)";"Rural";"9244"
"3102704";"Cachoeira de Pajeú (MG)";"Total";"8959"
"3102704";"Cachoeira de Pajeú (MG)";"Urbana";"4461"
"3102704";"Cachoeira de Pajeú (MG)";"Rural";"4498"
"3102803";"Andrelândia (MG)";"Total";"12173"
"3102803";"Andrelândia (MG)";"Urbana";"9810"
"3102803";"Andrelândia (MG)";"Rural";"2363"
"3102852";"Angelândia (MG)";"Total";"8003"
"3102852";"Angelândia (MG)";"Urbana";"4036"
"3102852";"Angelândia (MG)";"Rural";"3967"
"3102902";"Antônio Carlos (MG)";"Total";"11114"
"3102902";"Antônio Carlos (MG)";"Urbana";"7826"
"3102902";"Antônio Carlos (MG)";"Rural";"3288"
"3103009";"Antônio Dias (MG)";"Total";"9565"
"3103009";"Antônio Dias (MG)";"Urbana";"4672"
"3103009";"Antônio Dias (MG)";"Rural";"4893"
"3103108";"Antônio Prado de Minas (MG)";"Total";"1671"
"3103108";"Antônio Prado de Minas (MG)";"Urbana";"1003"
"3103108";"Antônio Prado de Minas (MG)";"Rural";"668"
"3103207";"Araçaí (MG)";"Total";"2243"
"3103207";"Araçaí (MG)";"Urbana";"1783"
"3103207";"Araçaí (MG)";"Rural";"460"
"3103306";"Aracitaba (MG)";"Total";"2058"
"3103306";"Aracitaba (MG)";"Urbana";"1641"
"3103306";"Aracitaba (MG)";"Rural";"417"
"3103405";"Araçuaí (MG)";"Total";"36013"
"3103405";"Araçuaí (MG)";"Urbana";"23435"
"3103405";"Araçuaí (MG)";"Rural";"12578"
"3103504";"Araguari (MG)";"Total";"109801"
"3103504";"Araguari (MG)";"Urbana";"102583"
"3103504";"Araguari (MG)";"Rural";"7218"
"3103603";"Arantina (MG)";"Total";"2823"
"3103603";"Arantina (MG)";"Urbana";"2633"
"3103603";"Arantina (MG)";"Rural";"190"
"3103702";"Araponga (MG)";"Total";"8152"
"3103702";"Araponga (MG)";"Urbana";"3041"
"3103702";"Araponga (MG)";"Rural";"5111"
"3103751";"Araporã (MG)";"Total";"6144"
"3103751";"Araporã (MG)";"Urbana";"5898"
"3103751";"Araporã (MG)";"Rural";"246"
"3103801";"Arapuá (MG)";"Total";"2775"
"3103801";"Arapuá (MG)";"Urbana";"2088"
"3103801";"Arapuá (MG)";"Rural";"687"
"3103900";"Araújos (MG)";"Total";"7883"
"3103900";"Araújos (MG)";"Urbana";"6812"
"3103900";"Araújos (MG)";"Rural";"1071"
"3104007";"Araxá (MG)";"Total";"93672"
"3104007";"Araxá (MG)";"Urbana";"92284"
"3104007";"Araxá (MG)";"Rural";"1388"
"3104106";"Arceburgo (MG)";"Total";"9509"
"3104106";"Arceburgo (MG)";"Urbana";"8179"
"3104106";"Arceburgo (MG)";"Rural";"1330"
"3104205";"Arcos (MG)";"Total";"36597"
"3104205";"Arcos (MG)";"Urbana";"33961"
"3104205";"Arcos (MG)";"Rural";"2636"
"3104304";"Areado (MG)";"Total";"13731"
"3104304";"Areado (MG)";"Urbana";"11525"
"3104304";"Areado (MG)";"Rural";"2206"
"3104403";"Argirita (MG)";"Total";"2901"
"3104403";"Argirita (MG)";"Urbana";"2192"
"3104403";"Argirita (MG)";"Rural";"709"
"3104452";"Aricanduva (MG)";"Total";"4770"
"3104452";"Aricanduva (MG)";"Urbana";"1695"
"3104452";"Aricanduva (MG)";"Rural";"3075"
"3104502";"Arinos (MG)";"Total";"17674"
"3104502";"Arinos (MG)";"Urbana";"10854"
"3104502";"Arinos (MG)";"Rural";"6820"
"3104601";"Astolfo Dutra (MG)";"Total";"13049"
"3104601";"Astolfo Dutra (MG)";"Urbana";"11882"
"3104601";"Astolfo Dutra (MG)";"Rural";"1167"
"3104700";"Ataléia (MG)";"Total";"14455"
"3104700";"Ataléia (MG)";"Urbana";"7199"
"3104700";"Ataléia (MG)";"Rural";"7256"
"3104809";"Augusto de Lima (MG)";"Total";"4960"
"3104809";"Augusto de Lima (MG)";"Urbana";"2924"
"3104809";"Augusto de Lima (MG)";"Rural";"2036"
"3104908";"Baependi (MG)";"Total";"18307"
"3104908";"Baependi (MG)";"Urbana";"13247"
"3104908";"Baependi (MG)";"Rural";"5060"
"3105004";"Baldim (MG)";"Total";"7913"
"3105004";"Baldim (MG)";"Urbana";"5067"
"3105004";"Baldim (MG)";"Rural";"2846"
"3105103";"Bambuí (MG)";"Total";"22734"
"3105103";"Bambuí (MG)";"Urbana";"19325"
"3105103";"Bambuí (MG)";"Rural";"3409"
"3105202";"Bandeira (MG)";"Total";"4987"
"3105202";"Bandeira (MG)";"Urbana";"2377"
"3105202";"Bandeira (MG)";"Rural";"2610"
"3105301";"Bandeira do Sul (MG)";"Total";"5338"
"3105301";"Bandeira do Sul (MG)";"Urbana";"4870"
"3105301";"Bandeira do Sul (MG)";"Rural";"468"
"3105400";"Barão de Cocais (MG)";"Total";"28442"
"3105400";"Barão de Cocais (MG)";"Urbana";"25786"
"3105400";"Barão de Cocais (MG)";"Rural";"2656"
"3105509";"Barão do Monte Alto (MG)";"Total";"5720"
"3105509";"Barão do Monte Alto (MG)";"Urbana";"4117"
"3105509";"Barão do Monte Alto (MG)";"Rural";"1603"
"3105608";"Barbacena (MG)";"Total";"126284"
"3105608";"Barbacena (MG)";"Urbana";"115568"
"3105608";"Barbacena (MG)";"Rural";"10716"
"3105707";"Barra Longa (MG)";"Total";"6143"
"3105707";"Barra Longa (MG)";"Urbana";"2313"
"3105707";"Barra Longa (MG)";"Rural";"3830"
"3105905";"Barroso (MG)";"Total";"19599"
"3105905";"Barroso (MG)";"Urbana";"18979"
"3105905";"Barroso (MG)";"Rural";"620"
"3106002";"Bela Vista de Minas (MG)";"Total";"10004"
"3106002";"Bela Vista de Minas (MG)";"Urbana";"9378"
"3106002";"Bela Vista de Minas (MG)";"Rural";"626"
"3106101";"Belmiro Braga (MG)";"Total";"3403"
"3106101";"Belmiro Braga (MG)";"Urbana";"1099"
"3106101";"Belmiro Braga (MG)";"Rural";"2304"
"3106200";"Belo Horizonte (MG)";"Total";"2375151"
"3106200";"Belo Horizonte (MG)";"Urbana";"2375151"
"3106200";"Belo Horizonte (MG)";"Rural";"-"
"3106309";"Belo Oriente (MG)";"Total";"23397"
"3106309";"Belo Oriente (MG)";"Urbana";"19682"
"3106309";"Belo Oriente (MG)";"Rural";"3715"
"3106408";"Belo Vale (MG)";"Total";"7536"
"3106408";"Belo Vale (MG)";"Urbana";"3295"
"3106408";"Belo Vale (MG)";"Rural";"4241"
"3106507";"Berilo (MG)";"Total";"12300"
"3106507";"Berilo (MG)";"Urbana";"3888"
"3106507";"Berilo (MG)";"Rural";"8412"
"3106606";"Bertópolis (MG)";"Total";"4498"
"3106606";"Bertópolis (MG)";"Urbana";"2731"
"3106606";"Bertópolis (MG)";"Rural";"1767"
"3106655";"Berizal (MG)";"Total";"4370"
"3106655";"Berizal (MG)";"Urbana";"2485"
"3106655";"Berizal (MG)";"Rural";"1885"
"3106705";"Betim (MG)";"Total";"378089"
"3106705";"Betim (MG)";"Urbana";"375331"
"3106705";"Betim (MG)";"Rural";"2758"
"3106804";"Bias Fortes (MG)";"Total";"3793"
"3106804";"Bias Fortes (MG)";"Urbana";"1499"
"3106804";"Bias Fortes (MG)";"Rural";"2294"
"3106903";"Bicas (MG)";"Total";"13653"
"3106903";"Bicas (MG)";"Urbana";"12957"
"3106903";"Bicas (MG)";"Rural";"696"
"3107000";"Biquinhas (MG)";"Total";"2630"
"3107000";"Biquinhas (MG)";"Urbana";"1639"
"3107000";"Biquinhas (MG)";"Rural";"991"
"3107109";"Boa Esperança (MG)";"Total";"38516"
"3107109";"Boa Esperança (MG)";"Urbana";"32191"
"3107109";"Boa Esperança (MG)";"Rural";"6325"
"3107208";"Bocaina de Minas (MG)";"Total";"5007"
"3107208";"Bocaina de Minas (MG)";"Urbana";"2396"
"3107208";"Bocaina de Minas (MG)";"Rural";"2611"
"3107307";"Bocaiúva (MG)";"Total";"46654"
"3107307";"Bocaiúva (MG)";"Urbana";"36600"
"3107307";"Bocaiúva (MG)";"Rural";"10054"
"3107406";"Bom Despacho (MG)";"Total";"45624"
"3107406";"Bom Despacho (MG)";"Urbana";"42963"
"3107406";"Bom Despacho (MG)";"Rural";"2661"
"3107505";"Bom Jardim de Minas (MG)";"Total";"6501"
"3107505";"Bom Jardim de Minas (MG)";"Urbana";"5576"
"3107505";"Bom Jardim de Minas (MG)";"Rural";"925"
"3107604";"Bom Jesus da Penha (MG)";"Total";"3887"
"3107604";"Bom Jesus da Penha (MG)";"Urbana";"2825"
"3107604";"Bom Jesus da Penha (MG)";"Rural";"1062"
"3107703";"Bom Jesus do Amparo (MG)";"Total";"5491"
"3107703";"Bom Jesus do Amparo (MG)";"Urbana";"2516"
"3107703";"Bom Jesus do Amparo (MG)";"Rural";"2975"
"3107802";"Bom Jesus do Galho (MG)";"Total";"15364"
"3107802";"Bom Jesus do Galho (MG)";"Urbana";"10024"
"3107802";"Bom Jesus do Galho (MG)";"Rural";"5340"
"3107901";"Bom Repouso (MG)";"Total";"10457"
"3107901";"Bom Repouso (MG)";"Urbana";"5679"
"3107901";"Bom Repouso (MG)";"Rural";"4778"
"3108008";"Bom Sucesso (MG)";"Total";"17243"
"3108008";"Bom Sucesso (MG)";"Urbana";"14194"
"3108008";"Bom Sucesso (MG)";"Rural";"3049"
"3108107";"Bonfim (MG)";"Total";"6818"
"3108107";"Bonfim (MG)";"Urbana";"3332"
"3108107";"Bonfim (MG)";"Rural";"3486"
"3108206";"Bonfinópolis de Minas (MG)";"Total";"5865"
"3108206";"Bonfinópolis de Minas (MG)";"Urbana";"4137"
"3108206";"Bonfinópolis de Minas (MG)";"Rural";"1728"
"3108255";"Bonito de Minas (MG)";"Total";"9673"
"3108255";"Bonito de Minas (MG)";"Urbana";"2209"
"3108255";"Bonito de Minas (MG)";"Rural";"7464"
"3108305";"Borda da Mata (MG)";"Total";"17118"
"3108305";"Borda da Mata (MG)";"Urbana";"13718"
"3108305";"Borda da Mata (MG)";"Rural";"3400"
"3108404";"Botelhos (MG)";"Total";"14920"
"3108404";"Botelhos (MG)";"Urbana";"11366"
"3108404";"Botelhos (MG)";"Rural";"3554"
"3108503";"Botumirim (MG)";"Total";"6497"
"3108503";"Botumirim (MG)";"Urbana";"3470"
"3108503";"Botumirim (MG)";"Rural";"3027"
"3108552";"Brasilândia de Minas (MG)";"Total";"14226"
"3108552";"Brasilândia de Minas (MG)";"Urbana";"12372"
"3108552";"Brasilândia de Minas (MG)";"Rural";"1854"
"3108602";"Brasília de Minas (MG)";"Total";"31213"
"3108602";"Brasília de Minas (MG)";"Urbana";"20675"
"3108602";"Brasília de Minas (MG)";"Rural";"10538"
"3108701";"Brás Pires (MG)";"Total";"4637"
"3108701";"Brás Pires (MG)";"Urbana";"2223"
"3108701";"Brás Pires (MG)";"Rural";"2414"
"3108800";"Braúnas (MG)";"Total";"5030"
"3108800";"Braúnas (MG)";"Urbana";"1593"
"3108800";"Braúnas (MG)";"Rural";"3437"
"3108909";"Brazópolis (MG)";"Total";"14661"
"3108909";"Brazópolis (MG)";"Urbana";"7891"
"3108909";"Brazópolis (MG)";"Rural";"6770"
"3109006";"Brumadinho (MG)";"Total";"33973"
"3109006";"Brumadinho (MG)";"Urbana";"28642"
"3109006";"Brumadinho (MG)";"Rural";"5331"
"3109105";"Bueno Brandão (MG)";"Total";"10892"
"3109105";"Bueno Brandão (MG)";"Urbana";"5674"
"3109105";"Bueno Brandão (MG)";"Rural";"5218"
"3109204";"Buenópolis (MG)";"Total";"10292"
"3109204";"Buenópolis (MG)";"Urbana";"7767"
"3109204";"Buenópolis (MG)";"Rural";"2525"
"3109253";"Bugre (MG)";"Total";"3992"
"3109253";"Bugre (MG)";"Urbana";"1531"
"3109253";"Bugre (MG)";"Rural";"2461"
"3109303";"Buritis (MG)";"Total";"22737"
"3109303";"Buritis (MG)";"Urbana";"16100"
"3109303";"Buritis (MG)";"Rural";"6637"
"3109402";"Buritizeiro (MG)";"Total";"26922"
"3109402";"Buritizeiro (MG)";"Urbana";"23630"
"3109402";"Buritizeiro (MG)";"Rural";"3292"
"3109451";"Cabeceira Grande (MG)";"Total";"6453"
"3109451";"Cabeceira Grande (MG)";"Urbana";"5297"
"3109451";"Cabeceira Grande (MG)";"Rural";"1156"
"3109501";"Cabo Verde (MG)";"Total";"13823"
"3109501";"Cabo Verde (MG)";"Urbana";"7627"
"3109501";"Cabo Verde (MG)";"Rural";"6196"
"3109600";"Cachoeira da Prata (MG)";"Total";"3654"
"3109600";"Cachoeira da Prata (MG)";"Urbana";"3528"
"3109600";"Cachoeira da Prata (MG)";"Rural";"126"
"3109709";"Cachoeira de Minas (MG)";"Total";"11034"
"3109709";"Cachoeira de Minas (MG)";"Urbana";"7064"
"3109709";"Cachoeira de Minas (MG)";"Rural";"3970"
"3109808";"Cachoeira Dourada (MG)";"Total";"2505"
"3109808";"Cachoeira Dourada (MG)";"Urbana";"2225"
"3109808";"Cachoeira Dourada (MG)";"Rural";"280"
"3109907";"Caetanópolis (MG)";"Total";"10218"
"3109907";"Caetanópolis (MG)";"Urbana";"8389"
"3109907";"Caetanópolis (MG)";"Rural";"1829"
"3110004";"Caeté (MG)";"Total";"40750"
"3110004";"Caeté (MG)";"Urbana";"35436"
"3110004";"Caeté (MG)";"Rural";"5314"
"3110103";"Caiana (MG)";"Total";"4968"
"3110103";"Caiana (MG)";"Urbana";"2618"
"3110103";"Caiana (MG)";"Rural";"2350"
"3110202";"Cajuri (MG)";"Total";"4047"
"3110202";"Cajuri (MG)";"Urbana";"2096"
"3110202";"Cajuri (MG)";"Rural";"1951"
"3110301";"Caldas (MG)";"Total";"13633"
"3110301";"Caldas (MG)";"Urbana";"7739"
"3110301";"Caldas (MG)";"Rural";"5894"
"3110400";"Camacho (MG)";"Total";"3154"
"3110400";"Camacho (MG)";"Urbana";"1458"
"3110400";"Camacho (MG)";"Rural";"1696"
"3110509";"Camanducaia (MG)";"Total";"21080"
"3110509";"Camanducaia (MG)";"Urbana";"15469"
"3110509";"Camanducaia (MG)";"Rural";"5611"
"3110608";"Cambuí (MG)";"Total";"26488"
"3110608";"Cambuí (MG)";"Urbana";"22359"
"3110608";"Cambuí (MG)";"Rural";"4129"
"3110707";"Cambuquira (MG)";"Total";"12602"
"3110707";"Cambuquira (MG)";"Urbana";"10457"
"3110707";"Cambuquira (MG)";"Rural";"2145"
"3110806";"Campanário (MG)";"Total";"3564"
"3110806";"Campanário (MG)";"Urbana";"2651"
"3110806";"Campanário (MG)";"Rural";"913"
"3110905";"Campanha (MG)";"Total";"15433"
"3110905";"Campanha (MG)";"Urbana";"13326"
"3110905";"Campanha (MG)";"Rural";"2107"
"3111002";"Campestre (MG)";"Total";"20686"
"3111002";"Campestre (MG)";"Urbana";"10959"
"3111002";"Campestre (MG)";"Rural";"9727"
"3111101";"Campina Verde (MG)";"Total";"19324"
"3111101";"Campina Verde (MG)";"Urbana";"14433"
"3111101";"Campina Verde (MG)";"Rural";"4891"
"3111150";"Campo Azul (MG)";"Total";"3684"
"3111150";"Campo Azul (MG)";"Urbana";"1551"
"3111150";"Campo Azul (MG)";"Rural";"2133"
"3111200";"Campo Belo (MG)";"Total";"51544"
"3111200";"Campo Belo (MG)";"Urbana";"48626"
"3111200";"Campo Belo (MG)";"Rural";"2918"
"3111309";"Campo do Meio (MG)";"Total";"11476"
"3111309";"Campo do Meio (MG)";"Urbana";"10059"
"3111309";"Campo do Meio (MG)";"Rural";"1417"
"3111408";"Campo Florido (MG)";"Total";"6870"
"3111408";"Campo Florido (MG)";"Urbana";"5208"
"3111408";"Campo Florido (MG)";"Rural";"1662"
"3111507";"Campos Altos (MG)";"Total";"14206"
"3111507";"Campos Altos (MG)";"Urbana";"12913"
"3111507";"Campos Altos (MG)";"Rural";"1293"
"3111606";"Campos Gerais (MG)";"Total";"27600"
"3111606";"Campos Gerais (MG)";"Urbana";"19156"
"3111606";"Campos Gerais (MG)";"Rural";"8444"
"3111705";"Canaã (MG)";"Total";"4628"
"3111705";"Canaã (MG)";"Urbana";"1859"
"3111705";"Canaã (MG)";"Rural";"2769"
"3111804";"Canápolis (MG)";"Total";"11365"
"3111804";"Canápolis (MG)";"Urbana";"10180"
"3111804";"Canápolis (MG)";"Rural";"1185"
"3111903";"Cana Verde (MG)";"Total";"5589"
"3111903";"Cana Verde (MG)";"Urbana";"4068"
"3111903";"Cana Verde (MG)";"Rural";"1521"
"3112000";"Candeias (MG)";"Total";"14595"
"3112000";"Candeias (MG)";"Urbana";"10206"
"3112000";"Candeias (MG)";"Rural";"4389"
"3112059";"Cantagalo (MG)";"Total";"4195"
"3112059";"Cantagalo (MG)";"Urbana";"2479"
"3112059";"Cantagalo (MG)";"Rural";"1716"
"3112109";"Caparaó (MG)";"Total";"5209"
"3112109";"Caparaó (MG)";"Urbana";"2006"
"3112109";"Caparaó (MG)";"Rural";"3203"
"3112208";"Capela Nova (MG)";"Total";"4755"
"3112208";"Capela Nova (MG)";"Urbana";"2132"
"3112208";"Capela Nova (MG)";"Rural";"2623"
"3112307";"Capelinha (MG)";"Total";"34803"
"3112307";"Capelinha (MG)";"Urbana";"24753"
"3112307";"Capelinha (MG)";"Rural";"10050"
"3112406";"Capetinga (MG)";"Total";"7089"
"3112406";"Capetinga (MG)";"Urbana";"5919"
"3112406";"Capetinga (MG)";"Rural";"1170"
"3112505";"Capim Branco (MG)";"Total";"8881"
"3112505";"Capim Branco (MG)";"Urbana";"8090"
"3112505";"Capim Branco (MG)";"Rural";"791"
"3112604";"Capinópolis (MG)";"Total";"15290"
"3112604";"Capinópolis (MG)";"Urbana";"14302"
"3112604";"Capinópolis (MG)";"Rural";"988"
"3112653";"Capitão Andrade (MG)";"Total";"4925"
"3112653";"Capitão Andrade (MG)";"Urbana";"3573"
"3112653";"Capitão Andrade (MG)";"Rural";"1352"
"3112703";"Capitão Enéas (MG)";"Total";"14206"
"3112703";"Capitão Enéas (MG)";"Urbana";"11520"
"3112703";"Capitão Enéas (MG)";"Rural";"2686"
"3112802";"Capitólio (MG)";"Total";"8183"
"3112802";"Capitólio (MG)";"Urbana";"6502"
"3112802";"Capitólio (MG)";"Rural";"1681"
"3112901";"Caputira (MG)";"Total";"9030"
"3112901";"Caputira (MG)";"Urbana";"3779"
"3112901";"Caputira (MG)";"Rural";"5251"
"3113008";"Caraí (MG)";"Total";"22343"
"3113008";"Caraí (MG)";"Urbana";"7191"
"3113008";"Caraí (MG)";"Rural";"15152"
"3113107";"Caranaíba (MG)";"Total";"3288"
"3113107";"Caranaíba (MG)";"Urbana";"1176"
"3113107";"Caranaíba (MG)";"Rural";"2112"
"3113206";"Carandaí (MG)";"Total";"23346"
"3113206";"Carandaí (MG)";"Urbana";"18205"
"3113206";"Carandaí (MG)";"Rural";"5141"
"3113305";"Carangola (MG)";"Total";"32296"
"3113305";"Carangola (MG)";"Urbana";"26059"
"3113305";"Carangola (MG)";"Rural";"6237"
"3113404";"Caratinga (MG)";"Total";"85239"
"3113404";"Caratinga (MG)";"Urbana";"70474"
"3113404";"Caratinga (MG)";"Rural";"14765"
"3113503";"Carbonita (MG)";"Total";"9148"
"3113503";"Carbonita (MG)";"Urbana";"6738"
"3113503";"Carbonita (MG)";"Rural";"2410"
"3113602";"Careaçu (MG)";"Total";"6298"
"3113602";"Careaçu (MG)";"Urbana";"4702"
"3113602";"Careaçu (MG)";"Rural";"1596"
"3113701";"Carlos Chagas (MG)";"Total";"20069"
"3113701";"Carlos Chagas (MG)";"Urbana";"12964"
"3113701";"Carlos Chagas (MG)";"Rural";"7105"
"3113800";"Carmésia (MG)";"Total";"2446"
"3113800";"Carmésia (MG)";"Urbana";"1311"
"3113800";"Carmésia (MG)";"Rural";"1135"
"3113909";"Carmo da Cachoeira (MG)";"Total";"11836"
"3113909";"Carmo da Cachoeira (MG)";"Urbana";"8966"
"3113909";"Carmo da Cachoeira (MG)";"Rural";"2870"
"3114006";"Carmo da Mata (MG)";"Total";"10927"
"3114006";"Carmo da Mata (MG)";"Urbana";"8610"
"3114006";"Carmo da Mata (MG)";"Rural";"2317"
"3114105";"Carmo de Minas (MG)";"Total";"13750"
"3114105";"Carmo de Minas (MG)";"Urbana";"10189"
"3114105";"Carmo de Minas (MG)";"Rural";"3561"
"3114204";"Carmo do Cajuru (MG)";"Total";"20012"
"3114204";"Carmo do Cajuru (MG)";"Urbana";"17340"
"3114204";"Carmo do Cajuru (MG)";"Rural";"2672"
"3114303";"Carmo do Paranaíba (MG)";"Total";"29735"
"3114303";"Carmo do Paranaíba (MG)";"Urbana";"25200"
"3114303";"Carmo do Paranaíba (MG)";"Rural";"4535"
"3114402";"Carmo do Rio Claro (MG)";"Total";"20426"
"3114402";"Carmo do Rio Claro (MG)";"Urbana";"14362"
"3114402";"Carmo do Rio Claro (MG)";"Rural";"6064"
"3114501";"Carmópolis de Minas (MG)";"Total";"17048"
"3114501";"Carmópolis de Minas (MG)";"Urbana";"11821"
"3114501";"Carmópolis de Minas (MG)";"Rural";"5227"
"3114550";"Carneirinho (MG)";"Total";"9471"
"3114550";"Carneirinho (MG)";"Urbana";"6975"
"3114550";"Carneirinho (MG)";"Rural";"2496"
"3114600";"Carrancas (MG)";"Total";"3948"
"3114600";"Carrancas (MG)";"Urbana";"2612"
"3114600";"Carrancas (MG)";"Rural";"1336"
"3114709";"Carvalhópolis (MG)";"Total";"3341"
"3114709";"Carvalhópolis (MG)";"Urbana";"2459"
"3114709";"Carvalhópolis (MG)";"Rural";"882"
"3114808";"Carvalhos (MG)";"Total";"4556"
"3114808";"Carvalhos (MG)";"Urbana";"2437"
"3114808";"Carvalhos (MG)";"Rural";"2119"
"3114907";"Casa Grande (MG)";"Total";"2244"
"3114907";"Casa Grande (MG)";"Urbana";"1122"
"3114907";"Casa Grande (MG)";"Rural";"1122"
"3115003";"Cascalho Rico (MG)";"Total";"2857"
"3115003";"Cascalho Rico (MG)";"Urbana";"1796"
"3115003";"Cascalho Rico (MG)";"Rural";"1061"
"3115102";"Cássia (MG)";"Total";"17412"
"3115102";"Cássia (MG)";"Urbana";"14221"
"3115102";"Cássia (MG)";"Rural";"3191"
"3115201";"Conceição da Barra de Minas (MG)";"Total";"3954"
"3115201";"Conceição da Barra de Minas (MG)";"Urbana";"2793"
"3115201";"Conceição da Barra de Minas (MG)";"Rural";"1161"
"3115300";"Cataguases (MG)";"Total";"69757"
"3115300";"Cataguases (MG)";"Urbana";"66780"
"3115300";"Cataguases (MG)";"Rural";"2977"
"3115359";"Catas Altas (MG)";"Total";"4846"
"3115359";"Catas Altas (MG)";"Urbana";"4240"
"3115359";"Catas Altas (MG)";"Rural";"606"
"3115409";"Catas Altas da Noruega (MG)";"Total";"3462"
"3115409";"Catas Altas da Noruega (MG)";"Urbana";"1429"
"3115409";"Catas Altas da Noruega (MG)";"Rural";"2033"
"3115458";"Catuji (MG)";"Total";"6708"
"3115458";"Catuji (MG)";"Urbana";"1692"
"3115458";"Catuji (MG)";"Rural";"5016"
"3115474";"Catuti (MG)";"Total";"5102"
"3115474";"Catuti (MG)";"Urbana";"2978"
"3115474";"Catuti (MG)";"Rural";"2124"
"3115508";"Caxambu (MG)";"Total";"21705"
"3115508";"Caxambu (MG)";"Urbana";"21252"
"3115508";"Caxambu (MG)";"Rural";"453"
"3115607";"Cedro do Abaeté (MG)";"Total";"1210"
"3115607";"Cedro do Abaeté (MG)";"Urbana";"1033"
"3115607";"Cedro do Abaeté (MG)";"Rural";"177"
"3115706";"Central de Minas (MG)";"Total";"6772"
"3115706";"Central de Minas (MG)";"Urbana";"5594"
"3115706";"Central de Minas (MG)";"Rural";"1178"
"3115805";"Centralina (MG)";"Total";"10266"
"3115805";"Centralina (MG)";"Urbana";"9314"
"3115805";"Centralina (MG)";"Rural";"952"
"3115904";"Chácara (MG)";"Total";"2792"
"3115904";"Chácara (MG)";"Urbana";"1903"
"3115904";"Chácara (MG)";"Rural";"889"
"3116001";"Chalé (MG)";"Total";"5645"
"3116001";"Chalé (MG)";"Urbana";"2784"
"3116001";"Chalé (MG)";"Rural";"2861"
"3116100";"Chapada do Norte (MG)";"Total";"15189"
"3116100";"Chapada do Norte (MG)";"Urbana";"5694"
"3116100";"Chapada do Norte (MG)";"Rural";"9495"
"3116159";"Chapada Gaúcha (MG)";"Total";"10805"
"3116159";"Chapada Gaúcha (MG)";"Urbana";"5761"
"3116159";"Chapada Gaúcha (MG)";"Rural";"5044"
"3116209";"Chiador (MG)";"Total";"2785"
"3116209";"Chiador (MG)";"Urbana";"1486"
"3116209";"Chiador (MG)";"Rural";"1299"
"3116308";"Cipotânea (MG)";"Total";"6547"
"3116308";"Cipotânea (MG)";"Urbana";"3014"
"3116308";"Cipotânea (MG)";"Rural";"3533"
"3116407";"Claraval (MG)";"Total";"4542"
"3116407";"Claraval (MG)";"Urbana";"2530"
"3116407";"Claraval (MG)";"Rural";"2012"
"3116506";"Claro dos Poções (MG)";"Total";"7775"
"3116506";"Claro dos Poções (MG)";"Urbana";"5251"
"3116506";"Claro dos Poções (MG)";"Rural";"2524"
"3116605";"Cláudio (MG)";"Total";"25771"
"3116605";"Cláudio (MG)";"Urbana";"21154"
"3116605";"Cláudio (MG)";"Rural";"4617"
"3116704";"Coimbra (MG)";"Total";"7054"
"3116704";"Coimbra (MG)";"Urbana";"5156"
"3116704";"Coimbra (MG)";"Rural";"1898"
"3116803";"Coluna (MG)";"Total";"9024"
"3116803";"Coluna (MG)";"Urbana";"3814"
"3116803";"Coluna (MG)";"Rural";"5210"
"3116902";"Comendador Gomes (MG)";"Total";"2972"
"3116902";"Comendador Gomes (MG)";"Urbana";"1508"
"3116902";"Comendador Gomes (MG)";"Rural";"1464"
"3117009";"Comercinho (MG)";"Total";"8298"
"3117009";"Comercinho (MG)";"Urbana";"3547"
"3117009";"Comercinho (MG)";"Rural";"4751"
"3117108";"Conceição da Aparecida (MG)";"Total";"9820"
"3117108";"Conceição da Aparecida (MG)";"Urbana";"6199"
"3117108";"Conceição da Aparecida (MG)";"Rural";"3621"
"3117207";"Conceição das Pedras (MG)";"Total";"2749"
"3117207";"Conceição das Pedras (MG)";"Urbana";"1509"
"3117207";"Conceição das Pedras (MG)";"Rural";"1240"
"3117306";"Conceição das Alagoas (MG)";"Total";"23043"
"3117306";"Conceição das Alagoas (MG)";"Urbana";"20880"
"3117306";"Conceição das Alagoas (MG)";"Rural";"2163"
"3117405";"Conceição de Ipanema (MG)";"Total";"4456"
"3117405";"Conceição de Ipanema (MG)";"Urbana";"1523"
"3117405";"Conceição de Ipanema (MG)";"Rural";"2933"
"3117504";"Conceição do Mato Dentro (MG)";"Total";"17908"
"3117504";"Conceição do Mato Dentro (MG)";"Urbana";"12269"
"3117504";"Conceição do Mato Dentro (MG)";"Rural";"5639"
"3117603";"Conceição do Pará (MG)";"Total";"5158"
"3117603";"Conceição do Pará (MG)";"Urbana";"2015"
"3117603";"Conceição do Pará (MG)";"Rural";"3143"
"3117702";"Conceição do Rio Verde (MG)";"Total";"12949"
"3117702";"Conceição do Rio Verde (MG)";"Urbana";"11454"
"3117702";"Conceição do Rio Verde (MG)";"Rural";"1495"
"3117801";"Conceição dos Ouros (MG)";"Total";"10388"
"3117801";"Conceição dos Ouros (MG)";"Urbana";"8123"
"3117801";"Conceição dos Ouros (MG)";"Rural";"2265"
"3117836";"Cônego Marinho (MG)";"Total";"7101"
"3117836";"Cônego Marinho (MG)";"Urbana";"1915"
"3117836";"Cônego Marinho (MG)";"Rural";"5186"
"3117876";"Confins (MG)";"Total";"5936"
"3117876";"Confins (MG)";"Urbana";"5936"
"3117876";"Confins (MG)";"Rural";"-"
"3117900";"Congonhal (MG)";"Total";"10468"
"3117900";"Congonhal (MG)";"Urbana";"7755"
"3117900";"Congonhal (MG)";"Rural";"2713"
"3118007";"Congonhas (MG)";"Total";"48519"
"3118007";"Congonhas (MG)";"Urbana";"47236"
"3118007";"Congonhas (MG)";"Rural";"1283"
"3118106";"Congonhas do Norte (MG)";"Total";"4943"
"3118106";"Congonhas do Norte (MG)";"Urbana";"2598"
"3118106";"Congonhas do Norte (MG)";"Rural";"2345"
"3118205";"Conquista (MG)";"Total";"6526"
"3118205";"Conquista (MG)";"Urbana";"5671"
"3118205";"Conquista (MG)";"Rural";"855"
"3118304";"Conselheiro Lafaiete (MG)";"Total";"116512"
"3118304";"Conselheiro Lafaiete (MG)";"Urbana";"111266"
"3118304";"Conselheiro Lafaiete (MG)";"Rural";"5246"
"3118403";"Conselheiro Pena (MG)";"Total";"22242"
"3118403";"Conselheiro Pena (MG)";"Urbana";"17601"
"3118403";"Conselheiro Pena (MG)";"Rural";"4641"
"3118502";"Consolação (MG)";"Total";"1727"
"3118502";"Consolação (MG)";"Urbana";"950"
"3118502";"Consolação (MG)";"Rural";"777"
"3118601";"Contagem (MG)";"Total";"603442"
"3118601";"Contagem (MG)";"Urbana";"601400"
"3118601";"Contagem (MG)";"Rural";"2042"
"3118700";"Coqueiral (MG)";"Total";"9289"
"3118700";"Coqueiral (MG)";"Urbana";"6588"
"3118700";"Coqueiral (MG)";"Rural";"2701"
"3118809";"Coração de Jesus (MG)";"Total";"26033"
"3118809";"Coração de Jesus (MG)";"Urbana";"14766"
"3118809";"Coração de Jesus (MG)";"Rural";"11267"
"3118908";"Cordisburgo (MG)";"Total";"8667"
"3118908";"Cordisburgo (MG)";"Urbana";"5961"
"3118908";"Cordisburgo (MG)";"Rural";"2706"
"3119005";"Cordislândia (MG)";"Total";"3435"
"3119005";"Cordislândia (MG)";"Urbana";"2757"
"3119005";"Cordislândia (MG)";"Rural";"678"
"3119104";"Corinto (MG)";"Total";"23914"
"3119104";"Corinto (MG)";"Urbana";"21194"
"3119104";"Corinto (MG)";"Rural";"2720"
"3119203";"Coroaci (MG)";"Total";"10270"
"3119203";"Coroaci (MG)";"Urbana";"5181"
"3119203";"Coroaci (MG)";"Rural";"5089"
"3119302";"Coromandel (MG)";"Total";"27547"
"3119302";"Coromandel (MG)";"Urbana";"21665"
"3119302";"Coromandel (MG)";"Rural";"5882"
"3119401";"Coronel Fabriciano (MG)";"Total";"103694"
"3119401";"Coronel Fabriciano (MG)";"Urbana";"102395"
"3119401";"Coronel Fabriciano (MG)";"Rural";"1299"
"3119500";"Coronel Murta (MG)";"Total";"9117"
"3119500";"Coronel Murta (MG)";"Urbana";"6693"
"3119500";"Coronel Murta (MG)";"Rural";"2424"
"3119609";"Coronel Pacheco (MG)";"Total";"2983"
"3119609";"Coronel Pacheco (MG)";"Urbana";"2145"
"3119609";"Coronel Pacheco (MG)";"Rural";"838"
"3119708";"Coronel Xavier Chaves (MG)";"Total";"3301"
"3119708";"Coronel Xavier Chaves (MG)";"Urbana";"1800"
"3119708";"Coronel Xavier Chaves (MG)";"Rural";"1501"
"3119807";"Córrego Danta (MG)";"Total";"3391"
"3119807";"Córrego Danta (MG)";"Urbana";"2088"
"3119807";"Córrego Danta (MG)";"Rural";"1303"
"3119906";"Córrego do Bom Jesus (MG)";"Total";"3730"
"3119906";"Córrego do Bom Jesus (MG)";"Urbana";"2049"
"3119906";"Córrego do Bom Jesus (MG)";"Rural";"1681"
"3119955";"Córrego Fundo (MG)";"Total";"5790"
"3119955";"Córrego Fundo (MG)";"Urbana";"4430"
"3119955";"Córrego Fundo (MG)";"Rural";"1360"
"3120003";"Córrego Novo (MG)";"Total";"3127"
"3120003";"Córrego Novo (MG)";"Urbana";"2038"
"3120003";"Córrego Novo (MG)";"Rural";"1089"
"3120102";"Couto de Magalhães de Minas (MG)";"Total";"4204"
"3120102";"Couto de Magalhães de Minas (MG)";"Urbana";"3835"
"3120102";"Couto de Magalhães de Minas (MG)";"Rural";"369"
"3120151";"Crisólita (MG)";"Total";"6047"
"3120151";"Crisólita (MG)";"Urbana";"3489"
"3120151";"Crisólita (MG)";"Rural";"2558"
"3120201";"Cristais (MG)";"Total";"11286"
"3120201";"Cristais (MG)";"Urbana";"8845"
"3120201";"Cristais (MG)";"Rural";"2441"
"3120300";"Cristália (MG)";"Total";"5760"
"3120300";"Cristália (MG)";"Urbana";"3053"
"3120300";"Cristália (MG)";"Rural";"2707"
"3120409";"Cristiano Otoni (MG)";"Total";"5007"
"3120409";"Cristiano Otoni (MG)";"Urbana";"4156"
"3120409";"Cristiano Otoni (MG)";"Rural";"851"
"3120508";"Cristina (MG)";"Total";"10210"
"3120508";"Cristina (MG)";"Urbana";"5955"
"3120508";"Cristina (MG)";"Rural";"4255"
"3120607";"Crucilândia (MG)";"Total";"4757"
"3120607";"Crucilândia (MG)";"Urbana";"2979"
"3120607";"Crucilândia (MG)";"Rural";"1778"
"3120706";"Cruzeiro da Fortaleza (MG)";"Total";"3934"
"3120706";"Cruzeiro da Fortaleza (MG)";"Urbana";"3361"
"3120706";"Cruzeiro da Fortaleza (MG)";"Rural";"573"
"3120805";"Cruzília (MG)";"Total";"14591"
"3120805";"Cruzília (MG)";"Urbana";"13286"
"3120805";"Cruzília (MG)";"Rural";"1305"
"3120839";"Cuparaque (MG)";"Total";"4680"
"3120839";"Cuparaque (MG)";"Urbana";"3885"
"3120839";"Cuparaque (MG)";"Rural";"795"
"3120870";"Curral de Dentro (MG)";"Total";"6913"
"3120870";"Curral de Dentro (MG)";"Urbana";"5837"
"3120870";"Curral de Dentro (MG)";"Rural";"1076"
"3120904";"Curvelo (MG)";"Total";"74219"
"3120904";"Curvelo (MG)";"Urbana";"67382"
"3120904";"Curvelo (MG)";"Rural";"6837"
"3121001";"Datas (MG)";"Total";"5211"
"3121001";"Datas (MG)";"Urbana";"3088"
"3121001";"Datas (MG)";"Rural";"2123"
"3121100";"Delfim Moreira (MG)";"Total";"7971"
"3121100";"Delfim Moreira (MG)";"Urbana";"3025"
"3121100";"Delfim Moreira (MG)";"Rural";"4946"
"3121209";"Delfinópolis (MG)";"Total";"6830"
"3121209";"Delfinópolis (MG)";"Urbana";"4846"
"3121209";"Delfinópolis (MG)";"Rural";"1984"
"3121258";"Delta (MG)";"Total";"8089"
"3121258";"Delta (MG)";"Urbana";"7584"
"3121258";"Delta (MG)";"Rural";"505"
"3121308";"Descoberto (MG)";"Total";"4768"
"3121308";"Descoberto (MG)";"Urbana";"4069"
"3121308";"Descoberto (MG)";"Rural";"699"
"3121407";"Desterro de Entre Rios (MG)";"Total";"7002"
"3121407";"Desterro de Entre Rios (MG)";"Urbana";"3596"
"3121407";"Desterro de Entre Rios (MG)";"Rural";"3406"
"3121506";"Desterro do Melo (MG)";"Total";"3015"
"3121506";"Desterro do Melo (MG)";"Urbana";"1390"
"3121506";"Desterro do Melo (MG)";"Rural";"1625"
"3121605";"Diamantina (MG)";"Total";"45880"
"3121605";"Diamantina (MG)";"Urbana";"40064"
"3121605";"Diamantina (MG)";"Rural";"5816"
"3121704";"Diogo de Vasconcelos (MG)";"Total";"3848"
"3121704";"Diogo de Vasconcelos (MG)";"Urbana";"1099"
"3121704";"Diogo de Vasconcelos (MG)";"Rural";"2749"
"3121803";"Dionísio (MG)";"Total";"8739"
"3121803";"Dionísio (MG)";"Urbana";"7165"
"3121803";"Dionísio (MG)";"Rural";"1574"
"3121902";"Divinésia (MG)";"Total";"3293"
"3121902";"Divinésia (MG)";"Urbana";"2175"
"3121902";"Divinésia (MG)";"Rural";"1118"
"3122009";"Divino (MG)";"Total";"19133"
"3122009";"Divino (MG)";"Urbana";"10796"
"3122009";"Divino (MG)";"Rural";"8337"
"3122108";"Divino das Laranjeiras (MG)";"Total";"4937"
"3122108";"Divino das Laranjeiras (MG)";"Urbana";"4108"
"3122108";"Divino das Laranjeiras (MG)";"Rural";"829"
"3122207";"Divinolândia de Minas (MG)";"Total";"7024"
"3122207";"Divinolândia de Minas (MG)";"Urbana";"5760"
"3122207";"Divinolândia de Minas (MG)";"Rural";"1264"
"3122306";"Divinópolis (MG)";"Total";"213016"
"3122306";"Divinópolis (MG)";"Urbana";"207516"
"3122306";"Divinópolis (MG)";"Rural";"5500"
"3122355";"Divisa Alegre (MG)";"Total";"5884"
"3122355";"Divisa Alegre (MG)";"Urbana";"5693"
"3122355";"Divisa Alegre (MG)";"Rural";"191"
"3122405";"Divisa Nova (MG)";"Total";"5763"
"3122405";"Divisa Nova (MG)";"Urbana";"4659"
"3122405";"Divisa Nova (MG)";"Rural";"1104"
"3122454";"Divisópolis (MG)";"Total";"8974"
"3122454";"Divisópolis (MG)";"Urbana";"6403"
"3122454";"Divisópolis (MG)";"Rural";"2571"
"3122470";"Dom Bosco (MG)";"Total";"3814"
"3122470";"Dom Bosco (MG)";"Urbana";"2052"
"3122470";"Dom Bosco (MG)";"Rural";"1762"
"3122504";"Dom Cavati (MG)";"Total";"5209"
"3122504";"Dom Cavati (MG)";"Urbana";"4607"
"3122504";"Dom Cavati (MG)";"Rural";"602"
"3122603";"Dom Joaquim (MG)";"Total";"4535"
"3122603";"Dom Joaquim (MG)";"Urbana";"2922"
"3122603";"Dom Joaquim (MG)";"Rural";"1613"
"3122702";"Dom Silvério (MG)";"Total";"5196"
"3122702";"Dom Silvério (MG)";"Urbana";"4058"
"3122702";"Dom Silvério (MG)";"Rural";"1138"
"3122801";"Dom Viçoso (MG)";"Total";"2994"
"3122801";"Dom Viçoso (MG)";"Urbana";"998"
"3122801";"Dom Viçoso (MG)";"Rural";"1996"
"3122900";"Dona Euzébia (MG)";"Total";"6001"
"3122900";"Dona Euzébia (MG)";"Urbana";"5133"
"3122900";"Dona Euzébia (MG)";"Rural";"868"
"3123007";"Dores de Campos (MG)";"Total";"9299"
"3123007";"Dores de Campos (MG)";"Urbana";"8457"
"3123007";"Dores de Campos (MG)";"Rural";"842"
"3123106";"Dores de Guanhães (MG)";"Total";"5223"
"3123106";"Dores de Guanhães (MG)";"Urbana";"1622"
"3123106";"Dores de Guanhães (MG)";"Rural";"3601"
"3123205";"Dores do Indaiá (MG)";"Total";"13778"
"3123205";"Dores do Indaiá (MG)";"Urbana";"12614"
"3123205";"Dores do Indaiá (MG)";"Rural";"1164"
"3123304";"Dores do Turvo (MG)";"Total";"4462"
"3123304";"Dores do Turvo (MG)";"Urbana";"2030"
"3123304";"Dores do Turvo (MG)";"Rural";"2432"
"3123403";"Doresópolis (MG)";"Total";"1440"
"3123403";"Doresópolis (MG)";"Urbana";"1132"
"3123403";"Doresópolis (MG)";"Rural";"308"
"3123502";"Douradoquara (MG)";"Total";"1841"
"3123502";"Douradoquara (MG)";"Urbana";"1233"
"3123502";"Douradoquara (MG)";"Rural";"608"
"3123528";"Durandé (MG)";"Total";"7423"
"3123528";"Durandé (MG)";"Urbana";"3547"
"3123528";"Durandé (MG)";"Rural";"3876"
"3123601";"Elói Mendes (MG)";"Total";"25220"
"3123601";"Elói Mendes (MG)";"Urbana";"20374"
"3123601";"Elói Mendes (MG)";"Rural";"4846"
"3123700";"Engenheiro Caldas (MG)";"Total";"10280"
"3123700";"Engenheiro Caldas (MG)";"Urbana";"8325"
"3123700";"Engenheiro Caldas (MG)";"Rural";"1955"
"3123809";"Engenheiro Navarro (MG)";"Total";"7122"
"3123809";"Engenheiro Navarro (MG)";"Urbana";"4750"
"3123809";"Engenheiro Navarro (MG)";"Rural";"2372"
"3123858";"Entre Folhas (MG)";"Total";"5175"
"3123858";"Entre Folhas (MG)";"Urbana";"3889"
"3123858";"Entre Folhas (MG)";"Rural";"1286"
"3123908";"Entre Rios de Minas (MG)";"Total";"14242"
"3123908";"Entre Rios de Minas (MG)";"Urbana";"9878"
"3123908";"Entre Rios de Minas (MG)";"Rural";"4364"
"3124005";"Ervália (MG)";"Total";"17946"
"3124005";"Ervália (MG)";"Urbana";"9470"
"3124005";"Ervália (MG)";"Rural";"8476"
"3124104";"Esmeraldas (MG)";"Total";"60271"
"3124104";"Esmeraldas (MG)";"Urbana";"56215"
"3124104";"Esmeraldas (MG)";"Rural";"4056"
"3124203";"Espera Feliz (MG)";"Total";"22856"
"3124203";"Espera Feliz (MG)";"Urbana";"14174"
"3124203";"Espera Feliz (MG)";"Rural";"8682"
"3124302";"Espinosa (MG)";"Total";"31113"
"3124302";"Espinosa (MG)";"Urbana";"18023"
"3124302";"Espinosa (MG)";"Rural";"13090"
"3124401";"Espírito Santo do Dourado (MG)";"Total";"4429"
"3124401";"Espírito Santo do Dourado (MG)";"Urbana";"1683"
"3124401";"Espírito Santo do Dourado (MG)";"Rural";"2746"
"3124500";"Estiva (MG)";"Total";"10845"
"3124500";"Estiva (MG)";"Urbana";"4899"
"3124500";"Estiva (MG)";"Rural";"5946"
"3124609";"Estrela Dalva (MG)";"Total";"2470"
"3124609";"Estrela Dalva (MG)";"Urbana";"1781"
"3124609";"Estrela Dalva (MG)";"Rural";"689"
"3124708";"Estrela do Indaiá (MG)";"Total";"3516"
"3124708";"Estrela do Indaiá (MG)";"Urbana";"2777"
"3124708";"Estrela do Indaiá (MG)";"Rural";"739"
"3124807";"Estrela do Sul (MG)";"Total";"7446"
"3124807";"Estrela do Sul (MG)";"Urbana";"6057"
"3124807";"Estrela do Sul (MG)";"Rural";"1389"
"3124906";"Eugenópolis (MG)";"Total";"10540"
"3124906";"Eugenópolis (MG)";"Urbana";"7405"
"3124906";"Eugenópolis (MG)";"Rural";"3135"
"3125002";"Ewbank da Câmara (MG)";"Total";"3753"
"3125002";"Ewbank da Câmara (MG)";"Urbana";"3459"
"3125002";"Ewbank da Câmara (MG)";"Rural";"294"
"3125101";"Extrema (MG)";"Total";"28599"
"3125101";"Extrema (MG)";"Urbana";"26023"
"3125101";"Extrema (MG)";"Rural";"2576"
"3125200";"Fama (MG)";"Total";"2350"
"3125200";"Fama (MG)";"Urbana";"1515"
"3125200";"Fama (MG)";"Rural";"835"
"3125309";"Faria Lemos (MG)";"Total";"3376"
"3125309";"Faria Lemos (MG)";"Urbana";"2332"
"3125309";"Faria Lemos (MG)";"Rural";"1044"
"3125408";"Felício dos Santos (MG)";"Total";"5142"
"3125408";"Felício dos Santos (MG)";"Urbana";"2229"
"3125408";"Felício dos Santos (MG)";"Rural";"2913"
"3125507";"São Gonçalo do Rio Preto (MG)";"Total";"3056"
"3125507";"São Gonçalo do Rio Preto (MG)";"Urbana";"1954"
"3125507";"São Gonçalo do Rio Preto (MG)";"Rural";"1102"
"3125606";"Felisburgo (MG)";"Total";"6877"
"3125606";"Felisburgo (MG)";"Urbana";"5088"
"3125606";"Felisburgo (MG)";"Rural";"1789"
"3125705";"Felixlândia (MG)";"Total";"14121"
"3125705";"Felixlândia (MG)";"Urbana";"10922"
"3125705";"Felixlândia (MG)";"Rural";"3199"
"3125804";"Fernandes Tourinho (MG)";"Total";"3030"
"3125804";"Fernandes Tourinho (MG)";"Urbana";"2016"
"3125804";"Fernandes Tourinho (MG)";"Rural";"1014"
"3125903";"Ferros (MG)";"Total";"10837"
"3125903";"Ferros (MG)";"Urbana";"5091"
"3125903";"Ferros (MG)";"Rural";"5746"
"3125952";"Fervedouro (MG)";"Total";"10349"
"3125952";"Fervedouro (MG)";"Urbana";"4764"
"3125952";"Fervedouro (MG)";"Rural";"5585"
"3126000";"Florestal (MG)";"Total";"6600"
"3126000";"Florestal (MG)";"Urbana";"5504"
"3126000";"Florestal (MG)";"Rural";"1096"
"3126109";"Formiga (MG)";"Total";"65128"
"3126109";"Formiga (MG)";"Urbana";"59487"
"3126109";"Formiga (MG)";"Rural";"5641"
"3126208";"Formoso (MG)";"Total";"8177"
"3126208";"Formoso (MG)";"Urbana";"5173"
"3126208";"Formoso (MG)";"Rural";"3004"
"3126307";"Fortaleza de Minas (MG)";"Total";"4098"
"3126307";"Fortaleza de Minas (MG)";"Urbana";"2950"
"3126307";"Fortaleza de Minas (MG)";"Rural";"1148"
"3126406";"Fortuna de Minas (MG)";"Total";"2705"
"3126406";"Fortuna de Minas (MG)";"Urbana";"1865"
"3126406";"Fortuna de Minas (MG)";"Rural";"840"
"3126505";"Francisco Badaró (MG)";"Total";"10248"
"3126505";"Francisco Badaró (MG)";"Urbana";"3191"
"3126505";"Francisco Badaró (MG)";"Rural";"7057"
"3126604";"Francisco Dumont (MG)";"Total";"4863"
"3126604";"Francisco Dumont (MG)";"Urbana";"3197"
"3126604";"Francisco Dumont (MG)";"Rural";"1666"
"3126703";"Francisco Sá (MG)";"Total";"24912"
"3126703";"Francisco Sá (MG)";"Urbana";"14897"
"3126703";"Francisco Sá (MG)";"Rural";"10015"
"3126752";"Franciscópolis (MG)";"Total";"5800"
"3126752";"Franciscópolis (MG)";"Urbana";"2398"
"3126752";"Franciscópolis (MG)";"Rural";"3402"
"3126802";"Frei Gaspar (MG)";"Total";"5879"
"3126802";"Frei Gaspar (MG)";"Urbana";"1916"
"3126802";"Frei Gaspar (MG)";"Rural";"3963"
"3126901";"Frei Inocêncio (MG)";"Total";"8920"
"3126901";"Frei Inocêncio (MG)";"Urbana";"6764"
"3126901";"Frei Inocêncio (MG)";"Rural";"2156"
"3126950";"Frei Lagonegro (MG)";"Total";"3329"
"3126950";"Frei Lagonegro (MG)";"Urbana";"618"
"3126950";"Frei Lagonegro (MG)";"Rural";"2711"
"3127008";"Fronteira (MG)";"Total";"14041"
"3127008";"Fronteira (MG)";"Urbana";"13095"
"3127008";"Fronteira (MG)";"Rural";"946"
"3127057";"Fronteira dos Vales (MG)";"Total";"4687"
"3127057";"Fronteira dos Vales (MG)";"Urbana";"3038"
"3127057";"Fronteira dos Vales (MG)";"Rural";"1649"
"3127073";"Fruta de Leite (MG)";"Total";"5940"
"3127073";"Fruta de Leite (MG)";"Urbana";"2036"
"3127073";"Fruta de Leite (MG)";"Rural";"3904"
"3127107";"Frutal (MG)";"Total";"53468"
"3127107";"Frutal (MG)";"Urbana";"46089"
"3127107";"Frutal (MG)";"Rural";"7379"
"3127206";"Funilândia (MG)";"Total";"3855"
"3127206";"Funilândia (MG)";"Urbana";"2029"
"3127206";"Funilândia (MG)";"Rural";"1826"
"3127305";"Galiléia (MG)";"Total";"6951"
"3127305";"Galiléia (MG)";"Urbana";"5692"
"3127305";"Galiléia (MG)";"Rural";"1259"
"3127339";"Gameleiras (MG)";"Total";"5139"
"3127339";"Gameleiras (MG)";"Urbana";"1413"
"3127339";"Gameleiras (MG)";"Rural";"3726"
"3127354";"Glaucilândia (MG)";"Total";"2962"
"3127354";"Glaucilândia (MG)";"Urbana";"1048"
"3127354";"Glaucilândia (MG)";"Rural";"1914"
"3127370";"Goiabeira (MG)";"Total";"3053"
"3127370";"Goiabeira (MG)";"Urbana";"2473"
"3127370";"Goiabeira (MG)";"Rural";"580"
"3127388";"Goianá (MG)";"Total";"3659"
"3127388";"Goianá (MG)";"Urbana";"2969"
"3127388";"Goianá (MG)";"Rural";"690"
"3127404";"Gonçalves (MG)";"Total";"4220"
"3127404";"Gonçalves (MG)";"Urbana";"1164"
"3127404";"Gonçalves (MG)";"Rural";"3056"
"3127503";"Gonzaga (MG)";"Total";"5921"
"3127503";"Gonzaga (MG)";"Urbana";"3237"
"3127503";"Gonzaga (MG)";"Rural";"2684"
"3127602";"Gouveia (MG)";"Total";"11681"
"3127602";"Gouveia (MG)";"Urbana";"8229"
"3127602";"Gouveia (MG)";"Rural";"3452"
"3127701";"Governador Valadares (MG)";"Total";"263689"
"3127701";"Governador Valadares (MG)";"Urbana";"253300"
"3127701";"Governador Valadares (MG)";"Rural";"10389"
"3127800";"Grão Mogol (MG)";"Total";"15024"
"3127800";"Grão Mogol (MG)";"Urbana";"5391"
"3127800";"Grão Mogol (MG)";"Rural";"9633"
"3127909";"Grupiara (MG)";"Total";"1373"
"3127909";"Grupiara (MG)";"Urbana";"1173"
"3127909";"Grupiara (MG)";"Rural";"200"
"3128006";"Guanhães (MG)";"Total";"31262"
"3128006";"Guanhães (MG)";"Urbana";"25421"
"3128006";"Guanhães (MG)";"Rural";"5841"
"3128105";"Guapé (MG)";"Total";"13872"
"3128105";"Guapé (MG)";"Urbana";"7174"
"3128105";"Guapé (MG)";"Rural";"6698"
"3128204";"Guaraciaba (MG)";"Total";"10223"
"3128204";"Guaraciaba (MG)";"Urbana";"3218"
"3128204";"Guaraciaba (MG)";"Rural";"7005"
"3128253";"Guaraciama (MG)";"Total";"4718"
"3128253";"Guaraciama (MG)";"Urbana";"3025"
"3128253";"Guaraciama (MG)";"Rural";"1693"
"3128303";"Guaranésia (MG)";"Total";"18714"
"3128303";"Guaranésia (MG)";"Urbana";"16836"
"3128303";"Guaranésia (MG)";"Rural";"1878"
"3128402";"Guarani (MG)";"Total";"8678"
"3128402";"Guarani (MG)";"Urbana";"6876"
"3128402";"Guarani (MG)";"Rural";"1802"
"3128501";"Guarará (MG)";"Total";"3929"
"3128501";"Guarará (MG)";"Urbana";"3487"
"3128501";"Guarará (MG)";"Rural";"442"
"3128600";"Guarda-Mor (MG)";"Total";"6565"
"3128600";"Guarda-Mor (MG)";"Urbana";"3688"
"3128600";"Guarda-Mor (MG)";"Rural";"2877"
"3128709";"Guaxupé (MG)";"Total";"49430"
"3128709";"Guaxupé (MG)";"Urbana";"46480"
"3128709";"Guaxupé (MG)";"Rural";"2950"
"3128808";"Guidoval (MG)";"Total";"7206"
"3128808";"Guidoval (MG)";"Urbana";"5199"
"3128808";"Guidoval (MG)";"Rural";"2007"
"3128907";"Guimarânia (MG)";"Total";"7265"
"3128907";"Guimarânia (MG)";"Urbana";"5924"
"3128907";"Guimarânia (MG)";"Rural";"1341"
"3129004";"Guiricema (MG)";"Total";"8707"
"3129004";"Guiricema (MG)";"Urbana";"4225"
"3129004";"Guiricema (MG)";"Rural";"4482"
"3129103";"Gurinhatã (MG)";"Total";"6137"
"3129103";"Gurinhatã (MG)";"Urbana";"2692"
"3129103";"Gurinhatã (MG)";"Rural";"3445"
"3129202";"Heliodora (MG)";"Total";"6121"
"3129202";"Heliodora (MG)";"Urbana";"4430"
"3129202";"Heliodora (MG)";"Rural";"1691"
"3129301";"Iapu (MG)";"Total";"10315"
"3129301";"Iapu (MG)";"Urbana";"7164"
"3129301";"Iapu (MG)";"Rural";"3151"
"3129400";"Ibertioga (MG)";"Total";"5036"
"3129400";"Ibertioga (MG)";"Urbana";"3457"
"3129400";"Ibertioga (MG)";"Rural";"1579"
"3129509";"Ibiá (MG)";"Total";"23218"
"3129509";"Ibiá (MG)";"Urbana";"19646"
"3129509";"Ibiá (MG)";"Rural";"3572"
"3129608";"Ibiaí (MG)";"Total";"7839"
"3129608";"Ibiaí (MG)";"Urbana";"6004"
"3129608";"Ibiaí (MG)";"Rural";"1835"
"3129657";"Ibiracatu (MG)";"Total";"6155"
"3129657";"Ibiracatu (MG)";"Urbana";"3123"
"3129657";"Ibiracatu (MG)";"Rural";"3032"
"3129707";"Ibiraci (MG)";"Total";"12176"
"3129707";"Ibiraci (MG)";"Urbana";"8208"
"3129707";"Ibiraci (MG)";"Rural";"3968"
"3129806";"Ibirité (MG)";"Total";"158954"
"3129806";"Ibirité (MG)";"Urbana";"158590"
"3129806";"Ibirité (MG)";"Rural";"364"
"3129905";"Ibitiúra de Minas (MG)";"Total";"3382"
"3129905";"Ibitiúra de Minas (MG)";"Urbana";"2370"
"3129905";"Ibitiúra de Minas (MG)";"Rural";"1012"
"3130002";"Ibituruna (MG)";"Total";"2866"
"3130002";"Ibituruna (MG)";"Urbana";"2485"
"3130002";"Ibituruna (MG)";"Rural";"381"
"3130051";"Icaraí de Minas (MG)";"Total";"10746"
"3130051";"Icaraí de Minas (MG)";"Urbana";"2986"
"3130051";"Icaraí de Minas (MG)";"Rural";"7760"
"3130101";"Igarapé (MG)";"Total";"34851"
"3130101";"Igarapé (MG)";"Urbana";"32661"
"3130101";"Igarapé (MG)";"Rural";"2190"
"3130200";"Igaratinga (MG)";"Total";"9264"
"3130200";"Igaratinga (MG)";"Urbana";"7677"
"3130200";"Igaratinga (MG)";"Rural";"1587"
"3130309";"Iguatama (MG)";"Total";"8029"
"3130309";"Iguatama (MG)";"Urbana";"6715"
"3130309";"Iguatama (MG)";"Rural";"1314"
"3130408";"Ijaci (MG)";"Total";"5859"
"3130408";"Ijaci (MG)";"Urbana";"5605"
"3130408";"Ijaci (MG)";"Rural";"254"
"3130507";"Ilicínea (MG)";"Total";"11488"
"3130507";"Ilicínea (MG)";"Urbana";"9096"
"3130507";"Ilicínea (MG)";"Rural";"2392"
"3130556";"Imbé de Minas (MG)";"Total";"6424"
"3130556";"Imbé de Minas (MG)";"Urbana";"2046"
"3130556";"Imbé de Minas (MG)";"Rural";"4378"
"3130606";"Inconfidentes (MG)";"Total";"6908"
"3130606";"Inconfidentes (MG)";"Urbana";"3678"
"3130606";"Inconfidentes (MG)";"Rural";"3230"
"3130655";"Indaiabira (MG)";"Total";"7330"
"3130655";"Indaiabira (MG)";"Urbana";"2742"
"3130655";"Indaiabira (MG)";"Rural";"4588"
"3130705";"Indianópolis (MG)";"Total";"6190"
"3130705";"Indianópolis (MG)";"Urbana";"4056"
"3130705";"Indianópolis (MG)";"Rural";"2134"
"3130804";"Ingaí (MG)";"Total";"2629"
"3130804";"Ingaí (MG)";"Urbana";"1630"
"3130804";"Ingaí (MG)";"Rural";"999"
"3130903";"Inhapim (MG)";"Total";"24294"
"3130903";"Inhapim (MG)";"Urbana";"13993"
"3130903";"Inhapim (MG)";"Rural";"10301"
"3131000";"Inhaúma (MG)";"Total";"5760"
"3131000";"Inhaúma (MG)";"Urbana";"4206"
"3131000";"Inhaúma (MG)";"Rural";"1554"
"3131109";"Inimutaba (MG)";"Total";"6724"
"3131109";"Inimutaba (MG)";"Urbana";"4743"
"3131109";"Inimutaba (MG)";"Rural";"1981"
"3131158";"Ipaba (MG)";"Total";"16708"
"3131158";"Ipaba (MG)";"Urbana";"15028"
"3131158";"Ipaba (MG)";"Rural";"1680"
"3131208";"Ipanema (MG)";"Total";"18170"
"3131208";"Ipanema (MG)";"Urbana";"14200"
"3131208";"Ipanema (MG)";"Rural";"3970"
"3131307";"Ipatinga (MG)";"Total";"239468"
"3131307";"Ipatinga (MG)";"Urbana";"236968"
"3131307";"Ipatinga (MG)";"Rural";"2500"
"3131406";"Ipiaçu (MG)";"Total";"4107"
"3131406";"Ipiaçu (MG)";"Urbana";"3741"
"3131406";"Ipiaçu (MG)";"Rural";"366"
"3131505";"Ipuiúna (MG)";"Total";"9521"
"3131505";"Ipuiúna (MG)";"Urbana";"7448"
"3131505";"Ipuiúna (MG)";"Rural";"2073"
"3131604";"Iraí de Minas (MG)";"Total";"6467"
"3131604";"Iraí de Minas (MG)";"Urbana";"5158"
"3131604";"Iraí de Minas (MG)";"Rural";"1309"
"3131703";"Itabira (MG)";"Total";"109783"
"3131703";"Itabira (MG)";"Urbana";"102316"
"3131703";"Itabira (MG)";"Rural";"7467"
"3131802";"Itabirinha (MG)";"Total";"10692"
"3131802";"Itabirinha (MG)";"Urbana";"8370"
"3131802";"Itabirinha (MG)";"Rural";"2322"
"3131901";"Itabirito (MG)";"Total";"45449"
"3131901";"Itabirito (MG)";"Urbana";"43566"
"3131901";"Itabirito (MG)";"Rural";"1883"
"3132008";"Itacambira (MG)";"Total";"4988"
"3132008";"Itacambira (MG)";"Urbana";"1006"
"3132008";"Itacambira (MG)";"Rural";"3982"
"3132107";"Itacarambi (MG)";"Total";"17720"
"3132107";"Itacarambi (MG)";"Urbana";"13799"
"3132107";"Itacarambi (MG)";"Rural";"3921"
"3132206";"Itaguara (MG)";"Total";"12372"
"3132206";"Itaguara (MG)";"Urbana";"9526"
"3132206";"Itaguara (MG)";"Rural";"2846"
"3132305";"Itaipé (MG)";"Total";"11798"
"3132305";"Itaipé (MG)";"Urbana";"4943"
"3132305";"Itaipé (MG)";"Rural";"6855"
"3132404";"Itajubá (MG)";"Total";"90658"
"3132404";"Itajubá (MG)";"Urbana";"82764"
"3132404";"Itajubá (MG)";"Rural";"7894"
"3132503";"Itamarandiba (MG)";"Total";"32175"
"3132503";"Itamarandiba (MG)";"Urbana";"21988"
"3132503";"Itamarandiba (MG)";"Rural";"10187"
"3132602";"Itamarati de Minas (MG)";"Total";"4079"
"3132602";"Itamarati de Minas (MG)";"Urbana";"3210"
"3132602";"Itamarati de Minas (MG)";"Rural";"869"
"3132701";"Itambacuri (MG)";"Total";"22809"
"3132701";"Itambacuri (MG)";"Urbana";"15119"
"3132701";"Itambacuri (MG)";"Rural";"7690"
"3132800";"Itambé do Mato Dentro (MG)";"Total";"2283"
"3132800";"Itambé do Mato Dentro (MG)";"Urbana";"908"
"3132800";"Itambé do Mato Dentro (MG)";"Rural";"1375"
"3132909";"Itamogi (MG)";"Total";"10349"
"3132909";"Itamogi (MG)";"Urbana";"7759"
"3132909";"Itamogi (MG)";"Rural";"2590"
"3133006";"Itamonte (MG)";"Total";"14003"
"3133006";"Itamonte (MG)";"Urbana";"9612"
"3133006";"Itamonte (MG)";"Rural";"4391"
"3133105";"Itanhandu (MG)";"Total";"14175"
"3133105";"Itanhandu (MG)";"Urbana";"11925"
"3133105";"Itanhandu (MG)";"Rural";"2250"
"3133204";"Itanhomi (MG)";"Total";"11856"
"3133204";"Itanhomi (MG)";"Urbana";"8570"
"3133204";"Itanhomi (MG)";"Rural";"3286"
"3133303";"Itaobim (MG)";"Total";"21001"
"3133303";"Itaobim (MG)";"Urbana";"15779"
"3133303";"Itaobim (MG)";"Rural";"5222"
"3133402";"Itapagipe (MG)";"Total";"13656"
"3133402";"Itapagipe (MG)";"Urbana";"9558"
"3133402";"Itapagipe (MG)";"Rural";"4098"
"3133501";"Itapecerica (MG)";"Total";"21377"
"3133501";"Itapecerica (MG)";"Urbana";"16503"
"3133501";"Itapecerica (MG)";"Rural";"4874"
"3133600";"Itapeva (MG)";"Total";"8664"
"3133600";"Itapeva (MG)";"Urbana";"4511"
"3133600";"Itapeva (MG)";"Rural";"4153"
"3133709";"Itatiaiuçu (MG)";"Total";"9928"
"3133709";"Itatiaiuçu (MG)";"Urbana";"6221"
"3133709";"Itatiaiuçu (MG)";"Rural";"3707"
"3133758";"Itaú de Minas (MG)";"Total";"14945"
"3133758";"Itaú de Minas (MG)";"Urbana";"14562"
"3133758";"Itaú de Minas (MG)";"Rural";"383"
"3133808";"Itaúna (MG)";"Total";"85463"
"3133808";"Itaúna (MG)";"Urbana";"80451"
"3133808";"Itaúna (MG)";"Rural";"5012"
"3133907";"Itaverava (MG)";"Total";"5799"
"3133907";"Itaverava (MG)";"Urbana";"2565"
"3133907";"Itaverava (MG)";"Rural";"3234"
"3134004";"Itinga (MG)";"Total";"14407"
"3134004";"Itinga (MG)";"Urbana";"6554"
"3134004";"Itinga (MG)";"Rural";"7853"
"3134103";"Itueta (MG)";"Total";"5830"
"3134103";"Itueta (MG)";"Urbana";"3299"
"3134103";"Itueta (MG)";"Rural";"2531"
"3134202";"Ituiutaba (MG)";"Total";"97171"
"3134202";"Ituiutaba (MG)";"Urbana";"93125"
"3134202";"Ituiutaba (MG)";"Rural";"4046"
"3134301";"Itumirim (MG)";"Total";"6139"
"3134301";"Itumirim (MG)";"Urbana";"4704"
"3134301";"Itumirim (MG)";"Rural";"1435"
"3134400";"Iturama (MG)";"Total";"34456"
"3134400";"Iturama (MG)";"Urbana";"32598"
"3134400";"Iturama (MG)";"Rural";"1858"
"3134509";"Itutinga (MG)";"Total";"3913"
"3134509";"Itutinga (MG)";"Urbana";"2756"
"3134509";"Itutinga (MG)";"Rural";"1157"
"3134608";"Jaboticatubas (MG)";"Total";"17134"
"3134608";"Jaboticatubas (MG)";"Urbana";"10740"
"3134608";"Jaboticatubas (MG)";"Rural";"6394"
"3134707";"Jacinto (MG)";"Total";"12134"
"3134707";"Jacinto (MG)";"Urbana";"9197"
"3134707";"Jacinto (MG)";"Rural";"2937"
"3134806";"Jacuí (MG)";"Total";"7502"
"3134806";"Jacuí (MG)";"Urbana";"4570"
"3134806";"Jacuí (MG)";"Rural";"2932"
"3134905";"Jacutinga (MG)";"Total";"22772"
"3134905";"Jacutinga (MG)";"Urbana";"19076"
"3134905";"Jacutinga (MG)";"Rural";"3696"
"3135001";"Jaguaraçu (MG)";"Total";"2990"
"3135001";"Jaguaraçu (MG)";"Urbana";"2138"
"3135001";"Jaguaraçu (MG)";"Rural";"852"
"3135050";"Jaíba (MG)";"Total";"33587"
"3135050";"Jaíba (MG)";"Urbana";"17635"
"3135050";"Jaíba (MG)";"Rural";"15952"
"3135076";"Jampruca (MG)";"Total";"5067"
"3135076";"Jampruca (MG)";"Urbana";"3288"
"3135076";"Jampruca (MG)";"Rural";"1779"
"3135100";"Janaúba (MG)";"Total";"66803"
"3135100";"Janaúba (MG)";"Urbana";"60570"
"3135100";"Janaúba (MG)";"Rural";"6233"
"3135209";"Januária (MG)";"Total";"65463"
"3135209";"Januária (MG)";"Urbana";"41322"
"3135209";"Januária (MG)";"Rural";"24141"
"3135308";"Japaraíba (MG)";"Total";"3939"
"3135308";"Japaraíba (MG)";"Urbana";"2550"
"3135308";"Japaraíba (MG)";"Rural";"1389"
"3135357";"Japonvar (MG)";"Total";"8298"
"3135357";"Japonvar (MG)";"Urbana";"3050"
"3135357";"Japonvar (MG)";"Rural";"5248"
"3135407";"Jeceaba (MG)";"Total";"5395"
"3135407";"Jeceaba (MG)";"Urbana";"2988"
"3135407";"Jeceaba (MG)";"Rural";"2407"
"3135456";"Jenipapo de Minas (MG)";"Total";"7116"
"3135456";"Jenipapo de Minas (MG)";"Urbana";"2883"
"3135456";"Jenipapo de Minas (MG)";"Rural";"4233"
"3135506";"Jequeri (MG)";"Total";"12848"
"3135506";"Jequeri (MG)";"Urbana";"7293"
"3135506";"Jequeri (MG)";"Rural";"5555"
"3135605";"Jequitaí (MG)";"Total";"8005"
"3135605";"Jequitaí (MG)";"Urbana";"5504"
"3135605";"Jequitaí (MG)";"Rural";"2501"
"3135704";"Jequitibá (MG)";"Total";"5156"
"3135704";"Jequitibá (MG)";"Urbana";"1963"
"3135704";"Jequitibá (MG)";"Rural";"3193"
"3135803";"Jequitinhonha (MG)";"Total";"24131"
"3135803";"Jequitinhonha (MG)";"Urbana";"17061"
"3135803";"Jequitinhonha (MG)";"Rural";"7070"
"3135902";"Jesuânia (MG)";"Total";"4768"
"3135902";"Jesuânia (MG)";"Urbana";"3094"
"3135902";"Jesuânia (MG)";"Rural";"1674"
"3136009";"Joaíma (MG)";"Total";"14941"
"3136009";"Joaíma (MG)";"Urbana";"10273"
"3136009";"Joaíma (MG)";"Rural";"4668"
"3136108";"Joanésia (MG)";"Total";"5425"
"3136108";"Joanésia (MG)";"Urbana";"2062"
"3136108";"Joanésia (MG)";"Rural";"3363"
"3136207";"João Monlevade (MG)";"Total";"73610"
"3136207";"João Monlevade (MG)";"Urbana";"73277"
"3136207";"João Monlevade (MG)";"Rural";"333"
"3136306";"João Pinheiro (MG)";"Total";"45260"
"3136306";"João Pinheiro (MG)";"Urbana";"36761"
"3136306";"João Pinheiro (MG)";"Rural";"8499"
"3136405";"Joaquim Felício (MG)";"Total";"4305"
"3136405";"Joaquim Felício (MG)";"Urbana";"2526"
"3136405";"Joaquim Felício (MG)";"Rural";"1779"
"3136504";"Jordânia (MG)";"Total";"10324"
"3136504";"Jordânia (MG)";"Urbana";"7221"
"3136504";"Jordânia (MG)";"Rural";"3103"
"3136520";"José Gonçalves de Minas (MG)";"Total";"4553"
"3136520";"José Gonçalves de Minas (MG)";"Urbana";"1138"
"3136520";"José Gonçalves de Minas (MG)";"Rural";"3415"
"3136553";"José Raydan (MG)";"Total";"4376"
"3136553";"José Raydan (MG)";"Urbana";"1568"
"3136553";"José Raydan (MG)";"Rural";"2808"
"3136579";"Josenópolis (MG)";"Total";"4566"
"3136579";"Josenópolis (MG)";"Urbana";"2444"
"3136579";"Josenópolis (MG)";"Rural";"2122"
"3136603";"Nova União (MG)";"Total";"5555"
"3136603";"Nova União (MG)";"Urbana";"2872"
"3136603";"Nova União (MG)";"Rural";"2683"
"3136652";"Juatuba (MG)";"Total";"22202"
"3136652";"Juatuba (MG)";"Urbana";"21827"
"3136652";"Juatuba (MG)";"Rural";"375"
"3136702";"Juiz de Fora (MG)";"Total";"516247"
"3136702";"Juiz de Fora (MG)";"Urbana";"510378"
"3136702";"Juiz de Fora (MG)";"Rural";"5869"
"3136801";"Juramento (MG)";"Total";"4113"
"3136801";"Juramento (MG)";"Urbana";"2272"
"3136801";"Juramento (MG)";"Rural";"1841"
"3136900";"Juruaia (MG)";"Total";"9238"
"3136900";"Juruaia (MG)";"Urbana";"4514"
"3136900";"Juruaia (MG)";"Rural";"4724"
"3136959";"Juvenília (MG)";"Total";"5708"
"3136959";"Juvenília (MG)";"Urbana";"4392"
"3136959";"Juvenília (MG)";"Rural";"1316"
"3137007";"Ladainha (MG)";"Total";"16994"
"3137007";"Ladainha (MG)";"Urbana";"4310"
"3137007";"Ladainha (MG)";"Rural";"12684"
"3137106";"Lagamar (MG)";"Total";"7600"
"3137106";"Lagamar (MG)";"Urbana";"5128"
"3137106";"Lagamar (MG)";"Rural";"2472"
"3137205";"Lagoa da Prata (MG)";"Total";"45984"
"3137205";"Lagoa da Prata (MG)";"Urbana";"44938"
"3137205";"Lagoa da Prata (MG)";"Rural";"1046"
"3137304";"Lagoa dos Patos (MG)";"Total";"4225"
"3137304";"Lagoa dos Patos (MG)";"Urbana";"3079"
"3137304";"Lagoa dos Patos (MG)";"Rural";"1146"
"3137403";"Lagoa Dourada (MG)";"Total";"12256"
"3137403";"Lagoa Dourada (MG)";"Urbana";"6889"
"3137403";"Lagoa Dourada (MG)";"Rural";"5367"
"3137502";"Lagoa Formosa (MG)";"Total";"17161"
"3137502";"Lagoa Formosa (MG)";"Urbana";"12967"
"3137502";"Lagoa Formosa (MG)";"Rural";"4194"
"3137536";"Lagoa Grande (MG)";"Total";"8631"
"3137536";"Lagoa Grande (MG)";"Urbana";"6408"
"3137536";"Lagoa Grande (MG)";"Rural";"2223"
"3137601";"Lagoa Santa (MG)";"Total";"52520"
"3137601";"Lagoa Santa (MG)";"Urbana";"48949"
"3137601";"Lagoa Santa (MG)";"Rural";"3571"
"3137700";"Lajinha (MG)";"Total";"19609"
"3137700";"Lajinha (MG)";"Urbana";"12250"
"3137700";"Lajinha (MG)";"Rural";"7359"
"3137809";"Lambari (MG)";"Total";"19554"
"3137809";"Lambari (MG)";"Urbana";"14036"
"3137809";"Lambari (MG)";"Rural";"5518"
"3137908";"Lamim (MG)";"Total";"3452"
"3137908";"Lamim (MG)";"Urbana";"1511"
"3137908";"Lamim (MG)";"Rural";"1941"
"3138005";"Laranjal (MG)";"Total";"6465"
"3138005";"Laranjal (MG)";"Urbana";"4738"
"3138005";"Laranjal (MG)";"Rural";"1727"
"3138104";"Lassance (MG)";"Total";"6484"
"3138104";"Lassance (MG)";"Urbana";"3882"
"3138104";"Lassance (MG)";"Rural";"2602"
"3138203";"Lavras (MG)";"Total";"92200"
"3138203";"Lavras (MG)";"Urbana";"87856"
"3138203";"Lavras (MG)";"Rural";"4344"
"3138302";"Leandro Ferreira (MG)";"Total";"3205"
"3138302";"Leandro Ferreira (MG)";"Urbana";"2152"
"3138302";"Leandro Ferreira (MG)";"Rural";"1053"
"3138351";"Leme do Prado (MG)";"Total";"4804"
"3138351";"Leme do Prado (MG)";"Urbana";"1761"
"3138351";"Leme do Prado (MG)";"Rural";"3043"
"3138401";"Leopoldina (MG)";"Total";"51130"
"3138401";"Leopoldina (MG)";"Urbana";"45704"
"3138401";"Leopoldina (MG)";"Rural";"5426"
"3138500";"Liberdade (MG)";"Total";"5346"
"3138500";"Liberdade (MG)";"Urbana";"3869"
"3138500";"Liberdade (MG)";"Rural";"1477"
"3138609";"Lima Duarte (MG)";"Total";"16149"
"3138609";"Lima Duarte (MG)";"Urbana";"12363"
"3138609";"Lima Duarte (MG)";"Rural";"3786"
"3138625";"Limeira do Oeste (MG)";"Total";"6890"
"3138625";"Limeira do Oeste (MG)";"Urbana";"5017"
"3138625";"Limeira do Oeste (MG)";"Rural";"1873"
"3138658";"Lontra (MG)";"Total";"8397"
"3138658";"Lontra (MG)";"Urbana";"5630"
"3138658";"Lontra (MG)";"Rural";"2767"
"3138674";"Luisburgo (MG)";"Total";"6234"
"3138674";"Luisburgo (MG)";"Urbana";"1836"
"3138674";"Luisburgo (MG)";"Rural";"4398"
"3138682";"Luislândia (MG)";"Total";"6400"
"3138682";"Luislândia (MG)";"Urbana";"2989"
"3138682";"Luislândia (MG)";"Rural";"3411"
"3138708";"Luminárias (MG)";"Total";"5422"
"3138708";"Luminárias (MG)";"Urbana";"4166"
"3138708";"Luminárias (MG)";"Rural";"1256"
"3138807";"Luz (MG)";"Total";"17486"
"3138807";"Luz (MG)";"Urbana";"15709"
"3138807";"Luz (MG)";"Rural";"1777"
"3138906";"Machacalis (MG)";"Total";"6976"
"3138906";"Machacalis (MG)";"Urbana";"5749"
"3138906";"Machacalis (MG)";"Rural";"1227"
"3139003";"Machado (MG)";"Total";"38688"
"3139003";"Machado (MG)";"Urbana";"32068"
"3139003";"Machado (MG)";"Rural";"6620"
"3139102";"Madre de Deus de Minas (MG)";"Total";"4904"
"3139102";"Madre de Deus de Minas (MG)";"Urbana";"3732"
"3139102";"Madre de Deus de Minas (MG)";"Rural";"1172"
"3139201";"Malacacheta (MG)";"Total";"18776"
"3139201";"Malacacheta (MG)";"Urbana";"11818"
"3139201";"Malacacheta (MG)";"Rural";"6958"
"3139250";"Mamonas (MG)";"Total";"6321"
"3139250";"Mamonas (MG)";"Urbana";"2812"
"3139250";"Mamonas (MG)";"Rural";"3509"
"3139300";"Manga (MG)";"Total";"19813"
"3139300";"Manga (MG)";"Urbana";"13848"
"3139300";"Manga (MG)";"Rural";"5965"
"3139409";"Manhuaçu (MG)";"Total";"79574"
"3139409";"Manhuaçu (MG)";"Urbana";"64839"
"3139409";"Manhuaçu (MG)";"Rural";"14735"
"3139508";"Manhumirim (MG)";"Total";"21382"
"3139508";"Manhumirim (MG)";"Urbana";"17043"
"3139508";"Manhumirim (MG)";"Rural";"4339"
"3139607";"Mantena (MG)";"Total";"27111"
"3139607";"Mantena (MG)";"Urbana";"21258"
"3139607";"Mantena (MG)";"Rural";"5853"
"3139706";"Maravilhas (MG)";"Total";"7163"
"3139706";"Maravilhas (MG)";"Urbana";"4896"
"3139706";"Maravilhas (MG)";"Rural";"2267"
"3139805";"Mar de Espanha (MG)";"Total";"11749"
"3139805";"Mar de Espanha (MG)";"Urbana";"10750"
"3139805";"Mar de Espanha (MG)";"Rural";"999"
"3139904";"Maria da Fé (MG)";"Total";"14216"
"3139904";"Maria da Fé (MG)";"Urbana";"8383"
"3139904";"Maria da Fé (MG)";"Rural";"5833"
"3140001";"Mariana (MG)";"Total";"54219"
"3140001";"Mariana (MG)";"Urbana";"47642"
"3140001";"Mariana (MG)";"Rural";"6577"
"3140100";"Marilac (MG)";"Total";"4219"
"3140100";"Marilac (MG)";"Urbana";"3423"
"3140100";"Marilac (MG)";"Rural";"796"
"3140159";"Mário Campos (MG)";"Total";"13192"
"3140159";"Mário Campos (MG)";"Urbana";"12458"
"3140159";"Mário Campos (MG)";"Rural";"734"
"3140209";"Maripá de Minas (MG)";"Total";"2788"
"3140209";"Maripá de Minas (MG)";"Urbana";"2266"
"3140209";"Maripá de Minas (MG)";"Rural";"522"
"3140308";"Marliéria (MG)";"Total";"4012"
"3140308";"Marliéria (MG)";"Urbana";"2844"
"3140308";"Marliéria (MG)";"Rural";"1168"
"3140407";"Marmelópolis (MG)";"Total";"2968"
"3140407";"Marmelópolis (MG)";"Urbana";"1557"
"3140407";"Marmelópolis (MG)";"Rural";"1411"
"3140506";"Martinho Campos (MG)";"Total";"12611"
"3140506";"Martinho Campos (MG)";"Urbana";"11010"
"3140506";"Martinho Campos (MG)";"Rural";"1601"
"3140530";"Martins Soares (MG)";"Total";"7173"
"3140530";"Martins Soares (MG)";"Urbana";"2927"
"3140530";"Martins Soares (MG)";"Rural";"4246"
"3140555";"Mata Verde (MG)";"Total";"7874"
"3140555";"Mata Verde (MG)";"Urbana";"6388"
"3140555";"Mata Verde (MG)";"Rural";"1486"
"3140605";"Materlândia (MG)";"Total";"4595"
"3140605";"Materlândia (MG)";"Urbana";"2011"
"3140605";"Materlândia (MG)";"Rural";"2584"
"3140704";"Mateus Leme (MG)";"Total";"27856"
"3140704";"Mateus Leme (MG)";"Urbana";"24679"
"3140704";"Mateus Leme (MG)";"Rural";"3177"
"3140803";"Matias Barbosa (MG)";"Total";"13435"
"3140803";"Matias Barbosa (MG)";"Urbana";"12944"
"3140803";"Matias Barbosa (MG)";"Rural";"491"
"3140852";"Matias Cardoso (MG)";"Total";"9979"
"3140852";"Matias Cardoso (MG)";"Urbana";"5136"
"3140852";"Matias Cardoso (MG)";"Rural";"4843"
"3140902";"Matipó (MG)";"Total";"17639"
"3140902";"Matipó (MG)";"Urbana";"13832"
"3140902";"Matipó (MG)";"Rural";"3807"
"3141009";"Mato Verde (MG)";"Total";"12684"
"3141009";"Mato Verde (MG)";"Urbana";"9459"
"3141009";"Mato Verde (MG)";"Rural";"3225"
"3141108";"Matozinhos (MG)";"Total";"33955"
"3141108";"Matozinhos (MG)";"Urbana";"30877"
"3141108";"Matozinhos (MG)";"Rural";"3078"
"3141207";"Matutina (MG)";"Total";"3761"
"3141207";"Matutina (MG)";"Urbana";"2693"
"3141207";"Matutina (MG)";"Rural";"1068"
"3141306";"Medeiros (MG)";"Total";"3444"
"3141306";"Medeiros (MG)";"Urbana";"1948"
"3141306";"Medeiros (MG)";"Rural";"1496"
"3141405";"Medina (MG)";"Total";"21026"
"3141405";"Medina (MG)";"Urbana";"15092"
"3141405";"Medina (MG)";"Rural";"5934"
"3141504";"Mendes Pimentel (MG)";"Total";"6331"
"3141504";"Mendes Pimentel (MG)";"Urbana";"3455"
"3141504";"Mendes Pimentel (MG)";"Rural";"2876"
"3141603";"Mercês (MG)";"Total";"10368"
"3141603";"Mercês (MG)";"Urbana";"7256"
"3141603";"Mercês (MG)";"Rural";"3112"
"3141702";"Mesquita (MG)";"Total";"6069"
"3141702";"Mesquita (MG)";"Urbana";"3819"
"3141702";"Mesquita (MG)";"Rural";"2250"
"3141801";"Minas Novas (MG)";"Total";"30794"
"3141801";"Minas Novas (MG)";"Urbana";"12584"
"3141801";"Minas Novas (MG)";"Rural";"18210"
"3141900";"Minduri (MG)";"Total";"3840"
"3141900";"Minduri (MG)";"Urbana";"3396"
"3141900";"Minduri (MG)";"Rural";"444"
"3142007";"Mirabela (MG)";"Total";"13042"
"3142007";"Mirabela (MG)";"Urbana";"10028"
"3142007";"Mirabela (MG)";"Rural";"3014"
"3142106";"Miradouro (MG)";"Total";"10251"
"3142106";"Miradouro (MG)";"Urbana";"5671"
"3142106";"Miradouro (MG)";"Rural";"4580"
"3142205";"Miraí (MG)";"Total";"13808"
"3142205";"Miraí (MG)";"Urbana";"10403"
"3142205";"Miraí (MG)";"Rural";"3405"
"3142254";"Miravânia (MG)";"Total";"4549"
"3142254";"Miravânia (MG)";"Urbana";"1079"
"3142254";"Miravânia (MG)";"Rural";"3470"
"3142304";"Moeda (MG)";"Total";"4689"
"3142304";"Moeda (MG)";"Urbana";"1789"
"3142304";"Moeda (MG)";"Rural";"2900"
"3142403";"Moema (MG)";"Total";"7028"
"3142403";"Moema (MG)";"Urbana";"6040"
"3142403";"Moema (MG)";"Rural";"988"
"3142502";"Monjolos (MG)";"Total";"2360"
"3142502";"Monjolos (MG)";"Urbana";"1403"
"3142502";"Monjolos (MG)";"Rural";"957"
"3142601";"Monsenhor Paulo (MG)";"Total";"8161"
"3142601";"Monsenhor Paulo (MG)";"Urbana";"6133"
"3142601";"Monsenhor Paulo (MG)";"Rural";"2028"
"3142700";"Montalvânia (MG)";"Total";"15862"
"3142700";"Montalvânia (MG)";"Urbana";"10239"
"3142700";"Montalvânia (MG)";"Rural";"5623"
"3142809";"Monte Alegre de Minas (MG)";"Total";"19619"
"3142809";"Monte Alegre de Minas (MG)";"Urbana";"14506"
"3142809";"Monte Alegre de Minas (MG)";"Rural";"5113"
"3142908";"Monte Azul (MG)";"Total";"21994"
"3142908";"Monte Azul (MG)";"Urbana";"12418"
"3142908";"Monte Azul (MG)";"Rural";"9576"
"3143005";"Monte Belo (MG)";"Total";"13061"
"3143005";"Monte Belo (MG)";"Urbana";"9058"
"3143005";"Monte Belo (MG)";"Rural";"4003"
"3143104";"Monte Carmelo (MG)";"Total";"45772"
"3143104";"Monte Carmelo (MG)";"Urbana";"40100"
"3143104";"Monte Carmelo (MG)";"Rural";"5672"
"3143153";"Monte Formoso (MG)";"Total";"4656"
"3143153";"Monte Formoso (MG)";"Urbana";"1700"
"3143153";"Monte Formoso (MG)";"Rural";"2956"
"3143203";"Monte Santo de Minas (MG)";"Total";"21234"
"3143203";"Monte Santo de Minas (MG)";"Urbana";"16423"
"3143203";"Monte Santo de Minas (MG)";"Rural";"4811"
"3143302";"Montes Claros (MG)";"Total";"361915"
"3143302";"Montes Claros (MG)";"Urbana";"344427"
"3143302";"Montes Claros (MG)";"Rural";"17488"
"3143401";"Monte Sião (MG)";"Total";"21203"
"3143401";"Monte Sião (MG)";"Urbana";"16268"
"3143401";"Monte Sião (MG)";"Rural";"4935"
"3143450";"Montezuma (MG)";"Total";"7464"
"3143450";"Montezuma (MG)";"Urbana";"3079"
"3143450";"Montezuma (MG)";"Rural";"4385"
"3143500";"Morada Nova de Minas (MG)";"Total";"8255"
"3143500";"Morada Nova de Minas (MG)";"Urbana";"6457"
"3143500";"Morada Nova de Minas (MG)";"Rural";"1798"
"3143609";"Morro da Garça (MG)";"Total";"2660"
"3143609";"Morro da Garça (MG)";"Urbana";"1522"
"3143609";"Morro da Garça (MG)";"Rural";"1138"
"3143708";"Morro do Pilar (MG)";"Total";"3399"
"3143708";"Morro do Pilar (MG)";"Urbana";"2581"
"3143708";"Morro do Pilar (MG)";"Rural";"818"
"3143807";"Munhoz (MG)";"Total";"6257"
"3143807";"Munhoz (MG)";"Urbana";"3319"
"3143807";"Munhoz (MG)";"Rural";"2938"
"3143906";"Muriaé (MG)";"Total";"100765"
"3143906";"Muriaé (MG)";"Urbana";"93225"
"3143906";"Muriaé (MG)";"Rural";"7540"
"3144003";"Mutum (MG)";"Total";"26661"
"3144003";"Mutum (MG)";"Urbana";"13790"
"3144003";"Mutum (MG)";"Rural";"12871"
"3144102";"Muzambinho (MG)";"Total";"20430"
"3144102";"Muzambinho (MG)";"Urbana";"15729"
"3144102";"Muzambinho (MG)";"Rural";"4701"
"3144201";"Nacip Raydan (MG)";"Total";"3154"
"3144201";"Nacip Raydan (MG)";"Urbana";"1979"
"3144201";"Nacip Raydan (MG)";"Rural";"1175"
"3144300";"Nanuque (MG)";"Total";"40834"
"3144300";"Nanuque (MG)";"Urbana";"36789"
"3144300";"Nanuque (MG)";"Rural";"4045"
"3144359";"Naque (MG)";"Total";"6341"
"3144359";"Naque (MG)";"Urbana";"5961"
"3144359";"Naque (MG)";"Rural";"380"
"3144375";"Natalândia (MG)";"Total";"3280"
"3144375";"Natalândia (MG)";"Urbana";"2471"
"3144375";"Natalândia (MG)";"Rural";"809"
"3144409";"Natércia (MG)";"Total";"4658"
"3144409";"Natércia (MG)";"Urbana";"2760"
"3144409";"Natércia (MG)";"Rural";"1898"
"3144508";"Nazareno (MG)";"Total";"7954"
"3144508";"Nazareno (MG)";"Urbana";"6046"
"3144508";"Nazareno (MG)";"Rural";"1908"
"3144607";"Nepomuceno (MG)";"Total";"25733"
"3144607";"Nepomuceno (MG)";"Urbana";"19936"
"3144607";"Nepomuceno (MG)";"Rural";"5797"
"3144656";"Ninheira (MG)";"Total";"9815"
"3144656";"Ninheira (MG)";"Urbana";"2623"
"3144656";"Ninheira (MG)";"Rural";"7192"
"3144672";"Nova Belém (MG)";"Total";"3732"
"3144672";"Nova Belém (MG)";"Urbana";"1348"
"3144672";"Nova Belém (MG)";"Rural";"2384"
"3144706";"Nova Era (MG)";"Total";"17528"
"3144706";"Nova Era (MG)";"Urbana";"15420"
"3144706";"Nova Era (MG)";"Rural";"2108"
"3144805";"Nova Lima (MG)";"Total";"80998"
"3144805";"Nova Lima (MG)";"Urbana";"79232"
"3144805";"Nova Lima (MG)";"Rural";"1766"
"3144904";"Nova Módica (MG)";"Total";"3790"
"3144904";"Nova Módica (MG)";"Urbana";"2328"
"3144904";"Nova Módica (MG)";"Rural";"1462"
"3145000";"Nova Ponte (MG)";"Total";"12812"
"3145000";"Nova Ponte (MG)";"Urbana";"10991"
"3145000";"Nova Ponte (MG)";"Rural";"1821"
"3145059";"Nova Porteirinha (MG)";"Total";"7398"
"3145059";"Nova Porteirinha (MG)";"Urbana";"4069"
"3145059";"Nova Porteirinha (MG)";"Rural";"3329"
"3145109";"Nova Resende (MG)";"Total";"15374"
"3145109";"Nova Resende (MG)";"Urbana";"8858"
"3145109";"Nova Resende (MG)";"Rural";"6516"
"3145208";"Nova Serrana (MG)";"Total";"73699"
"3145208";"Nova Serrana (MG)";"Urbana";"69695"
"3145208";"Nova Serrana (MG)";"Rural";"4004"
"3145307";"Novo Cruzeiro (MG)";"Total";"30725"
"3145307";"Novo Cruzeiro (MG)";"Urbana";"10522"
"3145307";"Novo Cruzeiro (MG)";"Rural";"20203"
"3145356";"Novo Oriente de Minas (MG)";"Total";"10339"
"3145356";"Novo Oriente de Minas (MG)";"Urbana";"4421"
"3145356";"Novo Oriente de Minas (MG)";"Rural";"5918"
"3145372";"Novorizonte (MG)";"Total";"4963"
"3145372";"Novorizonte (MG)";"Urbana";"1717"
"3145372";"Novorizonte (MG)";"Rural";"3246"
"3145406";"Olaria (MG)";"Total";"1976"
"3145406";"Olaria (MG)";"Urbana";"917"
"3145406";"Olaria (MG)";"Rural";"1059"
"3145455";"Olhos-d'Água (MG)";"Total";"5267"
"3145455";"Olhos-d'Água (MG)";"Urbana";"2866"
"3145455";"Olhos-d'Água (MG)";"Rural";"2401"
"3145505";"Olímpio Noronha (MG)";"Total";"2533"
"3145505";"Olímpio Noronha (MG)";"Urbana";"2249"
"3145505";"Olímpio Noronha (MG)";"Rural";"284"
"3145604";"Oliveira (MG)";"Total";"39466"
"3145604";"Oliveira (MG)";"Urbana";"35185"
"3145604";"Oliveira (MG)";"Rural";"4281"
"3145703";"Oliveira Fortes (MG)";"Total";"2123"
"3145703";"Oliveira Fortes (MG)";"Urbana";"1177"
"3145703";"Oliveira Fortes (MG)";"Rural";"946"
"3145802";"Onça de Pitangui (MG)";"Total";"3055"
"3145802";"Onça de Pitangui (MG)";"Urbana";"1519"
"3145802";"Onça de Pitangui (MG)";"Rural";"1536"
"3145851";"Oratórios (MG)";"Total";"4493"
"3145851";"Oratórios (MG)";"Urbana";"3241"
"3145851";"Oratórios (MG)";"Rural";"1252"
"3145877";"Orizânia (MG)";"Total";"7284"
"3145877";"Orizânia (MG)";"Urbana";"2221"
"3145877";"Orizânia (MG)";"Rural";"5063"
"3145901";"Ouro Branco (MG)";"Total";"35268"
"3145901";"Ouro Branco (MG)";"Urbana";"31609"
"3145901";"Ouro Branco (MG)";"Rural";"3659"
"3146008";"Ouro Fino (MG)";"Total";"31568"
"3146008";"Ouro Fino (MG)";"Urbana";"23763"
"3146008";"Ouro Fino (MG)";"Rural";"7805"
"3146107";"Ouro Preto (MG)";"Total";"70281"
"3146107";"Ouro Preto (MG)";"Urbana";"61120"
"3146107";"Ouro Preto (MG)";"Rural";"9161"
"3146206";"Ouro Verde de Minas (MG)";"Total";"6016"
"3146206";"Ouro Verde de Minas (MG)";"Urbana";"3629"
"3146206";"Ouro Verde de Minas (MG)";"Rural";"2387"
"3146255";"Padre Carvalho (MG)";"Total";"5834"
"3146255";"Padre Carvalho (MG)";"Urbana";"3462"
"3146255";"Padre Carvalho (MG)";"Rural";"2372"
"3146305";"Padre Paraíso (MG)";"Total";"18849"
"3146305";"Padre Paraíso (MG)";"Urbana";"11520"
"3146305";"Padre Paraíso (MG)";"Rural";"7329"
"3146404";"Paineiras (MG)";"Total";"4631"
"3146404";"Paineiras (MG)";"Urbana";"3598"
"3146404";"Paineiras (MG)";"Rural";"1033"
"3146503";"Pains (MG)";"Total";"8014"
"3146503";"Pains (MG)";"Urbana";"6608"
"3146503";"Pains (MG)";"Rural";"1406"
"3146552";"Pai Pedro (MG)";"Total";"5934"
"3146552";"Pai Pedro (MG)";"Urbana";"1749"
"3146552";"Pai Pedro (MG)";"Rural";"4185"
"3146602";"Paiva (MG)";"Total";"1558"
"3146602";"Paiva (MG)";"Urbana";"1219"
"3146602";"Paiva (MG)";"Rural";"339"
"3146701";"Palma (MG)";"Total";"6545"
"3146701";"Palma (MG)";"Urbana";"5123"
"3146701";"Palma (MG)";"Rural";"1422"
"3146750";"Palmópolis (MG)";"Total";"6931"
"3146750";"Palmópolis (MG)";"Urbana";"4488"
"3146750";"Palmópolis (MG)";"Rural";"2443"
"3146909";"Papagaios (MG)";"Total";"14175"
"3146909";"Papagaios (MG)";"Urbana";"11920"
"3146909";"Papagaios (MG)";"Rural";"2255"
"3147006";"Paracatu (MG)";"Total";"84718"
"3147006";"Paracatu (MG)";"Urbana";"73772"
"3147006";"Paracatu (MG)";"Rural";"10946"
"3147105";"Pará de Minas (MG)";"Total";"84215"
"3147105";"Pará de Minas (MG)";"Urbana";"79599"
"3147105";"Pará de Minas (MG)";"Rural";"4616"
"3147204";"Paraguaçu (MG)";"Total";"20245"
"3147204";"Paraguaçu (MG)";"Urbana";"16679"
"3147204";"Paraguaçu (MG)";"Rural";"3566"
"3147303";"Paraisópolis (MG)";"Total";"19379"
"3147303";"Paraisópolis (MG)";"Urbana";"16058"
"3147303";"Paraisópolis (MG)";"Rural";"3321"
"3147402";"Paraopeba (MG)";"Total";"22563"
"3147402";"Paraopeba (MG)";"Urbana";"19663"
"3147402";"Paraopeba (MG)";"Rural";"2900"
"3147501";"Passabém (MG)";"Total";"1766"
"3147501";"Passabém (MG)";"Urbana";"1012"
"3147501";"Passabém (MG)";"Rural";"754"
"3147600";"Passa Quatro (MG)";"Total";"15582"
"3147600";"Passa Quatro (MG)";"Urbana";"11985"
"3147600";"Passa Quatro (MG)";"Rural";"3597"
"3147709";"Passa Tempo (MG)";"Total";"8197"
"3147709";"Passa Tempo (MG)";"Urbana";"6385"
"3147709";"Passa Tempo (MG)";"Rural";"1812"
"3147808";"Passa Vinte (MG)";"Total";"2079"
"3147808";"Passa Vinte (MG)";"Urbana";"1305"
"3147808";"Passa Vinte (MG)";"Rural";"774"
"3147907";"Passos (MG)";"Total";"106290"
"3147907";"Passos (MG)";"Urbana";"100842"
"3147907";"Passos (MG)";"Rural";"5448"
"3147956";"Patis (MG)";"Total";"5579"
"3147956";"Patis (MG)";"Urbana";"2301"
"3147956";"Patis (MG)";"Rural";"3278"
"3148004";"Patos de Minas (MG)";"Total";"138710"
"3148004";"Patos de Minas (MG)";"Urbana";"127724"
"3148004";"Patos de Minas (MG)";"Rural";"10986"
"3148103";"Patrocínio (MG)";"Total";"82471"
"3148103";"Patrocínio (MG)";"Urbana";"72758"
"3148103";"Patrocínio (MG)";"Rural";"9713"
"3148202";"Patrocínio do Muriaé (MG)";"Total";"5287"
"3148202";"Patrocínio do Muriaé (MG)";"Urbana";"4308"
"3148202";"Patrocínio do Muriaé (MG)";"Rural";"979"
"3148301";"Paula Cândido (MG)";"Total";"9271"
"3148301";"Paula Cândido (MG)";"Urbana";"4936"
"3148301";"Paula Cândido (MG)";"Rural";"4335"
"3148400";"Paulistas (MG)";"Total";"4918"
"3148400";"Paulistas (MG)";"Urbana";"2303"
"3148400";"Paulistas (MG)";"Rural";"2615"
"3148509";"Pavão (MG)";"Total";"8589"
"3148509";"Pavão (MG)";"Urbana";"5204"
"3148509";"Pavão (MG)";"Rural";"3385"
"3148608";"Peçanha (MG)";"Total";"17260"
"3148608";"Peçanha (MG)";"Urbana";"9097"
"3148608";"Peçanha (MG)";"Rural";"8163"
"3148707";"Pedra Azul (MG)";"Total";"23839"
"3148707";"Pedra Azul (MG)";"Urbana";"21006"
"3148707";"Pedra Azul (MG)";"Rural";"2833"
"3148756";"Pedra Bonita (MG)";"Total";"6673"
"3148756";"Pedra Bonita (MG)";"Urbana";"1807"
"3148756";"Pedra Bonita (MG)";"Rural";"4866"
"3148806";"Pedra do Anta (MG)";"Total";"3365"
"3148806";"Pedra do Anta (MG)";"Urbana";"2192"
"3148806";"Pedra do Anta (MG)";"Rural";"1173"
"3148905";"Pedra do Indaiá (MG)";"Total";"3875"
"3148905";"Pedra do Indaiá (MG)";"Urbana";"2053"
"3148905";"Pedra do Indaiá (MG)";"Rural";"1822"
"3149002";"Pedra Dourada (MG)";"Total";"2191"
"3149002";"Pedra Dourada (MG)";"Urbana";"1301"
"3149002";"Pedra Dourada (MG)";"Rural";"890"
"3149101";"Pedralva (MG)";"Total";"11467"
"3149101";"Pedralva (MG)";"Urbana";"5563"
"3149101";"Pedralva (MG)";"Rural";"5904"
"3149150";"Pedras de Maria da Cruz (MG)";"Total";"10315"
"3149150";"Pedras de Maria da Cruz (MG)";"Urbana";"6328"
"3149150";"Pedras de Maria da Cruz (MG)";"Rural";"3987"
"3149200";"Pedrinópolis (MG)";"Total";"3490"
"3149200";"Pedrinópolis (MG)";"Urbana";"2927"
"3149200";"Pedrinópolis (MG)";"Rural";"563"
"3149309";"Pedro Leopoldo (MG)";"Total";"58740"
"3149309";"Pedro Leopoldo (MG)";"Urbana";"49953"
"3149309";"Pedro Leopoldo (MG)";"Rural";"8787"
"3149408";"Pedro Teixeira (MG)";"Total";"1785"
"3149408";"Pedro Teixeira (MG)";"Urbana";"965"
"3149408";"Pedro Teixeira (MG)";"Rural";"820"
"3149507";"Pequeri (MG)";"Total";"3165"
"3149507";"Pequeri (MG)";"Urbana";"2916"
"3149507";"Pequeri (MG)";"Rural";"249"
"3149606";"Pequi (MG)";"Total";"4076"
"3149606";"Pequi (MG)";"Urbana";"2953"
"3149606";"Pequi (MG)";"Rural";"1123"
"3149705";"Perdigão (MG)";"Total";"8912"
"3149705";"Perdigão (MG)";"Urbana";"7862"
"3149705";"Perdigão (MG)";"Rural";"1050"
"3149804";"Perdizes (MG)";"Total";"14404"
"3149804";"Perdizes (MG)";"Urbana";"9935"
"3149804";"Perdizes (MG)";"Rural";"4469"
"3149903";"Perdões (MG)";"Total";"20087"
"3149903";"Perdões (MG)";"Urbana";"17776"
"3149903";"Perdões (MG)";"Rural";"2311"
"3149952";"Periquito (MG)";"Total";"7036"
"3149952";"Periquito (MG)";"Urbana";"5289"
"3149952";"Periquito (MG)";"Rural";"1747"
"3150000";"Pescador (MG)";"Total";"4128"
"3150000";"Pescador (MG)";"Urbana";"3259"
"3150000";"Pescador (MG)";"Rural";"869"
"3150109";"Piau (MG)";"Total";"2841"
"3150109";"Piau (MG)";"Urbana";"1670"
"3150109";"Piau (MG)";"Rural";"1171"
"3150158";"Piedade de Caratinga (MG)";"Total";"7110"
"3150158";"Piedade de Caratinga (MG)";"Urbana";"4602"
"3150158";"Piedade de Caratinga (MG)";"Rural";"2508"
"3150208";"Piedade de Ponte Nova (MG)";"Total";"4062"
"3150208";"Piedade de Ponte Nova (MG)";"Urbana";"3178"
"3150208";"Piedade de Ponte Nova (MG)";"Rural";"884"
"3150307";"Piedade do Rio Grande (MG)";"Total";"4709"
"3150307";"Piedade do Rio Grande (MG)";"Urbana";"3477"
"3150307";"Piedade do Rio Grande (MG)";"Rural";"1232"
"3150406";"Piedade dos Gerais (MG)";"Total";"4640"
"3150406";"Piedade dos Gerais (MG)";"Urbana";"2122"
"3150406";"Piedade dos Gerais (MG)";"Rural";"2518"
"3150505";"Pimenta (MG)";"Total";"8236"
"3150505";"Pimenta (MG)";"Urbana";"6945"
"3150505";"Pimenta (MG)";"Rural";"1291"
"3150539";"Pingo-d'Água (MG)";"Total";"4420"
"3150539";"Pingo-d'Água (MG)";"Urbana";"4035"
"3150539";"Pingo-d'Água (MG)";"Rural";"385"
"3150570";"Pintópolis (MG)";"Total";"7211"
"3150570";"Pintópolis (MG)";"Urbana";"2532"
"3150570";"Pintópolis (MG)";"Rural";"4679"
"3150604";"Piracema (MG)";"Total";"6406"
"3150604";"Piracema (MG)";"Urbana";"3034"
"3150604";"Piracema (MG)";"Rural";"3372"
"3150703";"Pirajuba (MG)";"Total";"4656"
"3150703";"Pirajuba (MG)";"Urbana";"4131"
"3150703";"Pirajuba (MG)";"Rural";"525"
"3150802";"Piranga (MG)";"Total";"17232"
"3150802";"Piranga (MG)";"Urbana";"5958"
"3150802";"Piranga (MG)";"Rural";"11274"
"3150901";"Piranguçu (MG)";"Total";"5217"
"3150901";"Piranguçu (MG)";"Urbana";"1772"
"3150901";"Piranguçu (MG)";"Rural";"3445"
"3151008";"Piranguinho (MG)";"Total";"8016"
"3151008";"Piranguinho (MG)";"Urbana";"4953"
"3151008";"Piranguinho (MG)";"Rural";"3063"
"3151107";"Pirapetinga (MG)";"Total";"10364"
"3151107";"Pirapetinga (MG)";"Urbana";"9102"
"3151107";"Pirapetinga (MG)";"Rural";"1262"
"3151206";"Pirapora (MG)";"Total";"53368"
"3151206";"Pirapora (MG)";"Urbana";"52385"
"3151206";"Pirapora (MG)";"Rural";"983"
"3151305";"Piraúba (MG)";"Total";"10862"
"3151305";"Piraúba (MG)";"Urbana";"8814"
"3151305";"Piraúba (MG)";"Rural";"2048"
"3151404";"Pitangui (MG)";"Total";"25311"
"3151404";"Pitangui (MG)";"Urbana";"22624"
"3151404";"Pitangui (MG)";"Rural";"2687"
"3151503";"Piumhi (MG)";"Total";"31883"
"3151503";"Piumhi (MG)";"Urbana";"28564"
"3151503";"Piumhi (MG)";"Rural";"3319"
"3151602";"Planura (MG)";"Total";"10384"
"3151602";"Planura (MG)";"Urbana";"10091"
"3151602";"Planura (MG)";"Rural";"293"
"3151701";"Poço Fundo (MG)";"Total";"15959"
"3151701";"Poço Fundo (MG)";"Urbana";"9281"
"3151701";"Poço Fundo (MG)";"Rural";"6678"
"3151800";"Poços de Caldas (MG)";"Total";"152435"
"3151800";"Poços de Caldas (MG)";"Urbana";"148722"
"3151800";"Poços de Caldas (MG)";"Rural";"3713"
"3151909";"Pocrane (MG)";"Total";"8986"
"3151909";"Pocrane (MG)";"Urbana";"5399"
"3151909";"Pocrane (MG)";"Rural";"3587"
"3152006";"Pompéu (MG)";"Total";"29105"
"3152006";"Pompéu (MG)";"Urbana";"25740"
"3152006";"Pompéu (MG)";"Rural";"3365"
"3152105";"Ponte Nova (MG)";"Total";"57390"
"3152105";"Ponte Nova (MG)";"Urbana";"51185"
"3152105";"Ponte Nova (MG)";"Rural";"6205"
"3152131";"Ponto Chique (MG)";"Total";"3966"
"3152131";"Ponto Chique (MG)";"Urbana";"2581"
"3152131";"Ponto Chique (MG)";"Rural";"1385"
"3152170";"Ponto dos Volantes (MG)";"Total";"11345"
"3152170";"Ponto dos Volantes (MG)";"Urbana";"4031"
"3152170";"Ponto dos Volantes (MG)";"Rural";"7314"
"3152204";"Porteirinha (MG)";"Total";"37627"
"3152204";"Porteirinha (MG)";"Urbana";"19338"
"3152204";"Porteirinha (MG)";"Rural";"18289"
"3152303";"Porto Firme (MG)";"Total";"10417"
"3152303";"Porto Firme (MG)";"Urbana";"4831"
"3152303";"Porto Firme (MG)";"Rural";"5586"
"3152402";"Poté (MG)";"Total";"15667"
"3152402";"Poté (MG)";"Urbana";"9337"
"3152402";"Poté (MG)";"Rural";"6330"
"3152501";"Pouso Alegre (MG)";"Total";"130615"
"3152501";"Pouso Alegre (MG)";"Urbana";"119590"
"3152501";"Pouso Alegre (MG)";"Rural";"11025"
"3152600";"Pouso Alto (MG)";"Total";"6213"
"3152600";"Pouso Alto (MG)";"Urbana";"3658"
"3152600";"Pouso Alto (MG)";"Rural";"2555"
"3152709";"Prados (MG)";"Total";"8391"
"3152709";"Prados (MG)";"Urbana";"5936"
"3152709";"Prados (MG)";"Rural";"2455"
"3152808";"Prata (MG)";"Total";"25802"
"3152808";"Prata (MG)";"Urbana";"19381"
"3152808";"Prata (MG)";"Rural";"6421"
"3152907";"Pratápolis (MG)";"Total";"8807"
"3152907";"Pratápolis (MG)";"Urbana";"7793"
"3152907";"Pratápolis (MG)";"Rural";"1014"
"3153004";"Pratinha (MG)";"Total";"3265"
"3153004";"Pratinha (MG)";"Urbana";"1759"
"3153004";"Pratinha (MG)";"Rural";"1506"
"3153103";"Presidente Bernardes (MG)";"Total";"5537"
"3153103";"Presidente Bernardes (MG)";"Urbana";"1642"
"3153103";"Presidente Bernardes (MG)";"Rural";"3895"
"3153202";"Presidente Juscelino (MG)";"Total";"3908"
"3153202";"Presidente Juscelino (MG)";"Urbana";"1846"
"3153202";"Presidente Juscelino (MG)";"Rural";"2062"
"3153301";"Presidente Kubitschek (MG)";"Total";"2959"
"3153301";"Presidente Kubitschek (MG)";"Urbana";"2017"
"3153301";"Presidente Kubitschek (MG)";"Rural";"942"
"3153400";"Presidente Olegário (MG)";"Total";"18577"
"3153400";"Presidente Olegário (MG)";"Urbana";"13150"
"3153400";"Presidente Olegário (MG)";"Rural";"5427"
"3153509";"Alto Jequitibá (MG)";"Total";"8318"
"3153509";"Alto Jequitibá (MG)";"Urbana";"4300"
"3153509";"Alto Jequitibá (MG)";"Rural";"4018"
"3153608";"Prudente de Morais (MG)";"Total";"9573"
"3153608";"Prudente de Morais (MG)";"Urbana";"9199"
"3153608";"Prudente de Morais (MG)";"Rural";"374"
"3153707";"Quartel Geral (MG)";"Total";"3303"
"3153707";"Quartel Geral (MG)";"Urbana";"2766"
"3153707";"Quartel Geral (MG)";"Rural";"537"
"3153806";"Queluzito (MG)";"Total";"1861"
"3153806";"Queluzito (MG)";"Urbana";"847"
"3153806";"Queluzito (MG)";"Rural";"1014"
"3153905";"Raposos (MG)";"Total";"15342"
"3153905";"Raposos (MG)";"Urbana";"14552"
"3153905";"Raposos (MG)";"Rural";"790"
"3154002";"Raul Soares (MG)";"Total";"23818"
"3154002";"Raul Soares (MG)";"Urbana";"15484"
"3154002";"Raul Soares (MG)";"Rural";"8334"
"3154101";"Recreio (MG)";"Total";"10299"
"3154101";"Recreio (MG)";"Urbana";"9073"
"3154101";"Recreio (MG)";"Rural";"1226"
"3154150";"Reduto (MG)";"Total";"6569"
"3154150";"Reduto (MG)";"Urbana";"3648"
"3154150";"Reduto (MG)";"Rural";"2921"
"3154200";"Resende Costa (MG)";"Total";"10913"
"3154200";"Resende Costa (MG)";"Urbana";"8776"
"3154200";"Resende Costa (MG)";"Rural";"2137"
"3154309";"Resplendor (MG)";"Total";"17089"
"3154309";"Resplendor (MG)";"Urbana";"12832"
"3154309";"Resplendor (MG)";"Rural";"4257"
"3154408";"Ressaquinha (MG)";"Total";"4711"
"3154408";"Ressaquinha (MG)";"Urbana";"3023"
"3154408";"Ressaquinha (MG)";"Rural";"1688"
"3154457";"Riachinho (MG)";"Total";"8007"
"3154457";"Riachinho (MG)";"Urbana";"4435"
"3154457";"Riachinho (MG)";"Rural";"3572"
"3154507";"Riacho dos Machados (MG)";"Total";"9360"
"3154507";"Riacho dos Machados (MG)";"Urbana";"4499"
"3154507";"Riacho dos Machados (MG)";"Rural";"4861"
"3154606";"Ribeirão das Neves (MG)";"Total";"296317"
"3154606";"Ribeirão das Neves (MG)";"Urbana";"294153"
"3154606";"Ribeirão das Neves (MG)";"Rural";"2164"
"3154705";"Ribeirão Vermelho (MG)";"Total";"3826"
"3154705";"Ribeirão Vermelho (MG)";"Urbana";"3543"
"3154705";"Ribeirão Vermelho (MG)";"Rural";"283"
"3154804";"Rio Acima (MG)";"Total";"9090"
"3154804";"Rio Acima (MG)";"Urbana";"7944"
"3154804";"Rio Acima (MG)";"Rural";"1146"
"3154903";"Rio Casca (MG)";"Total";"14201"
"3154903";"Rio Casca (MG)";"Urbana";"11334"
"3154903";"Rio Casca (MG)";"Rural";"2867"
"3155009";"Rio Doce (MG)";"Total";"2465"
"3155009";"Rio Doce (MG)";"Urbana";"1653"
"3155009";"Rio Doce (MG)";"Rural";"812"
"3155108";"Rio do Prado (MG)";"Total";"5217"
"3155108";"Rio do Prado (MG)";"Urbana";"2730"
"3155108";"Rio do Prado (MG)";"Rural";"2487"
"3155207";"Rio Espera (MG)";"Total";"6070"
"3155207";"Rio Espera (MG)";"Urbana";"2403"
"3155207";"Rio Espera (MG)";"Rural";"3667"
"3155306";"Rio Manso (MG)";"Total";"5276"
"3155306";"Rio Manso (MG)";"Urbana";"2810"
"3155306";"Rio Manso (MG)";"Rural";"2466"
"3155405";"Rio Novo (MG)";"Total";"8712"
"3155405";"Rio Novo (MG)";"Urbana";"7539"
"3155405";"Rio Novo (MG)";"Rural";"1173"
"3155504";"Rio Paranaíba (MG)";"Total";"11885"
"3155504";"Rio Paranaíba (MG)";"Urbana";"7288"
"3155504";"Rio Paranaíba (MG)";"Rural";"4597"
"3155603";"Rio Pardo de Minas (MG)";"Total";"29099"
"3155603";"Rio Pardo de Minas (MG)";"Urbana";"11692"
"3155603";"Rio Pardo de Minas (MG)";"Rural";"17407"
"3155702";"Rio Piracicaba (MG)";"Total";"14149"
"3155702";"Rio Piracicaba (MG)";"Urbana";"11272"
"3155702";"Rio Piracicaba (MG)";"Rural";"2877"
"3155801";"Rio Pomba (MG)";"Total";"17110"
"3155801";"Rio Pomba (MG)";"Urbana";"14454"
"3155801";"Rio Pomba (MG)";"Rural";"2656"
"3155900";"Rio Preto (MG)";"Total";"5292"
"3155900";"Rio Preto (MG)";"Urbana";"4451"
"3155900";"Rio Preto (MG)";"Rural";"841"
"3156007";"Rio Vermelho (MG)";"Total";"13645"
"3156007";"Rio Vermelho (MG)";"Urbana";"5481"
"3156007";"Rio Vermelho (MG)";"Rural";"8164"
"3156106";"Ritápolis (MG)";"Total";"4925"
"3156106";"Ritápolis (MG)";"Urbana";"3407"
"3156106";"Ritápolis (MG)";"Rural";"1518"
"3156205";"Rochedo de Minas (MG)";"Total";"2116"
"3156205";"Rochedo de Minas (MG)";"Urbana";"1914"
"3156205";"Rochedo de Minas (MG)";"Rural";"202"
"3156304";"Rodeiro (MG)";"Total";"6867"
"3156304";"Rodeiro (MG)";"Urbana";"5556"
"3156304";"Rodeiro (MG)";"Rural";"1311"
"3156403";"Romaria (MG)";"Total";"3596"
"3156403";"Romaria (MG)";"Urbana";"2715"
"3156403";"Romaria (MG)";"Rural";"881"
"3156452";"Rosário da Limeira (MG)";"Total";"4247"
"3156452";"Rosário da Limeira (MG)";"Urbana";"2296"
"3156452";"Rosário da Limeira (MG)";"Rural";"1951"
"3156502";"Rubelita (MG)";"Total";"7772"
"3156502";"Rubelita (MG)";"Urbana";"2516"
"3156502";"Rubelita (MG)";"Rural";"5256"
"3156601";"Rubim (MG)";"Total";"9919"
"3156601";"Rubim (MG)";"Urbana";"7703"
"3156601";"Rubim (MG)";"Rural";"2216"
"3156700";"Sabará (MG)";"Total";"126269"
"3156700";"Sabará (MG)";"Urbana";"123084"
"3156700";"Sabará (MG)";"Rural";"3185"
"3156809";"Sabinópolis (MG)";"Total";"15704"
"3156809";"Sabinópolis (MG)";"Urbana";"10136"
"3156809";"Sabinópolis (MG)";"Rural";"5568"
"3156908";"Sacramento (MG)";"Total";"23896"
"3156908";"Sacramento (MG)";"Urbana";"19275"
"3156908";"Sacramento (MG)";"Rural";"4621"
"3157005";"Salinas (MG)";"Total";"39178"
"3157005";"Salinas (MG)";"Urbana";"30716"
"3157005";"Salinas (MG)";"Rural";"8462"
"3157104";"Salto da Divisa (MG)";"Total";"6859"
"3157104";"Salto da Divisa (MG)";"Urbana";"5749"
"3157104";"Salto da Divisa (MG)";"Rural";"1110"
"3157203";"Santa Bárbara (MG)";"Total";"27876"
"3157203";"Santa Bárbara (MG)";"Urbana";"24794"
"3157203";"Santa Bárbara (MG)";"Rural";"3082"
"3157252";"Santa Bárbara do Leste (MG)";"Total";"7682"
"3157252";"Santa Bárbara do Leste (MG)";"Urbana";"3974"
"3157252";"Santa Bárbara do Leste (MG)";"Rural";"3708"
"3157278";"Santa Bárbara do Monte Verde (MG)";"Total";"2788"
"3157278";"Santa Bárbara do Monte Verde (MG)";"Urbana";"1610"
"3157278";"Santa Bárbara do Monte Verde (MG)";"Rural";"1178"
"3157302";"Santa Bárbara do Tugúrio (MG)";"Total";"4570"
"3157302";"Santa Bárbara do Tugúrio (MG)";"Urbana";"2187"
"3157302";"Santa Bárbara do Tugúrio (MG)";"Rural";"2383"
"3157336";"Santa Cruz de Minas (MG)";"Total";"7865"
"3157336";"Santa Cruz de Minas (MG)";"Urbana";"7865"
"3157336";"Santa Cruz de Minas (MG)";"Rural";"-"
"3157377";"Santa Cruz de Salinas (MG)";"Total";"4397"
"3157377";"Santa Cruz de Salinas (MG)";"Urbana";"1151"
"3157377";"Santa Cruz de Salinas (MG)";"Rural";"3246"
"3157401";"Santa Cruz do Escalvado (MG)";"Total";"4992"
"3157401";"Santa Cruz do Escalvado (MG)";"Urbana";"1730"
"3157401";"Santa Cruz do Escalvado (MG)";"Rural";"3262"
"3157500";"Santa Efigênia de Minas (MG)";"Total";"4600"
"3157500";"Santa Efigênia de Minas (MG)";"Urbana";"3053"
"3157500";"Santa Efigênia de Minas (MG)";"Rural";"1547"
"3157609";"Santa Fé de Minas (MG)";"Total";"3968"
"3157609";"Santa Fé de Minas (MG)";"Urbana";"2291"
"3157609";"Santa Fé de Minas (MG)";"Rural";"1677"
"3157658";"Santa Helena de Minas (MG)";"Total";"6055"
"3157658";"Santa Helena de Minas (MG)";"Urbana";"3769"
"3157658";"Santa Helena de Minas (MG)";"Rural";"2286"
"3157708";"Santa Juliana (MG)";"Total";"11337"
"3157708";"Santa Juliana (MG)";"Urbana";"9795"
"3157708";"Santa Juliana (MG)";"Rural";"1542"
"3157807";"Santa Luzia (MG)";"Total";"202942"
"3157807";"Santa Luzia (MG)";"Urbana";"202378"
"3157807";"Santa Luzia (MG)";"Rural";"564"
"3157906";"Santa Margarida (MG)";"Total";"15011"
"3157906";"Santa Margarida (MG)";"Urbana";"7626"
"3157906";"Santa Margarida (MG)";"Rural";"7385"
"3158003";"Santa Maria de Itabira (MG)";"Total";"10552"
"3158003";"Santa Maria de Itabira (MG)";"Urbana";"6336"
"3158003";"Santa Maria de Itabira (MG)";"Rural";"4216"
"3158102";"Santa Maria do Salto (MG)";"Total";"5284"
"3158102";"Santa Maria do Salto (MG)";"Urbana";"3742"
"3158102";"Santa Maria do Salto (MG)";"Rural";"1542"
"3158201";"Santa Maria do Suaçuí (MG)";"Total";"14395"
"3158201";"Santa Maria do Suaçuí (MG)";"Urbana";"10722"
"3158201";"Santa Maria do Suaçuí (MG)";"Rural";"3673"
"3158300";"Santana da Vargem (MG)";"Total";"7231"
"3158300";"Santana da Vargem (MG)";"Urbana";"5278"
"3158300";"Santana da Vargem (MG)";"Rural";"1953"
"3158409";"Santana de Cataguases (MG)";"Total";"3622"
"3158409";"Santana de Cataguases (MG)";"Urbana";"2917"
"3158409";"Santana de Cataguases (MG)";"Rural";"705"
"3158508";"Santana de Pirapama (MG)";"Total";"8009"
"3158508";"Santana de Pirapama (MG)";"Urbana";"3331"
"3158508";"Santana de Pirapama (MG)";"Rural";"4678"
"3158607";"Santana do Deserto (MG)";"Total";"3860"
"3158607";"Santana do Deserto (MG)";"Urbana";"1404"
"3158607";"Santana do Deserto (MG)";"Rural";"2456"
"3158706";"Santana do Garambéu (MG)";"Total";"2234"
"3158706";"Santana do Garambéu (MG)";"Urbana";"1652"
"3158706";"Santana do Garambéu (MG)";"Rural";"582"
"3158805";"Santana do Jacaré (MG)";"Total";"4607"
"3158805";"Santana do Jacaré (MG)";"Urbana";"4428"
"3158805";"Santana do Jacaré (MG)";"Rural";"179"
"3158904";"Santana do Manhuaçu (MG)";"Total";"8582"
"3158904";"Santana do Manhuaçu (MG)";"Urbana";"4142"
"3158904";"Santana do Manhuaçu (MG)";"Rural";"4440"
"3158953";"Santana do Paraíso (MG)";"Total";"27265"
"3158953";"Santana do Paraíso (MG)";"Urbana";"25251"
"3158953";"Santana do Paraíso (MG)";"Rural";"2014"
"3159001";"Santana do Riacho (MG)";"Total";"4023"
"3159001";"Santana do Riacho (MG)";"Urbana";"2279"
"3159001";"Santana do Riacho (MG)";"Rural";"1744"
"3159100";"Santana dos Montes (MG)";"Total";"3822"
"3159100";"Santana dos Montes (MG)";"Urbana";"2292"
"3159100";"Santana dos Montes (MG)";"Rural";"1530"
"3159209";"Santa Rita de Caldas (MG)";"Total";"9027"
"3159209";"Santa Rita de Caldas (MG)";"Urbana";"5655"
"3159209";"Santa Rita de Caldas (MG)";"Rural";"3372"
"3159308";"Santa Rita de Jacutinga (MG)";"Total";"4993"
"3159308";"Santa Rita de Jacutinga (MG)";"Urbana";"3754"
"3159308";"Santa Rita de Jacutinga (MG)";"Rural";"1239"
"3159357";"Santa Rita de Minas (MG)";"Total";"6547"
"3159357";"Santa Rita de Minas (MG)";"Urbana";"4774"
"3159357";"Santa Rita de Minas (MG)";"Rural";"1773"
"3159407";"Santa Rita de Ibitipoca (MG)";"Total";"3583"
"3159407";"Santa Rita de Ibitipoca (MG)";"Urbana";"2233"
"3159407";"Santa Rita de Ibitipoca (MG)";"Rural";"1350"
"3159506";"Santa Rita do Itueto (MG)";"Total";"5697"
"3159506";"Santa Rita do Itueto (MG)";"Urbana";"2310"
"3159506";"Santa Rita do Itueto (MG)";"Rural";"3387"
"3159605";"Santa Rita do Sapucaí (MG)";"Total";"37754"
"3159605";"Santa Rita do Sapucaí (MG)";"Urbana";"32458"
"3159605";"Santa Rita do Sapucaí (MG)";"Rural";"5296"
"3159704";"Santa Rosa da Serra (MG)";"Total";"3224"
"3159704";"Santa Rosa da Serra (MG)";"Urbana";"1973"
"3159704";"Santa Rosa da Serra (MG)";"Rural";"1251"
"3159803";"Santa Vitória (MG)";"Total";"18138"
"3159803";"Santa Vitória (MG)";"Urbana";"14926"
"3159803";"Santa Vitória (MG)";"Rural";"3212"
"3159902";"Santo Antônio do Amparo (MG)";"Total";"17345"
"3159902";"Santo Antônio do Amparo (MG)";"Urbana";"15187"
"3159902";"Santo Antônio do Amparo (MG)";"Rural";"2158"
"3160009";"Santo Antônio do Aventureiro (MG)";"Total";"3538"
"3160009";"Santo Antônio do Aventureiro (MG)";"Urbana";"2377"
"3160009";"Santo Antônio do Aventureiro (MG)";"Rural";"1161"
"3160108";"Santo Antônio do Grama (MG)";"Total";"4085"
"3160108";"Santo Antônio do Grama (MG)";"Urbana";"3365"
"3160108";"Santo Antônio do Grama (MG)";"Rural";"720"
"3160207";"Santo Antônio do Itambé (MG)";"Total";"4135"
"3160207";"Santo Antônio do Itambé (MG)";"Urbana";"1230"
"3160207";"Santo Antônio do Itambé (MG)";"Rural";"2905"
"3160306";"Santo Antônio do Jacinto (MG)";"Total";"11775"
"3160306";"Santo Antônio do Jacinto (MG)";"Urbana";"6358"
"3160306";"Santo Antônio do Jacinto (MG)";"Rural";"5417"
"3160405";"Santo Antônio do Monte (MG)";"Total";"25975"
"3160405";"Santo Antônio do Monte (MG)";"Urbana";"22193"
"3160405";"Santo Antônio do Monte (MG)";"Rural";"3782"
"3160454";"Santo Antônio do Retiro (MG)";"Total";"6955"
"3160454";"Santo Antônio do Retiro (MG)";"Urbana";"1590"
"3160454";"Santo Antônio do Retiro (MG)";"Rural";"5365"
"3160504";"Santo Antônio do Rio Abaixo (MG)";"Total";"1777"
"3160504";"Santo Antônio do Rio Abaixo (MG)";"Urbana";"888"
"3160504";"Santo Antônio do Rio Abaixo (MG)";"Rural";"889"
"3160603";"Santo Hipólito (MG)";"Total";"3238"
"3160603";"Santo Hipólito (MG)";"Urbana";"2249"
"3160603";"Santo Hipólito (MG)";"Rural";"989"
"3160702";"Santos Dumont (MG)";"Total";"46284"
"3160702";"Santos Dumont (MG)";"Urbana";"41320"
"3160702";"Santos Dumont (MG)";"Rural";"4964"
"3160801";"São Bento Abade (MG)";"Total";"4577"
"3160801";"São Bento Abade (MG)";"Urbana";"4238"
"3160801";"São Bento Abade (MG)";"Rural";"339"
"3160900";"São Brás do Suaçuí (MG)";"Total";"3513"
"3160900";"São Brás do Suaçuí (MG)";"Urbana";"3129"
"3160900";"São Brás do Suaçuí (MG)";"Rural";"384"
"3160959";"São Domingos das Dores (MG)";"Total";"5408"
"3160959";"São Domingos das Dores (MG)";"Urbana";"2578"
"3160959";"São Domingos das Dores (MG)";"Rural";"2830"
"3161007";"São Domingos do Prata (MG)";"Total";"17357"
"3161007";"São Domingos do Prata (MG)";"Urbana";"10505"
"3161007";"São Domingos do Prata (MG)";"Rural";"6852"
"3161056";"São Félix de Minas (MG)";"Total";"3382"
"3161056";"São Félix de Minas (MG)";"Urbana";"2089"
"3161056";"São Félix de Minas (MG)";"Rural";"1293"
"3161106";"São Francisco (MG)";"Total";"53828"
"3161106";"São Francisco (MG)";"Urbana";"34204"
"3161106";"São Francisco (MG)";"Rural";"19624"
"3161205";"São Francisco de Paula (MG)";"Total";"6483"
"3161205";"São Francisco de Paula (MG)";"Urbana";"4651"
"3161205";"São Francisco de Paula (MG)";"Rural";"1832"
"3161304";"São Francisco de Sales (MG)";"Total";"5776"
"3161304";"São Francisco de Sales (MG)";"Urbana";"4332"
"3161304";"São Francisco de Sales (MG)";"Rural";"1444"
"3161403";"São Francisco do Glória (MG)";"Total";"5178"
"3161403";"São Francisco do Glória (MG)";"Urbana";"3132"
"3161403";"São Francisco do Glória (MG)";"Rural";"2046"
"3161502";"São Geraldo (MG)";"Total";"10263"
"3161502";"São Geraldo (MG)";"Urbana";"7270"
"3161502";"São Geraldo (MG)";"Rural";"2993"
"3161601";"São Geraldo da Piedade (MG)";"Total";"4389"
"3161601";"São Geraldo da Piedade (MG)";"Urbana";"1054"
"3161601";"São Geraldo da Piedade (MG)";"Rural";"3335"
"3161650";"São Geraldo do Baixio (MG)";"Total";"3486"
"3161650";"São Geraldo do Baixio (MG)";"Urbana";"2440"
"3161650";"São Geraldo do Baixio (MG)";"Rural";"1046"
"3161700";"São Gonçalo do Abaeté (MG)";"Total";"6264"
"3161700";"São Gonçalo do Abaeté (MG)";"Urbana";"4168"
"3161700";"São Gonçalo do Abaeté (MG)";"Rural";"2096"
"3161809";"São Gonçalo do Pará (MG)";"Total";"10398"
"3161809";"São Gonçalo do Pará (MG)";"Urbana";"7960"
"3161809";"São Gonçalo do Pará (MG)";"Rural";"2438"
"3161908";"São Gonçalo do Rio Abaixo (MG)";"Total";"9777"
"3161908";"São Gonçalo do Rio Abaixo (MG)";"Urbana";"4649"
"3161908";"São Gonçalo do Rio Abaixo (MG)";"Rural";"5128"
"3162005";"São Gonçalo do Sapucaí (MG)";"Total";"23906"
"3162005";"São Gonçalo do Sapucaí (MG)";"Urbana";"19742"
"3162005";"São Gonçalo do Sapucaí (MG)";"Rural";"4164"
"3162104";"São Gotardo (MG)";"Total";"31819"
"3162104";"São Gotardo (MG)";"Urbana";"30061"
"3162104";"São Gotardo (MG)";"Rural";"1758"
"3162203";"São João Batista do Glória (MG)";"Total";"6887"
"3162203";"São João Batista do Glória (MG)";"Urbana";"5607"
"3162203";"São João Batista do Glória (MG)";"Rural";"1280"
"3162252";"São João da Lagoa (MG)";"Total";"4656"
"3162252";"São João da Lagoa (MG)";"Urbana";"2435"
"3162252";"São João da Lagoa (MG)";"Rural";"2221"
"3162302";"São João da Mata (MG)";"Total";"2731"
"3162302";"São João da Mata (MG)";"Urbana";"1752"
"3162302";"São João da Mata (MG)";"Rural";"979"
"3162401";"São João da Ponte (MG)";"Total";"25358"
"3162401";"São João da Ponte (MG)";"Urbana";"8656"
"3162401";"São João da Ponte (MG)";"Rural";"16702"
"3162450";"São João das Missões (MG)";"Total";"11715"
"3162450";"São João das Missões (MG)";"Urbana";"2446"
"3162450";"São João das Missões (MG)";"Rural";"9269"
"3162500";"São João del Rei (MG)";"Total";"84469"
"3162500";"São João del Rei (MG)";"Urbana";"79857"
"3162500";"São João del Rei (MG)";"Rural";"4612"
"3162559";"São João do Manhuaçu (MG)";"Total";"10245"
"3162559";"São João do Manhuaçu (MG)";"Urbana";"4806"
"3162559";"São João do Manhuaçu (MG)";"Rural";"5439"
"3162575";"São João do Manteninha (MG)";"Total";"5188"
"3162575";"São João do Manteninha (MG)";"Urbana";"2905"
"3162575";"São João do Manteninha (MG)";"Rural";"2283"
"3162609";"São João do Oriente (MG)";"Total";"7874"
"3162609";"São João do Oriente (MG)";"Urbana";"6325"
"3162609";"São João do Oriente (MG)";"Rural";"1549"
"3162658";"São João do Pacuí (MG)";"Total";"4060"
"3162658";"São João do Pacuí (MG)";"Urbana";"1921"
"3162658";"São João do Pacuí (MG)";"Rural";"2139"
"3162708";"São João do Paraíso (MG)";"Total";"22319"
"3162708";"São João do Paraíso (MG)";"Urbana";"10235"
"3162708";"São João do Paraíso (MG)";"Rural";"12084"
"3162807";"São João Evangelista (MG)";"Total";"15553"
"3162807";"São João Evangelista (MG)";"Urbana";"10108"
"3162807";"São João Evangelista (MG)";"Rural";"5445"
"3162906";"São João Nepomuceno (MG)";"Total";"25057"
"3162906";"São João Nepomuceno (MG)";"Urbana";"23835"
"3162906";"São João Nepomuceno (MG)";"Rural";"1222"
"3162922";"São Joaquim de Bicas (MG)";"Total";"25537"
"3162922";"São Joaquim de Bicas (MG)";"Urbana";"18599"
"3162922";"São Joaquim de Bicas (MG)";"Rural";"6938"
"3162948";"São José da Barra (MG)";"Total";"6778"
"3162948";"São José da Barra (MG)";"Urbana";"4894"
"3162948";"São José da Barra (MG)";"Rural";"1884"
"3162955";"São José da Lapa (MG)";"Total";"19799"
"3162955";"São José da Lapa (MG)";"Urbana";"11400"
"3162955";"São José da Lapa (MG)";"Rural";"8399"
"3163003";"São José da Safira (MG)";"Total";"4075"
"3163003";"São José da Safira (MG)";"Urbana";"2945"
"3163003";"São José da Safira (MG)";"Rural";"1130"
"3163102";"São José da Varginha (MG)";"Total";"4198"
"3163102";"São José da Varginha (MG)";"Urbana";"2372"
"3163102";"São José da Varginha (MG)";"Rural";"1826"
"3163201";"São José do Alegre (MG)";"Total";"3996"
"3163201";"São José do Alegre (MG)";"Urbana";"2901"
"3163201";"São José do Alegre (MG)";"Rural";"1095"
"3163300";"São José do Divino (MG)";"Total";"3834"
"3163300";"São José do Divino (MG)";"Urbana";"2725"
"3163300";"São José do Divino (MG)";"Rural";"1109"
"3163409";"São José do Goiabal (MG)";"Total";"5636"
"3163409";"São José do Goiabal (MG)";"Urbana";"3689"
"3163409";"São José do Goiabal (MG)";"Rural";"1947"
"3163508";"São José do Jacuri (MG)";"Total";"6553"
"3163508";"São José do Jacuri (MG)";"Urbana";"2006"
"3163508";"São José do Jacuri (MG)";"Rural";"4547"
"3163607";"São José do Mantimento (MG)";"Total";"2592"
"3163607";"São José do Mantimento (MG)";"Urbana";"1449"
"3163607";"São José do Mantimento (MG)";"Rural";"1143"
"3163706";"São Lourenço (MG)";"Total";"41657"
"3163706";"São Lourenço (MG)";"Urbana";"41657"
"3163706";"São Lourenço (MG)";"Rural";"-"
"3163805";"São Miguel do Anta (MG)";"Total";"6760"
"3163805";"São Miguel do Anta (MG)";"Urbana";"3746"
"3163805";"São Miguel do Anta (MG)";"Rural";"3014"
"3163904";"São Pedro da União (MG)";"Total";"5040"
"3163904";"São Pedro da União (MG)";"Urbana";"2781"
"3163904";"São Pedro da União (MG)";"Rural";"2259"
"3164001";"São Pedro dos Ferros (MG)";"Total";"8356"
"3164001";"São Pedro dos Ferros (MG)";"Urbana";"6783"
"3164001";"São Pedro dos Ferros (MG)";"Rural";"1573"
"3164100";"São Pedro do Suaçuí (MG)";"Total";"5570"
"3164100";"São Pedro do Suaçuí (MG)";"Urbana";"2302"
"3164100";"São Pedro do Suaçuí (MG)";"Rural";"3268"
"3164209";"São Romão (MG)";"Total";"10276"
"3164209";"São Romão (MG)";"Urbana";"6469"
"3164209";"São Romão (MG)";"Rural";"3807"
"3164308";"São Roque de Minas (MG)";"Total";"6686"
"3164308";"São Roque de Minas (MG)";"Urbana";"4222"
"3164308";"São Roque de Minas (MG)";"Rural";"2464"
"3164407";"São Sebastião da Bela Vista (MG)";"Total";"4948"
"3164407";"São Sebastião da Bela Vista (MG)";"Urbana";"2889"
"3164407";"São Sebastião da Bela Vista (MG)";"Rural";"2059"
"3164431";"São Sebastião da Vargem Alegre (MG)";"Total";"2798"
"3164431";"São Sebastião da Vargem Alegre (MG)";"Urbana";"1603"
"3164431";"São Sebastião da Vargem Alegre (MG)";"Rural";"1195"
"3164472";"São Sebastião do Anta (MG)";"Total";"5739"
"3164472";"São Sebastião do Anta (MG)";"Urbana";"4210"
"3164472";"São Sebastião do Anta (MG)";"Rural";"1529"
"3164506";"São Sebastião do Maranhão (MG)";"Total";"10647"
"3164506";"São Sebastião do Maranhão (MG)";"Urbana";"3250"
"3164506";"São Sebastião do Maranhão (MG)";"Rural";"7397"
"3164605";"São Sebastião do Oeste (MG)";"Total";"5805"
"3164605";"São Sebastião do Oeste (MG)";"Urbana";"3247"
"3164605";"São Sebastião do Oeste (MG)";"Rural";"2558"
"3164704";"São Sebastião do Paraíso (MG)";"Total";"64980"
"3164704";"São Sebastião do Paraíso (MG)";"Urbana";"59953"
"3164704";"São Sebastião do Paraíso (MG)";"Rural";"5027"
"3164803";"São Sebastião do Rio Preto (MG)";"Total";"1613"
"3164803";"São Sebastião do Rio Preto (MG)";"Urbana";"876"
"3164803";"São Sebastião do Rio Preto (MG)";"Rural";"737"
"3164902";"São Sebastião do Rio Verde (MG)";"Total";"2110"
"3164902";"São Sebastião do Rio Verde (MG)";"Urbana";"1321"
"3164902";"São Sebastião do Rio Verde (MG)";"Rural";"789"
"3165008";"São Tiago (MG)";"Total";"10561"
"3165008";"São Tiago (MG)";"Urbana";"8471"
"3165008";"São Tiago (MG)";"Rural";"2090"
"3165107";"São Tomás de Aquino (MG)";"Total";"7093"
"3165107";"São Tomás de Aquino (MG)";"Urbana";"5522"
"3165107";"São Tomás de Aquino (MG)";"Rural";"1571"
"3165206";"São Tomé das Letras (MG)";"Total";"6655"
"3165206";"São Tomé das Letras (MG)";"Urbana";"3857"
"3165206";"São Tomé das Letras (MG)";"Rural";"2798"
"3165305";"São Vicente de Minas (MG)";"Total";"7008"
"3165305";"São Vicente de Minas (MG)";"Urbana";"5940"
"3165305";"São Vicente de Minas (MG)";"Rural";"1068"
"3165404";"Sapucaí-Mirim (MG)";"Total";"6241"
"3165404";"Sapucaí-Mirim (MG)";"Urbana";"3783"
"3165404";"Sapucaí-Mirim (MG)";"Rural";"2458"
"3165503";"Sardoá (MG)";"Total";"5594"
"3165503";"Sardoá (MG)";"Urbana";"1997"
"3165503";"Sardoá (MG)";"Rural";"3597"
"3165537";"Sarzedo (MG)";"Total";"25814"
"3165537";"Sarzedo (MG)";"Urbana";"25532"
"3165537";"Sarzedo (MG)";"Rural";"282"
"3165552";"Setubinha (MG)";"Total";"10885"
"3165552";"Setubinha (MG)";"Urbana";"2802"
"3165552";"Setubinha (MG)";"Rural";"8083"
"3165560";"Sem-Peixe (MG)";"Total";"2847"
"3165560";"Sem-Peixe (MG)";"Urbana";"1507"
"3165560";"Sem-Peixe (MG)";"Rural";"1340"
"3165578";"Senador Amaral (MG)";"Total";"5219"
"3165578";"Senador Amaral (MG)";"Urbana";"3101"
"3165578";"Senador Amaral (MG)";"Rural";"2118"
"3165602";"Senador Cortes (MG)";"Total";"1988"
"3165602";"Senador Cortes (MG)";"Urbana";"1512"
"3165602";"Senador Cortes (MG)";"Rural";"476"
"3165701";"Senador Firmino (MG)";"Total";"7230"
"3165701";"Senador Firmino (MG)";"Urbana";"4683"
"3165701";"Senador Firmino (MG)";"Rural";"2547"
"3165800";"Senador José Bento (MG)";"Total";"1868"
"3165800";"Senador José Bento (MG)";"Urbana";"683"
"3165800";"Senador José Bento (MG)";"Rural";"1185"
"3165909";"Senador Modestino Gonçalves (MG)";"Total";"4574"
"3165909";"Senador Modestino Gonçalves (MG)";"Urbana";"1803"
"3165909";"Senador Modestino Gonçalves (MG)";"Rural";"2771"
"3166006";"Senhora de Oliveira (MG)";"Total";"5683"
"3166006";"Senhora de Oliveira (MG)";"Urbana";"3256"
"3166006";"Senhora de Oliveira (MG)";"Rural";"2427"
"3166105";"Senhora do Porto (MG)";"Total";"3497"
"3166105";"Senhora do Porto (MG)";"Urbana";"1286"
"3166105";"Senhora do Porto (MG)";"Rural";"2211"
"3166204";"Senhora dos Remédios (MG)";"Total";"10196"
"3166204";"Senhora dos Remédios (MG)";"Urbana";"3430"
"3166204";"Senhora dos Remédios (MG)";"Rural";"6766"
"3166303";"Sericita (MG)";"Total";"7128"
"3166303";"Sericita (MG)";"Urbana";"3718"
"3166303";"Sericita (MG)";"Rural";"3410"
"3166402";"Seritinga (MG)";"Total";"1789"
"3166402";"Seritinga (MG)";"Urbana";"1483"
"3166402";"Seritinga (MG)";"Rural";"306"
"3166501";"Serra Azul de Minas (MG)";"Total";"4220"
"3166501";"Serra Azul de Minas (MG)";"Urbana";"1710"
"3166501";"Serra Azul de Minas (MG)";"Rural";"2510"
"3166600";"Serra da Saudade (MG)";"Total";"815"
"3166600";"Serra da Saudade (MG)";"Urbana";"527"
"3166600";"Serra da Saudade (MG)";"Rural";"288"
"3166709";"Serra dos Aimorés (MG)";"Total";"8412"
"3166709";"Serra dos Aimorés (MG)";"Urbana";"6774"
"3166709";"Serra dos Aimorés (MG)";"Rural";"1638"
"3166808";"Serra do Salitre (MG)";"Total";"10549"
"3166808";"Serra do Salitre (MG)";"Urbana";"7755"
"3166808";"Serra do Salitre (MG)";"Rural";"2794"
"3166907";"Serrania (MG)";"Total";"7542"
"3166907";"Serrania (MG)";"Urbana";"6576"
"3166907";"Serrania (MG)";"Rural";"966"
"3166956";"Serranópolis de Minas (MG)";"Total";"4425"
"3166956";"Serranópolis de Minas (MG)";"Urbana";"1728"
"3166956";"Serranópolis de Minas (MG)";"Rural";"2697"
"3167004";"Serranos (MG)";"Total";"1995"
"3167004";"Serranos (MG)";"Urbana";"1543"
"3167004";"Serranos (MG)";"Rural";"452"
"3167103";"Serro (MG)";"Total";"20835"
"3167103";"Serro (MG)";"Urbana";"12895"
"3167103";"Serro (MG)";"Rural";"7940"
"3167202";"Sete Lagoas (MG)";"Total";"214152"
"3167202";"Sete Lagoas (MG)";"Urbana";"208956"
"3167202";"Sete Lagoas (MG)";"Rural";"5196"
"3167301";"Silveirânia (MG)";"Total";"2192"
"3167301";"Silveirânia (MG)";"Urbana";"1429"
"3167301";"Silveirânia (MG)";"Rural";"763"
"3167400";"Silvianópolis (MG)";"Total";"6027"
"3167400";"Silvianópolis (MG)";"Urbana";"3645"
"3167400";"Silvianópolis (MG)";"Rural";"2382"
"3167509";"Simão Pereira (MG)";"Total";"2537"
"3167509";"Simão Pereira (MG)";"Urbana";"1496"
"3167509";"Simão Pereira (MG)";"Rural";"1041"
"3167608";"Simonésia (MG)";"Total";"18298"
"3167608";"Simonésia (MG)";"Urbana";"7096"
"3167608";"Simonésia (MG)";"Rural";"11202"
"3167707";"Sobrália (MG)";"Total";"5830"
"3167707";"Sobrália (MG)";"Urbana";"4129"
"3167707";"Sobrália (MG)";"Rural";"1701"
"3167806";"Soledade de Minas (MG)";"Total";"5676"
"3167806";"Soledade de Minas (MG)";"Urbana";"3761"
"3167806";"Soledade de Minas (MG)";"Rural";"1915"
"3167905";"Tabuleiro (MG)";"Total";"4079"
"3167905";"Tabuleiro (MG)";"Urbana";"2701"
"3167905";"Tabuleiro (MG)";"Rural";"1378"
"3168002";"Taiobeiras (MG)";"Total";"30917"
"3168002";"Taiobeiras (MG)";"Urbana";"25060"
"3168002";"Taiobeiras (MG)";"Rural";"5857"
"3168051";"Taparuba (MG)";"Total";"3137"
"3168051";"Taparuba (MG)";"Urbana";"1405"
"3168051";"Taparuba (MG)";"Rural";"1732"
"3168101";"Tapira (MG)";"Total";"4112"
"3168101";"Tapira (MG)";"Urbana";"2744"
"3168101";"Tapira (MG)";"Rural";"1368"
"3168200";"Tapiraí (MG)";"Total";"1873"
"3168200";"Tapiraí (MG)";"Urbana";"1085"
"3168200";"Tapiraí (MG)";"Rural";"788"
"3168309";"Taquaraçu de Minas (MG)";"Total";"3794"
"3168309";"Taquaraçu de Minas (MG)";"Urbana";"1755"
"3168309";"Taquaraçu de Minas (MG)";"Rural";"2039"
"3168408";"Tarumirim (MG)";"Total";"14293"
"3168408";"Tarumirim (MG)";"Urbana";"8019"
"3168408";"Tarumirim (MG)";"Rural";"6274"
"3168507";"Teixeiras (MG)";"Total";"11355"
"3168507";"Teixeiras (MG)";"Urbana";"7623"
"3168507";"Teixeiras (MG)";"Rural";"3732"
"3168606";"Teófilo Otoni (MG)";"Total";"134745"
"3168606";"Teófilo Otoni (MG)";"Urbana";"110076"
"3168606";"Teófilo Otoni (MG)";"Rural";"24669"
"3168705";"Timóteo (MG)";"Total";"81243"
"3168705";"Timóteo (MG)";"Urbana";"81124"
"3168705";"Timóteo (MG)";"Rural";"119"
"3168804";"Tiradentes (MG)";"Total";"6961"
"3168804";"Tiradentes (MG)";"Urbana";"5376"
"3168804";"Tiradentes (MG)";"Rural";"1585"
"3168903";"Tiros (MG)";"Total";"6906"
"3168903";"Tiros (MG)";"Urbana";"4815"
"3168903";"Tiros (MG)";"Rural";"2091"
"3169000";"Tocantins (MG)";"Total";"15823"
"3169000";"Tocantins (MG)";"Urbana";"12909"
"3169000";"Tocantins (MG)";"Rural";"2914"
"3169059";"Tocos do Moji (MG)";"Total";"3950"
"3169059";"Tocos do Moji (MG)";"Urbana";"1018"
"3169059";"Tocos do Moji (MG)";"Rural";"2932"
"3169109";"Toledo (MG)";"Total";"5764"
"3169109";"Toledo (MG)";"Urbana";"2190"
"3169109";"Toledo (MG)";"Rural";"3574"
"3169208";"Tombos (MG)";"Total";"9537"
"3169208";"Tombos (MG)";"Urbana";"7602"
"3169208";"Tombos (MG)";"Rural";"1935"
"3169307";"Três Corações (MG)";"Total";"72765"
"3169307";"Três Corações (MG)";"Urbana";"65826"
"3169307";"Três Corações (MG)";"Rural";"6939"
"3169356";"Três Marias (MG)";"Total";"28318"
"3169356";"Três Marias (MG)";"Urbana";"26840"
"3169356";"Três Marias (MG)";"Rural";"1478"
"3169406";"Três Pontas (MG)";"Total";"53860"
"3169406";"Três Pontas (MG)";"Urbana";"46280"
"3169406";"Três Pontas (MG)";"Rural";"7580"
"3169505";"Tumiritinga (MG)";"Total";"6293"
"3169505";"Tumiritinga (MG)";"Urbana";"4323"
"3169505";"Tumiritinga (MG)";"Rural";"1970"
"3169604";"Tupaciguara (MG)";"Total";"24188"
"3169604";"Tupaciguara (MG)";"Urbana";"22042"
"3169604";"Tupaciguara (MG)";"Rural";"2146"
"3169703";"Turmalina (MG)";"Total";"18055"
"3169703";"Turmalina (MG)";"Urbana";"12926"
"3169703";"Turmalina (MG)";"Rural";"5129"
"3169802";"Turvolândia (MG)";"Total";"4658"
"3169802";"Turvolândia (MG)";"Urbana";"2910"
"3169802";"Turvolândia (MG)";"Rural";"1748"
"3169901";"Ubá (MG)";"Total";"101519"
"3169901";"Ubá (MG)";"Urbana";"97636"
"3169901";"Ubá (MG)";"Rural";"3883"
"3170008";"Ubaí (MG)";"Total";"11681"
"3170008";"Ubaí (MG)";"Urbana";"5665"
"3170008";"Ubaí (MG)";"Rural";"6016"
"3170057";"Ubaporanga (MG)";"Total";"12040"
"3170057";"Ubaporanga (MG)";"Urbana";"6434"
"3170057";"Ubaporanga (MG)";"Rural";"5606"
"3170107";"Uberaba (MG)";"Total";"295988"
"3170107";"Uberaba (MG)";"Urbana";"289376"
"3170107";"Uberaba (MG)";"Rural";"6612"
"3170206";"Uberlândia (MG)";"Total";"604013"
"3170206";"Uberlândia (MG)";"Urbana";"587266"
"3170206";"Uberlândia (MG)";"Rural";"16747"
"3170305";"Umburatiba (MG)";"Total";"2705"
"3170305";"Umburatiba (MG)";"Urbana";"1558"
"3170305";"Umburatiba (MG)";"Rural";"1147"
"3170404";"Unaí (MG)";"Total";"77565"
"3170404";"Unaí (MG)";"Urbana";"62329"
"3170404";"Unaí (MG)";"Rural";"15236"
"3170438";"União de Minas (MG)";"Total";"4418"
"3170438";"União de Minas (MG)";"Urbana";"2726"
"3170438";"União de Minas (MG)";"Rural";"1692"
"3170479";"Uruana de Minas (MG)";"Total";"3235"
"3170479";"Uruana de Minas (MG)";"Urbana";"1818"
"3170479";"Uruana de Minas (MG)";"Rural";"1417"
"3170503";"Urucânia (MG)";"Total";"10291"
"3170503";"Urucânia (MG)";"Urbana";"7946"
"3170503";"Urucânia (MG)";"Rural";"2345"
"3170529";"Urucuia (MG)";"Total";"13604"
"3170529";"Urucuia (MG)";"Urbana";"6165"
"3170529";"Urucuia (MG)";"Rural";"7439"
"3170578";"Vargem Alegre (MG)";"Total";"6461"
"3170578";"Vargem Alegre (MG)";"Urbana";"4771"
"3170578";"Vargem Alegre (MG)";"Rural";"1690"
"3170602";"Vargem Bonita (MG)";"Total";"2163"
"3170602";"Vargem Bonita (MG)";"Urbana";"1142"
"3170602";"Vargem Bonita (MG)";"Rural";"1021"
"3170651";"Vargem Grande do Rio Pardo (MG)";"Total";"4733"
"3170651";"Vargem Grande do Rio Pardo (MG)";"Urbana";"2421"
"3170651";"Vargem Grande do Rio Pardo (MG)";"Rural";"2312"
"3170701";"Varginha (MG)";"Total";"123081"
"3170701";"Varginha (MG)";"Urbana";"119061"
"3170701";"Varginha (MG)";"Rural";"4020"
"3170750";"Varjão de Minas (MG)";"Total";"6054"
"3170750";"Varjão de Minas (MG)";"Urbana";"5021"
"3170750";"Varjão de Minas (MG)";"Rural";"1033"
"3170800";"Várzea da Palma (MG)";"Total";"35809"
"3170800";"Várzea da Palma (MG)";"Urbana";"31313"
"3170800";"Várzea da Palma (MG)";"Rural";"4496"
"3170909";"Varzelândia (MG)";"Total";"19116"
"3170909";"Varzelândia (MG)";"Urbana";"8904"
"3170909";"Varzelândia (MG)";"Rural";"10212"
"3171006";"Vazante (MG)";"Total";"19723"
"3171006";"Vazante (MG)";"Urbana";"15919"
"3171006";"Vazante (MG)";"Rural";"3804"
"3171030";"Verdelândia (MG)";"Total";"8346"
"3171030";"Verdelândia (MG)";"Urbana";"4762"
"3171030";"Verdelândia (MG)";"Rural";"3584"
"3171071";"Veredinha (MG)";"Total";"5549"
"3171071";"Veredinha (MG)";"Urbana";"3769"
"3171071";"Veredinha (MG)";"Rural";"1780"
"3171105";"Veríssimo (MG)";"Total";"3483"
"3171105";"Veríssimo (MG)";"Urbana";"2037"
"3171105";"Veríssimo (MG)";"Rural";"1446"
"3171154";"Vermelho Novo (MG)";"Total";"4689"
"3171154";"Vermelho Novo (MG)";"Urbana";"1852"
"3171154";"Vermelho Novo (MG)";"Rural";"2837"
"3171204";"Vespasiano (MG)";"Total";"104527"
"3171204";"Vespasiano (MG)";"Urbana";"104527"
"3171204";"Vespasiano (MG)";"Rural";"-"
"3171303";"Viçosa (MG)";"Total";"72220"
"3171303";"Viçosa (MG)";"Urbana";"67305"
"3171303";"Viçosa (MG)";"Rural";"4915"
"3171402";"Vieiras (MG)";"Total";"3731"
"3171402";"Vieiras (MG)";"Urbana";"1853"
"3171402";"Vieiras (MG)";"Rural";"1878"
"3171501";"Mathias Lobato (MG)";"Total";"3370"
"3171501";"Mathias Lobato (MG)";"Urbana";"3060"
"3171501";"Mathias Lobato (MG)";"Rural";"310"
"3171600";"Virgem da Lapa (MG)";"Total";"13619"
"3171600";"Virgem da Lapa (MG)";"Urbana";"6840"
"3171600";"Virgem da Lapa (MG)";"Rural";"6779"
"3171709";"Virgínia (MG)";"Total";"8623"
"3171709";"Virgínia (MG)";"Urbana";"3936"
"3171709";"Virgínia (MG)";"Rural";"4687"
"3171808";"Virginópolis (MG)";"Total";"10572"
"3171808";"Virginópolis (MG)";"Urbana";"6208"
"3171808";"Virginópolis (MG)";"Rural";"4364"
"3171907";"Virgolândia (MG)";"Total";"5658"
"3171907";"Virgolândia (MG)";"Urbana";"3402"
"3171907";"Virgolândia (MG)";"Rural";"2256"
"3172004";"Visconde do Rio Branco (MG)";"Total";"37942"
"3172004";"Visconde do Rio Branco (MG)";"Urbana";"31380"
"3172004";"Visconde do Rio Branco (MG)";"Rural";"6562"
"3172103";"Volta Grande (MG)";"Total";"5070"
"3172103";"Volta Grande (MG)";"Urbana";"3802"
"3172103";"Volta Grande (MG)";"Rural";"1268"
"3172202";"Wenceslau Braz (MG)";"Total";"2553"
"3172202";"Wenceslau Braz (MG)";"Urbana";"1270"
"3172202";"Wenceslau Braz (MG)";"Rural";"1283"
"3200102";"Afonso Cláudio (ES)";"Total";"31091"
"3200102";"Afonso Cláudio (ES)";"Urbana";"15855"
"3200102";"Afonso Cláudio (ES)";"Rural";"15236"
"3200136";"Águia Branca (ES)";"Total";"9519"
"3200136";"Águia Branca (ES)";"Urbana";"3051"
"3200136";"Águia Branca (ES)";"Rural";"6468"
"3200169";"Água Doce do Norte (ES)";"Total";"11771"
"3200169";"Água Doce do Norte (ES)";"Urbana";"6699"
"3200169";"Água Doce do Norte (ES)";"Rural";"5072"
"3200201";"Alegre (ES)";"Total";"30768"
"3200201";"Alegre (ES)";"Urbana";"21512"
"3200201";"Alegre (ES)";"Rural";"9256"
"3200300";"Alfredo Chaves (ES)";"Total";"13955"
"3200300";"Alfredo Chaves (ES)";"Urbana";"6545"
"3200300";"Alfredo Chaves (ES)";"Rural";"7410"
"3200359";"Alto Rio Novo (ES)";"Total";"7317"
"3200359";"Alto Rio Novo (ES)";"Urbana";"4256"
"3200359";"Alto Rio Novo (ES)";"Rural";"3061"
"3200409";"Anchieta (ES)";"Total";"23902"
"3200409";"Anchieta (ES)";"Urbana";"18161"
"3200409";"Anchieta (ES)";"Rural";"5741"
"3200508";"Apiacá (ES)";"Total";"7512"
"3200508";"Apiacá (ES)";"Urbana";"5211"
"3200508";"Apiacá (ES)";"Rural";"2301"
"3200607";"Aracruz (ES)";"Total";"81832"
"3200607";"Aracruz (ES)";"Urbana";"71451"
"3200607";"Aracruz (ES)";"Rural";"10381"
"3200706";"Atílio Vivácqua (ES)";"Total";"9850"
"3200706";"Atílio Vivácqua (ES)";"Urbana";"6116"
"3200706";"Atílio Vivácqua (ES)";"Rural";"3734"
"3200805";"Baixo Guandu (ES)";"Total";"29081"
"3200805";"Baixo Guandu (ES)";"Urbana";"22512"
"3200805";"Baixo Guandu (ES)";"Rural";"6569"
"3200904";"Barra de São Francisco (ES)";"Total";"40649"
"3200904";"Barra de São Francisco (ES)";"Urbana";"26357"
"3200904";"Barra de São Francisco (ES)";"Rural";"14292"
"3201001";"Boa Esperança (ES)";"Total";"14199"
"3201001";"Boa Esperança (ES)";"Urbana";"10239"
"3201001";"Boa Esperança (ES)";"Rural";"3960"
"3201100";"Bom Jesus do Norte (ES)";"Total";"9476"
"3201100";"Bom Jesus do Norte (ES)";"Urbana";"8699"
"3201100";"Bom Jesus do Norte (ES)";"Rural";"777"
"3201159";"Brejetuba (ES)";"Total";"11915"
"3201159";"Brejetuba (ES)";"Urbana";"3416"
"3201159";"Brejetuba (ES)";"Rural";"8499"
"3201209";"Cachoeiro de Itapemirim (ES)";"Total";"189889"
"3201209";"Cachoeiro de Itapemirim (ES)";"Urbana";"173589"
"3201209";"Cachoeiro de Itapemirim (ES)";"Rural";"16300"
"3201308";"Cariacica (ES)";"Total";"348738"
"3201308";"Cariacica (ES)";"Urbana";"337643"
"3201308";"Cariacica (ES)";"Rural";"11095"
"3201407";"Castelo (ES)";"Total";"34747"
"3201407";"Castelo (ES)";"Urbana";"21817"
"3201407";"Castelo (ES)";"Rural";"12930"
"3201506";"Colatina (ES)";"Total";"111788"
"3201506";"Colatina (ES)";"Urbana";"98395"
"3201506";"Colatina (ES)";"Rural";"13393"
"3201605";"Conceição da Barra (ES)";"Total";"28449"
"3201605";"Conceição da Barra (ES)";"Urbana";"22575"
"3201605";"Conceição da Barra (ES)";"Rural";"5874"
"3201704";"Conceição do Castelo (ES)";"Total";"11681"
"3201704";"Conceição do Castelo (ES)";"Urbana";"5898"
"3201704";"Conceição do Castelo (ES)";"Rural";"5783"
"3201803";"Divino de São Lourenço (ES)";"Total";"4516"
"3201803";"Divino de São Lourenço (ES)";"Urbana";"1742"
"3201803";"Divino de São Lourenço (ES)";"Rural";"2774"
"3201902";"Domingos Martins (ES)";"Total";"31847"
"3201902";"Domingos Martins (ES)";"Urbana";"7741"
"3201902";"Domingos Martins (ES)";"Rural";"24106"
"3202009";"Dores do Rio Preto (ES)";"Total";"6397"
"3202009";"Dores do Rio Preto (ES)";"Urbana";"3547"
"3202009";"Dores do Rio Preto (ES)";"Rural";"2850"
"3202108";"Ecoporanga (ES)";"Total";"23212"
"3202108";"Ecoporanga (ES)";"Urbana";"14779"
"3202108";"Ecoporanga (ES)";"Rural";"8433"
"3202207";"Fundão (ES)";"Total";"17025"
"3202207";"Fundão (ES)";"Urbana";"14378"
"3202207";"Fundão (ES)";"Rural";"2647"
"3202256";"Governador Lindenberg (ES)";"Total";"10869"
"3202256";"Governador Lindenberg (ES)";"Urbana";"4226"
"3202256";"Governador Lindenberg (ES)";"Rural";"6643"
"3202306";"Guaçuí (ES)";"Total";"27851"
"3202306";"Guaçuí (ES)";"Urbana";"22401"
"3202306";"Guaçuí (ES)";"Rural";"5450"
"3202405";"Guarapari (ES)";"Total";"105286"
"3202405";"Guarapari (ES)";"Urbana";"100528"
"3202405";"Guarapari (ES)";"Rural";"4758"
"3202454";"Ibatiba (ES)";"Total";"22366"
"3202454";"Ibatiba (ES)";"Urbana";"13378"
"3202454";"Ibatiba (ES)";"Rural";"8988"
"3202504";"Ibiraçu (ES)";"Total";"11178"
"3202504";"Ibiraçu (ES)";"Urbana";"8466"
"3202504";"Ibiraçu (ES)";"Rural";"2712"
"3202553";"Ibitirama (ES)";"Total";"8957"
"3202553";"Ibitirama (ES)";"Urbana";"3177"
"3202553";"Ibitirama (ES)";"Rural";"5780"
"3202603";"Iconha (ES)";"Total";"12523"
"3202603";"Iconha (ES)";"Urbana";"7277"
"3202603";"Iconha (ES)";"Rural";"5246"
"3202652";"Irupi (ES)";"Total";"11723"
"3202652";"Irupi (ES)";"Urbana";"4437"
"3202652";"Irupi (ES)";"Rural";"7286"
"3202702";"Itaguaçu (ES)";"Total";"14134"
"3202702";"Itaguaçu (ES)";"Urbana";"8054"
"3202702";"Itaguaçu (ES)";"Rural";"6080"
"3202801";"Itapemirim (ES)";"Total";"30988"
"3202801";"Itapemirim (ES)";"Urbana";"19330"
"3202801";"Itapemirim (ES)";"Rural";"11658"
"3202900";"Itarana (ES)";"Total";"10881"
"3202900";"Itarana (ES)";"Urbana";"4095"
"3202900";"Itarana (ES)";"Rural";"6786"
"3203007";"Iúna (ES)";"Total";"27328"
"3203007";"Iúna (ES)";"Urbana";"15620"
"3203007";"Iúna (ES)";"Rural";"11708"
"3203056";"Jaguaré (ES)";"Total";"24678"
"3203056";"Jaguaré (ES)";"Urbana";"15033"
"3203056";"Jaguaré (ES)";"Rural";"9645"
"3203106";"Jerônimo Monteiro (ES)";"Total";"10879"
"3203106";"Jerônimo Monteiro (ES)";"Urbana";"8535"
"3203106";"Jerônimo Monteiro (ES)";"Rural";"2344"
"3203130";"João Neiva (ES)";"Total";"15809"
"3203130";"João Neiva (ES)";"Urbana";"12752"
"3203130";"João Neiva (ES)";"Rural";"3057"
"3203163";"Laranja da Terra (ES)";"Total";"10826"
"3203163";"Laranja da Terra (ES)";"Urbana";"3528"
"3203163";"Laranja da Terra (ES)";"Rural";"7298"
"3203205";"Linhares (ES)";"Total";"141306"
"3203205";"Linhares (ES)";"Urbana";"121567"
"3203205";"Linhares (ES)";"Rural";"19739"
"3203304";"Mantenópolis (ES)";"Total";"13612"
"3203304";"Mantenópolis (ES)";"Urbana";"8647"
"3203304";"Mantenópolis (ES)";"Rural";"4965"
"3203320";"Marataízes (ES)";"Total";"34140"
"3203320";"Marataízes (ES)";"Urbana";"27614"
"3203320";"Marataízes (ES)";"Rural";"6526"
"3203346";"Marechal Floriano (ES)";"Total";"14262"
"3203346";"Marechal Floriano (ES)";"Urbana";"7421"
"3203346";"Marechal Floriano (ES)";"Rural";"6841"
"3203353";"Marilândia (ES)";"Total";"11107"
"3203353";"Marilândia (ES)";"Urbana";"5648"
"3203353";"Marilândia (ES)";"Rural";"5459"
"3203403";"Mimoso do Sul (ES)";"Total";"25902"
"3203403";"Mimoso do Sul (ES)";"Urbana";"16232"
"3203403";"Mimoso do Sul (ES)";"Rural";"9670"
"3203502";"Montanha (ES)";"Total";"17849"
"3203502";"Montanha (ES)";"Urbana";"13522"
"3203502";"Montanha (ES)";"Rural";"4327"
"3203601";"Mucurici (ES)";"Total";"5655"
"3203601";"Mucurici (ES)";"Urbana";"3590"
"3203601";"Mucurici (ES)";"Rural";"2065"
"3203700";"Muniz Freire (ES)";"Total";"18397"
"3203700";"Muniz Freire (ES)";"Urbana";"8670"
"3203700";"Muniz Freire (ES)";"Rural";"9727"
"3203809";"Muqui (ES)";"Total";"14396"
"3203809";"Muqui (ES)";"Urbana";"9309"
"3203809";"Muqui (ES)";"Rural";"5087"
"3203908";"Nova Venécia (ES)";"Total";"46031"
"3203908";"Nova Venécia (ES)";"Urbana";"30831"
"3203908";"Nova Venécia (ES)";"Rural";"15200"
"3204005";"Pancas (ES)";"Total";"21548"
"3204005";"Pancas (ES)";"Urbana";"10099"
"3204005";"Pancas (ES)";"Rural";"11449"
"3204054";"Pedro Canário (ES)";"Total";"23794"
"3204054";"Pedro Canário (ES)";"Urbana";"22053"
"3204054";"Pedro Canário (ES)";"Rural";"1741"
"3204104";"Pinheiros (ES)";"Total";"23895"
"3204104";"Pinheiros (ES)";"Urbana";"18718"
"3204104";"Pinheiros (ES)";"Rural";"5177"
"3204203";"Piúma (ES)";"Total";"18123"
"3204203";"Piúma (ES)";"Urbana";"17449"
"3204203";"Piúma (ES)";"Rural";"674"
"3204252";"Ponto Belo (ES)";"Total";"6979"
"3204252";"Ponto Belo (ES)";"Urbana";"5588"
"3204252";"Ponto Belo (ES)";"Rural";"1391"
"3204302";"Presidente Kennedy (ES)";"Total";"10314"
"3204302";"Presidente Kennedy (ES)";"Urbana";"3440"
"3204302";"Presidente Kennedy (ES)";"Rural";"6874"
"3204351";"Rio Bananal (ES)";"Total";"17530"
"3204351";"Rio Bananal (ES)";"Urbana";"6788"
"3204351";"Rio Bananal (ES)";"Rural";"10742"
"3204401";"Rio Novo do Sul (ES)";"Total";"11325"
"3204401";"Rio Novo do Sul (ES)";"Urbana";"5946"
"3204401";"Rio Novo do Sul (ES)";"Rural";"5379"
"3204500";"Santa Leopoldina (ES)";"Total";"12240"
"3204500";"Santa Leopoldina (ES)";"Urbana";"2615"
"3204500";"Santa Leopoldina (ES)";"Rural";"9625"
"3204559";"Santa Maria de Jetibá (ES)";"Total";"34176"
"3204559";"Santa Maria de Jetibá (ES)";"Urbana";"11797"
"3204559";"Santa Maria de Jetibá (ES)";"Rural";"22379"
"3204609";"Santa Teresa (ES)";"Total";"21823"
"3204609";"Santa Teresa (ES)";"Urbana";"11768"
"3204609";"Santa Teresa (ES)";"Rural";"10055"
"3204658";"São Domingos do Norte (ES)";"Total";"8001"
"3204658";"São Domingos do Norte (ES)";"Urbana";"3437"
"3204658";"São Domingos do Norte (ES)";"Rural";"4564"
"3204708";"São Gabriel da Palha (ES)";"Total";"31859"
"3204708";"São Gabriel da Palha (ES)";"Urbana";"24325"
"3204708";"São Gabriel da Palha (ES)";"Rural";"7534"
"3204807";"São José do Calçado (ES)";"Total";"10408"
"3204807";"São José do Calçado (ES)";"Urbana";"8350"
"3204807";"São José do Calçado (ES)";"Rural";"2058"
"3204906";"São Mateus (ES)";"Total";"109028"
"3204906";"São Mateus (ES)";"Urbana";"84541"
"3204906";"São Mateus (ES)";"Rural";"24487"
"3204955";"São Roque do Canaã (ES)";"Total";"11273"
"3204955";"São Roque do Canaã (ES)";"Urbana";"5584"
"3204955";"São Roque do Canaã (ES)";"Rural";"5689"
"3205002";"Serra (ES)";"Total";"409267"
"3205002";"Serra (ES)";"Urbana";"406450"
"3205002";"Serra (ES)";"Rural";"2817"
"3205010";"Sooretama (ES)";"Total";"23843"
"3205010";"Sooretama (ES)";"Urbana";"16873"
"3205010";"Sooretama (ES)";"Rural";"6970"
"3205036";"Vargem Alta (ES)";"Total";"19130"
"3205036";"Vargem Alta (ES)";"Urbana";"6722"
"3205036";"Vargem Alta (ES)";"Rural";"12408"
"3205069";"Venda Nova do Imigrante (ES)";"Total";"20447"
"3205069";"Venda Nova do Imigrante (ES)";"Urbana";"14809"
"3205069";"Venda Nova do Imigrante (ES)";"Rural";"5638"
"3205101";"Viana (ES)";"Total";"65001"
"3205101";"Viana (ES)";"Urbana";"59632"
"3205101";"Viana (ES)";"Rural";"5369"
"3205150";"Vila Pavão (ES)";"Total";"8672"
"3205150";"Vila Pavão (ES)";"Urbana";"2998"
"3205150";"Vila Pavão (ES)";"Rural";"5674"
"3205176";"Vila Valério (ES)";"Total";"13830"
"3205176";"Vila Valério (ES)";"Urbana";"5042"
"3205176";"Vila Valério (ES)";"Rural";"8788"
"3205200";"Vila Velha (ES)";"Total";"414586"
"3205200";"Vila Velha (ES)";"Urbana";"412575"
"3205200";"Vila Velha (ES)";"Rural";"2011"
"3205309";"Vitória (ES)";"Total";"327801"
"3205309";"Vitória (ES)";"Urbana";"327801"
"3205309";"Vitória (ES)";"Rural";"-"
"3300100";"Angra dos Reis (RJ)";"Total";"169511"
"3300100";"Angra dos Reis (RJ)";"Urbana";"163290"
"3300100";"Angra dos Reis (RJ)";"Rural";"6221"
"3300159";"Aperibé (RJ)";"Total";"10213"
"3300159";"Aperibé (RJ)";"Urbana";"8878"
"3300159";"Aperibé (RJ)";"Rural";"1335"
"3300209";"Araruama (RJ)";"Total";"112008"
"3300209";"Araruama (RJ)";"Urbana";"106486"
"3300209";"Araruama (RJ)";"Rural";"5522"
"3300225";"Areal (RJ)";"Total";"11423"
"3300225";"Areal (RJ)";"Urbana";"9923"
"3300225";"Areal (RJ)";"Rural";"1500"
"3300233";"Armação dos Búzios (RJ)";"Total";"27560"
"3300233";"Armação dos Búzios (RJ)";"Urbana";"27560"
"3300233";"Armação dos Búzios (RJ)";"Rural";"-"
"3300258";"Arraial do Cabo (RJ)";"Total";"27715"
"3300258";"Arraial do Cabo (RJ)";"Urbana";"27715"
"3300258";"Arraial do Cabo (RJ)";"Rural";"-"
"3300308";"Barra do Piraí (RJ)";"Total";"94778"
"3300308";"Barra do Piraí (RJ)";"Urbana";"91957"
"3300308";"Barra do Piraí (RJ)";"Rural";"2821"
"3300407";"Barra Mansa (RJ)";"Total";"177813"
"3300407";"Barra Mansa (RJ)";"Urbana";"176193"
"3300407";"Barra Mansa (RJ)";"Rural";"1620"
"3300456";"Belford Roxo (RJ)";"Total";"469332"
"3300456";"Belford Roxo (RJ)";"Urbana";"469332"
"3300456";"Belford Roxo (RJ)";"Rural";"-"
"3300506";"Bom Jardim (RJ)";"Total";"25333"
"3300506";"Bom Jardim (RJ)";"Urbana";"15266"
"3300506";"Bom Jardim (RJ)";"Rural";"10067"
"3300605";"Bom Jesus do Itabapoana (RJ)";"Total";"35411"
"3300605";"Bom Jesus do Itabapoana (RJ)";"Urbana";"29927"
"3300605";"Bom Jesus do Itabapoana (RJ)";"Rural";"5484"
"3300704";"Cabo Frio (RJ)";"Total";"186227"
"3300704";"Cabo Frio (RJ)";"Urbana";"140486"
"3300704";"Cabo Frio (RJ)";"Rural";"45741"
"3300803";"Cachoeiras de Macacu (RJ)";"Total";"54273"
"3300803";"Cachoeiras de Macacu (RJ)";"Urbana";"46944"
"3300803";"Cachoeiras de Macacu (RJ)";"Rural";"7329"
"3300902";"Cambuci (RJ)";"Total";"14827"
"3300902";"Cambuci (RJ)";"Urbana";"11292"
"3300902";"Cambuci (RJ)";"Rural";"3535"
"3300936";"Carapebus (RJ)";"Total";"13359"
"3300936";"Carapebus (RJ)";"Urbana";"10542"
"3300936";"Carapebus (RJ)";"Rural";"2817"
"3300951";"Comendador Levy Gasparian (RJ)";"Total";"8180"
"3300951";"Comendador Levy Gasparian (RJ)";"Urbana";"7862"
"3300951";"Comendador Levy Gasparian (RJ)";"Rural";"318"
"3301009";"Campos dos Goytacazes (RJ)";"Total";"463731"
"3301009";"Campos dos Goytacazes (RJ)";"Urbana";"418725"
"3301009";"Campos dos Goytacazes (RJ)";"Rural";"45006"
"3301108";"Cantagalo (RJ)";"Total";"19830"
"3301108";"Cantagalo (RJ)";"Urbana";"14022"
"3301108";"Cantagalo (RJ)";"Rural";"5808"
"3301157";"Cardoso Moreira (RJ)";"Total";"12600"
"3301157";"Cardoso Moreira (RJ)";"Urbana";"8757"
"3301157";"Cardoso Moreira (RJ)";"Rural";"3843"
"3301207";"Carmo (RJ)";"Total";"17434"
"3301207";"Carmo (RJ)";"Urbana";"13470"
"3301207";"Carmo (RJ)";"Rural";"3964"
"3301306";"Casimiro de Abreu (RJ)";"Total";"35347"
"3301306";"Casimiro de Abreu (RJ)";"Urbana";"28521"
"3301306";"Casimiro de Abreu (RJ)";"Rural";"6826"
"3301405";"Conceição de Macabu (RJ)";"Total";"21211"
"3301405";"Conceição de Macabu (RJ)";"Urbana";"18337"
"3301405";"Conceição de Macabu (RJ)";"Rural";"2874"
"3301504";"Cordeiro (RJ)";"Total";"20430"
"3301504";"Cordeiro (RJ)";"Urbana";"19862"
"3301504";"Cordeiro (RJ)";"Rural";"568"
"3301603";"Duas Barras (RJ)";"Total";"10930"
"3301603";"Duas Barras (RJ)";"Urbana";"7736"
"3301603";"Duas Barras (RJ)";"Rural";"3194"
"3301702";"Duque de Caxias (RJ)";"Total";"855048"
"3301702";"Duque de Caxias (RJ)";"Urbana";"852138"
"3301702";"Duque de Caxias (RJ)";"Rural";"2910"
"3301801";"Engenheiro Paulo de Frontin (RJ)";"Total";"13237"
"3301801";"Engenheiro Paulo de Frontin (RJ)";"Urbana";"9523"
"3301801";"Engenheiro Paulo de Frontin (RJ)";"Rural";"3714"
"3301850";"Guapimirim (RJ)";"Total";"51483"
"3301850";"Guapimirim (RJ)";"Urbana";"49746"
"3301850";"Guapimirim (RJ)";"Rural";"1737"
"3301876";"Iguaba Grande (RJ)";"Total";"22851"
"3301876";"Iguaba Grande (RJ)";"Urbana";"22851"
"3301876";"Iguaba Grande (RJ)";"Rural";"-"
"3301900";"Itaboraí (RJ)";"Total";"218008"
"3301900";"Itaboraí (RJ)";"Urbana";"215412"
"3301900";"Itaboraí (RJ)";"Rural";"2596"
"3302007";"Itaguaí (RJ)";"Total";"109091"
"3302007";"Itaguaí (RJ)";"Urbana";"104209"
"3302007";"Itaguaí (RJ)";"Rural";"4882"
"3302056";"Italva (RJ)";"Total";"14063"
"3302056";"Italva (RJ)";"Urbana";"10242"
"3302056";"Italva (RJ)";"Rural";"3821"
"3302106";"Itaocara (RJ)";"Total";"22899"
"3302106";"Itaocara (RJ)";"Urbana";"17326"
"3302106";"Itaocara (RJ)";"Rural";"5573"
"3302205";"Itaperuna (RJ)";"Total";"95841"
"3302205";"Itaperuna (RJ)";"Urbana";"88368"
"3302205";"Itaperuna (RJ)";"Rural";"7473"
"3302254";"Itatiaia (RJ)";"Total";"28783"
"3302254";"Itatiaia (RJ)";"Urbana";"27813"
"3302254";"Itatiaia (RJ)";"Rural";"970"
"3302270";"Japeri (RJ)";"Total";"95492"
"3302270";"Japeri (RJ)";"Urbana";"95492"
"3302270";"Japeri (RJ)";"Rural";"-"
"3302304";"Laje do Muriaé (RJ)";"Total";"7487"
"3302304";"Laje do Muriaé (RJ)";"Urbana";"5637"
"3302304";"Laje do Muriaé (RJ)";"Rural";"1850"
"3302403";"Macaé (RJ)";"Total";"206728"
"3302403";"Macaé (RJ)";"Urbana";"202859"
"3302403";"Macaé (RJ)";"Rural";"3869"
"3302452";"Macuco (RJ)";"Total";"5269"
"3302452";"Macuco (RJ)";"Urbana";"4593"
"3302452";"Macuco (RJ)";"Rural";"676"
"3302502";"Magé (RJ)";"Total";"227322"
"3302502";"Magé (RJ)";"Urbana";"215236"
"3302502";"Magé (RJ)";"Rural";"12086"
"3302601";"Mangaratiba (RJ)";"Total";"36456"
"3302601";"Mangaratiba (RJ)";"Urbana";"32120"
"3302601";"Mangaratiba (RJ)";"Rural";"4336"
"3302700";"Maricá (RJ)";"Total";"127461"
"3302700";"Maricá (RJ)";"Urbana";"125491"
"3302700";"Maricá (RJ)";"Rural";"1970"
"3302809";"Mendes (RJ)";"Total";"17935"
"3302809";"Mendes (RJ)";"Urbana";"17701"
"3302809";"Mendes (RJ)";"Rural";"234"
"3302858";"Mesquita (RJ)";"Total";"168376"
"3302858";"Mesquita (RJ)";"Urbana";"168376"
"3302858";"Mesquita (RJ)";"Rural";"-"
"3302908";"Miguel Pereira (RJ)";"Total";"24642"
"3302908";"Miguel Pereira (RJ)";"Urbana";"21501"
"3302908";"Miguel Pereira (RJ)";"Rural";"3141"
"3303005";"Miracema (RJ)";"Total";"26843"
"3303005";"Miracema (RJ)";"Urbana";"24741"
"3303005";"Miracema (RJ)";"Rural";"2102"
"3303104";"Natividade (RJ)";"Total";"15082"
"3303104";"Natividade (RJ)";"Urbana";"12046"
"3303104";"Natividade (RJ)";"Rural";"3036"
"3303203";"Nilópolis (RJ)";"Total";"157425"
"3303203";"Nilópolis (RJ)";"Urbana";"157425"
"3303203";"Nilópolis (RJ)";"Rural";"-"
"3303302";"Niterói (RJ)";"Total";"487562"
"3303302";"Niterói (RJ)";"Urbana";"487562"
"3303302";"Niterói (RJ)";"Rural";"-"
"3303401";"Nova Friburgo (RJ)";"Total";"182082"
"3303401";"Nova Friburgo (RJ)";"Urbana";"159372"
"3303401";"Nova Friburgo (RJ)";"Rural";"22710"
"3303500";"Nova Iguaçu (RJ)";"Total";"796257"
"3303500";"Nova Iguaçu (RJ)";"Urbana";"787563"
"3303500";"Nova Iguaçu (RJ)";"Rural";"8694"
"3303609";"Paracambi (RJ)";"Total";"47124"
"3303609";"Paracambi (RJ)";"Urbana";"41722"
"3303609";"Paracambi (RJ)";"Rural";"5402"
"3303708";"Paraíba do Sul (RJ)";"Total";"41084"
"3303708";"Paraíba do Sul (RJ)";"Urbana";"36154"
"3303708";"Paraíba do Sul (RJ)";"Rural";"4930"
"3303807";"Paraty (RJ)";"Total";"37533"
"3303807";"Paraty (RJ)";"Urbana";"27689"
"3303807";"Paraty (RJ)";"Rural";"9844"
"3303856";"Paty do Alferes (RJ)";"Total";"26359"
"3303856";"Paty do Alferes (RJ)";"Urbana";"18585"
"3303856";"Paty do Alferes (RJ)";"Rural";"7774"
"3303906";"Petrópolis (RJ)";"Total";"295917"
"3303906";"Petrópolis (RJ)";"Urbana";"281286"
"3303906";"Petrópolis (RJ)";"Rural";"14631"
"3303955";"Pinheiral (RJ)";"Total";"22719"
"3303955";"Pinheiral (RJ)";"Urbana";"20411"
"3303955";"Pinheiral (RJ)";"Rural";"2308"
"3304003";"Piraí (RJ)";"Total";"26314"
"3304003";"Piraí (RJ)";"Urbana";"20836"
"3304003";"Piraí (RJ)";"Rural";"5478"
"3304102";"Porciúncula (RJ)";"Total";"17760"
"3304102";"Porciúncula (RJ)";"Urbana";"13890"
"3304102";"Porciúncula (RJ)";"Rural";"3870"
"3304110";"Porto Real (RJ)";"Total";"16592"
"3304110";"Porto Real (RJ)";"Urbana";"16497"
"3304110";"Porto Real (RJ)";"Rural";"95"
"3304128";"Quatis (RJ)";"Total";"12793"
"3304128";"Quatis (RJ)";"Urbana";"12029"
"3304128";"Quatis (RJ)";"Rural";"764"
"3304144";"Queimados (RJ)";"Total";"137962"
"3304144";"Queimados (RJ)";"Urbana";"137962"
"3304144";"Queimados (RJ)";"Rural";"-"
"3304151";"Quissamã (RJ)";"Total";"20242"
"3304151";"Quissamã (RJ)";"Urbana";"12996"
"3304151";"Quissamã (RJ)";"Rural";"7246"
"3304201";"Resende (RJ)";"Total";"119769"
"3304201";"Resende (RJ)";"Urbana";"112331"
"3304201";"Resende (RJ)";"Rural";"7438"
"3304300";"Rio Bonito (RJ)";"Total";"55551"
"3304300";"Rio Bonito (RJ)";"Urbana";"41259"
"3304300";"Rio Bonito (RJ)";"Rural";"14292"
"3304409";"Rio Claro (RJ)";"Total";"17425"
"3304409";"Rio Claro (RJ)";"Urbana";"13769"
"3304409";"Rio Claro (RJ)";"Rural";"3656"
"3304508";"Rio das Flores (RJ)";"Total";"8561"
"3304508";"Rio das Flores (RJ)";"Urbana";"5959"
"3304508";"Rio das Flores (RJ)";"Rural";"2602"
"3304524";"Rio das Ostras (RJ)";"Total";"105676"
"3304524";"Rio das Ostras (RJ)";"Urbana";"99905"
"3304524";"Rio das Ostras (RJ)";"Rural";"5771"
"3304557";"Rio de Janeiro (RJ)";"Total";"6320446"
"3304557";"Rio de Janeiro (RJ)";"Urbana";"6320446"
"3304557";"Rio de Janeiro (RJ)";"Rural";"-"
"3304607";"Santa Maria Madalena (RJ)";"Total";"10321"
"3304607";"Santa Maria Madalena (RJ)";"Urbana";"5932"
"3304607";"Santa Maria Madalena (RJ)";"Rural";"4389"
"3304706";"Santo Antônio de Pádua (RJ)";"Total";"40589"
"3304706";"Santo Antônio de Pádua (RJ)";"Urbana";"31100"
"3304706";"Santo Antônio de Pádua (RJ)";"Rural";"9489"
"3304755";"São Francisco de Itabapoana (RJ)";"Total";"41354"
"3304755";"São Francisco de Itabapoana (RJ)";"Urbana";"21092"
"3304755";"São Francisco de Itabapoana (RJ)";"Rural";"20262"
"3304805";"São Fidélis (RJ)";"Total";"37543"
"3304805";"São Fidélis (RJ)";"Urbana";"29679"
"3304805";"São Fidélis (RJ)";"Rural";"7864"
"3304904";"São Gonçalo (RJ)";"Total";"999728"
"3304904";"São Gonçalo (RJ)";"Urbana";"998999"
"3304904";"São Gonçalo (RJ)";"Rural";"729"
"3305000";"São João da Barra (RJ)";"Total";"32747"
"3305000";"São João da Barra (RJ)";"Urbana";"25693"
"3305000";"São João da Barra (RJ)";"Rural";"7054"
"3305109";"São João de Meriti (RJ)";"Total";"458673"
"3305109";"São João de Meriti (RJ)";"Urbana";"458673"
"3305109";"São João de Meriti (RJ)";"Rural";"-"
"3305133";"São José de Ubá (RJ)";"Total";"7003"
"3305133";"São José de Ubá (RJ)";"Urbana";"3098"
"3305133";"São José de Ubá (RJ)";"Rural";"3905"
"3305158";"São José do Vale do Rio Preto (RJ)";"Total";"20251"
"3305158";"São José do Vale do Rio Preto (RJ)";"Urbana";"9007"
"3305158";"São José do Vale do Rio Preto (RJ)";"Rural";"11244"
"3305208";"São Pedro da Aldeia (RJ)";"Total";"87875"
"3305208";"São Pedro da Aldeia (RJ)";"Urbana";"82148"
"3305208";"São Pedro da Aldeia (RJ)";"Rural";"5727"
"3305307";"São Sebastião do Alto (RJ)";"Total";"8895"
"3305307";"São Sebastião do Alto (RJ)";"Urbana";"4612"
"3305307";"São Sebastião do Alto (RJ)";"Rural";"4283"
"3305406";"Sapucaia (RJ)";"Total";"17525"
"3305406";"Sapucaia (RJ)";"Urbana";"13273"
"3305406";"Sapucaia (RJ)";"Rural";"4252"
"3305505";"Saquarema (RJ)";"Total";"74234"
"3305505";"Saquarema (RJ)";"Urbana";"70456"
"3305505";"Saquarema (RJ)";"Rural";"3778"
"3305554";"Seropédica (RJ)";"Total";"78186"
"3305554";"Seropédica (RJ)";"Urbana";"64285"
"3305554";"Seropédica (RJ)";"Rural";"13901"
"3305604";"Silva Jardim (RJ)";"Total";"21349"
"3305604";"Silva Jardim (RJ)";"Urbana";"16121"
"3305604";"Silva Jardim (RJ)";"Rural";"5228"
"3305703";"Sumidouro (RJ)";"Total";"14900"
"3305703";"Sumidouro (RJ)";"Urbana";"5440"
"3305703";"Sumidouro (RJ)";"Rural";"9460"
"3305752";"Tanguá (RJ)";"Total";"30732"
"3305752";"Tanguá (RJ)";"Urbana";"27428"
"3305752";"Tanguá (RJ)";"Rural";"3304"
"3305802";"Teresópolis (RJ)";"Total";"163746"
"3305802";"Teresópolis (RJ)";"Urbana";"146207"
"3305802";"Teresópolis (RJ)";"Rural";"17539"
"3305901";"Trajano de Moraes (RJ)";"Total";"10289"
"3305901";"Trajano de Moraes (RJ)";"Urbana";"4780"
"3305901";"Trajano de Moraes (RJ)";"Rural";"5509"
"3306008";"Três Rios (RJ)";"Total";"77432"
"3306008";"Três Rios (RJ)";"Urbana";"75165"
"3306008";"Três Rios (RJ)";"Rural";"2267"
"3306107";"Valença (RJ)";"Total";"71843"
"3306107";"Valença (RJ)";"Urbana";"62224"
"3306107";"Valença (RJ)";"Rural";"9619"
"3306156";"Varre-Sai (RJ)";"Total";"9475"
"3306156";"Varre-Sai (RJ)";"Urbana";"5790"
"3306156";"Varre-Sai (RJ)";"Rural";"3685"
"3306206";"Vassouras (RJ)";"Total";"34410"
"3306206";"Vassouras (RJ)";"Urbana";"23199"
"3306206";"Vassouras (RJ)";"Rural";"11211"
"3306305";"Volta Redonda (RJ)";"Total";"257803"
"3306305";"Volta Redonda (RJ)";"Urbana";"257686"
"3306305";"Volta Redonda (RJ)";"Rural";"117"
"3500105";"Adamantina (SP)";"Total";"33797"
"3500105";"Adamantina (SP)";"Urbana";"31948"
"3500105";"Adamantina (SP)";"Rural";"1849"
"3500204";"Adolfo (SP)";"Total";"3557"
"3500204";"Adolfo (SP)";"Urbana";"3200"
"3500204";"Adolfo (SP)";"Rural";"357"
"3500303";"Aguaí (SP)";"Total";"32148"
"3500303";"Aguaí (SP)";"Urbana";"29001"
"3500303";"Aguaí (SP)";"Rural";"3147"
"3500402";"Águas da Prata (SP)";"Total";"7584"
"3500402";"Águas da Prata (SP)";"Urbana";"6771"
"3500402";"Águas da Prata (SP)";"Rural";"813"
"3500501";"Águas de Lindóia (SP)";"Total";"17266"
"3500501";"Águas de Lindóia (SP)";"Urbana";"17111"
"3500501";"Águas de Lindóia (SP)";"Rural";"155"
"3500550";"Águas de Santa Bárbara (SP)";"Total";"5601"
"3500550";"Águas de Santa Bárbara (SP)";"Urbana";"4259"
"3500550";"Águas de Santa Bárbara (SP)";"Rural";"1342"
"3500600";"Águas de São Pedro (SP)";"Total";"2707"
"3500600";"Águas de São Pedro (SP)";"Urbana";"2707"
"3500600";"Águas de São Pedro (SP)";"Rural";"-"
"3500709";"Agudos (SP)";"Total";"34524"
"3500709";"Agudos (SP)";"Urbana";"32993"
"3500709";"Agudos (SP)";"Rural";"1531"
"3500758";"Alambari (SP)";"Total";"4884"
"3500758";"Alambari (SP)";"Urbana";"3672"
"3500758";"Alambari (SP)";"Rural";"1212"
"3500808";"Alfredo Marcondes (SP)";"Total";"3891"
"3500808";"Alfredo Marcondes (SP)";"Urbana";"3255"
"3500808";"Alfredo Marcondes (SP)";"Rural";"636"
"3500907";"Altair (SP)";"Total";"3815"
"3500907";"Altair (SP)";"Urbana";"3022"
"3500907";"Altair (SP)";"Rural";"793"
"3501004";"Altinópolis (SP)";"Total";"15607"
"3501004";"Altinópolis (SP)";"Urbana";"13636"
"3501004";"Altinópolis (SP)";"Rural";"1971"
"3501103";"Alto Alegre (SP)";"Total";"4102"
"3501103";"Alto Alegre (SP)";"Urbana";"3234"
"3501103";"Alto Alegre (SP)";"Rural";"868"
"3501152";"Alumínio (SP)";"Total";"16839"
"3501152";"Alumínio (SP)";"Urbana";"14123"
"3501152";"Alumínio (SP)";"Rural";"2716"
"3501202";"Álvares Florence (SP)";"Total";"3897"
"3501202";"Álvares Florence (SP)";"Urbana";"2648"
"3501202";"Álvares Florence (SP)";"Rural";"1249"
"3501301";"Álvares Machado (SP)";"Total";"23513"
"3501301";"Álvares Machado (SP)";"Urbana";"21183"
"3501301";"Álvares Machado (SP)";"Rural";"2330"
"3501400";"Álvaro de Carvalho (SP)";"Total";"4650"
"3501400";"Álvaro de Carvalho (SP)";"Urbana";"2952"
"3501400";"Álvaro de Carvalho (SP)";"Rural";"1698"
"3501509";"Alvinlândia (SP)";"Total";"3000"
"3501509";"Alvinlândia (SP)";"Urbana";"2693"
"3501509";"Alvinlândia (SP)";"Rural";"307"
"3501608";"Americana (SP)";"Total";"210638"
"3501608";"Americana (SP)";"Urbana";"209654"
"3501608";"Americana (SP)";"Rural";"984"
"3501707";"Américo Brasiliense (SP)";"Total";"34478"
"3501707";"Américo Brasiliense (SP)";"Urbana";"34217"
"3501707";"Américo Brasiliense (SP)";"Rural";"261"
"3501806";"Américo de Campos (SP)";"Total";"5706"
"3501806";"Américo de Campos (SP)";"Urbana";"4788"
"3501806";"Américo de Campos (SP)";"Rural";"918"
"3501905";"Amparo (SP)";"Total";"65829"
"3501905";"Amparo (SP)";"Urbana";"51811"
"3501905";"Amparo (SP)";"Rural";"14018"
"3502002";"Analândia (SP)";"Total";"4293"
"3502002";"Analândia (SP)";"Urbana";"3408"
"3502002";"Analândia (SP)";"Rural";"885"
"3502101";"Andradina (SP)";"Total";"55334"
"3502101";"Andradina (SP)";"Urbana";"51649"
"3502101";"Andradina (SP)";"Rural";"3685"
"3502200";"Angatuba (SP)";"Total";"22210"
"3502200";"Angatuba (SP)";"Urbana";"15953"
"3502200";"Angatuba (SP)";"Rural";"6257"
"3502309";"Anhembi (SP)";"Total";"5653"
"3502309";"Anhembi (SP)";"Urbana";"4271"
"3502309";"Anhembi (SP)";"Rural";"1382"
"3502408";"Anhumas (SP)";"Total";"3738"
"3502408";"Anhumas (SP)";"Urbana";"3059"
"3502408";"Anhumas (SP)";"Rural";"679"
"3502507";"Aparecida (SP)";"Total";"35007"
"3502507";"Aparecida (SP)";"Urbana";"34498"
"3502507";"Aparecida (SP)";"Rural";"509"
"3502606";"Aparecida d'Oeste (SP)";"Total";"4450"
"3502606";"Aparecida d'Oeste (SP)";"Urbana";"3645"
"3502606";"Aparecida d'Oeste (SP)";"Rural";"805"
"3502705";"Apiaí (SP)";"Total";"25191"
"3502705";"Apiaí (SP)";"Urbana";"18218"
"3502705";"Apiaí (SP)";"Rural";"6973"
"3502754";"Araçariguama (SP)";"Total";"17080"
"3502754";"Araçariguama (SP)";"Urbana";"17080"
"3502754";"Araçariguama (SP)";"Rural";"-"
"3502804";"Araçatuba (SP)";"Total";"181579"
"3502804";"Araçatuba (SP)";"Urbana";"178077"
"3502804";"Araçatuba (SP)";"Rural";"3502"
"3502903";"Araçoiaba da Serra (SP)";"Total";"27299"
"3502903";"Araçoiaba da Serra (SP)";"Urbana";"18764"
"3502903";"Araçoiaba da Serra (SP)";"Rural";"8535"
"3503000";"Aramina (SP)";"Total";"5152"
"3503000";"Aramina (SP)";"Urbana";"4816"
"3503000";"Aramina (SP)";"Rural";"336"
"3503109";"Arandu (SP)";"Total";"6123"
"3503109";"Arandu (SP)";"Urbana";"4614"
"3503109";"Arandu (SP)";"Rural";"1509"
"3503158";"Arapeí (SP)";"Total";"2493"
"3503158";"Arapeí (SP)";"Urbana";"1875"
"3503158";"Arapeí (SP)";"Rural";"618"
"3503208";"Araraquara (SP)";"Total";"208662"
"3503208";"Araraquara (SP)";"Urbana";"202730"
"3503208";"Araraquara (SP)";"Rural";"5932"
"3503307";"Araras (SP)";"Total";"118843"
"3503307";"Araras (SP)";"Urbana";"112444"
"3503307";"Araras (SP)";"Rural";"6399"
"3503356";"Arco-Íris (SP)";"Total";"1925"
"3503356";"Arco-Íris (SP)";"Urbana";"1097"
"3503356";"Arco-Íris (SP)";"Rural";"828"
"3503406";"Arealva (SP)";"Total";"7841"
"3503406";"Arealva (SP)";"Urbana";"6176"
"3503406";"Arealva (SP)";"Rural";"1665"
"3503505";"Areias (SP)";"Total";"3696"
"3503505";"Areias (SP)";"Urbana";"2478"
"3503505";"Areias (SP)";"Rural";"1218"
"3503604";"Areiópolis (SP)";"Total";"10579"
"3503604";"Areiópolis (SP)";"Urbana";"9401"
"3503604";"Areiópolis (SP)";"Rural";"1178"
"3503703";"Ariranha (SP)";"Total";"8547"
"3503703";"Ariranha (SP)";"Urbana";"8094"
"3503703";"Ariranha (SP)";"Rural";"453"
"3503802";"Artur Nogueira (SP)";"Total";"44177"
"3503802";"Artur Nogueira (SP)";"Urbana";"39998"
"3503802";"Artur Nogueira (SP)";"Rural";"4179"
"3503901";"Arujá (SP)";"Total";"74905"
"3503901";"Arujá (SP)";"Urbana";"71916"
"3503901";"Arujá (SP)";"Rural";"2989"
"3503950";"Aspásia (SP)";"Total";"1809"
"3503950";"Aspásia (SP)";"Urbana";"1257"
"3503950";"Aspásia (SP)";"Rural";"552"
"3504008";"Assis (SP)";"Total";"95144"
"3504008";"Assis (SP)";"Urbana";"90991"
"3504008";"Assis (SP)";"Rural";"4153"
"3504107";"Atibaia (SP)";"Total";"126603"
"3504107";"Atibaia (SP)";"Urbana";"115229"
"3504107";"Atibaia (SP)";"Rural";"11374"
"3504206";"Auriflama (SP)";"Total";"14202"
"3504206";"Auriflama (SP)";"Urbana";"12948"
"3504206";"Auriflama (SP)";"Rural";"1254"
"3504305";"Avaí (SP)";"Total";"4959"
"3504305";"Avaí (SP)";"Urbana";"3330"
"3504305";"Avaí (SP)";"Rural";"1629"
"3504404";"Avanhandava (SP)";"Total";"11310"
"3504404";"Avanhandava (SP)";"Urbana";"9563"
"3504404";"Avanhandava (SP)";"Rural";"1747"
"3504503";"Avaré (SP)";"Total";"82934"
"3504503";"Avaré (SP)";"Urbana";"79391"
"3504503";"Avaré (SP)";"Rural";"3543"
"3504602";"Bady Bassitt (SP)";"Total";"14603"
"3504602";"Bady Bassitt (SP)";"Urbana";"13659"
"3504602";"Bady Bassitt (SP)";"Rural";"944"
"3504701";"Balbinos (SP)";"Total";"3702"
"3504701";"Balbinos (SP)";"Urbana";"1191"
"3504701";"Balbinos (SP)";"Rural";"2511"
"3504800";"Bálsamo (SP)";"Total";"8160"
"3504800";"Bálsamo (SP)";"Urbana";"7474"
"3504800";"Bálsamo (SP)";"Rural";"686"
"3504909";"Bananal (SP)";"Total";"10223"
"3504909";"Bananal (SP)";"Urbana";"8157"
"3504909";"Bananal (SP)";"Rural";"2066"
"3505005";"Barão de Antonina (SP)";"Total";"3116"
"3505005";"Barão de Antonina (SP)";"Urbana";"1913"
"3505005";"Barão de Antonina (SP)";"Rural";"1203"
"3505104";"Barbosa (SP)";"Total";"6593"
"3505104";"Barbosa (SP)";"Urbana";"5575"
"3505104";"Barbosa (SP)";"Rural";"1018"
"3505203";"Bariri (SP)";"Total";"31593"
"3505203";"Bariri (SP)";"Urbana";"29975"
"3505203";"Bariri (SP)";"Rural";"1618"
"3505302";"Barra Bonita (SP)";"Total";"35246"
"3505302";"Barra Bonita (SP)";"Urbana";"34507"
"3505302";"Barra Bonita (SP)";"Rural";"739"
"3505351";"Barra do Chapéu (SP)";"Total";"5244"
"3505351";"Barra do Chapéu (SP)";"Urbana";"1544"
"3505351";"Barra do Chapéu (SP)";"Rural";"3700"
"3505401";"Barra do Turvo (SP)";"Total";"7729"
"3505401";"Barra do Turvo (SP)";"Urbana";"3174"
"3505401";"Barra do Turvo (SP)";"Rural";"4555"
"3505500";"Barretos (SP)";"Total";"112101"
"3505500";"Barretos (SP)";"Urbana";"108686"
"3505500";"Barretos (SP)";"Rural";"3415"
"3505609";"Barrinha (SP)";"Total";"28496"
"3505609";"Barrinha (SP)";"Urbana";"28180"
"3505609";"Barrinha (SP)";"Rural";"316"
"3505708";"Barueri (SP)";"Total";"240749"
"3505708";"Barueri (SP)";"Urbana";"240749"
"3505708";"Barueri (SP)";"Rural";"-"
"3505807";"Bastos (SP)";"Total";"20445"
"3505807";"Bastos (SP)";"Urbana";"17608"
"3505807";"Bastos (SP)";"Rural";"2837"
"3505906";"Batatais (SP)";"Total";"56476"
"3505906";"Batatais (SP)";"Urbana";"49945"
"3505906";"Batatais (SP)";"Rural";"6531"
"3506003";"Bauru (SP)";"Total";"343937"
"3506003";"Bauru (SP)";"Urbana";"338184"
"3506003";"Bauru (SP)";"Rural";"5753"
"3506102";"Bebedouro (SP)";"Total";"75035"
"3506102";"Bebedouro (SP)";"Urbana";"71503"
"3506102";"Bebedouro (SP)";"Rural";"3532"
"3506201";"Bento de Abreu (SP)";"Total";"2674"
"3506201";"Bento de Abreu (SP)";"Urbana";"2444"
"3506201";"Bento de Abreu (SP)";"Rural";"230"
"3506300";"Bernardino de Campos (SP)";"Total";"10775"
"3506300";"Bernardino de Campos (SP)";"Urbana";"9658"
"3506300";"Bernardino de Campos (SP)";"Rural";"1117"
"3506359";"Bertioga (SP)";"Total";"47645"
"3506359";"Bertioga (SP)";"Urbana";"46867"
"3506359";"Bertioga (SP)";"Rural";"778"
"3506409";"Bilac (SP)";"Total";"7048"
"3506409";"Bilac (SP)";"Urbana";"6481"
"3506409";"Bilac (SP)";"Rural";"567"
"3506508";"Birigui (SP)";"Total";"108728"
"3506508";"Birigui (SP)";"Urbana";"105487"
"3506508";"Birigui (SP)";"Rural";"3241"
"3506607";"Biritiba Mirim (SP)";"Total";"28575"
"3506607";"Biritiba Mirim (SP)";"Urbana";"24525"
"3506607";"Biritiba Mirim (SP)";"Rural";"4050"
"3506706";"Boa Esperança do Sul (SP)";"Total";"13645"
"3506706";"Boa Esperança do Sul (SP)";"Urbana";"12184"
"3506706";"Boa Esperança do Sul (SP)";"Rural";"1461"
"3506805";"Bocaina (SP)";"Total";"10859"
"3506805";"Bocaina (SP)";"Urbana";"10006"
"3506805";"Bocaina (SP)";"Rural";"853"
"3506904";"Bofete (SP)";"Total";"9618"
"3506904";"Bofete (SP)";"Urbana";"6132"
"3506904";"Bofete (SP)";"Rural";"3486"
"3507001";"Boituva (SP)";"Total";"48314"
"3507001";"Boituva (SP)";"Urbana";"45448"
"3507001";"Boituva (SP)";"Rural";"2866"
"3507100";"Bom Jesus dos Perdões (SP)";"Total";"19708"
"3507100";"Bom Jesus dos Perdões (SP)";"Urbana";"17376"
"3507100";"Bom Jesus dos Perdões (SP)";"Rural";"2332"
"3507159";"Bom Sucesso de Itararé (SP)";"Total";"3571"
"3507159";"Bom Sucesso de Itararé (SP)";"Urbana";"2430"
"3507159";"Bom Sucesso de Itararé (SP)";"Rural";"1141"
"3507209";"Borá (SP)";"Total";"805"
"3507209";"Borá (SP)";"Urbana";"627"
"3507209";"Borá (SP)";"Rural";"178"
"3507308";"Boracéia (SP)";"Total";"4268"
"3507308";"Boracéia (SP)";"Urbana";"3827"
"3507308";"Boracéia (SP)";"Rural";"441"
"3507407";"Borborema (SP)";"Total";"14529"
"3507407";"Borborema (SP)";"Urbana";"13095"
"3507407";"Borborema (SP)";"Rural";"1434"
"3507456";"Borebi (SP)";"Total";"2293"
"3507456";"Borebi (SP)";"Urbana";"2000"
"3507456";"Borebi (SP)";"Rural";"293"
"3507506";"Botucatu (SP)";"Total";"127328"
"3507506";"Botucatu (SP)";"Urbana";"122678"
"3507506";"Botucatu (SP)";"Rural";"4650"
"3507605";"Bragança Paulista (SP)";"Total";"146744"
"3507605";"Bragança Paulista (SP)";"Urbana";"142255"
"3507605";"Bragança Paulista (SP)";"Rural";"4489"
"3507704";"Braúna (SP)";"Total";"5021"
"3507704";"Braúna (SP)";"Urbana";"4390"
"3507704";"Braúna (SP)";"Rural";"631"
"3507753";"Brejo Alegre (SP)";"Total";"2573"
"3507753";"Brejo Alegre (SP)";"Urbana";"2110"
"3507753";"Brejo Alegre (SP)";"Rural";"463"
"3507803";"Brodowski (SP)";"Total";"21107"
"3507803";"Brodowski (SP)";"Urbana";"20597"
"3507803";"Brodowski (SP)";"Rural";"510"
"3507902";"Brotas (SP)";"Total";"21580"
"3507902";"Brotas (SP)";"Urbana";"18599"
"3507902";"Brotas (SP)";"Rural";"2981"
"3508009";"Buri (SP)";"Total";"18563"
"3508009";"Buri (SP)";"Urbana";"14992"
"3508009";"Buri (SP)";"Rural";"3571"
"3508108";"Buritama (SP)";"Total";"15418"
"3508108";"Buritama (SP)";"Urbana";"14526"
"3508108";"Buritama (SP)";"Rural";"892"
"3508207";"Buritizal (SP)";"Total";"4053"
"3508207";"Buritizal (SP)";"Urbana";"3306"
"3508207";"Buritizal (SP)";"Rural";"747"
"3508306";"Cabrália Paulista (SP)";"Total";"4365"
"3508306";"Cabrália Paulista (SP)";"Urbana";"3777"
"3508306";"Cabrália Paulista (SP)";"Rural";"588"
"3508405";"Cabreúva (SP)";"Total";"41604"
"3508405";"Cabreúva (SP)";"Urbana";"35261"
"3508405";"Cabreúva (SP)";"Rural";"6343"
"3508504";"Caçapava (SP)";"Total";"84752"
"3508504";"Caçapava (SP)";"Urbana";"72517"
"3508504";"Caçapava (SP)";"Rural";"12235"
"3508603";"Cachoeira Paulista (SP)";"Total";"30091"
"3508603";"Cachoeira Paulista (SP)";"Urbana";"24572"
"3508603";"Cachoeira Paulista (SP)";"Rural";"5519"
"3508702";"Caconde (SP)";"Total";"18538"
"3508702";"Caconde (SP)";"Urbana";"12639"
"3508702";"Caconde (SP)";"Rural";"5899"
"3508801";"Cafelândia (SP)";"Total";"16607"
"3508801";"Cafelândia (SP)";"Urbana";"14426"
"3508801";"Cafelândia (SP)";"Rural";"2181"
"3508900";"Caiabu (SP)";"Total";"4072"
"3508900";"Caiabu (SP)";"Urbana";"3315"
"3508900";"Caiabu (SP)";"Rural";"757"
"3509007";"Caieiras (SP)";"Total";"86529"
"3509007";"Caieiras (SP)";"Urbana";"84386"
"3509007";"Caieiras (SP)";"Rural";"2143"
"3509106";"Caiuá (SP)";"Total";"5039"
"3509106";"Caiuá (SP)";"Urbana";"1930"
"3509106";"Caiuá (SP)";"Rural";"3109"
"3509205";"Cajamar (SP)";"Total";"64114"
"3509205";"Cajamar (SP)";"Urbana";"62823"
"3509205";"Cajamar (SP)";"Rural";"1291"
"3509254";"Cajati (SP)";"Total";"28372"
"3509254";"Cajati (SP)";"Urbana";"20720"
"3509254";"Cajati (SP)";"Rural";"7652"
"3509304";"Cajobi (SP)";"Total";"9768"
"3509304";"Cajobi (SP)";"Urbana";"9133"
"3509304";"Cajobi (SP)";"Rural";"635"
"3509403";"Cajuru (SP)";"Total";"23371"
"3509403";"Cajuru (SP)";"Urbana";"20795"
"3509403";"Cajuru (SP)";"Rural";"2576"
"3509452";"Campina do Monte Alegre (SP)";"Total";"5567"
"3509452";"Campina do Monte Alegre (SP)";"Urbana";"4710"
"3509452";"Campina do Monte Alegre (SP)";"Rural";"857"
"3509502";"Campinas (SP)";"Total";"1080113"
"3509502";"Campinas (SP)";"Urbana";"1061540"
"3509502";"Campinas (SP)";"Rural";"18573"
"3509601";"Campo Limpo Paulista (SP)";"Total";"74074"
"3509601";"Campo Limpo Paulista (SP)";"Urbana";"74074"
"3509601";"Campo Limpo Paulista (SP)";"Rural";"-"
"3509700";"Campos do Jordão (SP)";"Total";"47789"
"3509700";"Campos do Jordão (SP)";"Urbana";"47491"
"3509700";"Campos do Jordão (SP)";"Rural";"298"
"3509809";"Campos Novos Paulista (SP)";"Total";"4539"
"3509809";"Campos Novos Paulista (SP)";"Urbana";"3528"
"3509809";"Campos Novos Paulista (SP)";"Rural";"1011"
"3509908";"Cananéia (SP)";"Total";"12226"
"3509908";"Cananéia (SP)";"Urbana";"10436"
"3509908";"Cananéia (SP)";"Rural";"1790"
"3509957";"Canas (SP)";"Total";"4385"
"3509957";"Canas (SP)";"Urbana";"4070"
"3509957";"Canas (SP)";"Rural";"315"
"3510005";"Cândido Mota (SP)";"Total";"29884"
"3510005";"Cândido Mota (SP)";"Urbana";"28096"
"3510005";"Cândido Mota (SP)";"Rural";"1788"
"3510104";"Cândido Rodrigues (SP)";"Total";"2668"
"3510104";"Cândido Rodrigues (SP)";"Urbana";"2153"
"3510104";"Cândido Rodrigues (SP)";"Rural";"515"
"3510153";"Canitar (SP)";"Total";"4369"
"3510153";"Canitar (SP)";"Urbana";"4138"
"3510153";"Canitar (SP)";"Rural";"231"
"3510203";"Capão Bonito (SP)";"Total";"46178"
"3510203";"Capão Bonito (SP)";"Urbana";"37824"
"3510203";"Capão Bonito (SP)";"Rural";"8354"
"3510302";"Capela do Alto (SP)";"Total";"17532"
"3510302";"Capela do Alto (SP)";"Urbana";"14522"
"3510302";"Capela do Alto (SP)";"Rural";"3010"
"3510401";"Capivari (SP)";"Total";"48576"
"3510401";"Capivari (SP)";"Urbana";"45904"
"3510401";"Capivari (SP)";"Rural";"2672"
"3510500";"Caraguatatuba (SP)";"Total";"100840"
"3510500";"Caraguatatuba (SP)";"Urbana";"96673"
"3510500";"Caraguatatuba (SP)";"Rural";"4167"
"3510609";"Carapicuíba (SP)";"Total";"369584"
"3510609";"Carapicuíba (SP)";"Urbana";"369584"
"3510609";"Carapicuíba (SP)";"Rural";"-"
"3510708";"Cardoso (SP)";"Total";"11805"
"3510708";"Cardoso (SP)";"Urbana";"10730"
"3510708";"Cardoso (SP)";"Rural";"1075"
"3510807";"Casa Branca (SP)";"Total";"28307"
"3510807";"Casa Branca (SP)";"Urbana";"23154"
"3510807";"Casa Branca (SP)";"Rural";"5153"
"3510906";"Cássia dos Coqueiros (SP)";"Total";"2634"
"3510906";"Cássia dos Coqueiros (SP)";"Urbana";"1795"
"3510906";"Cássia dos Coqueiros (SP)";"Rural";"839"
"3511003";"Castilho (SP)";"Total";"18003"
"3511003";"Castilho (SP)";"Urbana";"13586"
"3511003";"Castilho (SP)";"Rural";"4417"
"3511102";"Catanduva (SP)";"Total";"112820"
"3511102";"Catanduva (SP)";"Urbana";"111914"
"3511102";"Catanduva (SP)";"Rural";"906"
"3511201";"Catiguá (SP)";"Total";"7127"
"3511201";"Catiguá (SP)";"Urbana";"6569"
"3511201";"Catiguá (SP)";"Rural";"558"
"3511300";"Cedral (SP)";"Total";"7972"
"3511300";"Cedral (SP)";"Urbana";"6307"
"3511300";"Cedral (SP)";"Rural";"1665"
"3511409";"Cerqueira César (SP)";"Total";"17532"
"3511409";"Cerqueira César (SP)";"Urbana";"15716"
"3511409";"Cerqueira César (SP)";"Rural";"1816"
"3511508";"Cerquilho (SP)";"Total";"39617"
"3511508";"Cerquilho (SP)";"Urbana";"37567"
"3511508";"Cerquilho (SP)";"Rural";"2050"
"3511607";"Cesário Lange (SP)";"Total";"15540"
"3511607";"Cesário Lange (SP)";"Urbana";"10492"
"3511607";"Cesário Lange (SP)";"Rural";"5048"
"3511706";"Charqueada (SP)";"Total";"15085"
"3511706";"Charqueada (SP)";"Urbana";"13686"
"3511706";"Charqueada (SP)";"Rural";"1399"
"3511904";"Clementina (SP)";"Total";"7065"
"3511904";"Clementina (SP)";"Urbana";"6734"
"3511904";"Clementina (SP)";"Rural";"331"
"3512001";"Colina (SP)";"Total";"17371"
"3512001";"Colina (SP)";"Urbana";"16223"
"3512001";"Colina (SP)";"Rural";"1148"
"3512100";"Colômbia (SP)";"Total";"5994"
"3512100";"Colômbia (SP)";"Urbana";"4332"
"3512100";"Colômbia (SP)";"Rural";"1662"
"3512209";"Conchal (SP)";"Total";"25229"
"3512209";"Conchal (SP)";"Urbana";"23839"
"3512209";"Conchal (SP)";"Rural";"1390"
"3512308";"Conchas (SP)";"Total";"16288"
"3512308";"Conchas (SP)";"Urbana";"13197"
"3512308";"Conchas (SP)";"Rural";"3091"
"3512407";"Cordeirópolis (SP)";"Total";"21080"
"3512407";"Cordeirópolis (SP)";"Urbana";"18934"
"3512407";"Cordeirópolis (SP)";"Rural";"2146"
"3512506";"Coroados (SP)";"Total";"5238"
"3512506";"Coroados (SP)";"Urbana";"4242"
"3512506";"Coroados (SP)";"Rural";"996"
"3512605";"Coronel Macedo (SP)";"Total";"5001"
"3512605";"Coronel Macedo (SP)";"Urbana";"3865"
"3512605";"Coronel Macedo (SP)";"Rural";"1136"
"3512704";"Corumbataí (SP)";"Total";"3874"
"3512704";"Corumbataí (SP)";"Urbana";"2093"
"3512704";"Corumbataí (SP)";"Rural";"1781"
"3512803";"Cosmópolis (SP)";"Total";"58827"
"3512803";"Cosmópolis (SP)";"Urbana";"54634"
"3512803";"Cosmópolis (SP)";"Rural";"4193"
"3512902";"Cosmorama (SP)";"Total";"7214"
"3512902";"Cosmorama (SP)";"Urbana";"4945"
"3512902";"Cosmorama (SP)";"Rural";"2269"
"3513009";"Cotia (SP)";"Total";"201150"
"3513009";"Cotia (SP)";"Urbana";"201150"
"3513009";"Cotia (SP)";"Rural";"-"
"3513108";"Cravinhos (SP)";"Total";"31691"
"3513108";"Cravinhos (SP)";"Urbana";"30902"
"3513108";"Cravinhos (SP)";"Rural";"789"
"3513207";"Cristais Paulista (SP)";"Total";"7588"
"3513207";"Cristais Paulista (SP)";"Urbana";"5528"
"3513207";"Cristais Paulista (SP)";"Rural";"2060"
"3513306";"Cruzália (SP)";"Total";"2274"
"3513306";"Cruzália (SP)";"Urbana";"1510"
"3513306";"Cruzália (SP)";"Rural";"764"
"3513405";"Cruzeiro (SP)";"Total";"77039"
"3513405";"Cruzeiro (SP)";"Urbana";"75076"
"3513405";"Cruzeiro (SP)";"Rural";"1963"
"3513504";"Cubatão (SP)";"Total";"118720"
"3513504";"Cubatão (SP)";"Urbana";"118720"
"3513504";"Cubatão (SP)";"Rural";"-"
"3513603";"Cunha (SP)";"Total";"21866"
"3513603";"Cunha (SP)";"Urbana";"12167"
"3513603";"Cunha (SP)";"Rural";"9699"
"3513702";"Descalvado (SP)";"Total";"31056"
"3513702";"Descalvado (SP)";"Urbana";"27712"
"3513702";"Descalvado (SP)";"Rural";"3344"
"3513801";"Diadema (SP)";"Total";"386089"
"3513801";"Diadema (SP)";"Urbana";"386089"
"3513801";"Diadema (SP)";"Rural";"-"
"3513850";"Dirce Reis (SP)";"Total";"1689"
"3513850";"Dirce Reis (SP)";"Urbana";"1279"
"3513850";"Dirce Reis (SP)";"Rural";"410"
"3513900";"Divinolândia (SP)";"Total";"11208"
"3513900";"Divinolândia (SP)";"Urbana";"7500"
"3513900";"Divinolândia (SP)";"Rural";"3708"
"3514007";"Dobrada (SP)";"Total";"7939"
"3514007";"Dobrada (SP)";"Urbana";"7762"
"3514007";"Dobrada (SP)";"Rural";"177"
"3514106";"Dois Córregos (SP)";"Total";"24761"
"3514106";"Dois Córregos (SP)";"Urbana";"23446"
"3514106";"Dois Córregos (SP)";"Rural";"1315"
"3514205";"Dolcinópolis (SP)";"Total";"2096"
"3514205";"Dolcinópolis (SP)";"Urbana";"1949"
"3514205";"Dolcinópolis (SP)";"Rural";"147"
"3514304";"Dourado (SP)";"Total";"8609"
"3514304";"Dourado (SP)";"Urbana";"7869"
"3514304";"Dourado (SP)";"Rural";"740"
"3514403";"Dracena (SP)";"Total";"43258"
"3514403";"Dracena (SP)";"Urbana";"39946"
"3514403";"Dracena (SP)";"Rural";"3312"
"3514502";"Duartina (SP)";"Total";"12251"
"3514502";"Duartina (SP)";"Urbana";"10997"
"3514502";"Duartina (SP)";"Rural";"1254"
"3514601";"Dumont (SP)";"Total";"8143"
"3514601";"Dumont (SP)";"Urbana";"7854"
"3514601";"Dumont (SP)";"Rural";"289"
"3514700";"Echaporã (SP)";"Total";"6318"
"3514700";"Echaporã (SP)";"Urbana";"5032"
"3514700";"Echaporã (SP)";"Rural";"1286"
"3514809";"Eldorado (SP)";"Total";"14641"
"3514809";"Eldorado (SP)";"Urbana";"7205"
"3514809";"Eldorado (SP)";"Rural";"7436"
"3514908";"Elias Fausto (SP)";"Total";"15775"
"3514908";"Elias Fausto (SP)";"Urbana";"12558"
"3514908";"Elias Fausto (SP)";"Rural";"3217"
"3514924";"Elisiário (SP)";"Total";"3120"
"3514924";"Elisiário (SP)";"Urbana";"2858"
"3514924";"Elisiário (SP)";"Rural";"262"
"3514957";"Embaúba (SP)";"Total";"2423"
"3514957";"Embaúba (SP)";"Urbana";"2060"
"3514957";"Embaúba (SP)";"Rural";"363"
"3515004";"Embu das Artes (SP)";"Total";"240230"
"3515004";"Embu das Artes (SP)";"Urbana";"240230"
"3515004";"Embu das Artes (SP)";"Rural";"-"
"3515103";"Embu-Guaçu (SP)";"Total";"62769"
"3515103";"Embu-Guaçu (SP)";"Urbana";"61095"
"3515103";"Embu-Guaçu (SP)";"Rural";"1674"
"3515129";"Emilianópolis (SP)";"Total";"3020"
"3515129";"Emilianópolis (SP)";"Urbana";"2497"
"3515129";"Emilianópolis (SP)";"Rural";"523"
"3515152";"Engenheiro Coelho (SP)";"Total";"15721"
"3515152";"Engenheiro Coelho (SP)";"Urbana";"11498"
"3515152";"Engenheiro Coelho (SP)";"Rural";"4223"
"3515186";"Espírito Santo do Pinhal (SP)";"Total";"41907"
"3515186";"Espírito Santo do Pinhal (SP)";"Urbana";"37245"
"3515186";"Espírito Santo do Pinhal (SP)";"Rural";"4662"
"3515194";"Espírito Santo do Turvo (SP)";"Total";"4244"
"3515194";"Espírito Santo do Turvo (SP)";"Urbana";"3630"
"3515194";"Espírito Santo do Turvo (SP)";"Rural";"614"
"3515202";"Estrela d'Oeste (SP)";"Total";"8208"
"3515202";"Estrela d'Oeste (SP)";"Urbana";"6831"
"3515202";"Estrela d'Oeste (SP)";"Rural";"1377"
"3515301";"Estrela do Norte (SP)";"Total";"2658"
"3515301";"Estrela do Norte (SP)";"Urbana";"2099"
"3515301";"Estrela do Norte (SP)";"Rural";"559"
"3515350";"Euclides da Cunha Paulista (SP)";"Total";"9585"
"3515350";"Euclides da Cunha Paulista (SP)";"Urbana";"6111"
"3515350";"Euclides da Cunha Paulista (SP)";"Rural";"3474"
"3515400";"Fartura (SP)";"Total";"15320"
"3515400";"Fartura (SP)";"Urbana";"12238"
"3515400";"Fartura (SP)";"Rural";"3082"
"3515509";"Fernandópolis (SP)";"Total";"64696"
"3515509";"Fernandópolis (SP)";"Urbana";"62714"
"3515509";"Fernandópolis (SP)";"Rural";"1982"
"3515608";"Fernando Prestes (SP)";"Total";"5534"
"3515608";"Fernando Prestes (SP)";"Urbana";"4698"
"3515608";"Fernando Prestes (SP)";"Rural";"836"
"3515657";"Fernão (SP)";"Total";"1563"
"3515657";"Fernão (SP)";"Urbana";"850"
"3515657";"Fernão (SP)";"Rural";"713"
"3515707";"Ferraz de Vasconcelos (SP)";"Total";"168306"
"3515707";"Ferraz de Vasconcelos (SP)";"Urbana";"160754"
"3515707";"Ferraz de Vasconcelos (SP)";"Rural";"7552"
"3515806";"Flora Rica (SP)";"Total";"1752"
"3515806";"Flora Rica (SP)";"Urbana";"1418"
"3515806";"Flora Rica (SP)";"Rural";"334"
"3515905";"Floreal (SP)";"Total";"3003"
"3515905";"Floreal (SP)";"Urbana";"2439"
"3515905";"Floreal (SP)";"Rural";"564"
"3516002";"Flórida Paulista (SP)";"Total";"12848"
"3516002";"Flórida Paulista (SP)";"Urbana";"10137"
"3516002";"Flórida Paulista (SP)";"Rural";"2711"
"3516101";"Florínea (SP)";"Total";"2829"
"3516101";"Florínea (SP)";"Urbana";"2512"
"3516101";"Florínea (SP)";"Rural";"317"
"3516200";"Franca (SP)";"Total";"318640"
"3516200";"Franca (SP)";"Urbana";"313046"
"3516200";"Franca (SP)";"Rural";"5594"
"3516309";"Francisco Morato (SP)";"Total";"154472"
"3516309";"Francisco Morato (SP)";"Urbana";"154158"
"3516309";"Francisco Morato (SP)";"Rural";"314"
"3516408";"Franco da Rocha (SP)";"Total";"131604"
"3516408";"Franco da Rocha (SP)";"Urbana";"121244"
"3516408";"Franco da Rocha (SP)";"Rural";"10360"
"3516507";"Gabriel Monteiro (SP)";"Total";"2708"
"3516507";"Gabriel Monteiro (SP)";"Urbana";"2257"
"3516507";"Gabriel Monteiro (SP)";"Rural";"451"
"3516606";"Gália (SP)";"Total";"7011"
"3516606";"Gália (SP)";"Urbana";"5225"
"3516606";"Gália (SP)";"Rural";"1786"
"3516705";"Garça (SP)";"Total";"43115"
"3516705";"Garça (SP)";"Urbana";"39192"
"3516705";"Garça (SP)";"Rural";"3923"
"3516804";"Gastão Vidigal (SP)";"Total";"4193"
"3516804";"Gastão Vidigal (SP)";"Urbana";"3756"
"3516804";"Gastão Vidigal (SP)";"Rural";"437"
"3516853";"Gavião Peixoto (SP)";"Total";"4419"
"3516853";"Gavião Peixoto (SP)";"Urbana";"3575"
"3516853";"Gavião Peixoto (SP)";"Rural";"844"
"3516903";"General Salgado (SP)";"Total";"10669"
"3516903";"General Salgado (SP)";"Urbana";"9084"
"3516903";"General Salgado (SP)";"Rural";"1585"
"3517000";"Getulina (SP)";"Total";"10765"
"3517000";"Getulina (SP)";"Urbana";"8334"
"3517000";"Getulina (SP)";"Rural";"2431"
"3517109";"Glicério (SP)";"Total";"4565"
"3517109";"Glicério (SP)";"Urbana";"3362"
"3517109";"Glicério (SP)";"Rural";"1203"
"3517208";"Guaiçara (SP)";"Total";"10670"
"3517208";"Guaiçara (SP)";"Urbana";"9694"
"3517208";"Guaiçara (SP)";"Rural";"976"
"3517307";"Guaimbê (SP)";"Total";"5425"
"3517307";"Guaimbê (SP)";"Urbana";"4740"
"3517307";"Guaimbê (SP)";"Rural";"685"
"3517406";"Guaíra (SP)";"Total";"37404"
"3517406";"Guaíra (SP)";"Urbana";"36059"
"3517406";"Guaíra (SP)";"Rural";"1345"
"3517505";"Guapiaçu (SP)";"Total";"17869"
"3517505";"Guapiaçu (SP)";"Urbana";"15805"
"3517505";"Guapiaçu (SP)";"Rural";"2064"
"3517604";"Guapiara (SP)";"Total";"17998"
"3517604";"Guapiara (SP)";"Urbana";"7233"
"3517604";"Guapiara (SP)";"Rural";"10765"
"3517703";"Guará (SP)";"Total";"19858"
"3517703";"Guará (SP)";"Urbana";"19223"
"3517703";"Guará (SP)";"Rural";"635"
"3517802";"Guaraçaí (SP)";"Total";"8435"
"3517802";"Guaraçaí (SP)";"Urbana";"6654"
"3517802";"Guaraçaí (SP)";"Rural";"1781"
"3517901";"Guaraci (SP)";"Total";"9976"
"3517901";"Guaraci (SP)";"Urbana";"8927"
"3517901";"Guaraci (SP)";"Rural";"1049"
"3518008";"Guarani d'Oeste (SP)";"Total";"1970"
"3518008";"Guarani d'Oeste (SP)";"Urbana";"1735"
"3518008";"Guarani d'Oeste (SP)";"Rural";"235"
"3518107";"Guarantã (SP)";"Total";"6404"
"3518107";"Guarantã (SP)";"Urbana";"5462"
"3518107";"Guarantã (SP)";"Rural";"942"
"3518206";"Guararapes (SP)";"Total";"30597"
"3518206";"Guararapes (SP)";"Urbana";"28318"
"3518206";"Guararapes (SP)";"Rural";"2279"
"3518305";"Guararema (SP)";"Total";"25844"
"3518305";"Guararema (SP)";"Urbana";"22240"
"3518305";"Guararema (SP)";"Rural";"3604"
"3518404";"Guaratinguetá (SP)";"Total";"112072"
"3518404";"Guaratinguetá (SP)";"Urbana";"106762"
"3518404";"Guaratinguetá (SP)";"Rural";"5310"
"3518503";"Guareí (SP)";"Total";"14565"
"3518503";"Guareí (SP)";"Urbana";"8413"
"3518503";"Guareí (SP)";"Rural";"6152"
"3518602";"Guariba (SP)";"Total";"35486"
"3518602";"Guariba (SP)";"Urbana";"34748"
"3518602";"Guariba (SP)";"Rural";"738"
"3518701";"Guarujá (SP)";"Total";"290752"
"3518701";"Guarujá (SP)";"Urbana";"290696"
"3518701";"Guarujá (SP)";"Rural";"56"
"3518800";"Guarulhos (SP)";"Total";"1221979"
"3518800";"Guarulhos (SP)";"Urbana";"1221979"
"3518800";"Guarulhos (SP)";"Rural";"-"
"3518859";"Guatapará (SP)";"Total";"6966"
"3518859";"Guatapará (SP)";"Urbana";"5116"
"3518859";"Guatapará (SP)";"Rural";"1850"
"3518909";"Guzolândia (SP)";"Total";"4754"
"3518909";"Guzolândia (SP)";"Urbana";"4021"
"3518909";"Guzolândia (SP)";"Rural";"733"
"3519006";"Herculândia (SP)";"Total";"8696"
"3519006";"Herculândia (SP)";"Urbana";"7921"
"3519006";"Herculândia (SP)";"Rural";"775"
"3519055";"Holambra (SP)";"Total";"11299"
"3519055";"Holambra (SP)";"Urbana";"8184"
"3519055";"Holambra (SP)";"Rural";"3115"
"3519071";"Hortolândia (SP)";"Total";"192692"
"3519071";"Hortolândia (SP)";"Urbana";"192692"
"3519071";"Hortolândia (SP)";"Rural";"-"
"3519105";"Iacanga (SP)";"Total";"10013"
"3519105";"Iacanga (SP)";"Urbana";"8726"
"3519105";"Iacanga (SP)";"Rural";"1287"
"3519204";"Iacri (SP)";"Total";"6419"
"3519204";"Iacri (SP)";"Urbana";"5050"
"3519204";"Iacri (SP)";"Rural";"1369"
"3519253";"Iaras (SP)";"Total";"6376"
"3519253";"Iaras (SP)";"Urbana";"2837"
"3519253";"Iaras (SP)";"Rural";"3539"
"3519303";"Ibaté (SP)";"Total";"30734"
"3519303";"Ibaté (SP)";"Urbana";"29508"
"3519303";"Ibaté (SP)";"Rural";"1226"
"3519402";"Ibirá (SP)";"Total";"10896"
"3519402";"Ibirá (SP)";"Urbana";"10045"
"3519402";"Ibirá (SP)";"Rural";"851"
"3519501";"Ibirarema (SP)";"Total";"6725"
"3519501";"Ibirarema (SP)";"Urbana";"6212"
"3519501";"Ibirarema (SP)";"Rural";"513"
"3519600";"Ibitinga (SP)";"Total";"53158"
"3519600";"Ibitinga (SP)";"Urbana";"51057"
"3519600";"Ibitinga (SP)";"Rural";"2101"
"3519709";"Ibiúna (SP)";"Total";"71217"
"3519709";"Ibiúna (SP)";"Urbana";"24933"
"3519709";"Ibiúna (SP)";"Rural";"46284"
"3519808";"Icém (SP)";"Total";"7462"
"3519808";"Icém (SP)";"Urbana";"6404"
"3519808";"Icém (SP)";"Rural";"1058"
"3519907";"Iepê (SP)";"Total";"7628"
"3519907";"Iepê (SP)";"Urbana";"6773"
"3519907";"Iepê (SP)";"Rural";"855"
"3520004";"Igaraçu do Tietê (SP)";"Total";"23362"
"3520004";"Igaraçu do Tietê (SP)";"Urbana";"23228"
"3520004";"Igaraçu do Tietê (SP)";"Rural";"134"
"3520103";"Igarapava (SP)";"Total";"27952"
"3520103";"Igarapava (SP)";"Urbana";"26362"
"3520103";"Igarapava (SP)";"Rural";"1590"
"3520202";"Igaratá (SP)";"Total";"8831"
"3520202";"Igaratá (SP)";"Urbana";"7005"
"3520202";"Igaratá (SP)";"Rural";"1826"
"3520301";"Iguape (SP)";"Total";"28841"
"3520301";"Iguape (SP)";"Urbana";"24687"
"3520301";"Iguape (SP)";"Rural";"4154"
"3520400";"Ilhabela (SP)";"Total";"28196"
"3520400";"Ilhabela (SP)";"Urbana";"28002"
"3520400";"Ilhabela (SP)";"Rural";"194"
"3520426";"Ilha Comprida (SP)";"Total";"9025"
"3520426";"Ilha Comprida (SP)";"Urbana";"9025"
"3520426";"Ilha Comprida (SP)";"Rural";"-"
"3520442";"Ilha Solteira (SP)";"Total";"25064"
"3520442";"Ilha Solteira (SP)";"Urbana";"23520"
"3520442";"Ilha Solteira (SP)";"Rural";"1544"
"3520509";"Indaiatuba (SP)";"Total";"201619"
"3520509";"Indaiatuba (SP)";"Urbana";"199592"
"3520509";"Indaiatuba (SP)";"Rural";"2027"
"3520608";"Indiana (SP)";"Total";"4825"
"3520608";"Indiana (SP)";"Urbana";"4127"
"3520608";"Indiana (SP)";"Rural";"698"
"3520707";"Indiaporã (SP)";"Total";"3903"
"3520707";"Indiaporã (SP)";"Urbana";"3379"
"3520707";"Indiaporã (SP)";"Rural";"524"
"3520806";"Inúbia Paulista (SP)";"Total";"3630"
"3520806";"Inúbia Paulista (SP)";"Urbana";"3177"
"3520806";"Inúbia Paulista (SP)";"Rural";"453"
"3520905";"Ipaussu (SP)";"Total";"13663"
"3520905";"Ipaussu (SP)";"Urbana";"12588"
"3520905";"Ipaussu (SP)";"Rural";"1075"
"3521002";"Iperó (SP)";"Total";"28300"
"3521002";"Iperó (SP)";"Urbana";"17463"
"3521002";"Iperó (SP)";"Rural";"10837"
"3521101";"Ipeúna (SP)";"Total";"6016"
"3521101";"Ipeúna (SP)";"Urbana";"5178"
"3521101";"Ipeúna (SP)";"Rural";"838"
"3521150";"Ipiguá (SP)";"Total";"4463"
"3521150";"Ipiguá (SP)";"Urbana";"2697"
"3521150";"Ipiguá (SP)";"Rural";"1766"
"3521200";"Iporanga (SP)";"Total";"4299"
"3521200";"Iporanga (SP)";"Urbana";"2401"
"3521200";"Iporanga (SP)";"Rural";"1898"
"3521309";"Ipuã (SP)";"Total";"14148"
"3521309";"Ipuã (SP)";"Urbana";"13562"
"3521309";"Ipuã (SP)";"Rural";"586"
"3521408";"Iracemápolis (SP)";"Total";"20029"
"3521408";"Iracemápolis (SP)";"Urbana";"19616"
"3521408";"Iracemápolis (SP)";"Rural";"413"
"3521507";"Irapuã (SP)";"Total";"7275"
"3521507";"Irapuã (SP)";"Urbana";"6489"
"3521507";"Irapuã (SP)";"Rural";"786"
"3521606";"Irapuru (SP)";"Total";"7789"
"3521606";"Irapuru (SP)";"Urbana";"5507"
"3521606";"Irapuru (SP)";"Rural";"2282"
"3521705";"Itaberá (SP)";"Total";"17858"
"3521705";"Itaberá (SP)";"Urbana";"12139"
"3521705";"Itaberá (SP)";"Rural";"5719"
"3521804";"Itaí (SP)";"Total";"24008"
"3521804";"Itaí (SP)";"Urbana";"18852"
"3521804";"Itaí (SP)";"Rural";"5156"
"3521903";"Itajobi (SP)";"Total";"14556"
"3521903";"Itajobi (SP)";"Urbana";"12142"
"3521903";"Itajobi (SP)";"Rural";"2414"
"3522000";"Itaju (SP)";"Total";"3246"
"3522000";"Itaju (SP)";"Urbana";"2361"
"3522000";"Itaju (SP)";"Rural";"885"
"3522109";"Itanhaém (SP)";"Total";"87057"
"3522109";"Itanhaém (SP)";"Urbana";"86242"
"3522109";"Itanhaém (SP)";"Rural";"815"
"3522158";"Itaoca (SP)";"Total";"3228"
"3522158";"Itaoca (SP)";"Urbana";"1760"
"3522158";"Itaoca (SP)";"Rural";"1468"
"3522208";"Itapecerica da Serra (SP)";"Total";"152614"
"3522208";"Itapecerica da Serra (SP)";"Urbana";"151349"
"3522208";"Itapecerica da Serra (SP)";"Rural";"1265"
"3522307";"Itapetininga (SP)";"Total";"144377"
"3522307";"Itapetininga (SP)";"Urbana";"131050"
"3522307";"Itapetininga (SP)";"Rural";"13327"
"3522406";"Itapeva (SP)";"Total";"87753"
"3522406";"Itapeva (SP)";"Urbana";"73956"
"3522406";"Itapeva (SP)";"Rural";"13797"
"3522505";"Itapevi (SP)";"Total";"200769"
"3522505";"Itapevi (SP)";"Urbana";"200769"
"3522505";"Itapevi (SP)";"Rural";"-"
"3522604";"Itapira (SP)";"Total";"68537"
"3522604";"Itapira (SP)";"Urbana";"63576"
"3522604";"Itapira (SP)";"Rural";"4961"
"3522653";"Itapirapuã Paulista (SP)";"Total";"3880"
"3522653";"Itapirapuã Paulista (SP)";"Urbana";"1892"
"3522653";"Itapirapuã Paulista (SP)";"Rural";"1988"
"3522703";"Itápolis (SP)";"Total";"40051"
"3522703";"Itápolis (SP)";"Urbana";"36325"
"3522703";"Itápolis (SP)";"Rural";"3726"
"3522802";"Itaporanga (SP)";"Total";"14549"
"3522802";"Itaporanga (SP)";"Urbana";"11033"
"3522802";"Itaporanga (SP)";"Rural";"3516"
"3522901";"Itapuí (SP)";"Total";"12173"
"3522901";"Itapuí (SP)";"Urbana";"11630"
"3522901";"Itapuí (SP)";"Rural";"543"
"3523008";"Itapura (SP)";"Total";"4357"
"3523008";"Itapura (SP)";"Urbana";"3482"
"3523008";"Itapura (SP)";"Rural";"875"
"3523107";"Itaquaquecetuba (SP)";"Total";"321770"
"3523107";"Itaquaquecetuba (SP)";"Urbana";"321770"
"3523107";"Itaquaquecetuba (SP)";"Rural";"-"
"3523206";"Itararé (SP)";"Total";"47934"
"3523206";"Itararé (SP)";"Urbana";"44270"
"3523206";"Itararé (SP)";"Rural";"3664"
"3523305";"Itariri (SP)";"Total";"15471"
"3523305";"Itariri (SP)";"Urbana";"9879"
"3523305";"Itariri (SP)";"Rural";"5592"
"3523404";"Itatiba (SP)";"Total";"101471"
"3523404";"Itatiba (SP)";"Urbana";"85666"
"3523404";"Itatiba (SP)";"Rural";"15805"
"3523503";"Itatinga (SP)";"Total";"18052"
"3523503";"Itatinga (SP)";"Urbana";"16420"
"3523503";"Itatinga (SP)";"Rural";"1632"
"3523602";"Itirapina (SP)";"Total";"15524"
"3523602";"Itirapina (SP)";"Urbana";"14001"
"3523602";"Itirapina (SP)";"Rural";"1523"
"3523701";"Itirapuã (SP)";"Total";"5914"
"3523701";"Itirapuã (SP)";"Urbana";"4929"
"3523701";"Itirapuã (SP)";"Rural";"985"
"3523800";"Itobi (SP)";"Total";"7546"
"3523800";"Itobi (SP)";"Urbana";"6800"
"3523800";"Itobi (SP)";"Rural";"746"
"3523909";"Itu (SP)";"Total";"154147"
"3523909";"Itu (SP)";"Urbana";"144269"
"3523909";"Itu (SP)";"Rural";"9878"
"3524006";"Itupeva (SP)";"Total";"44859"
"3524006";"Itupeva (SP)";"Urbana";"38955"
"3524006";"Itupeva (SP)";"Rural";"5904"
"3524105";"Ituverava (SP)";"Total";"38695"
"3524105";"Ituverava (SP)";"Urbana";"36430"
"3524105";"Ituverava (SP)";"Rural";"2265"
"3524204";"Jaborandi (SP)";"Total";"6592"
"3524204";"Jaborandi (SP)";"Urbana";"6166"
"3524204";"Jaborandi (SP)";"Rural";"426"
"3524303";"Jaboticabal (SP)";"Total";"71662"
"3524303";"Jaboticabal (SP)";"Urbana";"69527"
"3524303";"Jaboticabal (SP)";"Rural";"2135"
"3524402";"Jacareí (SP)";"Total";"211214"
"3524402";"Jacareí (SP)";"Urbana";"208297"
"3524402";"Jacareí (SP)";"Rural";"2917"
"3524501";"Jaci (SP)";"Total";"5657"
"3524501";"Jaci (SP)";"Urbana";"4871"
"3524501";"Jaci (SP)";"Rural";"786"
"3524600";"Jacupiranga (SP)";"Total";"17208"
"3524600";"Jacupiranga (SP)";"Urbana";"9369"
"3524600";"Jacupiranga (SP)";"Rural";"7839"
"3524709";"Jaguariúna (SP)";"Total";"44311"
"3524709";"Jaguariúna (SP)";"Urbana";"43033"
"3524709";"Jaguariúna (SP)";"Rural";"1278"
"3524808";"Jales (SP)";"Total";"47012"
"3524808";"Jales (SP)";"Urbana";"44239"
"3524808";"Jales (SP)";"Rural";"2773"
"3524907";"Jambeiro (SP)";"Total";"5349"
"3524907";"Jambeiro (SP)";"Urbana";"2561"
"3524907";"Jambeiro (SP)";"Rural";"2788"
"3525003";"Jandira (SP)";"Total";"108344"
"3525003";"Jandira (SP)";"Urbana";"108344"
"3525003";"Jandira (SP)";"Rural";"-"
"3525102";"Jardinópolis (SP)";"Total";"37661"
"3525102";"Jardinópolis (SP)";"Urbana";"36141"
"3525102";"Jardinópolis (SP)";"Rural";"1520"
"3525201";"Jarinu (SP)";"Total";"23847"
"3525201";"Jarinu (SP)";"Urbana";"18429"
"3525201";"Jarinu (SP)";"Rural";"5418"
"3525300";"Jaú (SP)";"Total";"131040"
"3525300";"Jaú (SP)";"Urbana";"126943"
"3525300";"Jaú (SP)";"Rural";"4097"
"3525409";"Jeriquara (SP)";"Total";"3160"
"3525409";"Jeriquara (SP)";"Urbana";"2606"
"3525409";"Jeriquara (SP)";"Rural";"554"
"3525508";"Joanópolis (SP)";"Total";"11768"
"3525508";"Joanópolis (SP)";"Urbana";"11768"
"3525508";"Joanópolis (SP)";"Rural";"-"
"3525607";"João Ramalho (SP)";"Total";"4150"
"3525607";"João Ramalho (SP)";"Urbana";"3543"
"3525607";"João Ramalho (SP)";"Rural";"607"
"3525706";"José Bonifácio (SP)";"Total";"32763"
"3525706";"José Bonifácio (SP)";"Urbana";"29684"
"3525706";"José Bonifácio (SP)";"Rural";"3079"
"3525805";"Júlio Mesquita (SP)";"Total";"4430"
"3525805";"Júlio Mesquita (SP)";"Urbana";"4214"
"3525805";"Júlio Mesquita (SP)";"Rural";"216"
"3525854";"Jumirim (SP)";"Total";"2798"
"3525854";"Jumirim (SP)";"Urbana";"1623"
"3525854";"Jumirim (SP)";"Rural";"1175"
"3525904";"Jundiaí (SP)";"Total";"370126"
"3525904";"Jundiaí (SP)";"Urbana";"354204"
"3525904";"Jundiaí (SP)";"Rural";"15922"
"3526001";"Junqueirópolis (SP)";"Total";"18726"
"3526001";"Junqueirópolis (SP)";"Urbana";"15399"
"3526001";"Junqueirópolis (SP)";"Rural";"3327"
"3526100";"Juquiá (SP)";"Total";"19246"
"3526100";"Juquiá (SP)";"Urbana";"12139"
"3526100";"Juquiá (SP)";"Rural";"7107"
"3526209";"Juquitiba (SP)";"Total";"28737"
"3526209";"Juquitiba (SP)";"Urbana";"22240"
"3526209";"Juquitiba (SP)";"Rural";"6497"
"3526308";"Lagoinha (SP)";"Total";"4841"
"3526308";"Lagoinha (SP)";"Urbana";"3138"
"3526308";"Lagoinha (SP)";"Rural";"1703"
"3526407";"Laranjal Paulista (SP)";"Total";"25251"
"3526407";"Laranjal Paulista (SP)";"Urbana";"22612"
"3526407";"Laranjal Paulista (SP)";"Rural";"2639"
"3526506";"Lavínia (SP)";"Total";"8779"
"3526506";"Lavínia (SP)";"Urbana";"4285"
"3526506";"Lavínia (SP)";"Rural";"4494"
"3526605";"Lavrinhas (SP)";"Total";"6590"
"3526605";"Lavrinhas (SP)";"Urbana";"6049"
"3526605";"Lavrinhas (SP)";"Rural";"541"
"3526704";"Leme (SP)";"Total";"91756"
"3526704";"Leme (SP)";"Urbana";"89862"
"3526704";"Leme (SP)";"Rural";"1894"
"3526803";"Lençóis Paulista (SP)";"Total";"61428"
"3526803";"Lençóis Paulista (SP)";"Urbana";"60051"
"3526803";"Lençóis Paulista (SP)";"Rural";"1377"
"3526902";"Limeira (SP)";"Total";"276022"
"3526902";"Limeira (SP)";"Urbana";"267785"
"3526902";"Limeira (SP)";"Rural";"8237"
"3527009";"Lindóia (SP)";"Total";"6712"
"3527009";"Lindóia (SP)";"Urbana";"6712"
"3527009";"Lindóia (SP)";"Rural";"-"
"3527108";"Lins (SP)";"Total";"71432"
"3527108";"Lins (SP)";"Urbana";"70597"
"3527108";"Lins (SP)";"Rural";"835"
"3527207";"Lorena (SP)";"Total";"82537"
"3527207";"Lorena (SP)";"Urbana";"80173"
"3527207";"Lorena (SP)";"Rural";"2364"
"3527256";"Lourdes (SP)";"Total";"2128"
"3527256";"Lourdes (SP)";"Urbana";"1744"
"3527256";"Lourdes (SP)";"Rural";"384"
"3527306";"Louveira (SP)";"Total";"37125"
"3527306";"Louveira (SP)";"Urbana";"35695"
"3527306";"Louveira (SP)";"Rural";"1430"
"3527405";"Lucélia (SP)";"Total";"19882"
"3527405";"Lucélia (SP)";"Urbana";"17219"
"3527405";"Lucélia (SP)";"Rural";"2663"
"3527504";"Lucianópolis (SP)";"Total";"2249"
"3527504";"Lucianópolis (SP)";"Urbana";"1780"
"3527504";"Lucianópolis (SP)";"Rural";"469"
"3527603";"Luís Antônio (SP)";"Total";"11286"
"3527603";"Luís Antônio (SP)";"Urbana";"10901"
"3527603";"Luís Antônio (SP)";"Rural";"385"
"3527702";"Luiziânia (SP)";"Total";"5030"
"3527702";"Luiziânia (SP)";"Urbana";"4611"
"3527702";"Luiziânia (SP)";"Rural";"419"
"3527801";"Lupércio (SP)";"Total";"4353"
"3527801";"Lupércio (SP)";"Urbana";"3865"
"3527801";"Lupércio (SP)";"Rural";"488"
"3527900";"Lutécia (SP)";"Total";"2714"
"3527900";"Lutécia (SP)";"Urbana";"2158"
"3527900";"Lutécia (SP)";"Rural";"556"
"3528007";"Macatuba (SP)";"Total";"16259"
"3528007";"Macatuba (SP)";"Urbana";"15776"
"3528007";"Macatuba (SP)";"Rural";"483"
"3528106";"Macaubal (SP)";"Total";"7663"
"3528106";"Macaubal (SP)";"Urbana";"6773"
"3528106";"Macaubal (SP)";"Rural";"890"
"3528205";"Macedônia (SP)";"Total";"3664"
"3528205";"Macedônia (SP)";"Urbana";"2777"
"3528205";"Macedônia (SP)";"Rural";"887"
"3528304";"Magda (SP)";"Total";"3200"
"3528304";"Magda (SP)";"Urbana";"2655"
"3528304";"Magda (SP)";"Rural";"545"
"3528403";"Mairinque (SP)";"Total";"43223"
"3528403";"Mairinque (SP)";"Urbana";"34690"
"3528403";"Mairinque (SP)";"Rural";"8533"
"3528502";"Mairiporã (SP)";"Total";"80956"
"3528502";"Mairiporã (SP)";"Urbana";"70750"
"3528502";"Mairiporã (SP)";"Rural";"10206"
"3528601";"Manduri (SP)";"Total";"8992"
"3528601";"Manduri (SP)";"Urbana";"7778"
"3528601";"Manduri (SP)";"Rural";"1214"
"3528700";"Marabá Paulista (SP)";"Total";"4812"
"3528700";"Marabá Paulista (SP)";"Urbana";"2142"
"3528700";"Marabá Paulista (SP)";"Rural";"2670"
"3528809";"Maracaí (SP)";"Total";"13332"
"3528809";"Maracaí (SP)";"Urbana";"12085"
"3528809";"Maracaí (SP)";"Rural";"1247"
"3528858";"Marapoama (SP)";"Total";"2633"
"3528858";"Marapoama (SP)";"Urbana";"2199"
"3528858";"Marapoama (SP)";"Rural";"434"
"3528908";"Mariápolis (SP)";"Total";"3916"
"3528908";"Mariápolis (SP)";"Urbana";"3137"
"3528908";"Mariápolis (SP)";"Rural";"779"
"3529005";"Marília (SP)";"Total";"216745"
"3529005";"Marília (SP)";"Urbana";"207021"
"3529005";"Marília (SP)";"Rural";"9724"
"3529104";"Marinópolis (SP)";"Total";"2113"
"3529104";"Marinópolis (SP)";"Urbana";"1671"
"3529104";"Marinópolis (SP)";"Rural";"442"
"3529203";"Martinópolis (SP)";"Total";"24219"
"3529203";"Martinópolis (SP)";"Urbana";"20341"
"3529203";"Martinópolis (SP)";"Rural";"3878"
"3529302";"Matão (SP)";"Total";"76786"
"3529302";"Matão (SP)";"Urbana";"75377"
"3529302";"Matão (SP)";"Rural";"1409"
"3529401";"Mauá (SP)";"Total";"417064"
"3529401";"Mauá (SP)";"Urbana";"417064"
"3529401";"Mauá (SP)";"Rural";"-"
"3529500";"Mendonça (SP)";"Total";"4640"
"3529500";"Mendonça (SP)";"Urbana";"3793"
"3529500";"Mendonça (SP)";"Rural";"847"
"3529609";"Meridiano (SP)";"Total";"3855"
"3529609";"Meridiano (SP)";"Urbana";"2674"
"3529609";"Meridiano (SP)";"Rural";"1181"
"3529658";"Mesópolis (SP)";"Total";"1886"
"3529658";"Mesópolis (SP)";"Urbana";"1468"
"3529658";"Mesópolis (SP)";"Rural";"418"
"3529708";"Miguelópolis (SP)";"Total";"20451"
"3529708";"Miguelópolis (SP)";"Urbana";"19265"
"3529708";"Miguelópolis (SP)";"Rural";"1186"
"3529807";"Mineiros do Tietê (SP)";"Total";"12038"
"3529807";"Mineiros do Tietê (SP)";"Urbana";"11500"
"3529807";"Mineiros do Tietê (SP)";"Rural";"538"
"3529906";"Miracatu (SP)";"Total";"20592"
"3529906";"Miracatu (SP)";"Urbana";"10586"
"3529906";"Miracatu (SP)";"Rural";"10006"
"3530003";"Mira Estrela (SP)";"Total";"2820"
"3530003";"Mira Estrela (SP)";"Urbana";"1881"
"3530003";"Mira Estrela (SP)";"Rural";"939"
"3530102";"Mirandópolis (SP)";"Total";"27483"
"3530102";"Mirandópolis (SP)";"Urbana";"24455"
"3530102";"Mirandópolis (SP)";"Rural";"3028"
"3530201";"Mirante do Paranapanema (SP)";"Total";"17059"
"3530201";"Mirante do Paranapanema (SP)";"Urbana";"10045"
"3530201";"Mirante do Paranapanema (SP)";"Rural";"7014"
"3530300";"Mirassol (SP)";"Total";"53792"
"3530300";"Mirassol (SP)";"Urbana";"52433"
"3530300";"Mirassol (SP)";"Rural";"1359"
"3530409";"Mirassolândia (SP)";"Total";"4295"
"3530409";"Mirassolândia (SP)";"Urbana";"3492"
"3530409";"Mirassolândia (SP)";"Rural";"803"
"3530508";"Mococa (SP)";"Total";"66290"
"3530508";"Mococa (SP)";"Urbana";"61149"
"3530508";"Mococa (SP)";"Rural";"5141"
"3530607";"Mogi das Cruzes (SP)";"Total";"387779"
"3530607";"Mogi das Cruzes (SP)";"Urbana";"357313"
"3530607";"Mogi das Cruzes (SP)";"Rural";"30466"
"3530706";"Mogi Guaçu (SP)";"Total";"137245"
"3530706";"Mogi Guaçu (SP)";"Urbana";"130295"
"3530706";"Mogi Guaçu (SP)";"Rural";"6950"
"3530805";"Mogi Mirim (SP)";"Total";"86505"
"3530805";"Mogi Mirim (SP)";"Urbana";"80945"
"3530805";"Mogi Mirim (SP)";"Rural";"5560"
"3530904";"Mombuca (SP)";"Total";"3266"
"3530904";"Mombuca (SP)";"Urbana";"2685"
"3530904";"Mombuca (SP)";"Rural";"581"
"3531001";"Monções (SP)";"Total";"2132"
"3531001";"Monções (SP)";"Urbana";"1836"
"3531001";"Monções (SP)";"Rural";"296"
"3531100";"Mongaguá (SP)";"Total";"46293"
"3531100";"Mongaguá (SP)";"Urbana";"46091"
"3531100";"Mongaguá (SP)";"Rural";"202"
"3531209";"Monte Alegre do Sul (SP)";"Total";"7152"
"3531209";"Monte Alegre do Sul (SP)";"Urbana";"4091"
"3531209";"Monte Alegre do Sul (SP)";"Rural";"3061"
"3531308";"Monte Alto (SP)";"Total";"46642"
"3531308";"Monte Alto (SP)";"Urbana";"44543"
"3531308";"Monte Alto (SP)";"Rural";"2099"
"3531407";"Monte Aprazível (SP)";"Total";"21746"
"3531407";"Monte Aprazível (SP)";"Urbana";"19803"
"3531407";"Monte Aprazível (SP)";"Rural";"1943"
"3531506";"Monte Azul Paulista (SP)";"Total";"18931"
"3531506";"Monte Azul Paulista (SP)";"Urbana";"17713"
"3531506";"Monte Azul Paulista (SP)";"Rural";"1218"
"3531605";"Monte Castelo (SP)";"Total";"4063"
"3531605";"Monte Castelo (SP)";"Urbana";"3211"
"3531605";"Monte Castelo (SP)";"Rural";"852"
"3531704";"Monteiro Lobato (SP)";"Total";"4120"
"3531704";"Monteiro Lobato (SP)";"Urbana";"1778"
"3531704";"Monteiro Lobato (SP)";"Rural";"2342"
"3531803";"Monte Mor (SP)";"Total";"48949"
"3531803";"Monte Mor (SP)";"Urbana";"45978"
"3531803";"Monte Mor (SP)";"Rural";"2971"
"3531902";"Morro Agudo (SP)";"Total";"29116"
"3531902";"Morro Agudo (SP)";"Urbana";"27907"
"3531902";"Morro Agudo (SP)";"Rural";"1209"
"3532009";"Morungaba (SP)";"Total";"11769"
"3532009";"Morungaba (SP)";"Urbana";"10051"
"3532009";"Morungaba (SP)";"Rural";"1718"
"3532058";"Motuca (SP)";"Total";"4290"
"3532058";"Motuca (SP)";"Urbana";"3108"
"3532058";"Motuca (SP)";"Rural";"1182"
"3532108";"Murutinga do Sul (SP)";"Total";"4186"
"3532108";"Murutinga do Sul (SP)";"Urbana";"2573"
"3532108";"Murutinga do Sul (SP)";"Rural";"1613"
"3532157";"Nantes (SP)";"Total";"2707"
"3532157";"Nantes (SP)";"Urbana";"2431"
"3532157";"Nantes (SP)";"Rural";"276"
"3532207";"Narandiba (SP)";"Total";"4288"
"3532207";"Narandiba (SP)";"Urbana";"3105"
"3532207";"Narandiba (SP)";"Rural";"1183"
"3532306";"Natividade da Serra (SP)";"Total";"6678"
"3532306";"Natividade da Serra (SP)";"Urbana";"2788"
"3532306";"Natividade da Serra (SP)";"Rural";"3890"
"3532405";"Nazaré Paulista (SP)";"Total";"16414"
"3532405";"Nazaré Paulista (SP)";"Urbana";"13911"
"3532405";"Nazaré Paulista (SP)";"Rural";"2503"
"3532504";"Neves Paulista (SP)";"Total";"8772"
"3532504";"Neves Paulista (SP)";"Urbana";"7916"
"3532504";"Neves Paulista (SP)";"Rural";"856"
"3532603";"Nhandeara (SP)";"Total";"10725"
"3532603";"Nhandeara (SP)";"Urbana";"8688"
"3532603";"Nhandeara (SP)";"Rural";"2037"
"3532702";"Nipoã (SP)";"Total";"4274"
"3532702";"Nipoã (SP)";"Urbana";"3797"
"3532702";"Nipoã (SP)";"Rural";"477"
"3532801";"Nova Aliança (SP)";"Total";"5891"
"3532801";"Nova Aliança (SP)";"Urbana";"4881"
"3532801";"Nova Aliança (SP)";"Rural";"1010"
"3532827";"Nova Campina (SP)";"Total";"8515"
"3532827";"Nova Campina (SP)";"Urbana";"5762"
"3532827";"Nova Campina (SP)";"Rural";"2753"
"3532843";"Nova Canaã Paulista (SP)";"Total";"2114"
"3532843";"Nova Canaã Paulista (SP)";"Urbana";"880"
"3532843";"Nova Canaã Paulista (SP)";"Rural";"1234"
"3532868";"Nova Castilho (SP)";"Total";"1125"
"3532868";"Nova Castilho (SP)";"Urbana";"746"
"3532868";"Nova Castilho (SP)";"Rural";"379"
"3532900";"Nova Europa (SP)";"Total";"9300"
"3532900";"Nova Europa (SP)";"Urbana";"8625"
"3532900";"Nova Europa (SP)";"Rural";"675"
"3533007";"Nova Granada (SP)";"Total";"19180"
"3533007";"Nova Granada (SP)";"Urbana";"17775"
"3533007";"Nova Granada (SP)";"Rural";"1405"
"3533106";"Nova Guataporanga (SP)";"Total";"2177"
"3533106";"Nova Guataporanga (SP)";"Urbana";"1890"
"3533106";"Nova Guataporanga (SP)";"Rural";"287"
"3533205";"Nova Independência (SP)";"Total";"3068"
"3533205";"Nova Independência (SP)";"Urbana";"2446"
"3533205";"Nova Independência (SP)";"Rural";"622"
"3533254";"Novais (SP)";"Total";"4592"
"3533254";"Novais (SP)";"Urbana";"4181"
"3533254";"Novais (SP)";"Rural";"411"
"3533304";"Nova Luzitânia (SP)";"Total";"3441"
"3533304";"Nova Luzitânia (SP)";"Urbana";"3087"
"3533304";"Nova Luzitânia (SP)";"Rural";"354"
"3533403";"Nova Odessa (SP)";"Total";"51242"
"3533403";"Nova Odessa (SP)";"Urbana";"50407"
"3533403";"Nova Odessa (SP)";"Rural";"835"
"3533502";"Novo Horizonte (SP)";"Total";"36593"
"3533502";"Novo Horizonte (SP)";"Urbana";"34048"
"3533502";"Novo Horizonte (SP)";"Rural";"2545"
"3533601";"Nuporanga (SP)";"Total";"6817"
"3533601";"Nuporanga (SP)";"Urbana";"6185"
"3533601";"Nuporanga (SP)";"Rural";"632"
"3533700";"Ocauçu (SP)";"Total";"4163"
"3533700";"Ocauçu (SP)";"Urbana";"3324"
"3533700";"Ocauçu (SP)";"Rural";"839"
"3533809";"Óleo (SP)";"Total";"2673"
"3533809";"Óleo (SP)";"Urbana";"1763"
"3533809";"Óleo (SP)";"Rural";"910"
"3533908";"Olímpia (SP)";"Total";"50024"
"3533908";"Olímpia (SP)";"Urbana";"47244"
"3533908";"Olímpia (SP)";"Rural";"2780"
"3534005";"Onda Verde (SP)";"Total";"3884"
"3534005";"Onda Verde (SP)";"Urbana";"3043"
"3534005";"Onda Verde (SP)";"Rural";"841"
"3534104";"Oriente (SP)";"Total";"6097"
"3534104";"Oriente (SP)";"Urbana";"5695"
"3534104";"Oriente (SP)";"Rural";"402"
"3534203";"Orindiúva (SP)";"Total";"5675"
"3534203";"Orindiúva (SP)";"Urbana";"5223"
"3534203";"Orindiúva (SP)";"Rural";"452"
"3534302";"Orlândia (SP)";"Total";"39781"
"3534302";"Orlândia (SP)";"Urbana";"38756"
"3534302";"Orlândia (SP)";"Rural";"1025"
"3534401";"Osasco (SP)";"Total";"666740"
"3534401";"Osasco (SP)";"Urbana";"666740"
"3534401";"Osasco (SP)";"Rural";"-"
"3534500";"Oscar Bressane (SP)";"Total";"2537"
"3534500";"Oscar Bressane (SP)";"Urbana";"2099"
"3534500";"Oscar Bressane (SP)";"Rural";"438"
"3534609";"Osvaldo Cruz (SP)";"Total";"30917"
"3534609";"Osvaldo Cruz (SP)";"Urbana";"27782"
"3534609";"Osvaldo Cruz (SP)";"Rural";"3135"
"3534708";"Ourinhos (SP)";"Total";"103035"
"3534708";"Ourinhos (SP)";"Urbana";"100374"
"3534708";"Ourinhos (SP)";"Rural";"2661"
"3534757";"Ouroeste (SP)";"Total";"8405"
"3534757";"Ouroeste (SP)";"Urbana";"7546"
"3534757";"Ouroeste (SP)";"Rural";"859"
"3534807";"Ouro Verde (SP)";"Total";"7800"
"3534807";"Ouro Verde (SP)";"Urbana";"7176"
"3534807";"Ouro Verde (SP)";"Rural";"624"
"3534906";"Pacaembu (SP)";"Total";"13226"
"3534906";"Pacaembu (SP)";"Urbana";"9745"
"3534906";"Pacaembu (SP)";"Rural";"3481"
"3535002";"Palestina (SP)";"Total";"11051"
"3535002";"Palestina (SP)";"Urbana";"9188"
"3535002";"Palestina (SP)";"Rural";"1863"
"3535101";"Palmares Paulista (SP)";"Total";"10934"
"3535101";"Palmares Paulista (SP)";"Urbana";"10619"
"3535101";"Palmares Paulista (SP)";"Rural";"315"
"3535200";"Palmeira d'Oeste (SP)";"Total";"9584"
"3535200";"Palmeira d'Oeste (SP)";"Urbana";"7268"
"3535200";"Palmeira d'Oeste (SP)";"Rural";"2316"
"3535309";"Palmital (SP)";"Total";"21186"
"3535309";"Palmital (SP)";"Urbana";"19427"
"3535309";"Palmital (SP)";"Rural";"1759"
"3535408";"Panorama (SP)";"Total";"14583"
"3535408";"Panorama (SP)";"Urbana";"14165"
"3535408";"Panorama (SP)";"Rural";"418"
"3535507";"Paraguaçu Paulista (SP)";"Total";"42278"
"3535507";"Paraguaçu Paulista (SP)";"Urbana";"38314"
"3535507";"Paraguaçu Paulista (SP)";"Rural";"3964"
"3535606";"Paraibuna (SP)";"Total";"17388"
"3535606";"Paraibuna (SP)";"Urbana";"5242"
"3535606";"Paraibuna (SP)";"Rural";"12146"
"3535705";"Paraíso (SP)";"Total";"5898"
"3535705";"Paraíso (SP)";"Urbana";"5188"
"3535705";"Paraíso (SP)";"Rural";"710"
"3535804";"Paranapanema (SP)";"Total";"17808"
"3535804";"Paranapanema (SP)";"Urbana";"14477"
"3535804";"Paranapanema (SP)";"Rural";"3331"
"3535903";"Paranapuã (SP)";"Total";"3815"
"3535903";"Paranapuã (SP)";"Urbana";"3394"
"3535903";"Paranapuã (SP)";"Rural";"421"
"3536000";"Parapuã (SP)";"Total";"10844"
"3536000";"Parapuã (SP)";"Urbana";"8896"
"3536000";"Parapuã (SP)";"Rural";"1948"
"3536109";"Pardinho (SP)";"Total";"5582"
"3536109";"Pardinho (SP)";"Urbana";"4389"
"3536109";"Pardinho (SP)";"Rural";"1193"
"3536208";"Pariquera-Açu (SP)";"Total";"18446"
"3536208";"Pariquera-Açu (SP)";"Urbana";"12661"
"3536208";"Pariquera-Açu (SP)";"Rural";"5785"
"3536257";"Parisi (SP)";"Total";"2032"
"3536257";"Parisi (SP)";"Urbana";"1643"
"3536257";"Parisi (SP)";"Rural";"389"
"3536307";"Patrocínio Paulista (SP)";"Total";"13000"
"3536307";"Patrocínio Paulista (SP)";"Urbana";"10499"
"3536307";"Patrocínio Paulista (SP)";"Rural";"2501"
"3536406";"Paulicéia (SP)";"Total";"6339"
"3536406";"Paulicéia (SP)";"Urbana";"5270"
"3536406";"Paulicéia (SP)";"Rural";"1069"
"3536505";"Paulínia (SP)";"Total";"82146"
"3536505";"Paulínia (SP)";"Urbana";"82070"
"3536505";"Paulínia (SP)";"Rural";"76"
"3536570";"Paulistânia (SP)";"Total";"1779"
"3536570";"Paulistânia (SP)";"Urbana";"1212"
"3536570";"Paulistânia (SP)";"Rural";"567"
"3536604";"Paulo de Faria (SP)";"Total";"8589"
"3536604";"Paulo de Faria (SP)";"Urbana";"7750"
"3536604";"Paulo de Faria (SP)";"Rural";"839"
"3536703";"Pederneiras (SP)";"Total";"41497"
"3536703";"Pederneiras (SP)";"Urbana";"38592"
"3536703";"Pederneiras (SP)";"Rural";"2905"
"3536802";"Pedra Bela (SP)";"Total";"5780"
"3536802";"Pedra Bela (SP)";"Urbana";"1440"
"3536802";"Pedra Bela (SP)";"Rural";"4340"
"3536901";"Pedranópolis (SP)";"Total";"2558"
"3536901";"Pedranópolis (SP)";"Urbana";"1591"
"3536901";"Pedranópolis (SP)";"Rural";"967"
"3537008";"Pedregulho (SP)";"Total";"15700"
"3537008";"Pedregulho (SP)";"Urbana";"11583"
"3537008";"Pedregulho (SP)";"Rural";"4117"
"3537107";"Pedreira (SP)";"Total";"41558"
"3537107";"Pedreira (SP)";"Urbana";"41209"
"3537107";"Pedreira (SP)";"Rural";"349"
"3537156";"Pedrinhas Paulista (SP)";"Total";"2940"
"3537156";"Pedrinhas Paulista (SP)";"Urbana";"2480"
"3537156";"Pedrinhas Paulista (SP)";"Rural";"460"
"3537206";"Pedro de Toledo (SP)";"Total";"10204"
"3537206";"Pedro de Toledo (SP)";"Urbana";"7033"
"3537206";"Pedro de Toledo (SP)";"Rural";"3171"
"3537305";"Penápolis (SP)";"Total";"58510"
"3537305";"Penápolis (SP)";"Urbana";"55882"
"3537305";"Penápolis (SP)";"Rural";"2628"
"3537404";"Pereira Barreto (SP)";"Total";"24962"
"3537404";"Pereira Barreto (SP)";"Urbana";"23235"
"3537404";"Pereira Barreto (SP)";"Rural";"1727"
"3537503";"Pereiras (SP)";"Total";"7454"
"3537503";"Pereiras (SP)";"Urbana";"4978"
"3537503";"Pereiras (SP)";"Rural";"2476"
"3537602";"Peruíbe (SP)";"Total";"59773"
"3537602";"Peruíbe (SP)";"Urbana";"59105"
"3537602";"Peruíbe (SP)";"Rural";"668"
"3537701";"Piacatu (SP)";"Total";"5287"
"3537701";"Piacatu (SP)";"Urbana";"4663"
"3537701";"Piacatu (SP)";"Rural";"624"
"3537800";"Piedade (SP)";"Total";"52143"
"3537800";"Piedade (SP)";"Urbana";"23760"
"3537800";"Piedade (SP)";"Rural";"28383"
"3537909";"Pilar do Sul (SP)";"Total";"26406"
"3537909";"Pilar do Sul (SP)";"Urbana";"20748"
"3537909";"Pilar do Sul (SP)";"Rural";"5658"
"3538006";"Pindamonhangaba (SP)";"Total";"146995"
"3538006";"Pindamonhangaba (SP)";"Urbana";"141708"
"3538006";"Pindamonhangaba (SP)";"Rural";"5287"
"3538105";"Pindorama (SP)";"Total";"15039"
"3538105";"Pindorama (SP)";"Urbana";"14235"
"3538105";"Pindorama (SP)";"Rural";"804"
"3538204";"Pinhalzinho (SP)";"Total";"13105"
"3538204";"Pinhalzinho (SP)";"Urbana";"6455"
"3538204";"Pinhalzinho (SP)";"Rural";"6650"
"3538303";"Piquerobi (SP)";"Total";"3537"
"3538303";"Piquerobi (SP)";"Urbana";"2669"
"3538303";"Piquerobi (SP)";"Rural";"868"
"3538501";"Piquete (SP)";"Total";"14107"
"3538501";"Piquete (SP)";"Urbana";"13212"
"3538501";"Piquete (SP)";"Rural";"895"
"3538600";"Piracaia (SP)";"Total";"25116"
"3538600";"Piracaia (SP)";"Urbana";"25116"
"3538600";"Piracaia (SP)";"Rural";"-"
"3538709";"Piracicaba (SP)";"Total";"364571"
"3538709";"Piracicaba (SP)";"Urbana";"356743"
"3538709";"Piracicaba (SP)";"Rural";"7828"
"3538808";"Piraju (SP)";"Total";"28475"
"3538808";"Piraju (SP)";"Urbana";"25604"
"3538808";"Piraju (SP)";"Rural";"2871"
"3538907";"Pirajuí (SP)";"Total";"22704"
"3538907";"Pirajuí (SP)";"Urbana";"18501"
"3538907";"Pirajuí (SP)";"Rural";"4203"
"3539004";"Pirangi (SP)";"Total";"10623"
"3539004";"Pirangi (SP)";"Urbana";"9528"
"3539004";"Pirangi (SP)";"Rural";"1095"
"3539103";"Pirapora do Bom Jesus (SP)";"Total";"15733"
"3539103";"Pirapora do Bom Jesus (SP)";"Urbana";"15733"
"3539103";"Pirapora do Bom Jesus (SP)";"Rural";"-"
"3539202";"Pirapozinho (SP)";"Total";"24694"
"3539202";"Pirapozinho (SP)";"Urbana";"23462"
"3539202";"Pirapozinho (SP)";"Rural";"1232"
"3539301";"Pirassununga (SP)";"Total";"70081"
"3539301";"Pirassununga (SP)";"Urbana";"64216"
"3539301";"Pirassununga (SP)";"Rural";"5865"
"3539400";"Piratininga (SP)";"Total";"12072"
"3539400";"Piratininga (SP)";"Urbana";"10352"
"3539400";"Piratininga (SP)";"Rural";"1720"
"3539509";"Pitangueiras (SP)";"Total";"35307"
"3539509";"Pitangueiras (SP)";"Urbana";"33948"
"3539509";"Pitangueiras (SP)";"Rural";"1359"
"3539608";"Planalto (SP)";"Total";"4463"
"3539608";"Planalto (SP)";"Urbana";"3766"
"3539608";"Planalto (SP)";"Rural";"697"
"3539707";"Platina (SP)";"Total";"3192"
"3539707";"Platina (SP)";"Urbana";"2513"
"3539707";"Platina (SP)";"Rural";"679"
"3539806";"Poá (SP)";"Total";"106013"
"3539806";"Poá (SP)";"Urbana";"104338"
"3539806";"Poá (SP)";"Rural";"1675"
"3539905";"Poloni (SP)";"Total";"5395"
"3539905";"Poloni (SP)";"Urbana";"4802"
"3539905";"Poloni (SP)";"Rural";"593"
"3540002";"Pompéia (SP)";"Total";"19964"
"3540002";"Pompéia (SP)";"Urbana";"18574"
"3540002";"Pompéia (SP)";"Rural";"1390"
"3540101";"Pongaí (SP)";"Total";"3481"
"3540101";"Pongaí (SP)";"Urbana";"2925"
"3540101";"Pongaí (SP)";"Rural";"556"
"3540200";"Pontal (SP)";"Total";"40244"
"3540200";"Pontal (SP)";"Urbana";"39492"
"3540200";"Pontal (SP)";"Rural";"752"
"3540259";"Pontalinda (SP)";"Total";"4074"
"3540259";"Pontalinda (SP)";"Urbana";"3381"
"3540259";"Pontalinda (SP)";"Rural";"693"
"3540309";"Pontes Gestal (SP)";"Total";"2518"
"3540309";"Pontes Gestal (SP)";"Urbana";"2123"
"3540309";"Pontes Gestal (SP)";"Rural";"395"
"3540408";"Populina (SP)";"Total";"4223"
"3540408";"Populina (SP)";"Urbana";"3412"
"3540408";"Populina (SP)";"Rural";"811"
"3540507";"Porangaba (SP)";"Total";"8326"
"3540507";"Porangaba (SP)";"Urbana";"4020"
"3540507";"Porangaba (SP)";"Rural";"4306"
"3540606";"Porto Feliz (SP)";"Total";"48893"
"3540606";"Porto Feliz (SP)";"Urbana";"41096"
"3540606";"Porto Feliz (SP)";"Rural";"7797"
"3540705";"Porto Ferreira (SP)";"Total";"51400"
"3540705";"Porto Ferreira (SP)";"Urbana";"50478"
"3540705";"Porto Ferreira (SP)";"Rural";"922"
"3540754";"Potim (SP)";"Total";"19397"
"3540754";"Potim (SP)";"Urbana";"14709"
"3540754";"Potim (SP)";"Rural";"4688"
"3540804";"Potirendaba (SP)";"Total";"15449"
"3540804";"Potirendaba (SP)";"Urbana";"13884"
"3540804";"Potirendaba (SP)";"Rural";"1565"
"3540853";"Pracinha (SP)";"Total";"2858"
"3540853";"Pracinha (SP)";"Urbana";"1369"
"3540853";"Pracinha (SP)";"Rural";"1489"
"3540903";"Pradópolis (SP)";"Total";"17377"
"3540903";"Pradópolis (SP)";"Urbana";"16100"
"3540903";"Pradópolis (SP)";"Rural";"1277"
"3541000";"Praia Grande (SP)";"Total";"262051"
"3541000";"Praia Grande (SP)";"Urbana";"262051"
"3541000";"Praia Grande (SP)";"Rural";"-"
"3541059";"Pratânia (SP)";"Total";"4599"
"3541059";"Pratânia (SP)";"Urbana";"3485"
"3541059";"Pratânia (SP)";"Rural";"1114"
"3541109";"Presidente Alves (SP)";"Total";"4123"
"3541109";"Presidente Alves (SP)";"Urbana";"3431"
"3541109";"Presidente Alves (SP)";"Rural";"692"
"3541208";"Presidente Bernardes (SP)";"Total";"13570"
"3541208";"Presidente Bernardes (SP)";"Urbana";"10500"
"3541208";"Presidente Bernardes (SP)";"Rural";"3070"
"3541307";"Presidente Epitácio (SP)";"Total";"41318"
"3541307";"Presidente Epitácio (SP)";"Urbana";"38545"
"3541307";"Presidente Epitácio (SP)";"Rural";"2773"
"3541406";"Presidente Prudente (SP)";"Total";"207610"
"3541406";"Presidente Prudente (SP)";"Urbana";"203375"
"3541406";"Presidente Prudente (SP)";"Rural";"4235"
"3541505";"Presidente Venceslau (SP)";"Total";"37910"
"3541505";"Presidente Venceslau (SP)";"Urbana";"36272"
"3541505";"Presidente Venceslau (SP)";"Rural";"1638"
"3541604";"Promissão (SP)";"Total";"35674"
"3541604";"Promissão (SP)";"Urbana";"30070"
"3541604";"Promissão (SP)";"Rural";"5604"
"3541653";"Quadra (SP)";"Total";"3236"
"3541653";"Quadra (SP)";"Urbana";"828"
"3541653";"Quadra (SP)";"Rural";"2408"
"3541703";"Quatá (SP)";"Total";"12799"
"3541703";"Quatá (SP)";"Urbana";"12011"
"3541703";"Quatá (SP)";"Rural";"788"
"3541802";"Queiroz (SP)";"Total";"2808"
"3541802";"Queiroz (SP)";"Urbana";"2385"
"3541802";"Queiroz (SP)";"Rural";"423"
"3541901";"Queluz (SP)";"Total";"11309"
"3541901";"Queluz (SP)";"Urbana";"9275"
"3541901";"Queluz (SP)";"Rural";"2034"
"3542008";"Quintana (SP)";"Total";"6004"
"3542008";"Quintana (SP)";"Urbana";"5494"
"3542008";"Quintana (SP)";"Rural";"510"
"3542107";"Rafard (SP)";"Total";"8612"
"3542107";"Rafard (SP)";"Urbana";"7591"
"3542107";"Rafard (SP)";"Rural";"1021"
"3542206";"Rancharia (SP)";"Total";"28804"
"3542206";"Rancharia (SP)";"Urbana";"25828"
"3542206";"Rancharia (SP)";"Rural";"2976"
"3542305";"Redenção da Serra (SP)";"Total";"3873"
"3542305";"Redenção da Serra (SP)";"Urbana";"2213"
"3542305";"Redenção da Serra (SP)";"Rural";"1660"
"3542404";"Regente Feijó (SP)";"Total";"18494"
"3542404";"Regente Feijó (SP)";"Urbana";"17049"
"3542404";"Regente Feijó (SP)";"Rural";"1445"
"3542503";"Reginópolis (SP)";"Total";"7323"
"3542503";"Reginópolis (SP)";"Urbana";"4362"
"3542503";"Reginópolis (SP)";"Rural";"2961"
"3542602";"Registro (SP)";"Total";"54261"
"3542602";"Registro (SP)";"Urbana";"48169"
"3542602";"Registro (SP)";"Rural";"6092"
"3542701";"Restinga (SP)";"Total";"6587"
"3542701";"Restinga (SP)";"Urbana";"5179"
"3542701";"Restinga (SP)";"Rural";"1408"
"3542800";"Ribeira (SP)";"Total";"3358"
"3542800";"Ribeira (SP)";"Urbana";"1236"
"3542800";"Ribeira (SP)";"Rural";"2122"
"3542909";"Ribeirão Bonito (SP)";"Total";"12135"
"3542909";"Ribeirão Bonito (SP)";"Urbana";"11220"
"3542909";"Ribeirão Bonito (SP)";"Rural";"915"
"3543006";"Ribeirão Branco (SP)";"Total";"18269"
"3543006";"Ribeirão Branco (SP)";"Urbana";"9293"
"3543006";"Ribeirão Branco (SP)";"Rural";"8976"
"3543105";"Ribeirão Corrente (SP)";"Total";"4273"
"3543105";"Ribeirão Corrente (SP)";"Urbana";"3397"
"3543105";"Ribeirão Corrente (SP)";"Rural";"876"
"3543204";"Ribeirão do Sul (SP)";"Total";"4446"
"3543204";"Ribeirão do Sul (SP)";"Urbana";"3295"
"3543204";"Ribeirão do Sul (SP)";"Rural";"1151"
"3543238";"Ribeirão dos Índios (SP)";"Total";"2187"
"3543238";"Ribeirão dos Índios (SP)";"Urbana";"1850"
"3543238";"Ribeirão dos Índios (SP)";"Rural";"337"
"3543253";"Ribeirão Grande (SP)";"Total";"7422"
"3543253";"Ribeirão Grande (SP)";"Urbana";"2344"
"3543253";"Ribeirão Grande (SP)";"Rural";"5078"
"3543303";"Ribeirão Pires (SP)";"Total";"113068"
"3543303";"Ribeirão Pires (SP)";"Urbana";"113068"
"3543303";"Ribeirão Pires (SP)";"Rural";"-"
"3543402";"Ribeirão Preto (SP)";"Total";"604682"
"3543402";"Ribeirão Preto (SP)";"Urbana";"602966"
"3543402";"Ribeirão Preto (SP)";"Rural";"1716"
"3543501";"Riversul (SP)";"Total";"6163"
"3543501";"Riversul (SP)";"Urbana";"4492"
"3543501";"Riversul (SP)";"Rural";"1671"
"3543600";"Rifaina (SP)";"Total";"3436"
"3543600";"Rifaina (SP)";"Urbana";"3008"
"3543600";"Rifaina (SP)";"Rural";"428"
"3543709";"Rincão (SP)";"Total";"10414"
"3543709";"Rincão (SP)";"Urbana";"8460"
"3543709";"Rincão (SP)";"Rural";"1954"
"3543808";"Rinópolis (SP)";"Total";"9935"
"3543808";"Rinópolis (SP)";"Urbana";"8636"
"3543808";"Rinópolis (SP)";"Rural";"1299"
"3543907";"Rio Claro (SP)";"Total";"186253"
"3543907";"Rio Claro (SP)";"Urbana";"181720"
"3543907";"Rio Claro (SP)";"Rural";"4533"
"3544004";"Rio das Pedras (SP)";"Total";"29501"
"3544004";"Rio das Pedras (SP)";"Urbana";"28562"
"3544004";"Rio das Pedras (SP)";"Rural";"939"
"3544103";"Rio Grande da Serra (SP)";"Total";"43974"
"3544103";"Rio Grande da Serra (SP)";"Urbana";"43974"
"3544103";"Rio Grande da Serra (SP)";"Rural";"-"
"3544202";"Riolândia (SP)";"Total";"10575"
"3544202";"Riolândia (SP)";"Urbana";"8366"
"3544202";"Riolândia (SP)";"Rural";"2209"
"3544251";"Rosana (SP)";"Total";"19691"
"3544251";"Rosana (SP)";"Urbana";"15858"
"3544251";"Rosana (SP)";"Rural";"3833"
"3544301";"Roseira (SP)";"Total";"9599"
"3544301";"Roseira (SP)";"Urbana";"9116"
"3544301";"Roseira (SP)";"Rural";"483"
"3544400";"Rubiácea (SP)";"Total";"2729"
"3544400";"Rubiácea (SP)";"Urbana";"1563"
"3544400";"Rubiácea (SP)";"Rural";"1166"
"3544509";"Rubinéia (SP)";"Total";"2862"
"3544509";"Rubinéia (SP)";"Urbana";"2355"
"3544509";"Rubinéia (SP)";"Rural";"507"
"3544608";"Sabino (SP)";"Total";"5217"
"3544608";"Sabino (SP)";"Urbana";"4575"
"3544608";"Sabino (SP)";"Rural";"642"
"3544707";"Sagres (SP)";"Total";"2395"
"3544707";"Sagres (SP)";"Urbana";"1819"
"3544707";"Sagres (SP)";"Rural";"576"
"3544806";"Sales (SP)";"Total";"5451"
"3544806";"Sales (SP)";"Urbana";"4907"
"3544806";"Sales (SP)";"Rural";"544"
"3544905";"Sales Oliveira (SP)";"Total";"10568"
"3544905";"Sales Oliveira (SP)";"Urbana";"9569"
"3544905";"Sales Oliveira (SP)";"Rural";"999"
"3545001";"Salesópolis (SP)";"Total";"15635"
"3545001";"Salesópolis (SP)";"Urbana";"9954"
"3545001";"Salesópolis (SP)";"Rural";"5681"
"3545100";"Salmourão (SP)";"Total";"4818"
"3545100";"Salmourão (SP)";"Urbana";"4321"
"3545100";"Salmourão (SP)";"Rural";"497"
"3545159";"Saltinho (SP)";"Total";"7059"
"3545159";"Saltinho (SP)";"Urbana";"5891"
"3545159";"Saltinho (SP)";"Rural";"1168"
"3545209";"Salto (SP)";"Total";"105516"
"3545209";"Salto (SP)";"Urbana";"104774"
"3545209";"Salto (SP)";"Rural";"742"
"3545308";"Salto de Pirapora (SP)";"Total";"40132"
"3545308";"Salto de Pirapora (SP)";"Urbana";"31463"
"3545308";"Salto de Pirapora (SP)";"Rural";"8669"
"3545407";"Salto Grande (SP)";"Total";"8787"
"3545407";"Salto Grande (SP)";"Urbana";"7933"
"3545407";"Salto Grande (SP)";"Rural";"854"
"3545506";"Sandovalina (SP)";"Total";"3699"
"3545506";"Sandovalina (SP)";"Urbana";"2581"
"3545506";"Sandovalina (SP)";"Rural";"1118"
"3545605";"Santa Adélia (SP)";"Total";"14333"
"3545605";"Santa Adélia (SP)";"Urbana";"13560"
"3545605";"Santa Adélia (SP)";"Rural";"773"
"3545704";"Santa Albertina (SP)";"Total";"5723"
"3545704";"Santa Albertina (SP)";"Urbana";"4891"
"3545704";"Santa Albertina (SP)";"Rural";"832"
"3545803";"Santa Bárbara d'Oeste (SP)";"Total";"180009"
"3545803";"Santa Bárbara d'Oeste (SP)";"Urbana";"178596"
"3545803";"Santa Bárbara d'Oeste (SP)";"Rural";"1413"
"3546009";"Santa Branca (SP)";"Total";"13763"
"3546009";"Santa Branca (SP)";"Urbana";"12140"
"3546009";"Santa Branca (SP)";"Rural";"1623"
"3546108";"Santa Clara d'Oeste (SP)";"Total";"2084"
"3546108";"Santa Clara d'Oeste (SP)";"Urbana";"1571"
"3546108";"Santa Clara d'Oeste (SP)";"Rural";"513"
"3546207";"Santa Cruz da Conceição (SP)";"Total";"4002"
"3546207";"Santa Cruz da Conceição (SP)";"Urbana";"2708"
"3546207";"Santa Cruz da Conceição (SP)";"Rural";"1294"
"3546256";"Santa Cruz da Esperança (SP)";"Total";"1953"
"3546256";"Santa Cruz da Esperança (SP)";"Urbana";"1323"
"3546256";"Santa Cruz da Esperança (SP)";"Rural";"630"
"3546306";"Santa Cruz das Palmeiras (SP)";"Total";"29932"
"3546306";"Santa Cruz das Palmeiras (SP)";"Urbana";"29000"
"3546306";"Santa Cruz das Palmeiras (SP)";"Rural";"932"
"3546405";"Santa Cruz do Rio Pardo (SP)";"Total";"43921"
"3546405";"Santa Cruz do Rio Pardo (SP)";"Urbana";"40154"
"3546405";"Santa Cruz do Rio Pardo (SP)";"Rural";"3767"
"3546504";"Santa Ernestina (SP)";"Total";"5568"
"3546504";"Santa Ernestina (SP)";"Urbana";"5145"
"3546504";"Santa Ernestina (SP)";"Rural";"423"
"3546603";"Santa Fé do Sul (SP)";"Total";"29239"
"3546603";"Santa Fé do Sul (SP)";"Urbana";"28088"
"3546603";"Santa Fé do Sul (SP)";"Rural";"1151"
"3546702";"Santa Gertrudes (SP)";"Total";"21634"
"3546702";"Santa Gertrudes (SP)";"Urbana";"21404"
"3546702";"Santa Gertrudes (SP)";"Rural";"230"
"3546801";"Santa Isabel (SP)";"Total";"50453"
"3546801";"Santa Isabel (SP)";"Urbana";"39591"
"3546801";"Santa Isabel (SP)";"Rural";"10862"
"3546900";"Santa Lúcia (SP)";"Total";"8248"
"3546900";"Santa Lúcia (SP)";"Urbana";"7754"
"3546900";"Santa Lúcia (SP)";"Rural";"494"
"3547007";"Santa Maria da Serra (SP)";"Total";"5413"
"3547007";"Santa Maria da Serra (SP)";"Urbana";"4772"
"3547007";"Santa Maria da Serra (SP)";"Rural";"641"
"3547106";"Santa Mercedes (SP)";"Total";"2831"
"3547106";"Santa Mercedes (SP)";"Urbana";"2458"
"3547106";"Santa Mercedes (SP)";"Rural";"373"
"3547205";"Santana da Ponte Pensa (SP)";"Total";"1641"
"3547205";"Santana da Ponte Pensa (SP)";"Urbana";"1097"
"3547205";"Santana da Ponte Pensa (SP)";"Rural";"544"
"3547304";"Santana de Parnaíba (SP)";"Total";"108813"
"3547304";"Santana de Parnaíba (SP)";"Urbana";"108813"
"3547304";"Santana de Parnaíba (SP)";"Rural";"-"
"3547403";"Santa Rita d'Oeste (SP)";"Total";"2543"
"3547403";"Santa Rita d'Oeste (SP)";"Urbana";"1773"
"3547403";"Santa Rita d'Oeste (SP)";"Rural";"770"
"3547502";"Santa Rita do Passa Quatro (SP)";"Total";"26478"
"3547502";"Santa Rita do Passa Quatro (SP)";"Urbana";"23701"
"3547502";"Santa Rita do Passa Quatro (SP)";"Rural";"2777"
"3547601";"Santa Rosa de Viterbo (SP)";"Total";"23862"
"3547601";"Santa Rosa de Viterbo (SP)";"Urbana";"22747"
"3547601";"Santa Rosa de Viterbo (SP)";"Rural";"1115"
"3547650";"Santa Salete (SP)";"Total";"1447"
"3547650";"Santa Salete (SP)";"Urbana";"819"
"3547650";"Santa Salete (SP)";"Rural";"628"
"3547700";"Santo Anastácio (SP)";"Total";"20475"
"3547700";"Santo Anastácio (SP)";"Urbana";"19080"
"3547700";"Santo Anastácio (SP)";"Rural";"1395"
"3547809";"Santo André (SP)";"Total";"676407"
"3547809";"Santo André (SP)";"Urbana";"676407"
"3547809";"Santo André (SP)";"Rural";"-"
"3547908";"Santo Antônio da Alegria (SP)";"Total";"6304"
"3547908";"Santo Antônio da Alegria (SP)";"Urbana";"4669"
"3547908";"Santo Antônio da Alegria (SP)";"Rural";"1635"
"3548005";"Santo Antônio de Posse (SP)";"Total";"20650"
"3548005";"Santo Antônio de Posse (SP)";"Urbana";"18834"
"3548005";"Santo Antônio de Posse (SP)";"Rural";"1816"
"3548054";"Santo Antônio do Aracanguá (SP)";"Total";"7626"
"3548054";"Santo Antônio do Aracanguá (SP)";"Urbana";"5971"
"3548054";"Santo Antônio do Aracanguá (SP)";"Rural";"1655"
"3548104";"Santo Antônio do Jardim (SP)";"Total";"5943"
"3548104";"Santo Antônio do Jardim (SP)";"Urbana";"3532"
"3548104";"Santo Antônio do Jardim (SP)";"Rural";"2411"
"3548203";"Santo Antônio do Pinhal (SP)";"Total";"6486"
"3548203";"Santo Antônio do Pinhal (SP)";"Urbana";"3855"
"3548203";"Santo Antônio do Pinhal (SP)";"Rural";"2631"
"3548302";"Santo Expedito (SP)";"Total";"2803"
"3548302";"Santo Expedito (SP)";"Urbana";"2478"
"3548302";"Santo Expedito (SP)";"Rural";"325"
"3548401";"Santópolis do Aguapeí (SP)";"Total";"4277"
"3548401";"Santópolis do Aguapeí (SP)";"Urbana";"4133"
"3548401";"Santópolis do Aguapeí (SP)";"Rural";"144"
"3548500";"Santos (SP)";"Total";"419400"
"3548500";"Santos (SP)";"Urbana";"419086"
"3548500";"Santos (SP)";"Rural";"314"
"3548609";"São Bento do Sapucaí (SP)";"Total";"10468"
"3548609";"São Bento do Sapucaí (SP)";"Urbana";"5040"
"3548609";"São Bento do Sapucaí (SP)";"Rural";"5428"
"3548708";"São Bernardo do Campo (SP)";"Total";"765463"
"3548708";"São Bernardo do Campo (SP)";"Urbana";"752658"
"3548708";"São Bernardo do Campo (SP)";"Rural";"12805"
"3548807";"São Caetano do Sul (SP)";"Total";"149263"
"3548807";"São Caetano do Sul (SP)";"Urbana";"149263"
"3548807";"São Caetano do Sul (SP)";"Rural";"-"
"3548906";"São Carlos (SP)";"Total";"221950"
"3548906";"São Carlos (SP)";"Urbana";"213061"
"3548906";"São Carlos (SP)";"Rural";"8889"
"3549003";"São Francisco (SP)";"Total";"2793"
"3549003";"São Francisco (SP)";"Urbana";"2167"
"3549003";"São Francisco (SP)";"Rural";"626"
"3549102";"São João da Boa Vista (SP)";"Total";"83639"
"3549102";"São João da Boa Vista (SP)";"Urbana";"80302"
"3549102";"São João da Boa Vista (SP)";"Rural";"3337"
"3549201";"São João das Duas Pontes (SP)";"Total";"2566"
"3549201";"São João das Duas Pontes (SP)";"Urbana";"1961"
"3549201";"São João das Duas Pontes (SP)";"Rural";"605"
"3549250";"São João de Iracema (SP)";"Total";"1780"
"3549250";"São João de Iracema (SP)";"Urbana";"1452"
"3549250";"São João de Iracema (SP)";"Rural";"328"
"3549300";"São João do Pau d'Alho (SP)";"Total";"2103"
"3549300";"São João do Pau d'Alho (SP)";"Urbana";"1705"
"3549300";"São João do Pau d'Alho (SP)";"Rural";"398"
"3549409";"São Joaquim da Barra (SP)";"Total";"46512"
"3549409";"São Joaquim da Barra (SP)";"Urbana";"45678"
"3549409";"São Joaquim da Barra (SP)";"Rural";"834"
"3549508";"São José da Bela Vista (SP)";"Total";"8406"
"3549508";"São José da Bela Vista (SP)";"Urbana";"7485"
"3549508";"São José da Bela Vista (SP)";"Rural";"921"
"3549607";"São José do Barreiro (SP)";"Total";"4077"
"3549607";"São José do Barreiro (SP)";"Urbana";"2869"
"3549607";"São José do Barreiro (SP)";"Rural";"1208"
"3549706";"São José do Rio Pardo (SP)";"Total";"51900"
"3549706";"São José do Rio Pardo (SP)";"Urbana";"45959"
"3549706";"São José do Rio Pardo (SP)";"Rural";"5941"
"3549805";"São José do Rio Preto (SP)";"Total";"408258"
"3549805";"São José do Rio Preto (SP)";"Urbana";"383490"
"3549805";"São José do Rio Preto (SP)";"Rural";"24768"
"3549904";"São José dos Campos (SP)";"Total";"629921"
"3549904";"São José dos Campos (SP)";"Urbana";"617106"
"3549904";"São José dos Campos (SP)";"Rural";"12815"
"3549953";"São Lourenço da Serra (SP)";"Total";"13973"
"3549953";"São Lourenço da Serra (SP)";"Urbana";"12719"
"3549953";"São Lourenço da Serra (SP)";"Rural";"1254"
"3550001";"São Luiz do Paraitinga (SP)";"Total";"10397"
"3550001";"São Luiz do Paraitinga (SP)";"Urbana";"6180"
"3550001";"São Luiz do Paraitinga (SP)";"Rural";"4217"
"3550100";"São Manuel (SP)";"Total";"38342"
"3550100";"São Manuel (SP)";"Urbana";"37413"
"3550100";"São Manuel (SP)";"Rural";"929"
"3550209";"São Miguel Arcanjo (SP)";"Total";"31450"
"3550209";"São Miguel Arcanjo (SP)";"Urbana";"21502"
"3550209";"São Miguel Arcanjo (SP)";"Rural";"9948"
"3550308";"São Paulo (SP)";"Total";"11253503"
"3550308";"São Paulo (SP)";"Urbana";"11152344"
"3550308";"São Paulo (SP)";"Rural";"101159"
"3550407";"São Pedro (SP)";"Total";"31662"
"3550407";"São Pedro (SP)";"Urbana";"26607"
"3550407";"São Pedro (SP)";"Rural";"5055"
"3550506";"São Pedro do Turvo (SP)";"Total";"7198"
"3550506";"São Pedro do Turvo (SP)";"Urbana";"5150"
"3550506";"São Pedro do Turvo (SP)";"Rural";"2048"
"3550605";"São Roque (SP)";"Total";"78821"
"3550605";"São Roque (SP)";"Urbana";"71488"
"3550605";"São Roque (SP)";"Rural";"7333"
"3550704";"São Sebastião (SP)";"Total";"73942"
"3550704";"São Sebastião (SP)";"Urbana";"73109"
"3550704";"São Sebastião (SP)";"Rural";"833"
"3550803";"São Sebastião da Grama (SP)";"Total";"12099"
"3550803";"São Sebastião da Grama (SP)";"Urbana";"7971"
"3550803";"São Sebastião da Grama (SP)";"Rural";"4128"
"3550902";"São Simão (SP)";"Total";"14346"
"3550902";"São Simão (SP)";"Urbana";"12928"
"3550902";"São Simão (SP)";"Rural";"1418"
"3551009";"São Vicente (SP)";"Total";"332445"
"3551009";"São Vicente (SP)";"Urbana";"331817"
"3551009";"São Vicente (SP)";"Rural";"628"
"3551108";"Sarapuí (SP)";"Total";"9027"
"3551108";"Sarapuí (SP)";"Urbana";"6646"
"3551108";"Sarapuí (SP)";"Rural";"2381"
"3551207";"Sarutaiá (SP)";"Total";"3622"
"3551207";"Sarutaiá (SP)";"Urbana";"2957"
"3551207";"Sarutaiá (SP)";"Rural";"665"
"3551306";"Sebastianópolis do Sul (SP)";"Total";"3031"
"3551306";"Sebastianópolis do Sul (SP)";"Urbana";"2347"
"3551306";"Sebastianópolis do Sul (SP)";"Rural";"684"
"3551405";"Serra Azul (SP)";"Total";"11256"
"3551405";"Serra Azul (SP)";"Urbana";"8017"
"3551405";"Serra Azul (SP)";"Rural";"3239"
"3551504";"Serrana (SP)";"Total";"38878"
"3551504";"Serrana (SP)";"Urbana";"38466"
"3551504";"Serrana (SP)";"Rural";"412"
"3551603";"Serra Negra (SP)";"Total";"26387"
"3551603";"Serra Negra (SP)";"Urbana";"22893"
"3551603";"Serra Negra (SP)";"Rural";"3494"
"3551702";"Sertãozinho (SP)";"Total";"110074"
"3551702";"Sertãozinho (SP)";"Urbana";"108772"
"3551702";"Sertãozinho (SP)";"Rural";"1302"
"3551801";"Sete Barras (SP)";"Total";"13005"
"3551801";"Sete Barras (SP)";"Urbana";"7191"
"3551801";"Sete Barras (SP)";"Rural";"5814"
"3551900";"Severínia (SP)";"Total";"15501"
"3551900";"Severínia (SP)";"Urbana";"14774"
"3551900";"Severínia (SP)";"Rural";"727"
"3552007";"Silveiras (SP)";"Total";"5792"
"3552007";"Silveiras (SP)";"Urbana";"2879"
"3552007";"Silveiras (SP)";"Rural";"2913"
"3552106";"Socorro (SP)";"Total";"36686"
"3552106";"Socorro (SP)";"Urbana";"24944"
"3552106";"Socorro (SP)";"Rural";"11742"
"3552205";"Sorocaba (SP)";"Total";"586625"
"3552205";"Sorocaba (SP)";"Urbana";"580655"
"3552205";"Sorocaba (SP)";"Rural";"5970"
"3552304";"Sud Mennucci (SP)";"Total";"7435"
"3552304";"Sud Mennucci (SP)";"Urbana";"6389"
"3552304";"Sud Mennucci (SP)";"Rural";"1046"
"3552403";"Sumaré (SP)";"Total";"241311"
"3552403";"Sumaré (SP)";"Urbana";"238470"
"3552403";"Sumaré (SP)";"Rural";"2841"
"3552502";"Suzano (SP)";"Total";"262480"
"3552502";"Suzano (SP)";"Urbana";"253240"
"3552502";"Suzano (SP)";"Rural";"9240"
"3552551";"Suzanápolis (SP)";"Total";"3383"
"3552551";"Suzanápolis (SP)";"Urbana";"2258"
"3552551";"Suzanápolis (SP)";"Rural";"1125"
"3552601";"Tabapuã (SP)";"Total";"11363"
"3552601";"Tabapuã (SP)";"Urbana";"10519"
"3552601";"Tabapuã (SP)";"Rural";"844"
"3552700";"Tabatinga (SP)";"Total";"14686"
"3552700";"Tabatinga (SP)";"Urbana";"12578"
"3552700";"Tabatinga (SP)";"Rural";"2108"
"3552809";"Taboão da Serra (SP)";"Total";"244528"
"3552809";"Taboão da Serra (SP)";"Urbana";"244528"
"3552809";"Taboão da Serra (SP)";"Rural";"-"
"3552908";"Taciba (SP)";"Total";"5714"
"3552908";"Taciba (SP)";"Urbana";"4852"
"3552908";"Taciba (SP)";"Rural";"862"
"3553005";"Taguaí (SP)";"Total";"10828"
"3553005";"Taguaí (SP)";"Urbana";"7757"
"3553005";"Taguaí (SP)";"Rural";"3071"
"3553104";"Taiaçu (SP)";"Total";"5894"
"3553104";"Taiaçu (SP)";"Urbana";"5339"
"3553104";"Taiaçu (SP)";"Rural";"555"
"3553203";"Taiúva (SP)";"Total";"5447"
"3553203";"Taiúva (SP)";"Urbana";"4967"
"3553203";"Taiúva (SP)";"Rural";"480"
"3553302";"Tambaú (SP)";"Total";"22406"
"3553302";"Tambaú (SP)";"Urbana";"19909"
"3553302";"Tambaú (SP)";"Rural";"2497"
"3553401";"Tanabi (SP)";"Total";"24055"
"3553401";"Tanabi (SP)";"Urbana";"21735"
"3553401";"Tanabi (SP)";"Rural";"2320"
"3553500";"Tapiraí (SP)";"Total";"8012"
"3553500";"Tapiraí (SP)";"Urbana";"5728"
"3553500";"Tapiraí (SP)";"Rural";"2284"
"3553609";"Tapiratiba (SP)";"Total";"12737"
"3553609";"Tapiratiba (SP)";"Urbana";"10504"
"3553609";"Tapiratiba (SP)";"Rural";"2233"
"3553658";"Taquaral (SP)";"Total";"2726"
"3553658";"Taquaral (SP)";"Urbana";"2613"
"3553658";"Taquaral (SP)";"Rural";"113"
"3553708";"Taquaritinga (SP)";"Total";"53988"
"3553708";"Taquaritinga (SP)";"Urbana";"51168"
"3553708";"Taquaritinga (SP)";"Rural";"2820"
"3553807";"Taquarituba (SP)";"Total";"22291"
"3553807";"Taquarituba (SP)";"Urbana";"19579"
"3553807";"Taquarituba (SP)";"Rural";"2712"
"3553856";"Taquarivaí (SP)";"Total";"5151"
"3553856";"Taquarivaí (SP)";"Urbana";"2811"
"3553856";"Taquarivaí (SP)";"Rural";"2340"
"3553906";"Tarabai (SP)";"Total";"6607"
"3553906";"Tarabai (SP)";"Urbana";"6109"
"3553906";"Tarabai (SP)";"Rural";"498"
"3553955";"Tarumã (SP)";"Total";"12885"
"3553955";"Tarumã (SP)";"Urbana";"12126"
"3553955";"Tarumã (SP)";"Rural";"759"
"3554003";"Tatuí (SP)";"Total";"107326"
"3554003";"Tatuí (SP)";"Urbana";"102256"
"3554003";"Tatuí (SP)";"Rural";"5070"
"3554102";"Taubaté (SP)";"Total";"278686"
"3554102";"Taubaté (SP)";"Urbana";"272673"
"3554102";"Taubaté (SP)";"Rural";"6013"
"3554201";"Tejupá (SP)";"Total";"4809"
"3554201";"Tejupá (SP)";"Urbana";"3120"
"3554201";"Tejupá (SP)";"Rural";"1689"
"3554300";"Teodoro Sampaio (SP)";"Total";"21386"
"3554300";"Teodoro Sampaio (SP)";"Urbana";"17365"
"3554300";"Teodoro Sampaio (SP)";"Rural";"4021"
"3554409";"Terra Roxa (SP)";"Total";"8505"
"3554409";"Terra Roxa (SP)";"Urbana";"8107"
"3554409";"Terra Roxa (SP)";"Rural";"398"
"3554508";"Tietê (SP)";"Total";"36835"
"3554508";"Tietê (SP)";"Urbana";"33489"
"3554508";"Tietê (SP)";"Rural";"3346"
"3554607";"Timburi (SP)";"Total";"2646"
"3554607";"Timburi (SP)";"Urbana";"1924"
"3554607";"Timburi (SP)";"Rural";"722"
"3554656";"Torre de Pedra (SP)";"Total";"2254"
"3554656";"Torre de Pedra (SP)";"Urbana";"1469"
"3554656";"Torre de Pedra (SP)";"Rural";"785"
"3554706";"Torrinha (SP)";"Total";"9330"
"3554706";"Torrinha (SP)";"Urbana";"7939"
"3554706";"Torrinha (SP)";"Rural";"1391"
"3554755";"Trabiju (SP)";"Total";"1544"
"3554755";"Trabiju (SP)";"Urbana";"1418"
"3554755";"Trabiju (SP)";"Rural";"126"
"3554805";"Tremembé (SP)";"Total";"40984"
"3554805";"Tremembé (SP)";"Urbana";"36936"
"3554805";"Tremembé (SP)";"Rural";"4048"
"3554904";"Três Fronteiras (SP)";"Total";"5427"
"3554904";"Três Fronteiras (SP)";"Urbana";"4598"
"3554904";"Três Fronteiras (SP)";"Rural";"829"
"3554953";"Tuiuti (SP)";"Total";"5930"
"3554953";"Tuiuti (SP)";"Urbana";"2969"
"3554953";"Tuiuti (SP)";"Rural";"2961"
"3555000";"Tupã (SP)";"Total";"63476"
"3555000";"Tupã (SP)";"Urbana";"60930"
"3555000";"Tupã (SP)";"Rural";"2546"
"3555109";"Tupi Paulista (SP)";"Total";"14269"
"3555109";"Tupi Paulista (SP)";"Urbana";"11206"
"3555109";"Tupi Paulista (SP)";"Rural";"3063"
"3555208";"Turiúba (SP)";"Total";"1930"
"3555208";"Turiúba (SP)";"Urbana";"1580"
"3555208";"Turiúba (SP)";"Rural";"350"
"3555307";"Turmalina (SP)";"Total";"1978"
"3555307";"Turmalina (SP)";"Urbana";"1407"
"3555307";"Turmalina (SP)";"Rural";"571"
"3555356";"Ubarana (SP)";"Total";"5289"
"3555356";"Ubarana (SP)";"Urbana";"4845"
"3555356";"Ubarana (SP)";"Rural";"444"
"3555406";"Ubatuba (SP)";"Total";"78801"
"3555406";"Ubatuba (SP)";"Urbana";"76907"
"3555406";"Ubatuba (SP)";"Rural";"1894"
"3555505";"Ubirajara (SP)";"Total";"4427"
"3555505";"Ubirajara (SP)";"Urbana";"3229"
"3555505";"Ubirajara (SP)";"Rural";"1198"
"3555604";"Uchoa (SP)";"Total";"9471"
"3555604";"Uchoa (SP)";"Urbana";"8801"
"3555604";"Uchoa (SP)";"Rural";"670"
"3555703";"União Paulista (SP)";"Total";"1599"
"3555703";"União Paulista (SP)";"Urbana";"1224"
"3555703";"União Paulista (SP)";"Rural";"375"
"3555802";"Urânia (SP)";"Total";"8836"
"3555802";"Urânia (SP)";"Urbana";"7436"
"3555802";"Urânia (SP)";"Rural";"1400"
"3555901";"Uru (SP)";"Total";"1251"
"3555901";"Uru (SP)";"Urbana";"1081"
"3555901";"Uru (SP)";"Rural";"170"
"3556008";"Urupês (SP)";"Total";"12714"
"3556008";"Urupês (SP)";"Urbana";"11314"
"3556008";"Urupês (SP)";"Rural";"1400"
"3556107";"Valentim Gentil (SP)";"Total";"11036"
"3556107";"Valentim Gentil (SP)";"Urbana";"10073"
"3556107";"Valentim Gentil (SP)";"Rural";"963"
"3556206";"Valinhos (SP)";"Total";"106793"
"3556206";"Valinhos (SP)";"Urbana";"101626"
"3556206";"Valinhos (SP)";"Rural";"5167"
"3556305";"Valparaíso (SP)";"Total";"22576"
"3556305";"Valparaíso (SP)";"Urbana";"21469"
"3556305";"Valparaíso (SP)";"Rural";"1107"
"3556354";"Vargem (SP)";"Total";"8801"
"3556354";"Vargem (SP)";"Urbana";"4421"
"3556354";"Vargem (SP)";"Rural";"4380"
"3556404";"Vargem Grande do Sul (SP)";"Total";"39266"
"3556404";"Vargem Grande do Sul (SP)";"Urbana";"37274"
"3556404";"Vargem Grande do Sul (SP)";"Rural";"1992"
"3556453";"Vargem Grande Paulista (SP)";"Total";"42997"
"3556453";"Vargem Grande Paulista (SP)";"Urbana";"42997"
"3556453";"Vargem Grande Paulista (SP)";"Rural";"-"
"3556503";"Várzea Paulista (SP)";"Total";"107089"
"3556503";"Várzea Paulista (SP)";"Urbana";"107089"
"3556503";"Várzea Paulista (SP)";"Rural";"-"
"3556602";"Vera Cruz (SP)";"Total";"10769"
"3556602";"Vera Cruz (SP)";"Urbana";"9363"
"3556602";"Vera Cruz (SP)";"Rural";"1406"
"3556701";"Vinhedo (SP)";"Total";"63611"
"3556701";"Vinhedo (SP)";"Urbana";"61612"
"3556701";"Vinhedo (SP)";"Rural";"1999"
"3556800";"Viradouro (SP)";"Total";"17297"
"3556800";"Viradouro (SP)";"Urbana";"16791"
"3556800";"Viradouro (SP)";"Rural";"506"
"3556909";"Vista Alegre do Alto (SP)";"Total";"6886"
"3556909";"Vista Alegre do Alto (SP)";"Urbana";"6352"
"3556909";"Vista Alegre do Alto (SP)";"Rural";"534"
"3556958";"Vitória Brasil (SP)";"Total";"1737"
"3556958";"Vitória Brasil (SP)";"Urbana";"1435"
"3556958";"Vitória Brasil (SP)";"Rural";"302"
"3557006";"Votorantim (SP)";"Total";"108809"
"3557006";"Votorantim (SP)";"Urbana";"104659"
"3557006";"Votorantim (SP)";"Rural";"4150"
"3557105";"Votuporanga (SP)";"Total";"84692"
"3557105";"Votuporanga (SP)";"Urbana";"82319"
"3557105";"Votuporanga (SP)";"Rural";"2373"
"3557154";"Zacarias (SP)";"Total";"2335"
"3557154";"Zacarias (SP)";"Urbana";"1836"
"3557154";"Zacarias (SP)";"Rural";"499"
"3557204";"Chavantes (SP)";"Total";"12114"
"3557204";"Chavantes (SP)";"Urbana";"11139"
"3557204";"Chavantes (SP)";"Rural";"975"
"3557303";"Estiva Gerbi (SP)";"Total";"10044"
"3557303";"Estiva Gerbi (SP)";"Urbana";"8011"
"3557303";"Estiva Gerbi (SP)";"Rural";"2033"
"4100103";"Abatiá (PR)";"Total";"7764"
"4100103";"Abatiá (PR)";"Urbana";"5732"
"4100103";"Abatiá (PR)";"Rural";"2032"
"4100202";"Adrianópolis (PR)";"Total";"6376"
"4100202";"Adrianópolis (PR)";"Urbana";"2060"
"4100202";"Adrianópolis (PR)";"Rural";"4316"
"4100301";"Agudos do Sul (PR)";"Total";"8270"
"4100301";"Agudos do Sul (PR)";"Urbana";"2822"
"4100301";"Agudos do Sul (PR)";"Rural";"5448"
"4100400";"Almirante Tamandaré (PR)";"Total";"103204"
"4100400";"Almirante Tamandaré (PR)";"Urbana";"98892"
"4100400";"Almirante Tamandaré (PR)";"Rural";"4312"
"4100459";"Altamira do Paraná (PR)";"Total";"4306"
"4100459";"Altamira do Paraná (PR)";"Urbana";"2135"
"4100459";"Altamira do Paraná (PR)";"Rural";"2171"
"4100509";"Altônia (PR)";"Total";"20516"
"4100509";"Altônia (PR)";"Urbana";"15094"
"4100509";"Altônia (PR)";"Rural";"5422"
"4100608";"Alto Paraná (PR)";"Total";"13663"
"4100608";"Alto Paraná (PR)";"Urbana";"11221"
"4100608";"Alto Paraná (PR)";"Rural";"2442"
"4100707";"Alto Piquiri (PR)";"Total";"10179"
"4100707";"Alto Piquiri (PR)";"Urbana";"8376"
"4100707";"Alto Piquiri (PR)";"Rural";"1803"
"4100806";"Alvorada do Sul (PR)";"Total";"10283"
"4100806";"Alvorada do Sul (PR)";"Urbana";"7338"
"4100806";"Alvorada do Sul (PR)";"Rural";"2945"
"4100905";"Amaporã (PR)";"Total";"5443"
"4100905";"Amaporã (PR)";"Urbana";"4330"
"4100905";"Amaporã (PR)";"Rural";"1113"
"4101002";"Ampére (PR)";"Total";"17308"
"4101002";"Ampére (PR)";"Urbana";"13257"
"4101002";"Ampére (PR)";"Rural";"4051"
"4101051";"Anahy (PR)";"Total";"2874"
"4101051";"Anahy (PR)";"Urbana";"2108"
"4101051";"Anahy (PR)";"Rural";"766"
"4101101";"Andirá (PR)";"Total";"20610"
"4101101";"Andirá (PR)";"Urbana";"19351"
"4101101";"Andirá (PR)";"Rural";"1259"
"4101150";"Ângulo (PR)";"Total";"2859"
"4101150";"Ângulo (PR)";"Urbana";"2253"
"4101150";"Ângulo (PR)";"Rural";"606"
"4101200";"Antonina (PR)";"Total";"18891"
"4101200";"Antonina (PR)";"Urbana";"16063"
"4101200";"Antonina (PR)";"Rural";"2828"
"4101309";"Antônio Olinto (PR)";"Total";"7351"
"4101309";"Antônio Olinto (PR)";"Urbana";"687"
"4101309";"Antônio Olinto (PR)";"Rural";"6664"
"4101408";"Apucarana (PR)";"Total";"120919"
"4101408";"Apucarana (PR)";"Urbana";"114098"
"4101408";"Apucarana (PR)";"Rural";"6821"
"4101507";"Arapongas (PR)";"Total";"104150"
"4101507";"Arapongas (PR)";"Urbana";"101851"
"4101507";"Arapongas (PR)";"Rural";"2299"
"4101606";"Arapoti (PR)";"Total";"25855"
"4101606";"Arapoti (PR)";"Urbana";"21778"
"4101606";"Arapoti (PR)";"Rural";"4077"
"4101655";"Arapuã (PR)";"Total";"3561"
"4101655";"Arapuã (PR)";"Urbana";"1334"
"4101655";"Arapuã (PR)";"Rural";"2227"
"4101705";"Araruna (PR)";"Total";"13419"
"4101705";"Araruna (PR)";"Urbana";"10475"
"4101705";"Araruna (PR)";"Rural";"2944"
"4101804";"Araucária (PR)";"Total";"119123"
"4101804";"Araucária (PR)";"Urbana";"110205"
"4101804";"Araucária (PR)";"Rural";"8918"
"4101853";"Ariranha do Ivaí (PR)";"Total";"2453"
"4101853";"Ariranha do Ivaí (PR)";"Urbana";"904"
"4101853";"Ariranha do Ivaí (PR)";"Rural";"1549"
"4101903";"Assaí (PR)";"Total";"16354"
"4101903";"Assaí (PR)";"Urbana";"13587"
"4101903";"Assaí (PR)";"Rural";"2767"
"4102000";"Assis Chateaubriand (PR)";"Total";"33025"
"4102000";"Assis Chateaubriand (PR)";"Urbana";"29013"
"4102000";"Assis Chateaubriand (PR)";"Rural";"4012"
"4102109";"Astorga (PR)";"Total";"24698"
"4102109";"Astorga (PR)";"Urbana";"22559"
"4102109";"Astorga (PR)";"Rural";"2139"
"4102208";"Atalaia (PR)";"Total";"3913"
"4102208";"Atalaia (PR)";"Urbana";"3347"
"4102208";"Atalaia (PR)";"Rural";"566"
"4102307";"Balsa Nova (PR)";"Total";"11300"
"4102307";"Balsa Nova (PR)";"Urbana";"6870"
"4102307";"Balsa Nova (PR)";"Rural";"4430"
"4102406";"Bandeirantes (PR)";"Total";"32184"
"4102406";"Bandeirantes (PR)";"Urbana";"28384"
"4102406";"Bandeirantes (PR)";"Rural";"3800"
"4102505";"Barbosa Ferraz (PR)";"Total";"12656"
"4102505";"Barbosa Ferraz (PR)";"Urbana";"9581"
"4102505";"Barbosa Ferraz (PR)";"Rural";"3075"
"4102604";"Barracão (PR)";"Total";"9735"
"4102604";"Barracão (PR)";"Urbana";"7008"
"4102604";"Barracão (PR)";"Rural";"2727"
"4102703";"Barra do Jacaré (PR)";"Total";"2727"
"4102703";"Barra do Jacaré (PR)";"Urbana";"1851"
"4102703";"Barra do Jacaré (PR)";"Rural";"876"
"4102752";"Bela Vista da Caroba (PR)";"Total";"3945"
"4102752";"Bela Vista da Caroba (PR)";"Urbana";"1041"
"4102752";"Bela Vista da Caroba (PR)";"Rural";"2904"
"4102802";"Bela Vista do Paraíso (PR)";"Total";"15079"
"4102802";"Bela Vista do Paraíso (PR)";"Urbana";"14196"
"4102802";"Bela Vista do Paraíso (PR)";"Rural";"883"
"4102901";"Bituruna (PR)";"Total";"15880"
"4102901";"Bituruna (PR)";"Urbana";"9899"
"4102901";"Bituruna (PR)";"Rural";"5981"
"4103008";"Boa Esperança (PR)";"Total";"4568"
"4103008";"Boa Esperança (PR)";"Urbana";"2640"
"4103008";"Boa Esperança (PR)";"Rural";"1928"
"4103024";"Boa Esperança do Iguaçu (PR)";"Total";"2764"
"4103024";"Boa Esperança do Iguaçu (PR)";"Urbana";"953"
"4103024";"Boa Esperança do Iguaçu (PR)";"Rural";"1811"
"4103040";"Boa Ventura de São Roque (PR)";"Total";"6554"
"4103040";"Boa Ventura de São Roque (PR)";"Urbana";"1544"
"4103040";"Boa Ventura de São Roque (PR)";"Rural";"5010"
"4103057";"Boa Vista da Aparecida (PR)";"Total";"7911"
"4103057";"Boa Vista da Aparecida (PR)";"Urbana";"4900"
"4103057";"Boa Vista da Aparecida (PR)";"Rural";"3011"
"4103107";"Bocaiúva do Sul (PR)";"Total";"10987"
"4103107";"Bocaiúva do Sul (PR)";"Urbana";"5128"
"4103107";"Bocaiúva do Sul (PR)";"Rural";"5859"
"4103156";"Bom Jesus do Sul (PR)";"Total";"3796"
"4103156";"Bom Jesus do Sul (PR)";"Urbana";"933"
"4103156";"Bom Jesus do Sul (PR)";"Rural";"2863"
"4103206";"Bom Sucesso (PR)";"Total";"6561"
"4103206";"Bom Sucesso (PR)";"Urbana";"5329"
"4103206";"Bom Sucesso (PR)";"Rural";"1232"
"4103222";"Bom Sucesso do Sul (PR)";"Total";"3293"
"4103222";"Bom Sucesso do Sul (PR)";"Urbana";"1581"
"4103222";"Bom Sucesso do Sul (PR)";"Rural";"1712"
"4103305";"Borrazópolis (PR)";"Total";"7878"
"4103305";"Borrazópolis (PR)";"Urbana";"5809"
"4103305";"Borrazópolis (PR)";"Rural";"2069"
"4103354";"Braganey (PR)";"Total";"5735"
"4103354";"Braganey (PR)";"Urbana";"3417"
"4103354";"Braganey (PR)";"Rural";"2318"
"4103370";"Brasilândia do Sul (PR)";"Total";"3209"
"4103370";"Brasilândia do Sul (PR)";"Urbana";"2180"
"4103370";"Brasilândia do Sul (PR)";"Rural";"1029"
"4103404";"Cafeara (PR)";"Total";"2695"
"4103404";"Cafeara (PR)";"Urbana";"2195"
"4103404";"Cafeara (PR)";"Rural";"500"
"4103453";"Cafelândia (PR)";"Total";"14662"
"4103453";"Cafelândia (PR)";"Urbana";"12348"
"4103453";"Cafelândia (PR)";"Rural";"2314"
"4103479";"Cafezal do Sul (PR)";"Total";"4290"
"4103479";"Cafezal do Sul (PR)";"Urbana";"3325"
"4103479";"Cafezal do Sul (PR)";"Rural";"965"
"4103503";"Califórnia (PR)";"Total";"8069"
"4103503";"Califórnia (PR)";"Urbana";"6028"
"4103503";"Califórnia (PR)";"Rural";"2041"
"4103602";"Cambará (PR)";"Total";"23886"
"4103602";"Cambará (PR)";"Urbana";"22365"
"4103602";"Cambará (PR)";"Rural";"1521"
"4103701";"Cambé (PR)";"Total";"96733"
"4103701";"Cambé (PR)";"Urbana";"92952"
"4103701";"Cambé (PR)";"Rural";"3781"
"4103800";"Cambira (PR)";"Total";"7236"
"4103800";"Cambira (PR)";"Urbana";"5475"
"4103800";"Cambira (PR)";"Rural";"1761"
"4103909";"Campina da Lagoa (PR)";"Total";"15394"
"4103909";"Campina da Lagoa (PR)";"Urbana";"12557"
"4103909";"Campina da Lagoa (PR)";"Rural";"2837"
"4103958";"Campina do Simão (PR)";"Total";"4076"
"4103958";"Campina do Simão (PR)";"Urbana";"1388"
"4103958";"Campina do Simão (PR)";"Rural";"2688"
"4104006";"Campina Grande do Sul (PR)";"Total";"38769"
"4104006";"Campina Grande do Sul (PR)";"Urbana";"31961"
"4104006";"Campina Grande do Sul (PR)";"Rural";"6808"
"4104055";"Campo Bonito (PR)";"Total";"4407"
"4104055";"Campo Bonito (PR)";"Urbana";"2580"
"4104055";"Campo Bonito (PR)";"Rural";"1827"
"4104105";"Campo do Tenente (PR)";"Total";"7125"
"4104105";"Campo do Tenente (PR)";"Urbana";"4194"
"4104105";"Campo do Tenente (PR)";"Rural";"2931"
"4104204";"Campo Largo (PR)";"Total";"112377"
"4104204";"Campo Largo (PR)";"Urbana";"94171"
"4104204";"Campo Largo (PR)";"Rural";"18206"
"4104253";"Campo Magro (PR)";"Total";"24843"
"4104253";"Campo Magro (PR)";"Urbana";"19547"
"4104253";"Campo Magro (PR)";"Rural";"5296"
"4104303";"Campo Mourão (PR)";"Total";"87194"
"4104303";"Campo Mourão (PR)";"Urbana";"82676"
"4104303";"Campo Mourão (PR)";"Rural";"4518"
"4104402";"Cândido de Abreu (PR)";"Total";"16655"
"4104402";"Cândido de Abreu (PR)";"Urbana";"4752"
"4104402";"Cândido de Abreu (PR)";"Rural";"11903"
"4104428";"Candói (PR)";"Total";"14983"
"4104428";"Candói (PR)";"Urbana";"7026"
"4104428";"Candói (PR)";"Rural";"7957"
"4104451";"Cantagalo (PR)";"Total";"12952"
"4104451";"Cantagalo (PR)";"Urbana";"8509"
"4104451";"Cantagalo (PR)";"Rural";"4443"
"4104501";"Capanema (PR)";"Total";"18526"
"4104501";"Capanema (PR)";"Urbana";"11150"
"4104501";"Capanema (PR)";"Rural";"7376"
"4104600";"Capitão Leônidas Marques (PR)";"Total";"14970"
"4104600";"Capitão Leônidas Marques (PR)";"Urbana";"11490"
"4104600";"Capitão Leônidas Marques (PR)";"Rural";"3480"
"4104659";"Carambeí (PR)";"Total";"19163"
"4104659";"Carambeí (PR)";"Urbana";"13918"
"4104659";"Carambeí (PR)";"Rural";"5245"
"4104709";"Carlópolis (PR)";"Total";"13706"
"4104709";"Carlópolis (PR)";"Urbana";"9353"
"4104709";"Carlópolis (PR)";"Rural";"4353"
"4104808";"Cascavel (PR)";"Total";"286205"
"4104808";"Cascavel (PR)";"Urbana";"270049"
"4104808";"Cascavel (PR)";"Rural";"16156"
"4104907";"Castro (PR)";"Total";"67084"
"4104907";"Castro (PR)";"Urbana";"49266"
"4104907";"Castro (PR)";"Rural";"17818"
"4105003";"Catanduvas (PR)";"Total";"10202"
"4105003";"Catanduvas (PR)";"Urbana";"5342"
"4105003";"Catanduvas (PR)";"Rural";"4860"
"4105102";"Centenário do Sul (PR)";"Total";"11190"
"4105102";"Centenário do Sul (PR)";"Urbana";"9334"
"4105102";"Centenário do Sul (PR)";"Rural";"1856"
"4105201";"Cerro Azul (PR)";"Total";"16938"
"4105201";"Cerro Azul (PR)";"Urbana";"4808"
"4105201";"Cerro Azul (PR)";"Rural";"12130"
"4105300";"Céu Azul (PR)";"Total";"11032"
"4105300";"Céu Azul (PR)";"Urbana";"8387"
"4105300";"Céu Azul (PR)";"Rural";"2645"
"4105409";"Chopinzinho (PR)";"Total";"19679"
"4105409";"Chopinzinho (PR)";"Urbana";"12508"
"4105409";"Chopinzinho (PR)";"Rural";"7171"
"4105508";"Cianorte (PR)";"Total";"69958"
"4105508";"Cianorte (PR)";"Urbana";"62282"
"4105508";"Cianorte (PR)";"Rural";"7676"
"4105607";"Cidade Gaúcha (PR)";"Total";"11062"
"4105607";"Cidade Gaúcha (PR)";"Urbana";"9176"
"4105607";"Cidade Gaúcha (PR)";"Rural";"1886"
"4105706";"Clevelândia (PR)";"Total";"17240"
"4105706";"Clevelândia (PR)";"Urbana";"14758"
"4105706";"Clevelândia (PR)";"Rural";"2482"
"4105805";"Colombo (PR)";"Total";"212967"
"4105805";"Colombo (PR)";"Urbana";"203203"
"4105805";"Colombo (PR)";"Rural";"9764"
"4105904";"Colorado (PR)";"Total";"22345"
"4105904";"Colorado (PR)";"Urbana";"21005"
"4105904";"Colorado (PR)";"Rural";"1340"
"4106001";"Congonhinhas (PR)";"Total";"8279"
"4106001";"Congonhinhas (PR)";"Urbana";"4834"
"4106001";"Congonhinhas (PR)";"Rural";"3445"
"4106100";"Conselheiro Mairinck (PR)";"Total";"3636"
"4106100";"Conselheiro Mairinck (PR)";"Urbana";"2515"
"4106100";"Conselheiro Mairinck (PR)";"Rural";"1121"
"4106209";"Contenda (PR)";"Total";"15891"
"4106209";"Contenda (PR)";"Urbana";"9231"
"4106209";"Contenda (PR)";"Rural";"6660"
"4106308";"Corbélia (PR)";"Total";"16312"
"4106308";"Corbélia (PR)";"Urbana";"13976"
"4106308";"Corbélia (PR)";"Rural";"2336"
"4106407";"Cornélio Procópio (PR)";"Total";"46928"
"4106407";"Cornélio Procópio (PR)";"Urbana";"44308"
"4106407";"Cornélio Procópio (PR)";"Rural";"2620"
"4106456";"Coronel Domingos Soares (PR)";"Total";"7238"
"4106456";"Coronel Domingos Soares (PR)";"Urbana";"1753"
"4106456";"Coronel Domingos Soares (PR)";"Rural";"5485"
"4106506";"Coronel Vivida (PR)";"Total";"21749"
"4106506";"Coronel Vivida (PR)";"Urbana";"15445"
"4106506";"Coronel Vivida (PR)";"Rural";"6304"
"4106555";"Corumbataí do Sul (PR)";"Total";"4002"
"4106555";"Corumbataí do Sul (PR)";"Urbana";"2127"
"4106555";"Corumbataí do Sul (PR)";"Rural";"1875"
"4106571";"Cruzeiro do Iguaçu (PR)";"Total";"4278"
"4106571";"Cruzeiro do Iguaçu (PR)";"Urbana";"2623"
"4106571";"Cruzeiro do Iguaçu (PR)";"Rural";"1655"
"4106605";"Cruzeiro do Oeste (PR)";"Total";"20416"
"4106605";"Cruzeiro do Oeste (PR)";"Urbana";"17667"
"4106605";"Cruzeiro do Oeste (PR)";"Rural";"2749"
"4106704";"Cruzeiro do Sul (PR)";"Total";"4563"
"4106704";"Cruzeiro do Sul (PR)";"Urbana";"3404"
"4106704";"Cruzeiro do Sul (PR)";"Rural";"1159"
"4106803";"Cruz Machado (PR)";"Total";"18040"
"4106803";"Cruz Machado (PR)";"Urbana";"6057"
"4106803";"Cruz Machado (PR)";"Rural";"11983"
"4106852";"Cruzmaltina (PR)";"Total";"3162"
"4106852";"Cruzmaltina (PR)";"Urbana";"1503"
"4106852";"Cruzmaltina (PR)";"Rural";"1659"
"4106902";"Curitiba (PR)";"Total";"1751907"
"4106902";"Curitiba (PR)";"Urbana";"1751907"
"4106902";"Curitiba (PR)";"Rural";"-"
"4107009";"Curiúva (PR)";"Total";"13923"
"4107009";"Curiúva (PR)";"Urbana";"9573"
"4107009";"Curiúva (PR)";"Rural";"4350"
"4107108";"Diamante do Norte (PR)";"Total";"5516"
"4107108";"Diamante do Norte (PR)";"Urbana";"4551"
"4107108";"Diamante do Norte (PR)";"Rural";"965"
"4107124";"Diamante do Sul (PR)";"Total";"3510"
"4107124";"Diamante do Sul (PR)";"Urbana";"1405"
"4107124";"Diamante do Sul (PR)";"Rural";"2105"
"4107157";"Diamante D'Oeste (PR)";"Total";"5027"
"4107157";"Diamante D'Oeste (PR)";"Urbana";"2561"
"4107157";"Diamante D'Oeste (PR)";"Rural";"2466"
"4107207";"Dois Vizinhos (PR)";"Total";"36179"
"4107207";"Dois Vizinhos (PR)";"Urbana";"28095"
"4107207";"Dois Vizinhos (PR)";"Rural";"8084"
"4107256";"Douradina (PR)";"Total";"7445"
"4107256";"Douradina (PR)";"Urbana";"5236"
"4107256";"Douradina (PR)";"Rural";"2209"
"4107306";"Doutor Camargo (PR)";"Total";"5828"
"4107306";"Doutor Camargo (PR)";"Urbana";"5109"
"4107306";"Doutor Camargo (PR)";"Rural";"719"
"4107405";"Enéas Marques (PR)";"Total";"6103"
"4107405";"Enéas Marques (PR)";"Urbana";"2126"
"4107405";"Enéas Marques (PR)";"Rural";"3977"
"4107504";"Engenheiro Beltrão (PR)";"Total";"13906"
"4107504";"Engenheiro Beltrão (PR)";"Urbana";"12278"
"4107504";"Engenheiro Beltrão (PR)";"Rural";"1628"
"4107520";"Esperança Nova (PR)";"Total";"1970"
"4107520";"Esperança Nova (PR)";"Urbana";"752"
"4107520";"Esperança Nova (PR)";"Rural";"1218"
"4107538";"Entre Rios do Oeste (PR)";"Total";"3926"
"4107538";"Entre Rios do Oeste (PR)";"Urbana";"2642"
"4107538";"Entre Rios do Oeste (PR)";"Rural";"1284"
"4107546";"Espigão Alto do Iguaçu (PR)";"Total";"4677"
"4107546";"Espigão Alto do Iguaçu (PR)";"Urbana";"1646"
"4107546";"Espigão Alto do Iguaçu (PR)";"Rural";"3031"
"4107553";"Farol (PR)";"Total";"3472"
"4107553";"Farol (PR)";"Urbana";"2018"
"4107553";"Farol (PR)";"Rural";"1454"
"4107603";"Faxinal (PR)";"Total";"16314"
"4107603";"Faxinal (PR)";"Urbana";"12739"
"4107603";"Faxinal (PR)";"Rural";"3575"
"4107652";"Fazenda Rio Grande (PR)";"Total";"81675"
"4107652";"Fazenda Rio Grande (PR)";"Urbana";"75928"
"4107652";"Fazenda Rio Grande (PR)";"Rural";"5747"
"4107702";"Fênix (PR)";"Total";"4802"
"4107702";"Fênix (PR)";"Urbana";"3995"
"4107702";"Fênix (PR)";"Rural";"807"
"4107736";"Fernandes Pinheiro (PR)";"Total";"5932"
"4107736";"Fernandes Pinheiro (PR)";"Urbana";"2094"
"4107736";"Fernandes Pinheiro (PR)";"Rural";"3838"
"4107751";"Figueira (PR)";"Total";"8293"
"4107751";"Figueira (PR)";"Urbana";"7091"
"4107751";"Figueira (PR)";"Rural";"1202"
"4107801";"Floraí (PR)";"Total";"5050"
"4107801";"Floraí (PR)";"Urbana";"4472"
"4107801";"Floraí (PR)";"Rural";"578"
"4107850";"Flor da Serra do Sul (PR)";"Total";"4726"
"4107850";"Flor da Serra do Sul (PR)";"Urbana";"1644"
"4107850";"Flor da Serra do Sul (PR)";"Rural";"3082"
"4107900";"Floresta (PR)";"Total";"5931"
"4107900";"Floresta (PR)";"Urbana";"5470"
"4107900";"Floresta (PR)";"Rural";"461"
"4108007";"Florestópolis (PR)";"Total";"11222"
"4108007";"Florestópolis (PR)";"Urbana";"10544"
"4108007";"Florestópolis (PR)";"Rural";"678"
"4108106";"Flórida (PR)";"Total";"2543"
"4108106";"Flórida (PR)";"Urbana";"2322"
"4108106";"Flórida (PR)";"Rural";"221"
"4108205";"Formosa do Oeste (PR)";"Total";"7541"
"4108205";"Formosa do Oeste (PR)";"Urbana";"4970"
"4108205";"Formosa do Oeste (PR)";"Rural";"2571"
"4108304";"Foz do Iguaçu (PR)";"Total";"256088"
"4108304";"Foz do Iguaçu (PR)";"Urbana";"253962"
"4108304";"Foz do Iguaçu (PR)";"Rural";"2126"
"4108320";"Francisco Alves (PR)";"Total";"6418"
"4108320";"Francisco Alves (PR)";"Urbana";"4234"
"4108320";"Francisco Alves (PR)";"Rural";"2184"
"4108403";"Francisco Beltrão (PR)";"Total";"78943"
"4108403";"Francisco Beltrão (PR)";"Urbana";"67449"
"4108403";"Francisco Beltrão (PR)";"Rural";"11494"
"4108452";"Foz do Jordão (PR)";"Total";"5420"
"4108452";"Foz do Jordão (PR)";"Urbana";"3927"
"4108452";"Foz do Jordão (PR)";"Rural";"1493"
"4108502";"General Carneiro (PR)";"Total";"13669"
"4108502";"General Carneiro (PR)";"Urbana";"9569"
"4108502";"General Carneiro (PR)";"Rural";"4100"
"4108551";"Godoy Moreira (PR)";"Total";"3337"
"4108551";"Godoy Moreira (PR)";"Urbana";"1547"
"4108551";"Godoy Moreira (PR)";"Rural";"1790"
"4108601";"Goioerê (PR)";"Total";"29018"
"4108601";"Goioerê (PR)";"Urbana";"25242"
"4108601";"Goioerê (PR)";"Rural";"3776"
"4108650";"Goioxim (PR)";"Total";"7503"
"4108650";"Goioxim (PR)";"Urbana";"1756"
"4108650";"Goioxim (PR)";"Rural";"5747"
"4108700";"Grandes Rios (PR)";"Total";"6625"
"4108700";"Grandes Rios (PR)";"Urbana";"3560"
"4108700";"Grandes Rios (PR)";"Rural";"3065"
"4108809";"Guaíra (PR)";"Total";"30704"
"4108809";"Guaíra (PR)";"Urbana";"28206"
"4108809";"Guaíra (PR)";"Rural";"2498"
"4108908";"Guairaçá (PR)";"Total";"6197"
"4108908";"Guairaçá (PR)";"Urbana";"4959"
"4108908";"Guairaçá (PR)";"Rural";"1238"
"4108957";"Guamiranga (PR)";"Total";"7900"
"4108957";"Guamiranga (PR)";"Urbana";"2236"
"4108957";"Guamiranga (PR)";"Rural";"5664"
"4109005";"Guapirama (PR)";"Total";"3891"
"4109005";"Guapirama (PR)";"Urbana";"2900"
"4109005";"Guapirama (PR)";"Rural";"991"
"4109104";"Guaporema (PR)";"Total";"2219"
"4109104";"Guaporema (PR)";"Urbana";"1281"
"4109104";"Guaporema (PR)";"Rural";"938"
"4109203";"Guaraci (PR)";"Total";"5227"
"4109203";"Guaraci (PR)";"Urbana";"4200"
"4109203";"Guaraci (PR)";"Rural";"1027"
"4109302";"Guaraniaçu (PR)";"Total";"14582"
"4109302";"Guaraniaçu (PR)";"Urbana";"7804"
"4109302";"Guaraniaçu (PR)";"Rural";"6778"
"4109401";"Guarapuava (PR)";"Total";"167328"
"4109401";"Guarapuava (PR)";"Urbana";"152993"
"4109401";"Guarapuava (PR)";"Rural";"14335"
"4109500";"Guaraqueçaba (PR)";"Total";"7871"
"4109500";"Guaraqueçaba (PR)";"Urbana";"2683"
"4109500";"Guaraqueçaba (PR)";"Rural";"5188"
"4109609";"Guaratuba (PR)";"Total";"32095"
"4109609";"Guaratuba (PR)";"Urbana";"28805"
"4109609";"Guaratuba (PR)";"Rural";"3290"
"4109658";"Honório Serpa (PR)";"Total";"5955"
"4109658";"Honório Serpa (PR)";"Urbana";"1988"
"4109658";"Honório Serpa (PR)";"Rural";"3967"
"4109708";"Ibaiti (PR)";"Total";"28751"
"4109708";"Ibaiti (PR)";"Urbana";"23116"
"4109708";"Ibaiti (PR)";"Rural";"5635"
"4109757";"Ibema (PR)";"Total";"6066"
"4109757";"Ibema (PR)";"Urbana";"4941"
"4109757";"Ibema (PR)";"Rural";"1125"
"4109807";"Ibiporã (PR)";"Total";"48198"
"4109807";"Ibiporã (PR)";"Urbana";"45895"
"4109807";"Ibiporã (PR)";"Rural";"2303"
"4109906";"Icaraíma (PR)";"Total";"8839"
"4109906";"Icaraíma (PR)";"Urbana";"6240"
"4109906";"Icaraíma (PR)";"Rural";"2599"
"4110003";"Iguaraçu (PR)";"Total";"3982"
"4110003";"Iguaraçu (PR)";"Urbana";"3559"
"4110003";"Iguaraçu (PR)";"Rural";"423"
"4110052";"Iguatu (PR)";"Total";"2234"
"4110052";"Iguatu (PR)";"Urbana";"1438"
"4110052";"Iguatu (PR)";"Rural";"796"
"4110078";"Imbaú (PR)";"Total";"11274"
"4110078";"Imbaú (PR)";"Urbana";"7060"
"4110078";"Imbaú (PR)";"Rural";"4214"
"4110102";"Imbituva (PR)";"Total";"28455"
"4110102";"Imbituva (PR)";"Urbana";"17888"
"4110102";"Imbituva (PR)";"Rural";"10567"
"4110201";"Inácio Martins (PR)";"Total";"10943"
"4110201";"Inácio Martins (PR)";"Urbana";"6288"
"4110201";"Inácio Martins (PR)";"Rural";"4655"
"4110300";"Inajá (PR)";"Total";"2988"
"4110300";"Inajá (PR)";"Urbana";"2761"
"4110300";"Inajá (PR)";"Rural";"227"
"4110409";"Indianópolis (PR)";"Total";"4299"
"4110409";"Indianópolis (PR)";"Urbana";"3147"
"4110409";"Indianópolis (PR)";"Rural";"1152"
"4110508";"Ipiranga (PR)";"Total";"14150"
"4110508";"Ipiranga (PR)";"Urbana";"4889"
"4110508";"Ipiranga (PR)";"Rural";"9261"
"4110607";"Iporã (PR)";"Total";"14981"
"4110607";"Iporã (PR)";"Urbana";"11777"
"4110607";"Iporã (PR)";"Rural";"3204"
"4110656";"Iracema do Oeste (PR)";"Total";"2578"
"4110656";"Iracema do Oeste (PR)";"Urbana";"2002"
"4110656";"Iracema do Oeste (PR)";"Rural";"576"
"4110706";"Irati (PR)";"Total";"56207"
"4110706";"Irati (PR)";"Urbana";"44932"
"4110706";"Irati (PR)";"Rural";"11275"
"4110805";"Iretama (PR)";"Total";"10622"
"4110805";"Iretama (PR)";"Urbana";"6187"
"4110805";"Iretama (PR)";"Rural";"4435"
"4110904";"Itaguajé (PR)";"Total";"4568"
"4110904";"Itaguajé (PR)";"Urbana";"3636"
"4110904";"Itaguajé (PR)";"Rural";"932"
"4110953";"Itaipulândia (PR)";"Total";"9026"
"4110953";"Itaipulândia (PR)";"Urbana";"4741"
"4110953";"Itaipulândia (PR)";"Rural";"4285"
"4111001";"Itambaracá (PR)";"Total";"6759"
"4111001";"Itambaracá (PR)";"Urbana";"5080"
"4111001";"Itambaracá (PR)";"Rural";"1679"
"4111100";"Itambé (PR)";"Total";"5979"
"4111100";"Itambé (PR)";"Urbana";"5674"
"4111100";"Itambé (PR)";"Rural";"305"
"4111209";"Itapejara d'Oeste (PR)";"Total";"10531"
"4111209";"Itapejara d'Oeste (PR)";"Urbana";"6987"
"4111209";"Itapejara d'Oeste (PR)";"Rural";"3544"
"4111258";"Itaperuçu (PR)";"Total";"23887"
"4111258";"Itaperuçu (PR)";"Urbana";"19956"
"4111258";"Itaperuçu (PR)";"Rural";"3931"
"4111308";"Itaúna do Sul (PR)";"Total";"3583"
"4111308";"Itaúna do Sul (PR)";"Urbana";"2549"
"4111308";"Itaúna do Sul (PR)";"Rural";"1034"
"4111407";"Ivaí (PR)";"Total";"12815"
"4111407";"Ivaí (PR)";"Urbana";"4629"
"4111407";"Ivaí (PR)";"Rural";"8186"
"4111506";"Ivaiporã (PR)";"Total";"31816"
"4111506";"Ivaiporã (PR)";"Urbana";"27438"
"4111506";"Ivaiporã (PR)";"Rural";"4378"
"4111555";"Ivaté (PR)";"Total";"7514"
"4111555";"Ivaté (PR)";"Urbana";"5233"
"4111555";"Ivaté (PR)";"Rural";"2281"
"4111605";"Ivatuba (PR)";"Total";"3010"
"4111605";"Ivatuba (PR)";"Urbana";"2294"
"4111605";"Ivatuba (PR)";"Rural";"716"
"4111704";"Jaboti (PR)";"Total";"4902"
"4111704";"Jaboti (PR)";"Urbana";"3027"
"4111704";"Jaboti (PR)";"Rural";"1875"
"4111803";"Jacarezinho (PR)";"Total";"39121"
"4111803";"Jacarezinho (PR)";"Urbana";"34774"
"4111803";"Jacarezinho (PR)";"Rural";"4347"
"4111902";"Jaguapitã (PR)";"Total";"12225"
"4111902";"Jaguapitã (PR)";"Urbana";"10380"
"4111902";"Jaguapitã (PR)";"Rural";"1845"
"4112009";"Jaguariaíva (PR)";"Total";"32606"
"4112009";"Jaguariaíva (PR)";"Urbana";"28041"
"4112009";"Jaguariaíva (PR)";"Rural";"4565"
"4112108";"Jandaia do Sul (PR)";"Total";"20269"
"4112108";"Jandaia do Sul (PR)";"Urbana";"18331"
"4112108";"Jandaia do Sul (PR)";"Rural";"1938"
"4112207";"Janiópolis (PR)";"Total";"6532"
"4112207";"Janiópolis (PR)";"Urbana";"4038"
"4112207";"Janiópolis (PR)";"Rural";"2494"
"4112306";"Japira (PR)";"Total";"4903"
"4112306";"Japira (PR)";"Urbana";"2733"
"4112306";"Japira (PR)";"Rural";"2170"
"4112405";"Japurá (PR)";"Total";"8549"
"4112405";"Japurá (PR)";"Urbana";"7619"
"4112405";"Japurá (PR)";"Rural";"930"
"4112504";"Jardim Alegre (PR)";"Total";"12324"
"4112504";"Jardim Alegre (PR)";"Urbana";"7171"
"4112504";"Jardim Alegre (PR)";"Rural";"5153"
"4112603";"Jardim Olinda (PR)";"Total";"1409"
"4112603";"Jardim Olinda (PR)";"Urbana";"1001"
"4112603";"Jardim Olinda (PR)";"Rural";"408"
"4112702";"Jataizinho (PR)";"Total";"11875"
"4112702";"Jataizinho (PR)";"Urbana";"11053"
"4112702";"Jataizinho (PR)";"Rural";"822"
"4112751";"Jesuítas (PR)";"Total";"9001"
"4112751";"Jesuítas (PR)";"Urbana";"6070"
"4112751";"Jesuítas (PR)";"Rural";"2931"
"4112801";"Joaquim Távora (PR)";"Total";"10736"
"4112801";"Joaquim Távora (PR)";"Urbana";"8220"
"4112801";"Joaquim Távora (PR)";"Rural";"2516"
"4112900";"Jundiaí do Sul (PR)";"Total";"3433"
"4112900";"Jundiaí do Sul (PR)";"Urbana";"1976"
"4112900";"Jundiaí do Sul (PR)";"Rural";"1457"
"4112959";"Juranda (PR)";"Total";"7641"
"4112959";"Juranda (PR)";"Urbana";"5839"
"4112959";"Juranda (PR)";"Rural";"1802"
"4113007";"Jussara (PR)";"Total";"6610"
"4113007";"Jussara (PR)";"Urbana";"5924"
"4113007";"Jussara (PR)";"Rural";"686"
"4113106";"Kaloré (PR)";"Total";"4506"
"4113106";"Kaloré (PR)";"Urbana";"3218"
"4113106";"Kaloré (PR)";"Rural";"1288"
"4113205";"Lapa (PR)";"Total";"44932"
"4113205";"Lapa (PR)";"Urbana";"27222"
"4113205";"Lapa (PR)";"Rural";"17710"
"4113254";"Laranjal (PR)";"Total";"6360"
"4113254";"Laranjal (PR)";"Urbana";"2031"
"4113254";"Laranjal (PR)";"Rural";"4329"
"4113304";"Laranjeiras do Sul (PR)";"Total";"30777"
"4113304";"Laranjeiras do Sul (PR)";"Urbana";"25031"
"4113304";"Laranjeiras do Sul (PR)";"Rural";"5746"
"4113403";"Leópolis (PR)";"Total";"4145"
"4113403";"Leópolis (PR)";"Urbana";"2401"
"4113403";"Leópolis (PR)";"Rural";"1744"
"4113429";"Lidianópolis (PR)";"Total";"3973"
"4113429";"Lidianópolis (PR)";"Urbana";"2046"
"4113429";"Lidianópolis (PR)";"Rural";"1927"
"4113452";"Lindoeste (PR)";"Total";"5361"
"4113452";"Lindoeste (PR)";"Urbana";"2384"
"4113452";"Lindoeste (PR)";"Rural";"2977"
"4113502";"Loanda (PR)";"Total";"21201"
"4113502";"Loanda (PR)";"Urbana";"19274"
"4113502";"Loanda (PR)";"Rural";"1927"
"4113601";"Lobato (PR)";"Total";"4401"
"4113601";"Lobato (PR)";"Urbana";"4105"
"4113601";"Lobato (PR)";"Rural";"296"
"4113700";"Londrina (PR)";"Total";"506701"
"4113700";"Londrina (PR)";"Urbana";"493520"
"4113700";"Londrina (PR)";"Rural";"13181"
"4113734";"Luiziana (PR)";"Total";"7315"
"4113734";"Luiziana (PR)";"Urbana";"4756"
"4113734";"Luiziana (PR)";"Rural";"2559"
"4113759";"Lunardelli (PR)";"Total";"5160"
"4113759";"Lunardelli (PR)";"Urbana";"3594"
"4113759";"Lunardelli (PR)";"Rural";"1566"
"4113809";"Lupionópolis (PR)";"Total";"4592"
"4113809";"Lupionópolis (PR)";"Urbana";"4079"
"4113809";"Lupionópolis (PR)";"Rural";"513"
"4113908";"Mallet (PR)";"Total";"12973"
"4113908";"Mallet (PR)";"Urbana";"7570"
"4113908";"Mallet (PR)";"Rural";"5403"
"4114005";"Mamborê (PR)";"Total";"13961"
"4114005";"Mamborê (PR)";"Urbana";"8984"
"4114005";"Mamborê (PR)";"Rural";"4977"
"4114104";"Mandaguaçu (PR)";"Total";"19781"
"4114104";"Mandaguaçu (PR)";"Urbana";"17585"
"4114104";"Mandaguaçu (PR)";"Rural";"2196"
"4114203";"Mandaguari (PR)";"Total";"32658"
"4114203";"Mandaguari (PR)";"Urbana";"30934"
"4114203";"Mandaguari (PR)";"Rural";"1724"
"4114302";"Mandirituba (PR)";"Total";"22220"
"4114302";"Mandirituba (PR)";"Urbana";"7414"
"4114302";"Mandirituba (PR)";"Rural";"14806"
"4114351";"Manfrinópolis (PR)";"Total";"3127"
"4114351";"Manfrinópolis (PR)";"Urbana";"652"
"4114351";"Manfrinópolis (PR)";"Rural";"2475"
"4114401";"Mangueirinha (PR)";"Total";"17048"
"4114401";"Mangueirinha (PR)";"Urbana";"8394"
"4114401";"Mangueirinha (PR)";"Rural";"8654"
"4114500";"Manoel Ribas (PR)";"Total";"13169"
"4114500";"Manoel Ribas (PR)";"Urbana";"6805"
"4114500";"Manoel Ribas (PR)";"Rural";"6364"
"4114609";"Marechal Cândido Rondon (PR)";"Total";"46819"
"4114609";"Marechal Cândido Rondon (PR)";"Urbana";"39147"
"4114609";"Marechal Cândido Rondon (PR)";"Rural";"7672"
"4114708";"Maria Helena (PR)";"Total";"5956"
"4114708";"Maria Helena (PR)";"Urbana";"3994"
"4114708";"Maria Helena (PR)";"Rural";"1962"
"4114807";"Marialva (PR)";"Total";"31959"
"4114807";"Marialva (PR)";"Urbana";"25792"
"4114807";"Marialva (PR)";"Rural";"6167"
"4114906";"Marilândia do Sul (PR)";"Total";"8863"
"4114906";"Marilândia do Sul (PR)";"Urbana";"6314"
"4114906";"Marilândia do Sul (PR)";"Rural";"2549"
"4115002";"Marilena (PR)";"Total";"6858"
"4115002";"Marilena (PR)";"Urbana";"4984"
"4115002";"Marilena (PR)";"Rural";"1874"
"4115101";"Mariluz (PR)";"Total";"10224"
"4115101";"Mariluz (PR)";"Urbana";"8467"
"4115101";"Mariluz (PR)";"Rural";"1757"
"4115200";"Maringá (PR)";"Total";"357077"
"4115200";"Maringá (PR)";"Urbana";"350653"
"4115200";"Maringá (PR)";"Rural";"6424"
"4115309";"Mariópolis (PR)";"Total";"6268"
"4115309";"Mariópolis (PR)";"Urbana";"4469"
"4115309";"Mariópolis (PR)";"Rural";"1799"
"4115358";"Maripá (PR)";"Total";"5684"
"4115358";"Maripá (PR)";"Urbana";"3262"
"4115358";"Maripá (PR)";"Rural";"2422"
"4115408";"Marmeleiro (PR)";"Total";"13900"
"4115408";"Marmeleiro (PR)";"Urbana";"8824"
"4115408";"Marmeleiro (PR)";"Rural";"5076"
"4115457";"Marquinho (PR)";"Total";"4981"
"4115457";"Marquinho (PR)";"Urbana";"524"
"4115457";"Marquinho (PR)";"Rural";"4457"
"4115507";"Marumbi (PR)";"Total";"4603"
"4115507";"Marumbi (PR)";"Urbana";"3141"
"4115507";"Marumbi (PR)";"Rural";"1462"
"4115606";"Matelândia (PR)";"Total";"16078"
"4115606";"Matelândia (PR)";"Urbana";"11613"
"4115606";"Matelândia (PR)";"Rural";"4465"
"4115705";"Matinhos (PR)";"Total";"29428"
"4115705";"Matinhos (PR)";"Urbana";"29279"
"4115705";"Matinhos (PR)";"Rural";"149"
"4115739";"Mato Rico (PR)";"Total";"3818"
"4115739";"Mato Rico (PR)";"Urbana";"957"
"4115739";"Mato Rico (PR)";"Rural";"2861"
"4115754";"Mauá da Serra (PR)";"Total";"8555"
"4115754";"Mauá da Serra (PR)";"Urbana";"7013"
"4115754";"Mauá da Serra (PR)";"Rural";"1542"
"4115804";"Medianeira (PR)";"Total";"41817"
"4115804";"Medianeira (PR)";"Urbana";"37390"
"4115804";"Medianeira (PR)";"Rural";"4427"
"4115853";"Mercedes (PR)";"Total";"5046"
"4115853";"Mercedes (PR)";"Urbana";"2439"
"4115853";"Mercedes (PR)";"Rural";"2607"
"4115903";"Mirador (PR)";"Total";"2327"
"4115903";"Mirador (PR)";"Urbana";"1579"
"4115903";"Mirador (PR)";"Rural";"748"
"4116000";"Miraselva (PR)";"Total";"1862"
"4116000";"Miraselva (PR)";"Urbana";"1430"
"4116000";"Miraselva (PR)";"Rural";"432"
"4116059";"Missal (PR)";"Total";"10474"
"4116059";"Missal (PR)";"Urbana";"5420"
"4116059";"Missal (PR)";"Rural";"5054"
"4116109";"Moreira Sales (PR)";"Total";"12606"
"4116109";"Moreira Sales (PR)";"Urbana";"9933"
"4116109";"Moreira Sales (PR)";"Rural";"2673"
"4116208";"Morretes (PR)";"Total";"15718"
"4116208";"Morretes (PR)";"Urbana";"7178"
"4116208";"Morretes (PR)";"Rural";"8540"
"4116307";"Munhoz de Melo (PR)";"Total";"3672"
"4116307";"Munhoz de Melo (PR)";"Urbana";"2974"
"4116307";"Munhoz de Melo (PR)";"Rural";"698"
"4116406";"Nossa Senhora das Graças (PR)";"Total";"3836"
"4116406";"Nossa Senhora das Graças (PR)";"Urbana";"3182"
"4116406";"Nossa Senhora das Graças (PR)";"Rural";"654"
"4116505";"Nova Aliança do Ivaí (PR)";"Total";"1431"
"4116505";"Nova Aliança do Ivaí (PR)";"Urbana";"1041"
"4116505";"Nova Aliança do Ivaí (PR)";"Rural";"390"
"4116604";"Nova América da Colina (PR)";"Total";"3478"
"4116604";"Nova América da Colina (PR)";"Urbana";"2524"
"4116604";"Nova América da Colina (PR)";"Rural";"954"
"4116703";"Nova Aurora (PR)";"Total";"11866"
"4116703";"Nova Aurora (PR)";"Urbana";"9040"
"4116703";"Nova Aurora (PR)";"Rural";"2826"
"4116802";"Nova Cantu (PR)";"Total";"7425"
"4116802";"Nova Cantu (PR)";"Urbana";"4104"
"4116802";"Nova Cantu (PR)";"Rural";"3321"
"4116901";"Nova Esperança (PR)";"Total";"26615"
"4116901";"Nova Esperança (PR)";"Urbana";"24323"
"4116901";"Nova Esperança (PR)";"Rural";"2292"
"4116950";"Nova Esperança do Sudoeste (PR)";"Total";"5098"
"4116950";"Nova Esperança do Sudoeste (PR)";"Urbana";"1744"
"4116950";"Nova Esperança do Sudoeste (PR)";"Rural";"3354"
"4117008";"Nova Fátima (PR)";"Total";"8147"
"4117008";"Nova Fátima (PR)";"Urbana";"6609"
"4117008";"Nova Fátima (PR)";"Rural";"1538"
"4117057";"Nova Laranjeiras (PR)";"Total";"11241"
"4117057";"Nova Laranjeiras (PR)";"Urbana";"2372"
"4117057";"Nova Laranjeiras (PR)";"Rural";"8869"
"4117107";"Nova Londrina (PR)";"Total";"13067"
"4117107";"Nova Londrina (PR)";"Urbana";"12014"
"4117107";"Nova Londrina (PR)";"Rural";"1053"
"4117206";"Nova Olímpia (PR)";"Total";"5503"
"4117206";"Nova Olímpia (PR)";"Urbana";"4685"
"4117206";"Nova Olímpia (PR)";"Rural";"818"
"4117214";"Nova Santa Bárbara (PR)";"Total";"3908"
"4117214";"Nova Santa Bárbara (PR)";"Urbana";"3279"
"4117214";"Nova Santa Bárbara (PR)";"Rural";"629"
"4117222";"Nova Santa Rosa (PR)";"Total";"7626"
"4117222";"Nova Santa Rosa (PR)";"Urbana";"5315"
"4117222";"Nova Santa Rosa (PR)";"Rural";"2311"
"4117255";"Nova Prata do Iguaçu (PR)";"Total";"10377"
"4117255";"Nova Prata do Iguaçu (PR)";"Urbana";"6067"
"4117255";"Nova Prata do Iguaçu (PR)";"Rural";"4310"
"4117271";"Nova Tebas (PR)";"Total";"7398"
"4117271";"Nova Tebas (PR)";"Urbana";"2891"
"4117271";"Nova Tebas (PR)";"Rural";"4507"
"4117297";"Novo Itacolomi (PR)";"Total";"2827"
"4117297";"Novo Itacolomi (PR)";"Urbana";"1588"
"4117297";"Novo Itacolomi (PR)";"Rural";"1239"
"4117305";"Ortigueira (PR)";"Total";"23380"
"4117305";"Ortigueira (PR)";"Urbana";"9587"
"4117305";"Ortigueira (PR)";"Rural";"13793"
"4117404";"Ourizona (PR)";"Total";"3380"
"4117404";"Ourizona (PR)";"Urbana";"3044"
"4117404";"Ourizona (PR)";"Rural";"336"
"4117453";"Ouro Verde do Oeste (PR)";"Total";"5692"
"4117453";"Ouro Verde do Oeste (PR)";"Urbana";"4039"
"4117453";"Ouro Verde do Oeste (PR)";"Rural";"1653"
"4117503";"Paiçandu (PR)";"Total";"35936"
"4117503";"Paiçandu (PR)";"Urbana";"35445"
"4117503";"Paiçandu (PR)";"Rural";"491"
"4117602";"Palmas (PR)";"Total";"42888"
"4117602";"Palmas (PR)";"Urbana";"39795"
"4117602";"Palmas (PR)";"Rural";"3093"
"4117701";"Palmeira (PR)";"Total";"32123"
"4117701";"Palmeira (PR)";"Urbana";"19375"
"4117701";"Palmeira (PR)";"Rural";"12748"
"4117800";"Palmital (PR)";"Total";"14865"
"4117800";"Palmital (PR)";"Urbana";"7399"
"4117800";"Palmital (PR)";"Rural";"7466"
"4117909";"Palotina (PR)";"Total";"28683"
"4117909";"Palotina (PR)";"Urbana";"24646"
"4117909";"Palotina (PR)";"Rural";"4037"
"4118006";"Paraíso do Norte (PR)";"Total";"11772"
"4118006";"Paraíso do Norte (PR)";"Urbana";"11099"
"4118006";"Paraíso do Norte (PR)";"Rural";"673"
"4118105";"Paranacity (PR)";"Total";"10250"
"4118105";"Paranacity (PR)";"Urbana";"9469"
"4118105";"Paranacity (PR)";"Rural";"781"
"4118204";"Paranaguá (PR)";"Total";"140469"
"4118204";"Paranaguá (PR)";"Urbana";"135386"
"4118204";"Paranaguá (PR)";"Rural";"5083"
"4118303";"Paranapoema (PR)";"Total";"2791"
"4118303";"Paranapoema (PR)";"Urbana";"2500"
"4118303";"Paranapoema (PR)";"Rural";"291"
"4118402";"Paranavaí (PR)";"Total";"81590"
"4118402";"Paranavaí (PR)";"Urbana";"77728"
"4118402";"Paranavaí (PR)";"Rural";"3862"
"4118451";"Pato Bragado (PR)";"Total";"4822"
"4118451";"Pato Bragado (PR)";"Urbana";"2993"
"4118451";"Pato Bragado (PR)";"Rural";"1829"
"4118501";"Pato Branco (PR)";"Total";"72370"
"4118501";"Pato Branco (PR)";"Urbana";"68091"
"4118501";"Pato Branco (PR)";"Rural";"4279"
"4118600";"Paula Freitas (PR)";"Total";"5434"
"4118600";"Paula Freitas (PR)";"Urbana";"2748"
"4118600";"Paula Freitas (PR)";"Rural";"2686"
"4118709";"Paulo Frontin (PR)";"Total";"6913"
"4118709";"Paulo Frontin (PR)";"Urbana";"2173"
"4118709";"Paulo Frontin (PR)";"Rural";"4740"
"4118808";"Peabiru (PR)";"Total";"13624"
"4118808";"Peabiru (PR)";"Urbana";"11009"
"4118808";"Peabiru (PR)";"Rural";"2615"
"4118857";"Perobal (PR)";"Total";"5653"
"4118857";"Perobal (PR)";"Urbana";"3080"
"4118857";"Perobal (PR)";"Rural";"2573"
"4118907";"Pérola (PR)";"Total";"10208"
"4118907";"Pérola (PR)";"Urbana";"8070"
"4118907";"Pérola (PR)";"Rural";"2138"
"4119004";"Pérola d'Oeste (PR)";"Total";"6761"
"4119004";"Pérola d'Oeste (PR)";"Urbana";"3187"
"4119004";"Pérola d'Oeste (PR)";"Rural";"3574"
"4119103";"Piên (PR)";"Total";"11236"
"4119103";"Piên (PR)";"Urbana";"4523"
"4119103";"Piên (PR)";"Rural";"6713"
"4119152";"Pinhais (PR)";"Total";"117008"
"4119152";"Pinhais (PR)";"Urbana";"117008"
"4119152";"Pinhais (PR)";"Rural";"-"
"4119202";"Pinhalão (PR)";"Total";"6215"
"4119202";"Pinhalão (PR)";"Urbana";"3924"
"4119202";"Pinhalão (PR)";"Rural";"2291"
"4119251";"Pinhal de São Bento (PR)";"Total";"2625"
"4119251";"Pinhal de São Bento (PR)";"Urbana";"1166"
"4119251";"Pinhal de São Bento (PR)";"Rural";"1459"
"4119301";"Pinhão (PR)";"Total";"30208"
"4119301";"Pinhão (PR)";"Urbana";"15317"
"4119301";"Pinhão (PR)";"Rural";"14891"
"4119400";"Piraí do Sul (PR)";"Total";"23424"
"4119400";"Piraí do Sul (PR)";"Urbana";"16102"
"4119400";"Piraí do Sul (PR)";"Rural";"7322"
"4119509";"Piraquara (PR)";"Total";"93207"
"4119509";"Piraquara (PR)";"Urbana";"45738"
"4119509";"Piraquara (PR)";"Rural";"47469"
"4119608";"Pitanga (PR)";"Total";"32638"
"4119608";"Pitanga (PR)";"Urbana";"20590"
"4119608";"Pitanga (PR)";"Rural";"12048"
"4119657";"Pitangueiras (PR)";"Total";"2814"
"4119657";"Pitangueiras (PR)";"Urbana";"2040"
"4119657";"Pitangueiras (PR)";"Rural";"774"
"4119707";"Planaltina do Paraná (PR)";"Total";"4095"
"4119707";"Planaltina do Paraná (PR)";"Urbana";"2773"
"4119707";"Planaltina do Paraná (PR)";"Rural";"1322"
"4119806";"Planalto (PR)";"Total";"13654"
"4119806";"Planalto (PR)";"Urbana";"6068"
"4119806";"Planalto (PR)";"Rural";"7586"
"4119905";"Ponta Grossa (PR)";"Total";"311611"
"4119905";"Ponta Grossa (PR)";"Urbana";"304733"
"4119905";"Ponta Grossa (PR)";"Rural";"6878"
"4119954";"Pontal do Paraná (PR)";"Total";"20920"
"4119954";"Pontal do Paraná (PR)";"Urbana";"20743"
"4119954";"Pontal do Paraná (PR)";"Rural";"177"
"4120002";"Porecatu (PR)";"Total";"14189"
"4120002";"Porecatu (PR)";"Urbana";"11442"
"4120002";"Porecatu (PR)";"Rural";"2747"
"4120101";"Porto Amazonas (PR)";"Total";"4514"
"4120101";"Porto Amazonas (PR)";"Urbana";"2948"
"4120101";"Porto Amazonas (PR)";"Rural";"1566"
"4120150";"Porto Barreiro (PR)";"Total";"3663"
"4120150";"Porto Barreiro (PR)";"Urbana";"691"
"4120150";"Porto Barreiro (PR)";"Rural";"2972"
"4120200";"Porto Rico (PR)";"Total";"2530"
"4120200";"Porto Rico (PR)";"Urbana";"1764"
"4120200";"Porto Rico (PR)";"Rural";"766"
"4120309";"Porto Vitória (PR)";"Total";"4020"
"4120309";"Porto Vitória (PR)";"Urbana";"2235"
"4120309";"Porto Vitória (PR)";"Rural";"1785"
"4120333";"Prado Ferreira (PR)";"Total";"3434"
"4120333";"Prado Ferreira (PR)";"Urbana";"3015"
"4120333";"Prado Ferreira (PR)";"Rural";"419"
"4120358";"Pranchita (PR)";"Total";"5628"
"4120358";"Pranchita (PR)";"Urbana";"3605"
"4120358";"Pranchita (PR)";"Rural";"2023"
"4120408";"Presidente Castelo Branco (PR)";"Total";"4784"
"4120408";"Presidente Castelo Branco (PR)";"Urbana";"4197"
"4120408";"Presidente Castelo Branco (PR)";"Rural";"587"
"4120507";"Primeiro de Maio (PR)";"Total";"10832"
"4120507";"Primeiro de Maio (PR)";"Urbana";"10083"
"4120507";"Primeiro de Maio (PR)";"Rural";"749"
"4120606";"Prudentópolis (PR)";"Total";"48792"
"4120606";"Prudentópolis (PR)";"Urbana";"22463"
"4120606";"Prudentópolis (PR)";"Rural";"26329"
"4120655";"Quarto Centenário (PR)";"Total";"4856"
"4120655";"Quarto Centenário (PR)";"Urbana";"2912"
"4120655";"Quarto Centenário (PR)";"Rural";"1944"
"4120705";"Quatiguá (PR)";"Total";"7045"
"4120705";"Quatiguá (PR)";"Urbana";"6372"
"4120705";"Quatiguá (PR)";"Rural";"673"
"4120804";"Quatro Barras (PR)";"Total";"19851"
"4120804";"Quatro Barras (PR)";"Urbana";"17941"
"4120804";"Quatro Barras (PR)";"Rural";"1910"
"4120853";"Quatro Pontes (PR)";"Total";"3803"
"4120853";"Quatro Pontes (PR)";"Urbana";"2437"
"4120853";"Quatro Pontes (PR)";"Rural";"1366"
"4120903";"Quedas do Iguaçu (PR)";"Total";"30605"
"4120903";"Quedas do Iguaçu (PR)";"Urbana";"20987"
"4120903";"Quedas do Iguaçu (PR)";"Rural";"9618"
"4121000";"Querência do Norte (PR)";"Total";"11729"
"4121000";"Querência do Norte (PR)";"Urbana";"7622"
"4121000";"Querência do Norte (PR)";"Rural";"4107"
"4121109";"Quinta do Sol (PR)";"Total";"5088"
"4121109";"Quinta do Sol (PR)";"Urbana";"3811"
"4121109";"Quinta do Sol (PR)";"Rural";"1277"
"4121208";"Quitandinha (PR)";"Total";"17089"
"4121208";"Quitandinha (PR)";"Urbana";"4887"
"4121208";"Quitandinha (PR)";"Rural";"12202"
"4121257";"Ramilândia (PR)";"Total";"4134"
"4121257";"Ramilândia (PR)";"Urbana";"2043"
"4121257";"Ramilândia (PR)";"Rural";"2091"
"4121307";"Rancho Alegre (PR)";"Total";"3955"
"4121307";"Rancho Alegre (PR)";"Urbana";"3470"
"4121307";"Rancho Alegre (PR)";"Rural";"485"
"4121356";"Rancho Alegre D'Oeste (PR)";"Total";"2847"
"4121356";"Rancho Alegre D'Oeste (PR)";"Urbana";"2303"
"4121356";"Rancho Alegre D'Oeste (PR)";"Rural";"544"
"4121406";"Realeza (PR)";"Total";"16338"
"4121406";"Realeza (PR)";"Urbana";"11796"
"4121406";"Realeza (PR)";"Rural";"4542"
"4121505";"Rebouças (PR)";"Total";"14176"
"4121505";"Rebouças (PR)";"Urbana";"7505"
"4121505";"Rebouças (PR)";"Rural";"6671"
"4121604";"Renascença (PR)";"Total";"6812"
"4121604";"Renascença (PR)";"Urbana";"3485"
"4121604";"Renascença (PR)";"Rural";"3327"
"4121703";"Reserva (PR)";"Total";"25172"
"4121703";"Reserva (PR)";"Urbana";"12206"
"4121703";"Reserva (PR)";"Rural";"12966"
"4121752";"Reserva do Iguaçu (PR)";"Total";"7307"
"4121752";"Reserva do Iguaçu (PR)";"Urbana";"3905"
"4121752";"Reserva do Iguaçu (PR)";"Rural";"3402"
"4121802";"Ribeirão Claro (PR)";"Total";"10678"
"4121802";"Ribeirão Claro (PR)";"Urbana";"7085"
"4121802";"Ribeirão Claro (PR)";"Rural";"3593"
"4121901";"Ribeirão do Pinhal (PR)";"Total";"13524"
"4121901";"Ribeirão do Pinhal (PR)";"Urbana";"11078"
"4121901";"Ribeirão do Pinhal (PR)";"Rural";"2446"
"4122008";"Rio Azul (PR)";"Total";"14093"
"4122008";"Rio Azul (PR)";"Urbana";"5012"
"4122008";"Rio Azul (PR)";"Rural";"9081"
"4122107";"Rio Bom (PR)";"Total";"3334"
"4122107";"Rio Bom (PR)";"Urbana";"2007"
"4122107";"Rio Bom (PR)";"Rural";"1327"
"4122156";"Rio Bonito do Iguaçu (PR)";"Total";"13661"
"4122156";"Rio Bonito do Iguaçu (PR)";"Urbana";"3322"
"4122156";"Rio Bonito do Iguaçu (PR)";"Rural";"10339"
"4122172";"Rio Branco do Ivaí (PR)";"Total";"3898"
"4122172";"Rio Branco do Ivaí (PR)";"Urbana";"919"
"4122172";"Rio Branco do Ivaí (PR)";"Rural";"2979"
"4122206";"Rio Branco do Sul (PR)";"Total";"30650"
"4122206";"Rio Branco do Sul (PR)";"Urbana";"22045"
"4122206";"Rio Branco do Sul (PR)";"Rural";"8605"
"4122305";"Rio Negro (PR)";"Total";"31274"
"4122305";"Rio Negro (PR)";"Urbana";"25710"
"4122305";"Rio Negro (PR)";"Rural";"5564"
"4122404";"Rolândia (PR)";"Total";"57862"
"4122404";"Rolândia (PR)";"Urbana";"54749"
"4122404";"Rolândia (PR)";"Rural";"3113"
"4122503";"Roncador (PR)";"Total";"11537"
"4122503";"Roncador (PR)";"Urbana";"7120"
"4122503";"Roncador (PR)";"Rural";"4417"
"4122602";"Rondon (PR)";"Total";"8996"
"4122602";"Rondon (PR)";"Urbana";"7196"
"4122602";"Rondon (PR)";"Rural";"1800"
"4122651";"Rosário do Ivaí (PR)";"Total";"5588"
"4122651";"Rosário do Ivaí (PR)";"Urbana";"2721"
"4122651";"Rosário do Ivaí (PR)";"Rural";"2867"
"4122701";"Sabáudia (PR)";"Total";"6096"
"4122701";"Sabáudia (PR)";"Urbana";"5097"
"4122701";"Sabáudia (PR)";"Rural";"999"
"4122800";"Salgado Filho (PR)";"Total";"4403"
"4122800";"Salgado Filho (PR)";"Urbana";"2254"
"4122800";"Salgado Filho (PR)";"Rural";"2149"
"4122909";"Salto do Itararé (PR)";"Total";"5178"
"4122909";"Salto do Itararé (PR)";"Urbana";"3723"
"4122909";"Salto do Itararé (PR)";"Rural";"1455"
"4123006";"Salto do Lontra (PR)";"Total";"13689"
"4123006";"Salto do Lontra (PR)";"Urbana";"7431"
"4123006";"Salto do Lontra (PR)";"Rural";"6258"
"4123105";"Santa Amélia (PR)";"Total";"3803"
"4123105";"Santa Amélia (PR)";"Urbana";"2886"
"4123105";"Santa Amélia (PR)";"Rural";"917"
"4123204";"Santa Cecília do Pavão (PR)";"Total";"3646"
"4123204";"Santa Cecília do Pavão (PR)";"Urbana";"3057"
"4123204";"Santa Cecília do Pavão (PR)";"Rural";"589"
"4123303";"Santa Cruz de Monte Castelo (PR)";"Total";"8092"
"4123303";"Santa Cruz de Monte Castelo (PR)";"Urbana";"5753"
"4123303";"Santa Cruz de Monte Castelo (PR)";"Rural";"2339"
"4123402";"Santa Fé (PR)";"Total";"10432"
"4123402";"Santa Fé (PR)";"Urbana";"9232"
"4123402";"Santa Fé (PR)";"Rural";"1200"
"4123501";"Santa Helena (PR)";"Total";"23413"
"4123501";"Santa Helena (PR)";"Urbana";"12586"
"4123501";"Santa Helena (PR)";"Rural";"10827"
"4123600";"Santa Inês (PR)";"Total";"1818"
"4123600";"Santa Inês (PR)";"Urbana";"1192"
"4123600";"Santa Inês (PR)";"Rural";"626"
"4123709";"Santa Isabel do Ivaí (PR)";"Total";"8760"
"4123709";"Santa Isabel do Ivaí (PR)";"Urbana";"7062"
"4123709";"Santa Isabel do Ivaí (PR)";"Rural";"1698"
"4123808";"Santa Izabel do Oeste (PR)";"Total";"13132"
"4123808";"Santa Izabel do Oeste (PR)";"Urbana";"7421"
"4123808";"Santa Izabel do Oeste (PR)";"Rural";"5711"
"4123824";"Santa Lúcia (PR)";"Total";"3925"
"4123824";"Santa Lúcia (PR)";"Urbana";"2536"
"4123824";"Santa Lúcia (PR)";"Rural";"1389"
"4123857";"Santa Maria do Oeste (PR)";"Total";"11500"
"4123857";"Santa Maria do Oeste (PR)";"Urbana";"3211"
"4123857";"Santa Maria do Oeste (PR)";"Rural";"8289"
"4123907";"Santa Mariana (PR)";"Total";"12435"
"4123907";"Santa Mariana (PR)";"Urbana";"8320"
"4123907";"Santa Mariana (PR)";"Rural";"4115"
"4123956";"Santa Mônica (PR)";"Total";"3571"
"4123956";"Santa Mônica (PR)";"Urbana";"1475"
"4123956";"Santa Mônica (PR)";"Rural";"2096"
"4124004";"Santana do Itararé (PR)";"Total";"5249"
"4124004";"Santana do Itararé (PR)";"Urbana";"3456"
"4124004";"Santana do Itararé (PR)";"Rural";"1793"
"4124020";"Santa Tereza do Oeste (PR)";"Total";"10332"
"4124020";"Santa Tereza do Oeste (PR)";"Urbana";"8035"
"4124020";"Santa Tereza do Oeste (PR)";"Rural";"2297"
"4124053";"Santa Terezinha de Itaipu (PR)";"Total";"20841"
"4124053";"Santa Terezinha de Itaipu (PR)";"Urbana";"18837"
"4124053";"Santa Terezinha de Itaipu (PR)";"Rural";"2004"
"4124103";"Santo Antônio da Platina (PR)";"Total";"42707"
"4124103";"Santo Antônio da Platina (PR)";"Urbana";"36944"
"4124103";"Santo Antônio da Platina (PR)";"Rural";"5763"
"4124202";"Santo Antônio do Caiuá (PR)";"Total";"2727"
"4124202";"Santo Antônio do Caiuá (PR)";"Urbana";"2123"
"4124202";"Santo Antônio do Caiuá (PR)";"Rural";"604"
"4124301";"Santo Antônio do Paraíso (PR)";"Total";"2408"
"4124301";"Santo Antônio do Paraíso (PR)";"Urbana";"1822"
"4124301";"Santo Antônio do Paraíso (PR)";"Rural";"586"
"4124400";"Santo Antônio do Sudoeste (PR)";"Total";"18893"
"4124400";"Santo Antônio do Sudoeste (PR)";"Urbana";"13711"
"4124400";"Santo Antônio do Sudoeste (PR)";"Rural";"5182"
"4124509";"Santo Inácio (PR)";"Total";"5269"
"4124509";"Santo Inácio (PR)";"Urbana";"4200"
"4124509";"Santo Inácio (PR)";"Rural";"1069"
"4124608";"São Carlos do Ivaí (PR)";"Total";"6354"
"4124608";"São Carlos do Ivaí (PR)";"Urbana";"5679"
"4124608";"São Carlos do Ivaí (PR)";"Rural";"675"
"4124707";"São Jerônimo da Serra (PR)";"Total";"11337"
"4124707";"São Jerônimo da Serra (PR)";"Urbana";"5661"
"4124707";"São Jerônimo da Serra (PR)";"Rural";"5676"
"4124806";"São João (PR)";"Total";"10599"
"4124806";"São João (PR)";"Urbana";"6735"
"4124806";"São João (PR)";"Rural";"3864"
"4124905";"São João do Caiuá (PR)";"Total";"5911"
"4124905";"São João do Caiuá (PR)";"Urbana";"5039"
"4124905";"São João do Caiuá (PR)";"Rural";"872"
"4125001";"São João do Ivaí (PR)";"Total";"11525"
"4125001";"São João do Ivaí (PR)";"Urbana";"8874"
"4125001";"São João do Ivaí (PR)";"Rural";"2651"
"4125100";"São João do Triunfo (PR)";"Total";"13704"
"4125100";"São João do Triunfo (PR)";"Urbana";"4048"
"4125100";"São João do Triunfo (PR)";"Rural";"9656"
"4125209";"São Jorge d'Oeste (PR)";"Total";"9085"
"4125209";"São Jorge d'Oeste (PR)";"Urbana";"5214"
"4125209";"São Jorge d'Oeste (PR)";"Rural";"3871"
"4125308";"São Jorge do Ivaí (PR)";"Total";"5517"
"4125308";"São Jorge do Ivaí (PR)";"Urbana";"4781"
"4125308";"São Jorge do Ivaí (PR)";"Rural";"736"
"4125357";"São Jorge do Patrocínio (PR)";"Total";"6041"
"4125357";"São Jorge do Patrocínio (PR)";"Urbana";"3539"
"4125357";"São Jorge do Patrocínio (PR)";"Rural";"2502"
"4125407";"São José da Boa Vista (PR)";"Total";"6511"
"4125407";"São José da Boa Vista (PR)";"Urbana";"3864"
"4125407";"São José da Boa Vista (PR)";"Rural";"2647"
"4125456";"São José das Palmeiras (PR)";"Total";"3830"
"4125456";"São José das Palmeiras (PR)";"Urbana";"2411"
"4125456";"São José das Palmeiras (PR)";"Rural";"1419"
"4125506";"São José dos Pinhais (PR)";"Total";"264210"
"4125506";"São José dos Pinhais (PR)";"Urbana";"236895"
"4125506";"São José dos Pinhais (PR)";"Rural";"27315"
"4125555";"São Manoel do Paraná (PR)";"Total";"2098"
"4125555";"São Manoel do Paraná (PR)";"Urbana";"1159"
"4125555";"São Manoel do Paraná (PR)";"Rural";"939"
"4125605";"São Mateus do Sul (PR)";"Total";"41257"
"4125605";"São Mateus do Sul (PR)";"Urbana";"25706"
"4125605";"São Mateus do Sul (PR)";"Rural";"15551"
"4125704";"São Miguel do Iguaçu (PR)";"Total";"25769"
"4125704";"São Miguel do Iguaçu (PR)";"Urbana";"16485"
"4125704";"São Miguel do Iguaçu (PR)";"Rural";"9284"
"4125753";"São Pedro do Iguaçu (PR)";"Total";"6491"
"4125753";"São Pedro do Iguaçu (PR)";"Urbana";"4055"
"4125753";"São Pedro do Iguaçu (PR)";"Rural";"2436"
"4125803";"São Pedro do Ivaí (PR)";"Total";"10167"
"4125803";"São Pedro do Ivaí (PR)";"Urbana";"8044"
"4125803";"São Pedro do Ivaí (PR)";"Rural";"2123"
"4125902";"São Pedro do Paraná (PR)";"Total";"2491"
"4125902";"São Pedro do Paraná (PR)";"Urbana";"1631"
"4125902";"São Pedro do Paraná (PR)";"Rural";"860"
"4126009";"São Sebastião da Amoreira (PR)";"Total";"8626"
"4126009";"São Sebastião da Amoreira (PR)";"Urbana";"7593"
"4126009";"São Sebastião da Amoreira (PR)";"Rural";"1033"
"4126108";"São Tomé (PR)";"Total";"5349"
"4126108";"São Tomé (PR)";"Urbana";"4446"
"4126108";"São Tomé (PR)";"Rural";"903"
"4126207";"Sapopema (PR)";"Total";"6736"
"4126207";"Sapopema (PR)";"Urbana";"3552"
"4126207";"Sapopema (PR)";"Rural";"3184"
"4126256";"Sarandi (PR)";"Total";"82847"
"4126256";"Sarandi (PR)";"Urbana";"82146"
"4126256";"Sarandi (PR)";"Rural";"701"
"4126272";"Saudade do Iguaçu (PR)";"Total";"5028"
"4126272";"Saudade do Iguaçu (PR)";"Urbana";"2503"
"4126272";"Saudade do Iguaçu (PR)";"Rural";"2525"
"4126306";"Sengés (PR)";"Total";"18414"
"4126306";"Sengés (PR)";"Urbana";"15107"
"4126306";"Sengés (PR)";"Rural";"3307"
"4126355";"Serranópolis do Iguaçu (PR)";"Total";"4568"
"4126355";"Serranópolis do Iguaçu (PR)";"Urbana";"2322"
"4126355";"Serranópolis do Iguaçu (PR)";"Rural";"2246"
"4126405";"Sertaneja (PR)";"Total";"5817"
"4126405";"Sertaneja (PR)";"Urbana";"5105"
"4126405";"Sertaneja (PR)";"Rural";"712"
"4126504";"Sertanópolis (PR)";"Total";"15638"
"4126504";"Sertanópolis (PR)";"Urbana";"13711"
"4126504";"Sertanópolis (PR)";"Rural";"1927"
"4126603";"Siqueira Campos (PR)";"Total";"18454"
"4126603";"Siqueira Campos (PR)";"Urbana";"13424"
"4126603";"Siqueira Campos (PR)";"Rural";"5030"
"4126652";"Sulina (PR)";"Total";"3394"
"4126652";"Sulina (PR)";"Urbana";"1390"
"4126652";"Sulina (PR)";"Rural";"2004"
"4126678";"Tamarana (PR)";"Total";"12262"
"4126678";"Tamarana (PR)";"Urbana";"5858"
"4126678";"Tamarana (PR)";"Rural";"6404"
"4126702";"Tamboara (PR)";"Total";"4664"
"4126702";"Tamboara (PR)";"Urbana";"3996"
"4126702";"Tamboara (PR)";"Rural";"668"
"4126801";"Tapejara (PR)";"Total";"14598"
"4126801";"Tapejara (PR)";"Urbana";"13166"
"4126801";"Tapejara (PR)";"Rural";"1432"
"4126900";"Tapira (PR)";"Total";"5836"
"4126900";"Tapira (PR)";"Urbana";"3435"
"4126900";"Tapira (PR)";"Rural";"2401"
"4127007";"Teixeira Soares (PR)";"Total";"10283"
"4127007";"Teixeira Soares (PR)";"Urbana";"4796"
"4127007";"Teixeira Soares (PR)";"Rural";"5487"
"4127106";"Telêmaco Borba (PR)";"Total";"69872"
"4127106";"Telêmaco Borba (PR)";"Urbana";"68440"
"4127106";"Telêmaco Borba (PR)";"Rural";"1432"
"4127205";"Terra Boa (PR)";"Total";"15776"
"4127205";"Terra Boa (PR)";"Urbana";"13051"
"4127205";"Terra Boa (PR)";"Rural";"2725"
"4127304";"Terra Rica (PR)";"Total";"15221"
"4127304";"Terra Rica (PR)";"Urbana";"12370"
"4127304";"Terra Rica (PR)";"Rural";"2851"
"4127403";"Terra Roxa (PR)";"Total";"16759"
"4127403";"Terra Roxa (PR)";"Urbana";"12801"
"4127403";"Terra Roxa (PR)";"Rural";"3958"
"4127502";"Tibagi (PR)";"Total";"19344"
"4127502";"Tibagi (PR)";"Urbana";"11668"
"4127502";"Tibagi (PR)";"Rural";"7676"
"4127601";"Tijucas do Sul (PR)";"Total";"14537"
"4127601";"Tijucas do Sul (PR)";"Urbana";"2285"
"4127601";"Tijucas do Sul (PR)";"Rural";"12252"
"4127700";"Toledo (PR)";"Total";"119313"
"4127700";"Toledo (PR)";"Urbana";"108259"
"4127700";"Toledo (PR)";"Rural";"11054"
"4127809";"Tomazina (PR)";"Total";"8791"
"4127809";"Tomazina (PR)";"Urbana";"4119"
"4127809";"Tomazina (PR)";"Rural";"4672"
"4127858";"Três Barras do Paraná (PR)";"Total";"11824"
"4127858";"Três Barras do Paraná (PR)";"Urbana";"6095"
"4127858";"Três Barras do Paraná (PR)";"Rural";"5729"
"4127882";"Tunas do Paraná (PR)";"Total";"6256"
"4127882";"Tunas do Paraná (PR)";"Urbana";"2792"
"4127882";"Tunas do Paraná (PR)";"Rural";"3464"
"4127908";"Tuneiras do Oeste (PR)";"Total";"8695"
"4127908";"Tuneiras do Oeste (PR)";"Urbana";"5973"
"4127908";"Tuneiras do Oeste (PR)";"Rural";"2722"
"4127957";"Tupãssi (PR)";"Total";"7997"
"4127957";"Tupãssi (PR)";"Urbana";"6286"
"4127957";"Tupãssi (PR)";"Rural";"1711"
"4127965";"Turvo (PR)";"Total";"13811"
"4127965";"Turvo (PR)";"Urbana";"5048"
"4127965";"Turvo (PR)";"Rural";"8763"
"4128005";"Ubiratã (PR)";"Total";"21558"
"4128005";"Ubiratã (PR)";"Urbana";"18397"
"4128005";"Ubiratã (PR)";"Rural";"3161"
"4128104";"Umuarama (PR)";"Total";"100676"
"4128104";"Umuarama (PR)";"Urbana";"93455"
"4128104";"Umuarama (PR)";"Rural";"7221"
"4128203";"União da Vitória (PR)";"Total";"52735"
"4128203";"União da Vitória (PR)";"Urbana";"49983"
"4128203";"União da Vitória (PR)";"Rural";"2752"
"4128302";"Uniflor (PR)";"Total";"2466"
"4128302";"Uniflor (PR)";"Urbana";"1987"
"4128302";"Uniflor (PR)";"Rural";"479"
"4128401";"Uraí (PR)";"Total";"11472"
"4128401";"Uraí (PR)";"Urbana";"9358"
"4128401";"Uraí (PR)";"Rural";"2114"
"4128500";"Wenceslau Braz (PR)";"Total";"19298"
"4128500";"Wenceslau Braz (PR)";"Urbana";"15509"
"4128500";"Wenceslau Braz (PR)";"Rural";"3789"
"4128534";"Ventania (PR)";"Total";"9957"
"4128534";"Ventania (PR)";"Urbana";"6511"
"4128534";"Ventania (PR)";"Rural";"3446"
"4128559";"Vera Cruz do Oeste (PR)";"Total";"8973"
"4128559";"Vera Cruz do Oeste (PR)";"Urbana";"6863"
"4128559";"Vera Cruz do Oeste (PR)";"Rural";"2110"
"4128609";"Verê (PR)";"Total";"7878"
"4128609";"Verê (PR)";"Urbana";"3281"
"4128609";"Verê (PR)";"Rural";"4597"
"4128625";"Alto Paraíso (PR)";"Total";"3206"
"4128625";"Alto Paraíso (PR)";"Urbana";"1772"
"4128625";"Alto Paraíso (PR)";"Rural";"1434"
"4128633";"Doutor Ulysses (PR)";"Total";"5727"
"4128633";"Doutor Ulysses (PR)";"Urbana";"929"
"4128633";"Doutor Ulysses (PR)";"Rural";"4798"
"4128658";"Virmond (PR)";"Total";"3950"
"4128658";"Virmond (PR)";"Urbana";"1880"
"4128658";"Virmond (PR)";"Rural";"2070"
"4128708";"Vitorino (PR)";"Total";"6513"
"4128708";"Vitorino (PR)";"Urbana";"3988"
"4128708";"Vitorino (PR)";"Rural";"2525"
"4128807";"Xambrê (PR)";"Total";"6012"
"4128807";"Xambrê (PR)";"Urbana";"1990"
"4128807";"Xambrê (PR)";"Rural";"4022"
"4200051";"Abdon Batista (SC)";"Total";"2653"
"4200051";"Abdon Batista (SC)";"Urbana";"724"
"4200051";"Abdon Batista (SC)";"Rural";"1929"
"4200101";"Abelardo Luz (SC)";"Total";"17100"
"4200101";"Abelardo Luz (SC)";"Urbana";"9570"
"4200101";"Abelardo Luz (SC)";"Rural";"7530"
"4200200";"Agrolândia (SC)";"Total";"9323"
"4200200";"Agrolândia (SC)";"Urbana";"5959"
"4200200";"Agrolândia (SC)";"Rural";"3364"
"4200309";"Agronômica (SC)";"Total";"4904"
"4200309";"Agronômica (SC)";"Urbana";"1858"
"4200309";"Agronômica (SC)";"Rural";"3046"
"4200408";"Água Doce (SC)";"Total";"6961"
"4200408";"Água Doce (SC)";"Urbana";"3433"
"4200408";"Água Doce (SC)";"Rural";"3528"
"4200507";"Águas de Chapecó (SC)";"Total";"6110"
"4200507";"Águas de Chapecó (SC)";"Urbana";"3236"
"4200507";"Águas de Chapecó (SC)";"Rural";"2874"
"4200556";"Águas Frias (SC)";"Total";"2424"
"4200556";"Águas Frias (SC)";"Urbana";"981"
"4200556";"Águas Frias (SC)";"Rural";"1443"
"4200606";"Águas Mornas (SC)";"Total";"5548"
"4200606";"Águas Mornas (SC)";"Urbana";"2327"
"4200606";"Águas Mornas (SC)";"Rural";"3221"
"4200705";"Alfredo Wagner (SC)";"Total";"9410"
"4200705";"Alfredo Wagner (SC)";"Urbana";"2868"
"4200705";"Alfredo Wagner (SC)";"Rural";"6542"
"4200754";"Alto Bela Vista (SC)";"Total";"2005"
"4200754";"Alto Bela Vista (SC)";"Urbana";"605"
"4200754";"Alto Bela Vista (SC)";"Rural";"1400"
"4200804";"Anchieta (SC)";"Total";"6380"
"4200804";"Anchieta (SC)";"Urbana";"2586"
"4200804";"Anchieta (SC)";"Rural";"3794"
"4200903";"Angelina (SC)";"Total";"5250"
"4200903";"Angelina (SC)";"Urbana";"1123"
"4200903";"Angelina (SC)";"Rural";"4127"
"4201000";"Anita Garibaldi (SC)";"Total";"8623"
"4201000";"Anita Garibaldi (SC)";"Urbana";"4551"
"4201000";"Anita Garibaldi (SC)";"Rural";"4072"
"4201109";"Anitápolis (SC)";"Total";"3214"
"4201109";"Anitápolis (SC)";"Urbana";"1315"
"4201109";"Anitápolis (SC)";"Rural";"1899"
"4201208";"Antônio Carlos (SC)";"Total";"7458"
"4201208";"Antônio Carlos (SC)";"Urbana";"2341"
"4201208";"Antônio Carlos (SC)";"Rural";"5117"
"4201257";"Apiúna (SC)";"Total";"9600"
"4201257";"Apiúna (SC)";"Urbana";"4288"
"4201257";"Apiúna (SC)";"Rural";"5312"
"4201273";"Arabutã (SC)";"Total";"4193"
"4201273";"Arabutã (SC)";"Urbana";"1307"
"4201273";"Arabutã (SC)";"Rural";"2886"
"4201307";"Araquari (SC)";"Total";"24810"
"4201307";"Araquari (SC)";"Urbana";"23353"
"4201307";"Araquari (SC)";"Rural";"1457"
"4201406";"Araranguá (SC)";"Total";"61310"
"4201406";"Araranguá (SC)";"Urbana";"50526"
"4201406";"Araranguá (SC)";"Rural";"10784"
"4201505";"Armazém (SC)";"Total";"7753"
"4201505";"Armazém (SC)";"Urbana";"4884"
"4201505";"Armazém (SC)";"Rural";"2869"
"4201604";"Arroio Trinta (SC)";"Total";"3502"
"4201604";"Arroio Trinta (SC)";"Urbana";"2397"
"4201604";"Arroio Trinta (SC)";"Rural";"1105"
"4201653";"Arvoredo (SC)";"Total";"2260"
"4201653";"Arvoredo (SC)";"Urbana";"501"
"4201653";"Arvoredo (SC)";"Rural";"1759"
"4201703";"Ascurra (SC)";"Total";"7412"
"4201703";"Ascurra (SC)";"Urbana";"6457"
"4201703";"Ascurra (SC)";"Rural";"955"
"4201802";"Atalanta (SC)";"Total";"3300"
"4201802";"Atalanta (SC)";"Urbana";"1368"
"4201802";"Atalanta (SC)";"Rural";"1932"
"4201901";"Aurora (SC)";"Total";"5549"
"4201901";"Aurora (SC)";"Urbana";"1931"
"4201901";"Aurora (SC)";"Rural";"3618"
"4201950";"Balneário Arroio do Silva (SC)";"Total";"9586"
"4201950";"Balneário Arroio do Silva (SC)";"Urbana";"9391"
"4201950";"Balneário Arroio do Silva (SC)";"Rural";"195"
"4202008";"Balneário Camboriú (SC)";"Total";"108089"
"4202008";"Balneário Camboriú (SC)";"Urbana";"108089"
"4202008";"Balneário Camboriú (SC)";"Rural";"-"
"4202057";"Balneário Barra do Sul (SC)";"Total";"8430"
"4202057";"Balneário Barra do Sul (SC)";"Urbana";"8035"
"4202057";"Balneário Barra do Sul (SC)";"Rural";"395"
"4202073";"Balneário Gaivota (SC)";"Total";"8234"
"4202073";"Balneário Gaivota (SC)";"Urbana";"6363"
"4202073";"Balneário Gaivota (SC)";"Rural";"1871"
"4202081";"Bandeirante (SC)";"Total";"2906"
"4202081";"Bandeirante (SC)";"Urbana";"931"
"4202081";"Bandeirante (SC)";"Rural";"1975"
"4202099";"Barra Bonita (SC)";"Total";"1878"
"4202099";"Barra Bonita (SC)";"Urbana";"279"
"4202099";"Barra Bonita (SC)";"Rural";"1599"
"4202107";"Barra Velha (SC)";"Total";"22386"
"4202107";"Barra Velha (SC)";"Urbana";"21320"
"4202107";"Barra Velha (SC)";"Rural";"1066"
"4202131";"Bela Vista do Toldo (SC)";"Total";"6004"
"4202131";"Bela Vista do Toldo (SC)";"Urbana";"847"
"4202131";"Bela Vista do Toldo (SC)";"Rural";"5157"
"4202156";"Belmonte (SC)";"Total";"2635"
"4202156";"Belmonte (SC)";"Urbana";"1273"
"4202156";"Belmonte (SC)";"Rural";"1362"
"4202206";"Benedito Novo (SC)";"Total";"10336"
"4202206";"Benedito Novo (SC)";"Urbana";"5804"
"4202206";"Benedito Novo (SC)";"Rural";"4532"
"4202305";"Biguaçu (SC)";"Total";"58206"
"4202305";"Biguaçu (SC)";"Urbana";"52758"
"4202305";"Biguaçu (SC)";"Rural";"5448"
"4202404";"Blumenau (SC)";"Total";"309011"
"4202404";"Blumenau (SC)";"Urbana";"294773"
"4202404";"Blumenau (SC)";"Rural";"14238"
"4202438";"Bocaina do Sul (SC)";"Total";"3290"
"4202438";"Bocaina do Sul (SC)";"Urbana";"967"
"4202438";"Bocaina do Sul (SC)";"Rural";"2323"
"4202453";"Bombinhas (SC)";"Total";"14293"
"4202453";"Bombinhas (SC)";"Urbana";"14293"
"4202453";"Bombinhas (SC)";"Rural";"-"
"4202503";"Bom Jardim da Serra (SC)";"Total";"4395"
"4202503";"Bom Jardim da Serra (SC)";"Urbana";"2397"
"4202503";"Bom Jardim da Serra (SC)";"Rural";"1998"
"4202537";"Bom Jesus (SC)";"Total";"2526"
"4202537";"Bom Jesus (SC)";"Urbana";"1495"
"4202537";"Bom Jesus (SC)";"Rural";"1031"
"4202578";"Bom Jesus do Oeste (SC)";"Total";"2132"
"4202578";"Bom Jesus do Oeste (SC)";"Urbana";"647"
"4202578";"Bom Jesus do Oeste (SC)";"Rural";"1485"
"4202602";"Bom Retiro (SC)";"Total";"8942"
"4202602";"Bom Retiro (SC)";"Urbana";"6417"
"4202602";"Bom Retiro (SC)";"Rural";"2525"
"4202701";"Botuverá (SC)";"Total";"4468"
"4202701";"Botuverá (SC)";"Urbana";"1310"
"4202701";"Botuverá (SC)";"Rural";"3158"
"4202800";"Braço do Norte (SC)";"Total";"29018"
"4202800";"Braço do Norte (SC)";"Urbana";"23383"
"4202800";"Braço do Norte (SC)";"Rural";"5635"
"4202859";"Braço do Trombudo (SC)";"Total";"3457"
"4202859";"Braço do Trombudo (SC)";"Urbana";"1898"
"4202859";"Braço do Trombudo (SC)";"Rural";"1559"
"4202875";"Brunópolis (SC)";"Total";"2850"
"4202875";"Brunópolis (SC)";"Urbana";"705"
"4202875";"Brunópolis (SC)";"Rural";"2145"
"4202909";"Brusque (SC)";"Total";"105503"
"4202909";"Brusque (SC)";"Urbana";"102025"
"4202909";"Brusque (SC)";"Rural";"3478"
"4203006";"Caçador (SC)";"Total";"70762"
"4203006";"Caçador (SC)";"Urbana";"64457"
"4203006";"Caçador (SC)";"Rural";"6305"
"4203105";"Caibi (SC)";"Total";"6219"
"4203105";"Caibi (SC)";"Urbana";"3578"
"4203105";"Caibi (SC)";"Rural";"2641"
"4203154";"Calmon (SC)";"Total";"3387"
"4203154";"Calmon (SC)";"Urbana";"2115"
"4203154";"Calmon (SC)";"Rural";"1272"
"4203204";"Camboriú (SC)";"Total";"62361"
"4203204";"Camboriú (SC)";"Urbana";"59231"
"4203204";"Camboriú (SC)";"Rural";"3130"
"4203253";"Capão Alto (SC)";"Total";"2753"
"4203253";"Capão Alto (SC)";"Urbana";"962"
"4203253";"Capão Alto (SC)";"Rural";"1791"
"4203303";"Campo Alegre (SC)";"Total";"11748"
"4203303";"Campo Alegre (SC)";"Urbana";"7237"
"4203303";"Campo Alegre (SC)";"Rural";"4511"
"4203402";"Campo Belo do Sul (SC)";"Total";"7483"
"4203402";"Campo Belo do Sul (SC)";"Urbana";"4406"
"4203402";"Campo Belo do Sul (SC)";"Rural";"3077"
"4203501";"Campo Erê (SC)";"Total";"9370"
"4203501";"Campo Erê (SC)";"Urbana";"6252"
"4203501";"Campo Erê (SC)";"Rural";"3118"
"4203600";"Campos Novos (SC)";"Total";"32824"
"4203600";"Campos Novos (SC)";"Urbana";"27064"
"4203600";"Campos Novos (SC)";"Rural";"5760"
"4203709";"Canelinha (SC)";"Total";"10603"
"4203709";"Canelinha (SC)";"Urbana";"6726"
"4203709";"Canelinha (SC)";"Rural";"3877"
"4203808";"Canoinhas (SC)";"Total";"52765"
"4203808";"Canoinhas (SC)";"Urbana";"39273"
"4203808";"Canoinhas (SC)";"Rural";"13492"
"4203907";"Capinzal (SC)";"Total";"20769"
"4203907";"Capinzal (SC)";"Urbana";"17754"
"4203907";"Capinzal (SC)";"Rural";"3015"
"4203956";"Capivari de Baixo (SC)";"Total";"21674"
"4203956";"Capivari de Baixo (SC)";"Urbana";"19816"
"4203956";"Capivari de Baixo (SC)";"Rural";"1858"
"4204004";"Catanduvas (SC)";"Total";"9555"
"4204004";"Catanduvas (SC)";"Urbana";"8094"
"4204004";"Catanduvas (SC)";"Rural";"1461"
"4204103";"Caxambu do Sul (SC)";"Total";"4411"
"4204103";"Caxambu do Sul (SC)";"Urbana";"2155"
"4204103";"Caxambu do Sul (SC)";"Rural";"2256"
"4204152";"Celso Ramos (SC)";"Total";"2771"
"4204152";"Celso Ramos (SC)";"Urbana";"872"
"4204152";"Celso Ramos (SC)";"Rural";"1899"
"4204178";"Cerro Negro (SC)";"Total";"3581"
"4204178";"Cerro Negro (SC)";"Urbana";"764"
"4204178";"Cerro Negro (SC)";"Rural";"2817"
"4204194";"Chapadão do Lageado (SC)";"Total";"2762"
"4204194";"Chapadão do Lageado (SC)";"Urbana";"513"
"4204194";"Chapadão do Lageado (SC)";"Rural";"2249"
"4204202";"Chapecó (SC)";"Total";"183530"
"4204202";"Chapecó (SC)";"Urbana";"168113"
"4204202";"Chapecó (SC)";"Rural";"15417"
"4204251";"Cocal do Sul (SC)";"Total";"15159"
"4204251";"Cocal do Sul (SC)";"Urbana";"12696"
"4204251";"Cocal do Sul (SC)";"Rural";"2463"
"4204301";"Concórdia (SC)";"Total";"68621"
"4204301";"Concórdia (SC)";"Urbana";"54865"
"4204301";"Concórdia (SC)";"Rural";"13756"
"4204350";"Cordilheira Alta (SC)";"Total";"3767"
"4204350";"Cordilheira Alta (SC)";"Urbana";"1448"
"4204350";"Cordilheira Alta (SC)";"Rural";"2319"
"4204400";"Coronel Freitas (SC)";"Total";"10213"
"4204400";"Coronel Freitas (SC)";"Urbana";"6067"
"4204400";"Coronel Freitas (SC)";"Rural";"4146"
"4204459";"Coronel Martins (SC)";"Total";"2458"
"4204459";"Coronel Martins (SC)";"Urbana";"685"
"4204459";"Coronel Martins (SC)";"Rural";"1773"
"4204509";"Corupá (SC)";"Total";"13852"
"4204509";"Corupá (SC)";"Urbana";"10669"
"4204509";"Corupá (SC)";"Rural";"3183"
"4204558";"Correia Pinto (SC)";"Total";"14785"
"4204558";"Correia Pinto (SC)";"Urbana";"12022"
"4204558";"Correia Pinto (SC)";"Rural";"2763"
"4204608";"Criciúma (SC)";"Total";"192308"
"4204608";"Criciúma (SC)";"Urbana";"189630"
"4204608";"Criciúma (SC)";"Rural";"2678"
"4204707";"Cunha Porã (SC)";"Total";"10613"
"4204707";"Cunha Porã (SC)";"Urbana";"6519"
"4204707";"Cunha Porã (SC)";"Rural";"4094"
"4204756";"Cunhataí (SC)";"Total";"1882"
"4204756";"Cunhataí (SC)";"Urbana";"569"
"4204756";"Cunhataí (SC)";"Rural";"1313"
"4204806";"Curitibanos (SC)";"Total";"37748"
"4204806";"Curitibanos (SC)";"Urbana";"34769"
"4204806";"Curitibanos (SC)";"Rural";"2979"
"4204905";"Descanso (SC)";"Total";"8634"
"4204905";"Descanso (SC)";"Urbana";"4297"
"4204905";"Descanso (SC)";"Rural";"4337"
"4205001";"Dionísio Cerqueira (SC)";"Total";"14811"
"4205001";"Dionísio Cerqueira (SC)";"Urbana";"10191"
"4205001";"Dionísio Cerqueira (SC)";"Rural";"4620"
"4205100";"Dona Emma (SC)";"Total";"3721"
"4205100";"Dona Emma (SC)";"Urbana";"1868"
"4205100";"Dona Emma (SC)";"Rural";"1853"
"4205159";"Doutor Pedrinho (SC)";"Total";"3604"
"4205159";"Doutor Pedrinho (SC)";"Urbana";"2019"
"4205159";"Doutor Pedrinho (SC)";"Rural";"1585"
"4205175";"Entre Rios (SC)";"Total";"3018"
"4205175";"Entre Rios (SC)";"Urbana";"928"
"4205175";"Entre Rios (SC)";"Rural";"2090"
"4205191";"Ermo (SC)";"Total";"2050"
"4205191";"Ermo (SC)";"Urbana";"619"
"4205191";"Ermo (SC)";"Rural";"1431"
"4205209";"Erval Velho (SC)";"Total";"4352"
"4205209";"Erval Velho (SC)";"Urbana";"2842"
"4205209";"Erval Velho (SC)";"Rural";"1510"
"4205308";"Faxinal dos Guedes (SC)";"Total";"10661"
"4205308";"Faxinal dos Guedes (SC)";"Urbana";"7718"
"4205308";"Faxinal dos Guedes (SC)";"Rural";"2943"
"4205357";"Flor do Sertão (SC)";"Total";"1588"
"4205357";"Flor do Sertão (SC)";"Urbana";"328"
"4205357";"Flor do Sertão (SC)";"Rural";"1260"
"4205407";"Florianópolis (SC)";"Total";"421240"
"4205407";"Florianópolis (SC)";"Urbana";"405286"
"4205407";"Florianópolis (SC)";"Rural";"15954"
"4205431";"Formosa do Sul (SC)";"Total";"2601"
"4205431";"Formosa do Sul (SC)";"Urbana";"1084"
"4205431";"Formosa do Sul (SC)";"Rural";"1517"
"4205456";"Forquilhinha (SC)";"Total";"22548"
"4205456";"Forquilhinha (SC)";"Urbana";"18426"
"4205456";"Forquilhinha (SC)";"Rural";"4122"
"4205506";"Fraiburgo (SC)";"Total";"34553"
"4205506";"Fraiburgo (SC)";"Urbana";"30291"
"4205506";"Fraiburgo (SC)";"Rural";"4262"
"4205555";"Frei Rogério (SC)";"Total";"2474"
"4205555";"Frei Rogério (SC)";"Urbana";"706"
"4205555";"Frei Rogério (SC)";"Rural";"1768"
"4205605";"Galvão (SC)";"Total";"3472"
"4205605";"Galvão (SC)";"Urbana";"2347"
"4205605";"Galvão (SC)";"Rural";"1125"
"4205704";"Garopaba (SC)";"Total";"18138"
"4205704";"Garopaba (SC)";"Urbana";"15320"
"4205704";"Garopaba (SC)";"Rural";"2818"
"4205803";"Garuva (SC)";"Total";"14761"
"4205803";"Garuva (SC)";"Urbana";"11451"
"4205803";"Garuva (SC)";"Rural";"3310"
"4205902";"Gaspar (SC)";"Total";"57981"
"4205902";"Gaspar (SC)";"Urbana";"47126"
"4205902";"Gaspar (SC)";"Rural";"10855"
"4206009";"Governador Celso Ramos (SC)";"Total";"12999"
"4206009";"Governador Celso Ramos (SC)";"Urbana";"12252"
"4206009";"Governador Celso Ramos (SC)";"Rural";"747"
"4206108";"Grão-Pará (SC)";"Total";"6223"
"4206108";"Grão-Pará (SC)";"Urbana";"3019"
"4206108";"Grão-Pará (SC)";"Rural";"3204"
"4206207";"Gravatal (SC)";"Total";"10635"
"4206207";"Gravatal (SC)";"Urbana";"4443"
"4206207";"Gravatal (SC)";"Rural";"6192"
"4206306";"Guabiruba (SC)";"Total";"18430"
"4206306";"Guabiruba (SC)";"Urbana";"17066"
"4206306";"Guabiruba (SC)";"Rural";"1364"
"4206405";"Guaraciaba (SC)";"Total";"10498"
"4206405";"Guaraciaba (SC)";"Urbana";"4924"
"4206405";"Guaraciaba (SC)";"Rural";"5574"
"4206504";"Guaramirim (SC)";"Total";"35172"
"4206504";"Guaramirim (SC)";"Urbana";"28046"
"4206504";"Guaramirim (SC)";"Rural";"7126"
"4206603";"Guarujá do Sul (SC)";"Total";"4908"
"4206603";"Guarujá do Sul (SC)";"Urbana";"2655"
"4206603";"Guarujá do Sul (SC)";"Rural";"2253"
"4206652";"Guatambú (SC)";"Total";"4679"
"4206652";"Guatambú (SC)";"Urbana";"1749"
"4206652";"Guatambú (SC)";"Rural";"2930"
"4206702";"Herval d'Oeste (SC)";"Total";"21239"
"4206702";"Herval d'Oeste (SC)";"Urbana";"18851"
"4206702";"Herval d'Oeste (SC)";"Rural";"2388"
"4206751";"Ibiam (SC)";"Total";"1945"
"4206751";"Ibiam (SC)";"Urbana";"695"
"4206751";"Ibiam (SC)";"Rural";"1250"
"4206801";"Ibicaré (SC)";"Total";"3373"
"4206801";"Ibicaré (SC)";"Urbana";"1557"
"4206801";"Ibicaré (SC)";"Rural";"1816"
"4206900";"Ibirama (SC)";"Total";"17330"
"4206900";"Ibirama (SC)";"Urbana";"14813"
"4206900";"Ibirama (SC)";"Rural";"2517"
"4207007";"Içara (SC)";"Total";"58833"
"4207007";"Içara (SC)";"Urbana";"53913"
"4207007";"Içara (SC)";"Rural";"4920"
"4207106";"Ilhota (SC)";"Total";"12355"
"4207106";"Ilhota (SC)";"Urbana";"7898"
"4207106";"Ilhota (SC)";"Rural";"4457"
"4207205";"Imaruí (SC)";"Total";"11672"
"4207205";"Imaruí (SC)";"Urbana";"4005"
"4207205";"Imaruí (SC)";"Rural";"7667"
"4207304";"Imbituba (SC)";"Total";"40170"
"4207304";"Imbituba (SC)";"Urbana";"40170"
"4207304";"Imbituba (SC)";"Rural";"-"
"4207403";"Imbuia (SC)";"Total";"5707"
"4207403";"Imbuia (SC)";"Urbana";"2515"
"4207403";"Imbuia (SC)";"Rural";"3192"
"4207502";"Indaial (SC)";"Total";"54854"
"4207502";"Indaial (SC)";"Urbana";"52927"
"4207502";"Indaial (SC)";"Rural";"1927"
"4207577";"Iomerê (SC)";"Total";"2739"
"4207577";"Iomerê (SC)";"Urbana";"907"
"4207577";"Iomerê (SC)";"Rural";"1832"
"4207601";"Ipira (SC)";"Total";"4752"
"4207601";"Ipira (SC)";"Urbana";"2521"
"4207601";"Ipira (SC)";"Rural";"2231"
"4207650";"Iporã do Oeste (SC)";"Total";"8409"
"4207650";"Iporã do Oeste (SC)";"Urbana";"4122"
"4207650";"Iporã do Oeste (SC)";"Rural";"4287"
"4207684";"Ipuaçu (SC)";"Total";"6798"
"4207684";"Ipuaçu (SC)";"Urbana";"1377"
"4207684";"Ipuaçu (SC)";"Rural";"5421"
"4207700";"Ipumirim (SC)";"Total";"7220"
"4207700";"Ipumirim (SC)";"Urbana";"3148"
"4207700";"Ipumirim (SC)";"Rural";"4072"
"4207759";"Iraceminha (SC)";"Total";"4253"
"4207759";"Iraceminha (SC)";"Urbana";"1468"
"4207759";"Iraceminha (SC)";"Rural";"2785"
"4207809";"Irani (SC)";"Total";"9531"
"4207809";"Irani (SC)";"Urbana";"6520"
"4207809";"Irani (SC)";"Rural";"3011"
"4207858";"Irati (SC)";"Total";"2096"
"4207858";"Irati (SC)";"Urbana";"449"
"4207858";"Irati (SC)";"Rural";"1647"
"4207908";"Irineópolis (SC)";"Total";"10448"
"4207908";"Irineópolis (SC)";"Urbana";"3519"
"4207908";"Irineópolis (SC)";"Rural";"6929"
"4208005";"Itá (SC)";"Total";"6426"
"4208005";"Itá (SC)";"Urbana";"4057"
"4208005";"Itá (SC)";"Rural";"2369"
"4208104";"Itaiópolis (SC)";"Total";"20301"
"4208104";"Itaiópolis (SC)";"Urbana";"10737"
"4208104";"Itaiópolis (SC)";"Rural";"9564"
"4208203";"Itajaí (SC)";"Total";"183373"
"4208203";"Itajaí (SC)";"Urbana";"173452"
"4208203";"Itajaí (SC)";"Rural";"9921"
"4208302";"Itapema (SC)";"Total";"45797"
"4208302";"Itapema (SC)";"Urbana";"44659"
"4208302";"Itapema (SC)";"Rural";"1138"
"4208401";"Itapiranga (SC)";"Total";"15409"
"4208401";"Itapiranga (SC)";"Urbana";"7616"
"4208401";"Itapiranga (SC)";"Rural";"7793"
"4208450";"Itapoá (SC)";"Total";"14763"
"4208450";"Itapoá (SC)";"Urbana";"14172"
"4208450";"Itapoá (SC)";"Rural";"591"
"4208500";"Ituporanga (SC)";"Total";"22250"
"4208500";"Ituporanga (SC)";"Urbana";"14832"
"4208500";"Ituporanga (SC)";"Rural";"7418"
"4208609";"Jaborá (SC)";"Total";"4041"
"4208609";"Jaborá (SC)";"Urbana";"1605"
"4208609";"Jaborá (SC)";"Rural";"2436"
"4208708";"Jacinto Machado (SC)";"Total";"10609"
"4208708";"Jacinto Machado (SC)";"Urbana";"5133"
"4208708";"Jacinto Machado (SC)";"Rural";"5476"
"4208807";"Jaguaruna (SC)";"Total";"17290"
"4208807";"Jaguaruna (SC)";"Urbana";"13198"
"4208807";"Jaguaruna (SC)";"Rural";"4092"
"4208906";"Jaraguá do Sul (SC)";"Total";"143123"
"4208906";"Jaraguá do Sul (SC)";"Urbana";"132800"
"4208906";"Jaraguá do Sul (SC)";"Rural";"10323"
"4208955";"Jardinópolis (SC)";"Total";"1766"
"4208955";"Jardinópolis (SC)";"Urbana";"799"
"4208955";"Jardinópolis (SC)";"Rural";"967"
"4209003";"Joaçaba (SC)";"Total";"27020"
"4209003";"Joaçaba (SC)";"Urbana";"24924"
"4209003";"Joaçaba (SC)";"Rural";"2096"
"4209102";"Joinville (SC)";"Total";"515288"
"4209102";"Joinville (SC)";"Urbana";"497850"
"4209102";"Joinville (SC)";"Rural";"17438"
"4209151";"José Boiteux (SC)";"Total";"4721"
"4209151";"José Boiteux (SC)";"Urbana";"1611"
"4209151";"José Boiteux (SC)";"Rural";"3110"
"4209177";"Jupiá (SC)";"Total";"2148"
"4209177";"Jupiá (SC)";"Urbana";"1044"
"4209177";"Jupiá (SC)";"Rural";"1104"
"4209201";"Lacerdópolis (SC)";"Total";"2199"
"4209201";"Lacerdópolis (SC)";"Urbana";"1160"
"4209201";"Lacerdópolis (SC)";"Rural";"1039"
"4209300";"Lages (SC)";"Total";"156727"
"4209300";"Lages (SC)";"Urbana";"153937"
"4209300";"Lages (SC)";"Rural";"2790"
"4209409";"Laguna (SC)";"Total";"51562"
"4209409";"Laguna (SC)";"Urbana";"40655"
"4209409";"Laguna (SC)";"Rural";"10907"
"4209458";"Lajeado Grande (SC)";"Total";"1490"
"4209458";"Lajeado Grande (SC)";"Urbana";"648"
"4209458";"Lajeado Grande (SC)";"Rural";"842"
"4209508";"Laurentino (SC)";"Total";"6004"
"4209508";"Laurentino (SC)";"Urbana";"4374"
"4209508";"Laurentino (SC)";"Rural";"1630"
"4209607";"Lauro Müller (SC)";"Total";"14367"
"4209607";"Lauro Müller (SC)";"Urbana";"11106"
"4209607";"Lauro Müller (SC)";"Rural";"3261"
"4209706";"Lebon Régis (SC)";"Total";"11838"
"4209706";"Lebon Régis (SC)";"Urbana";"7522"
"4209706";"Lebon Régis (SC)";"Rural";"4316"
"4209805";"Leoberto Leal (SC)";"Total";"3365"
"4209805";"Leoberto Leal (SC)";"Urbana";"820"
"4209805";"Leoberto Leal (SC)";"Rural";"2545"
"4209854";"Lindóia do Sul (SC)";"Total";"4642"
"4209854";"Lindóia do Sul (SC)";"Urbana";"1930"
"4209854";"Lindóia do Sul (SC)";"Rural";"2712"
"4209904";"Lontras (SC)";"Total";"10244"
"4209904";"Lontras (SC)";"Urbana";"7014"
"4209904";"Lontras (SC)";"Rural";"3230"
"4210001";"Luiz Alves (SC)";"Total";"10438"
"4210001";"Luiz Alves (SC)";"Urbana";"3256"
"4210001";"Luiz Alves (SC)";"Rural";"7182"
"4210035";"Luzerna (SC)";"Total";"5600"
"4210035";"Luzerna (SC)";"Urbana";"4259"
"4210035";"Luzerna (SC)";"Rural";"1341"
"4210050";"Macieira (SC)";"Total";"1826"
"4210050";"Macieira (SC)";"Urbana";"501"
"4210050";"Macieira (SC)";"Rural";"1325"
"4210100";"Mafra (SC)";"Total";"52912"
"4210100";"Mafra (SC)";"Urbana";"41318"
"4210100";"Mafra (SC)";"Rural";"11594"
"4210209";"Major Gercino (SC)";"Total";"3279"
"4210209";"Major Gercino (SC)";"Urbana";"1249"
"4210209";"Major Gercino (SC)";"Rural";"2030"
"4210308";"Major Vieira (SC)";"Total";"7479"
"4210308";"Major Vieira (SC)";"Urbana";"2961"
"4210308";"Major Vieira (SC)";"Rural";"4518"
"4210407";"Maracajá (SC)";"Total";"6404"
"4210407";"Maracajá (SC)";"Urbana";"4256"
"4210407";"Maracajá (SC)";"Rural";"2148"
"4210506";"Maravilha (SC)";"Total";"22101"
"4210506";"Maravilha (SC)";"Urbana";"18087"
"4210506";"Maravilha (SC)";"Rural";"4014"
"4210555";"Marema (SC)";"Total";"2203"
"4210555";"Marema (SC)";"Urbana";"760"
"4210555";"Marema (SC)";"Rural";"1443"
"4210605";"Massaranduba (SC)";"Total";"14674"
"4210605";"Massaranduba (SC)";"Urbana";"7606"
"4210605";"Massaranduba (SC)";"Rural";"7068"
"4210704";"Matos Costa (SC)";"Total";"2839"
"4210704";"Matos Costa (SC)";"Urbana";"1465"
"4210704";"Matos Costa (SC)";"Rural";"1374"
"4210803";"Meleiro (SC)";"Total";"7000"
"4210803";"Meleiro (SC)";"Urbana";"3649"
"4210803";"Meleiro (SC)";"Rural";"3351"
"4210852";"Mirim Doce (SC)";"Total";"2513"
"4210852";"Mirim Doce (SC)";"Urbana";"1202"
"4210852";"Mirim Doce (SC)";"Rural";"1311"
"4210902";"Modelo (SC)";"Total";"4045"
"4210902";"Modelo (SC)";"Urbana";"2692"
"4210902";"Modelo (SC)";"Rural";"1353"
"4211009";"Mondaí (SC)";"Total";"10231"
"4211009";"Mondaí (SC)";"Urbana";"6305"
"4211009";"Mondaí (SC)";"Rural";"3926"
"4211058";"Monte Carlo (SC)";"Total";"9312"
"4211058";"Monte Carlo (SC)";"Urbana";"8076"
"4211058";"Monte Carlo (SC)";"Rural";"1236"
"4211108";"Monte Castelo (SC)";"Total";"8346"
"4211108";"Monte Castelo (SC)";"Urbana";"4849"
"4211108";"Monte Castelo (SC)";"Rural";"3497"
"4211207";"Morro da Fumaça (SC)";"Total";"16126"
"4211207";"Morro da Fumaça (SC)";"Urbana";"13863"
"4211207";"Morro da Fumaça (SC)";"Rural";"2263"
"4211256";"Morro Grande (SC)";"Total";"2890"
"4211256";"Morro Grande (SC)";"Urbana";"756"
"4211256";"Morro Grande (SC)";"Rural";"2134"
"4211306";"Navegantes (SC)";"Total";"60556"
"4211306";"Navegantes (SC)";"Urbana";"57402"
"4211306";"Navegantes (SC)";"Rural";"3154"
"4211405";"Nova Erechim (SC)";"Total";"4275"
"4211405";"Nova Erechim (SC)";"Urbana";"3211"
"4211405";"Nova Erechim (SC)";"Rural";"1064"
"4211454";"Nova Itaberaba (SC)";"Total";"4267"
"4211454";"Nova Itaberaba (SC)";"Urbana";"1530"
"4211454";"Nova Itaberaba (SC)";"Rural";"2737"
"4211504";"Nova Trento (SC)";"Total";"12190"
"4211504";"Nova Trento (SC)";"Urbana";"9129"
"4211504";"Nova Trento (SC)";"Rural";"3061"
"4211603";"Nova Veneza (SC)";"Total";"13309"
"4211603";"Nova Veneza (SC)";"Urbana";"8927"
"4211603";"Nova Veneza (SC)";"Rural";"4382"
"4211652";"Novo Horizonte (SC)";"Total";"2750"
"4211652";"Novo Horizonte (SC)";"Urbana";"921"
"4211652";"Novo Horizonte (SC)";"Rural";"1829"
"4211702";"Orleans (SC)";"Total";"21393"
"4211702";"Orleans (SC)";"Urbana";"16084"
"4211702";"Orleans (SC)";"Rural";"5309"
"4211751";"Otacílio Costa (SC)";"Total";"16337"
"4211751";"Otacílio Costa (SC)";"Urbana";"14891"
"4211751";"Otacílio Costa (SC)";"Rural";"1446"
"4211801";"Ouro (SC)";"Total";"7372"
"4211801";"Ouro (SC)";"Urbana";"4844"
"4211801";"Ouro (SC)";"Rural";"2528"
"4211850";"Ouro Verde (SC)";"Total";"2271"
"4211850";"Ouro Verde (SC)";"Urbana";"715"
"4211850";"Ouro Verde (SC)";"Rural";"1556"
"4211876";"Paial (SC)";"Total";"1763"
"4211876";"Paial (SC)";"Urbana";"336"
"4211876";"Paial (SC)";"Rural";"1427"
"4211892";"Painel (SC)";"Total";"2353"
"4211892";"Painel (SC)";"Urbana";"945"
"4211892";"Painel (SC)";"Rural";"1408"
"4211900";"Palhoça (SC)";"Total";"137334"
"4211900";"Palhoça (SC)";"Urbana";"135311"
"4211900";"Palhoça (SC)";"Rural";"2023"
"4212007";"Palma Sola (SC)";"Total";"7765"
"4212007";"Palma Sola (SC)";"Urbana";"4468"
"4212007";"Palma Sola (SC)";"Rural";"3297"
"4212056";"Palmeira (SC)";"Total";"2373"
"4212056";"Palmeira (SC)";"Urbana";"925"
"4212056";"Palmeira (SC)";"Rural";"1448"
"4212106";"Palmitos (SC)";"Total";"16020"
"4212106";"Palmitos (SC)";"Urbana";"9871"
"4212106";"Palmitos (SC)";"Rural";"6149"
"4212205";"Papanduva (SC)";"Total";"17928"
"4212205";"Papanduva (SC)";"Urbana";"9184"
"4212205";"Papanduva (SC)";"Rural";"8744"
"4212239";"Paraíso (SC)";"Total";"4080"
"4212239";"Paraíso (SC)";"Urbana";"1451"
"4212239";"Paraíso (SC)";"Rural";"2629"
"4212254";"Passo de Torres (SC)";"Total";"6627"
"4212254";"Passo de Torres (SC)";"Urbana";"5873"
"4212254";"Passo de Torres (SC)";"Rural";"754"
"4212270";"Passos Maia (SC)";"Total";"4425"
"4212270";"Passos Maia (SC)";"Urbana";"1099"
"4212270";"Passos Maia (SC)";"Rural";"3326"
"4212304";"Paulo Lopes (SC)";"Total";"6692"
"4212304";"Paulo Lopes (SC)";"Urbana";"4820"
"4212304";"Paulo Lopes (SC)";"Rural";"1872"
"4212403";"Pedras Grandes (SC)";"Total";"4107"
"4212403";"Pedras Grandes (SC)";"Urbana";"1261"
"4212403";"Pedras Grandes (SC)";"Rural";"2846"
"4212502";"Penha (SC)";"Total";"25141"
"4212502";"Penha (SC)";"Urbana";"23064"
"4212502";"Penha (SC)";"Rural";"2077"
"4212601";"Peritiba (SC)";"Total";"2988"
"4212601";"Peritiba (SC)";"Urbana";"1481"
"4212601";"Peritiba (SC)";"Rural";"1507"
"4212700";"Petrolândia (SC)";"Total";"6131"
"4212700";"Petrolândia (SC)";"Urbana";"2225"
"4212700";"Petrolândia (SC)";"Rural";"3906"
"4212809";"Balneário Piçarras (SC)";"Total";"17078"
"4212809";"Balneário Piçarras (SC)";"Urbana";"15500"
"4212809";"Balneário Piçarras (SC)";"Rural";"1578"
"4212908";"Pinhalzinho (SC)";"Total";"16332"
"4212908";"Pinhalzinho (SC)";"Urbana";"13615"
"4212908";"Pinhalzinho (SC)";"Rural";"2717"
"4213005";"Pinheiro Preto (SC)";"Total";"3147"
"4213005";"Pinheiro Preto (SC)";"Urbana";"1700"
"4213005";"Pinheiro Preto (SC)";"Rural";"1447"
"4213104";"Piratuba (SC)";"Total";"4786"
"4213104";"Piratuba (SC)";"Urbana";"2855"
"4213104";"Piratuba (SC)";"Rural";"1931"
"4213153";"Planalto Alegre (SC)";"Total";"2654"
"4213153";"Planalto Alegre (SC)";"Urbana";"1067"
"4213153";"Planalto Alegre (SC)";"Rural";"1587"
"4213203";"Pomerode (SC)";"Total";"27759"
"4213203";"Pomerode (SC)";"Urbana";"23823"
"4213203";"Pomerode (SC)";"Rural";"3936"
"4213302";"Ponte Alta (SC)";"Total";"4894"
"4213302";"Ponte Alta (SC)";"Urbana";"3578"
"4213302";"Ponte Alta (SC)";"Rural";"1316"
"4213351";"Ponte Alta do Norte (SC)";"Total";"3303"
"4213351";"Ponte Alta do Norte (SC)";"Urbana";"3007"
"4213351";"Ponte Alta do Norte (SC)";"Rural";"296"
"4213401";"Ponte Serrada (SC)";"Total";"11031"
"4213401";"Ponte Serrada (SC)";"Urbana";"7624"
"4213401";"Ponte Serrada (SC)";"Rural";"3407"
"4213500";"Porto Belo (SC)";"Total";"16083"
"4213500";"Porto Belo (SC)";"Urbana";"15167"
"4213500";"Porto Belo (SC)";"Rural";"916"
"4213609";"Porto União (SC)";"Total";"33493"
"4213609";"Porto União (SC)";"Urbana";"28266"
"4213609";"Porto União (SC)";"Rural";"5227"
"4213708";"Pouso Redondo (SC)";"Total";"14810"
"4213708";"Pouso Redondo (SC)";"Urbana";"9024"
"4213708";"Pouso Redondo (SC)";"Rural";"5786"
"4213807";"Praia Grande (SC)";"Total";"7267"
"4213807";"Praia Grande (SC)";"Urbana";"4297"
"4213807";"Praia Grande (SC)";"Rural";"2970"
"4213906";"Presidente Castello Branco (SC)";"Total";"1725"
"4213906";"Presidente Castello Branco (SC)";"Urbana";"553"
"4213906";"Presidente Castello Branco (SC)";"Rural";"1172"
"4214003";"Presidente Getúlio (SC)";"Total";"14887"
"4214003";"Presidente Getúlio (SC)";"Urbana";"10535"
"4214003";"Presidente Getúlio (SC)";"Rural";"4352"
"4214102";"Presidente Nereu (SC)";"Total";"2284"
"4214102";"Presidente Nereu (SC)";"Urbana";"808"
"4214102";"Presidente Nereu (SC)";"Rural";"1476"
"4214151";"Princesa (SC)";"Total";"2758"
"4214151";"Princesa (SC)";"Urbana";"1004"
"4214151";"Princesa (SC)";"Rural";"1754"
"4214201";"Quilombo (SC)";"Total";"10248"
"4214201";"Quilombo (SC)";"Urbana";"5746"
"4214201";"Quilombo (SC)";"Rural";"4502"
"4214300";"Rancho Queimado (SC)";"Total";"2748"
"4214300";"Rancho Queimado (SC)";"Urbana";"1290"
"4214300";"Rancho Queimado (SC)";"Rural";"1458"
"4214409";"Rio das Antas (SC)";"Total";"6143"
"4214409";"Rio das Antas (SC)";"Urbana";"2740"
"4214409";"Rio das Antas (SC)";"Rural";"3403"
"4214508";"Rio do Campo (SC)";"Total";"6192"
"4214508";"Rio do Campo (SC)";"Urbana";"2632"
"4214508";"Rio do Campo (SC)";"Rural";"3560"
"4214607";"Rio do Oeste (SC)";"Total";"7090"
"4214607";"Rio do Oeste (SC)";"Urbana";"3390"
"4214607";"Rio do Oeste (SC)";"Rural";"3700"
"4214706";"Rio dos Cedros (SC)";"Total";"10284"
"4214706";"Rio dos Cedros (SC)";"Urbana";"5110"
"4214706";"Rio dos Cedros (SC)";"Rural";"5174"
"4214805";"Rio do Sul (SC)";"Total";"61198"
"4214805";"Rio do Sul (SC)";"Urbana";"56785"
"4214805";"Rio do Sul (SC)";"Rural";"4413"
"4214904";"Rio Fortuna (SC)";"Total";"4446"
"4214904";"Rio Fortuna (SC)";"Urbana";"1523"
"4214904";"Rio Fortuna (SC)";"Rural";"2923"
"4215000";"Rio Negrinho (SC)";"Total";"39846"
"4215000";"Rio Negrinho (SC)";"Urbana";"36348"
"4215000";"Rio Negrinho (SC)";"Rural";"3498"
"4215059";"Rio Rufino (SC)";"Total";"2436"
"4215059";"Rio Rufino (SC)";"Urbana";"688"
"4215059";"Rio Rufino (SC)";"Rural";"1748"
"4215075";"Riqueza (SC)";"Total";"4838"
"4215075";"Riqueza (SC)";"Urbana";"2154"
"4215075";"Riqueza (SC)";"Rural";"2684"
"4215109";"Rodeio (SC)";"Total";"10922"
"4215109";"Rodeio (SC)";"Urbana";"9424"
"4215109";"Rodeio (SC)";"Rural";"1498"
"4215208";"Romelândia (SC)";"Total";"5551"
"4215208";"Romelândia (SC)";"Urbana";"2008"
"4215208";"Romelândia (SC)";"Rural";"3543"
"4215307";"Salete (SC)";"Total";"7370"
"4215307";"Salete (SC)";"Urbana";"4987"
"4215307";"Salete (SC)";"Rural";"2383"
"4215356";"Saltinho (SC)";"Total";"3961"
"4215356";"Saltinho (SC)";"Urbana";"1255"
"4215356";"Saltinho (SC)";"Rural";"2706"
"4215406";"Salto Veloso (SC)";"Total";"4301"
"4215406";"Salto Veloso (SC)";"Urbana";"3402"
"4215406";"Salto Veloso (SC)";"Rural";"899"
"4215455";"Sangão (SC)";"Total";"10400"
"4215455";"Sangão (SC)";"Urbana";"4856"
"4215455";"Sangão (SC)";"Rural";"5544"
"4215505";"Santa Cecília (SC)";"Total";"15757"
"4215505";"Santa Cecília (SC)";"Urbana";"13663"
"4215505";"Santa Cecília (SC)";"Rural";"2094"
"4215554";"Santa Helena (SC)";"Total";"2382"
"4215554";"Santa Helena (SC)";"Urbana";"882"
"4215554";"Santa Helena (SC)";"Rural";"1500"
"4215604";"Santa Rosa de Lima (SC)";"Total";"2065"
"4215604";"Santa Rosa de Lima (SC)";"Urbana";"518"
"4215604";"Santa Rosa de Lima (SC)";"Rural";"1547"
"4215653";"Santa Rosa do Sul (SC)";"Total";"8054"
"4215653";"Santa Rosa do Sul (SC)";"Urbana";"3746"
"4215653";"Santa Rosa do Sul (SC)";"Rural";"4308"
"4215679";"Santa Terezinha (SC)";"Total";"8767"
"4215679";"Santa Terezinha (SC)";"Urbana";"1513"
"4215679";"Santa Terezinha (SC)";"Rural";"7254"
"4215687";"Santa Terezinha do Progresso (SC)";"Total";"2896"
"4215687";"Santa Terezinha do Progresso (SC)";"Urbana";"539"
"4215687";"Santa Terezinha do Progresso (SC)";"Rural";"2357"
"4215695";"Santiago do Sul (SC)";"Total";"1465"
"4215695";"Santiago do Sul (SC)";"Urbana";"650"
"4215695";"Santiago do Sul (SC)";"Rural";"815"
"4215703";"Santo Amaro da Imperatriz (SC)";"Total";"19823"
"4215703";"Santo Amaro da Imperatriz (SC)";"Urbana";"14970"
"4215703";"Santo Amaro da Imperatriz (SC)";"Rural";"4853"
"4215752";"São Bernardino (SC)";"Total";"2677"
"4215752";"São Bernardino (SC)";"Urbana";"719"
"4215752";"São Bernardino (SC)";"Rural";"1958"
"4215802";"São Bento do Sul (SC)";"Total";"74801"
"4215802";"São Bento do Sul (SC)";"Urbana";"71234"
"4215802";"São Bento do Sul (SC)";"Rural";"3567"
"4215901";"São Bonifácio (SC)";"Total";"3008"
"4215901";"São Bonifácio (SC)";"Urbana";"685"
"4215901";"São Bonifácio (SC)";"Rural";"2323"
"4216008";"São Carlos (SC)";"Total";"10291"
"4216008";"São Carlos (SC)";"Urbana";"6902"
"4216008";"São Carlos (SC)";"Rural";"3389"
"4216057";"São Cristóvão do Sul (SC)";"Total";"5012"
"4216057";"São Cristóvão do Sul (SC)";"Urbana";"3800"
"4216057";"São Cristóvão do Sul (SC)";"Rural";"1212"
"4216107";"São Domingos (SC)";"Total";"9491"
"4216107";"São Domingos (SC)";"Urbana";"6313"
"4216107";"São Domingos (SC)";"Rural";"3178"
"4216206";"São Francisco do Sul (SC)";"Total";"42520"
"4216206";"São Francisco do Sul (SC)";"Urbana";"39490"
"4216206";"São Francisco do Sul (SC)";"Rural";"3030"
"4216255";"São João do Oeste (SC)";"Total";"6036"
"4216255";"São João do Oeste (SC)";"Urbana";"2119"
"4216255";"São João do Oeste (SC)";"Rural";"3917"
"4216305";"São João Batista (SC)";"Total";"26260"
"4216305";"São João Batista (SC)";"Urbana";"23551"
"4216305";"São João Batista (SC)";"Rural";"2709"
"4216354";"São João do Itaperiú (SC)";"Total";"3435"
"4216354";"São João do Itaperiú (SC)";"Urbana";"1925"
"4216354";"São João do Itaperiú (SC)";"Rural";"1510"
"4216404";"São João do Sul (SC)";"Total";"7002"
"4216404";"São João do Sul (SC)";"Urbana";"1572"
"4216404";"São João do Sul (SC)";"Rural";"5430"
"4216503";"São Joaquim (SC)";"Total";"24812"
"4216503";"São Joaquim (SC)";"Urbana";"17573"
"4216503";"São Joaquim (SC)";"Rural";"7239"
"4216602";"São José (SC)";"Total";"209804"
"4216602";"São José (SC)";"Urbana";"207312"
"4216602";"São José (SC)";"Rural";"2492"
"4216701";"São José do Cedro (SC)";"Total";"13684"
"4216701";"São José do Cedro (SC)";"Urbana";"8447"
"4216701";"São José do Cedro (SC)";"Rural";"5237"
"4216800";"São José do Cerrito (SC)";"Total";"9273"
"4216800";"São José do Cerrito (SC)";"Urbana";"2492"
"4216800";"São José do Cerrito (SC)";"Rural";"6781"
"4216909";"São Lourenço do Oeste (SC)";"Total";"21792"
"4216909";"São Lourenço do Oeste (SC)";"Urbana";"16880"
"4216909";"São Lourenço do Oeste (SC)";"Rural";"4912"
"4217006";"São Ludgero (SC)";"Total";"10993"
"4217006";"São Ludgero (SC)";"Urbana";"9863"
"4217006";"São Ludgero (SC)";"Rural";"1130"
"4217105";"São Martinho (SC)";"Total";"3209"
"4217105";"São Martinho (SC)";"Urbana";"1231"
"4217105";"São Martinho (SC)";"Rural";"1978"
"4217154";"São Miguel da Boa Vista (SC)";"Total";"1904"
"4217154";"São Miguel da Boa Vista (SC)";"Urbana";"439"
"4217154";"São Miguel da Boa Vista (SC)";"Rural";"1465"
"4217204";"São Miguel do Oeste (SC)";"Total";"36306"
"4217204";"São Miguel do Oeste (SC)";"Urbana";"32065"
"4217204";"São Miguel do Oeste (SC)";"Rural";"4241"
"4217253";"São Pedro de Alcântara (SC)";"Total";"4704"
"4217253";"São Pedro de Alcântara (SC)";"Urbana";"3729"
"4217253";"São Pedro de Alcântara (SC)";"Rural";"975"
"4217303";"Saudades (SC)";"Total";"9016"
"4217303";"Saudades (SC)";"Urbana";"5123"
"4217303";"Saudades (SC)";"Rural";"3893"
"4217402";"Schroeder (SC)";"Total";"15316"
"4217402";"Schroeder (SC)";"Urbana";"13703"
"4217402";"Schroeder (SC)";"Rural";"1613"
"4217501";"Seara (SC)";"Total";"16936"
"4217501";"Seara (SC)";"Urbana";"11586"
"4217501";"Seara (SC)";"Rural";"5350"
"4217550";"Serra Alta (SC)";"Total";"3285"
"4217550";"Serra Alta (SC)";"Urbana";"1835"
"4217550";"Serra Alta (SC)";"Rural";"1450"
"4217600";"Siderópolis (SC)";"Total";"12998"
"4217600";"Siderópolis (SC)";"Urbana";"10051"
"4217600";"Siderópolis (SC)";"Rural";"2947"
"4217709";"Sombrio (SC)";"Total";"26613"
"4217709";"Sombrio (SC)";"Urbana";"19638"
"4217709";"Sombrio (SC)";"Rural";"6975"
"4217758";"Sul Brasil (SC)";"Total";"2766"
"4217758";"Sul Brasil (SC)";"Urbana";"1011"
"4217758";"Sul Brasil (SC)";"Rural";"1755"
"4217808";"Taió (SC)";"Total";"17260"
"4217808";"Taió (SC)";"Urbana";"9964"
"4217808";"Taió (SC)";"Rural";"7296"
"4217907";"Tangará (SC)";"Total";"8674"
"4217907";"Tangará (SC)";"Urbana";"4984"
"4217907";"Tangará (SC)";"Rural";"3690"
"4217956";"Tigrinhos (SC)";"Total";"1757"
"4217956";"Tigrinhos (SC)";"Urbana";"343"
"4217956";"Tigrinhos (SC)";"Rural";"1414"
"4218004";"Tijucas (SC)";"Total";"30960"
"4218004";"Tijucas (SC)";"Urbana";"26002"
"4218004";"Tijucas (SC)";"Rural";"4958"
"4218103";"Timbé do Sul (SC)";"Total";"5308"
"4218103";"Timbé do Sul (SC)";"Urbana";"1845"
"4218103";"Timbé do Sul (SC)";"Rural";"3463"
"4218202";"Timbó (SC)";"Total";"36774"
"4218202";"Timbó (SC)";"Urbana";"34296"
"4218202";"Timbó (SC)";"Rural";"2478"
"4218251";"Timbó Grande (SC)";"Total";"7167"
"4218251";"Timbó Grande (SC)";"Urbana";"4083"
"4218251";"Timbó Grande (SC)";"Rural";"3084"
"4218301";"Três Barras (SC)";"Total";"18129"
"4218301";"Três Barras (SC)";"Urbana";"15365"
"4218301";"Três Barras (SC)";"Rural";"2764"
"4218350";"Treviso (SC)";"Total";"3527"
"4218350";"Treviso (SC)";"Urbana";"1833"
"4218350";"Treviso (SC)";"Rural";"1694"
"4218400";"Treze de Maio (SC)";"Total";"6876"
"4218400";"Treze de Maio (SC)";"Urbana";"3401"
"4218400";"Treze de Maio (SC)";"Rural";"3475"
"4218509";"Treze Tílias (SC)";"Total";"6341"
"4218509";"Treze Tílias (SC)";"Urbana";"4715"
"4218509";"Treze Tílias (SC)";"Rural";"1626"
"4218608";"Trombudo Central (SC)";"Total";"6553"
"4218608";"Trombudo Central (SC)";"Urbana";"4101"
"4218608";"Trombudo Central (SC)";"Rural";"2452"
"4218707";"Tubarão (SC)";"Total";"97235"
"4218707";"Tubarão (SC)";"Urbana";"88094"
"4218707";"Tubarão (SC)";"Rural";"9141"
"4218756";"Tunápolis (SC)";"Total";"4633"
"4218756";"Tunápolis (SC)";"Urbana";"1418"
"4218756";"Tunápolis (SC)";"Rural";"3215"
"4218806";"Turvo (SC)";"Total";"11854"
"4218806";"Turvo (SC)";"Urbana";"7915"
"4218806";"Turvo (SC)";"Rural";"3939"
"4218855";"União do Oeste (SC)";"Total";"2910"
"4218855";"União do Oeste (SC)";"Urbana";"1107"
"4218855";"União do Oeste (SC)";"Rural";"1803"
"4218905";"Urubici (SC)";"Total";"10699"
"4218905";"Urubici (SC)";"Urbana";"7066"
"4218905";"Urubici (SC)";"Rural";"3633"
"4218954";"Urupema (SC)";"Total";"2482"
"4218954";"Urupema (SC)";"Urbana";"1232"
"4218954";"Urupema (SC)";"Rural";"1250"
"4219002";"Urussanga (SC)";"Total";"20223"
"4219002";"Urussanga (SC)";"Urbana";"11405"
"4219002";"Urussanga (SC)";"Rural";"8818"
"4219101";"Vargeão (SC)";"Total";"3532"
"4219101";"Vargeão (SC)";"Urbana";"1820"
"4219101";"Vargeão (SC)";"Rural";"1712"
"4219150";"Vargem (SC)";"Total";"2808"
"4219150";"Vargem (SC)";"Urbana";"896"
"4219150";"Vargem (SC)";"Rural";"1912"
"4219176";"Vargem Bonita (SC)";"Total";"4793"
"4219176";"Vargem Bonita (SC)";"Urbana";"2677"
"4219176";"Vargem Bonita (SC)";"Rural";"2116"
"4219200";"Vidal Ramos (SC)";"Total";"6290"
"4219200";"Vidal Ramos (SC)";"Urbana";"1792"
"4219200";"Vidal Ramos (SC)";"Rural";"4498"
"4219309";"Videira (SC)";"Total";"47188"
"4219309";"Videira (SC)";"Urbana";"42856"
"4219309";"Videira (SC)";"Rural";"4332"
"4219358";"Vitor Meireles (SC)";"Total";"5207"
"4219358";"Vitor Meireles (SC)";"Urbana";"1445"
"4219358";"Vitor Meireles (SC)";"Rural";"3762"
"4219408";"Witmarsum (SC)";"Total";"3600"
"4219408";"Witmarsum (SC)";"Urbana";"845"
"4219408";"Witmarsum (SC)";"Rural";"2755"
"4219507";"Xanxerê (SC)";"Total";"44128"
"4219507";"Xanxerê (SC)";"Urbana";"39143"
"4219507";"Xanxerê (SC)";"Rural";"4985"
"4219606";"Xavantina (SC)";"Total";"4142"
"4219606";"Xavantina (SC)";"Urbana";"1118"
"4219606";"Xavantina (SC)";"Rural";"3024"
"4219705";"Xaxim (SC)";"Total";"25713"
"4219705";"Xaxim (SC)";"Urbana";"20967"
"4219705";"Xaxim (SC)";"Rural";"4746"
"4219853";"Zortéa (SC)";"Total";"2991"
"4219853";"Zortéa (SC)";"Urbana";"2336"
"4219853";"Zortéa (SC)";"Rural";"655"
"4300034";"Aceguá (RS)";"Total";"4394"
"4300034";"Aceguá (RS)";"Urbana";"1059"
"4300034";"Aceguá (RS)";"Rural";"3335"
"4300059";"Água Santa (RS)";"Total";"3722"
"4300059";"Água Santa (RS)";"Urbana";"1447"
"4300059";"Água Santa (RS)";"Rural";"2275"
"4300109";"Agudo (RS)";"Total";"16722"
"4300109";"Agudo (RS)";"Urbana";"6889"
"4300109";"Agudo (RS)";"Rural";"9833"
"4300208";"Ajuricaba (RS)";"Total";"7255"
"4300208";"Ajuricaba (RS)";"Urbana";"4108"
"4300208";"Ajuricaba (RS)";"Rural";"3147"
"4300307";"Alecrim (RS)";"Total";"7045"
"4300307";"Alecrim (RS)";"Urbana";"2165"
"4300307";"Alecrim (RS)";"Rural";"4880"
"4300406";"Alegrete (RS)";"Total";"77653"
"4300406";"Alegrete (RS)";"Urbana";"69594"
"4300406";"Alegrete (RS)";"Rural";"8059"
"4300455";"Alegria (RS)";"Total";"4301"
"4300455";"Alegria (RS)";"Urbana";"1585"
"4300455";"Alegria (RS)";"Rural";"2716"
"4300471";"Almirante Tamandaré do Sul (RS)";"Total";"2067"
"4300471";"Almirante Tamandaré do Sul (RS)";"Urbana";"839"
"4300471";"Almirante Tamandaré do Sul (RS)";"Rural";"1228"
"4300505";"Alpestre (RS)";"Total";"8027"
"4300505";"Alpestre (RS)";"Urbana";"2211"
"4300505";"Alpestre (RS)";"Rural";"5816"
"4300554";"Alto Alegre (RS)";"Total";"1848"
"4300554";"Alto Alegre (RS)";"Urbana";"743"
"4300554";"Alto Alegre (RS)";"Rural";"1105"
"4300570";"Alto Feliz (RS)";"Total";"2917"
"4300570";"Alto Feliz (RS)";"Urbana";"816"
"4300570";"Alto Feliz (RS)";"Rural";"2101"
"4300604";"Alvorada (RS)";"Total";"195673"
"4300604";"Alvorada (RS)";"Urbana";"195673"
"4300604";"Alvorada (RS)";"Rural";"-"
"4300638";"Amaral Ferrador (RS)";"Total";"6353"
"4300638";"Amaral Ferrador (RS)";"Urbana";"1866"
"4300638";"Amaral Ferrador (RS)";"Rural";"4487"
"4300646";"Ametista do Sul (RS)";"Total";"7323"
"4300646";"Ametista do Sul (RS)";"Urbana";"3811"
"4300646";"Ametista do Sul (RS)";"Rural";"3512"
"4300661";"André da Rocha (RS)";"Total";"1216"
"4300661";"André da Rocha (RS)";"Urbana";"496"
"4300661";"André da Rocha (RS)";"Rural";"720"
"4300703";"Anta Gorda (RS)";"Total";"6073"
"4300703";"Anta Gorda (RS)";"Urbana";"2331"
"4300703";"Anta Gorda (RS)";"Rural";"3742"
"4300802";"Antônio Prado (RS)";"Total";"12833"
"4300802";"Antônio Prado (RS)";"Urbana";"9235"
"4300802";"Antônio Prado (RS)";"Rural";"3598"
"4300851";"Arambaré (RS)";"Total";"3693"
"4300851";"Arambaré (RS)";"Urbana";"2913"
"4300851";"Arambaré (RS)";"Rural";"780"
"4300877";"Araricá (RS)";"Total";"4864"
"4300877";"Araricá (RS)";"Urbana";"3996"
"4300877";"Araricá (RS)";"Rural";"868"
"4300901";"Aratiba (RS)";"Total";"6565"
"4300901";"Aratiba (RS)";"Urbana";"3316"
"4300901";"Aratiba (RS)";"Rural";"3249"
"4301008";"Arroio do Meio (RS)";"Total";"18783"
"4301008";"Arroio do Meio (RS)";"Urbana";"14663"
"4301008";"Arroio do Meio (RS)";"Rural";"4120"
"4301057";"Arroio do Sal (RS)";"Total";"7740"
"4301057";"Arroio do Sal (RS)";"Urbana";"7509"
"4301057";"Arroio do Sal (RS)";"Rural";"231"
"4301073";"Arroio do Padre (RS)";"Total";"2730"
"4301073";"Arroio do Padre (RS)";"Urbana";"454"
"4301073";"Arroio do Padre (RS)";"Rural";"2276"
"4301107";"Arroio dos Ratos (RS)";"Total";"13606"
"4301107";"Arroio dos Ratos (RS)";"Urbana";"12956"
"4301107";"Arroio dos Ratos (RS)";"Rural";"650"
"4301206";"Arroio do Tigre (RS)";"Total";"12648"
"4301206";"Arroio do Tigre (RS)";"Urbana";"5962"
"4301206";"Arroio do Tigre (RS)";"Rural";"6686"
"4301305";"Arroio Grande (RS)";"Total";"18470"
"4301305";"Arroio Grande (RS)";"Urbana";"16085"
"4301305";"Arroio Grande (RS)";"Rural";"2385"
"4301404";"Arvorezinha (RS)";"Total";"10225"
"4301404";"Arvorezinha (RS)";"Urbana";"6273"
"4301404";"Arvorezinha (RS)";"Rural";"3952"
"4301503";"Augusto Pestana (RS)";"Total";"7096"
"4301503";"Augusto Pestana (RS)";"Urbana";"3657"
"4301503";"Augusto Pestana (RS)";"Rural";"3439"
"4301552";"Áurea (RS)";"Total";"3665"
"4301552";"Áurea (RS)";"Urbana";"1537"
"4301552";"Áurea (RS)";"Rural";"2128"
"4301602";"Bagé (RS)";"Total";"116794"
"4301602";"Bagé (RS)";"Urbana";"97765"
"4301602";"Bagé (RS)";"Rural";"19029"
"4301636";"Balneário Pinhal (RS)";"Total";"10856"
"4301636";"Balneário Pinhal (RS)";"Urbana";"10743"
"4301636";"Balneário Pinhal (RS)";"Rural";"113"
"4301651";"Barão (RS)";"Total";"5741"
"4301651";"Barão (RS)";"Urbana";"2970"
"4301651";"Barão (RS)";"Rural";"2771"
"4301701";"Barão de Cotegipe (RS)";"Total";"6529"
"4301701";"Barão de Cotegipe (RS)";"Urbana";"3966"
"4301701";"Barão de Cotegipe (RS)";"Rural";"2563"
"4301750";"Barão do Triunfo (RS)";"Total";"7018"
"4301750";"Barão do Triunfo (RS)";"Urbana";"697"
"4301750";"Barão do Triunfo (RS)";"Rural";"6321"
"4301800";"Barracão (RS)";"Total";"5357"
"4301800";"Barracão (RS)";"Urbana";"3037"
"4301800";"Barracão (RS)";"Rural";"2320"
"4301859";"Barra do Guarita (RS)";"Total";"3089"
"4301859";"Barra do Guarita (RS)";"Urbana";"1371"
"4301859";"Barra do Guarita (RS)";"Rural";"1718"
"4301875";"Barra do Quaraí (RS)";"Total";"4012"
"4301875";"Barra do Quaraí (RS)";"Urbana";"2840"
"4301875";"Barra do Quaraí (RS)";"Rural";"1172"
"4301909";"Barra do Ribeiro (RS)";"Total";"12572"
"4301909";"Barra do Ribeiro (RS)";"Urbana";"9291"
"4301909";"Barra do Ribeiro (RS)";"Rural";"3281"
"4301925";"Barra do Rio Azul (RS)";"Total";"2003"
"4301925";"Barra do Rio Azul (RS)";"Urbana";"403"
"4301925";"Barra do Rio Azul (RS)";"Rural";"1600"
"4301958";"Barra Funda (RS)";"Total";"2367"
"4301958";"Barra Funda (RS)";"Urbana";"1522"
"4301958";"Barra Funda (RS)";"Rural";"845"
"4302006";"Barros Cassal (RS)";"Total";"11133"
"4302006";"Barros Cassal (RS)";"Urbana";"3531"
"4302006";"Barros Cassal (RS)";"Rural";"7602"
"4302055";"Benjamin Constant do Sul (RS)";"Total";"2307"
"4302055";"Benjamin Constant do Sul (RS)";"Urbana";"341"
"4302055";"Benjamin Constant do Sul (RS)";"Rural";"1966"
"4302105";"Bento Gonçalves (RS)";"Total";"107278"
"4302105";"Bento Gonçalves (RS)";"Urbana";"99069"
"4302105";"Bento Gonçalves (RS)";"Rural";"8209"
"4302154";"Boa Vista das Missões (RS)";"Total";"2114"
"4302154";"Boa Vista das Missões (RS)";"Urbana";"886"
"4302154";"Boa Vista das Missões (RS)";"Rural";"1228"
"4302204";"Boa Vista do Buricá (RS)";"Total";"6574"
"4302204";"Boa Vista do Buricá (RS)";"Urbana";"4366"
"4302204";"Boa Vista do Buricá (RS)";"Rural";"2208"
"4302220";"Boa Vista do Cadeado (RS)";"Total";"2441"
"4302220";"Boa Vista do Cadeado (RS)";"Urbana";"472"
"4302220";"Boa Vista do Cadeado (RS)";"Rural";"1969"
"4302238";"Boa Vista do Incra (RS)";"Total";"2425"
"4302238";"Boa Vista do Incra (RS)";"Urbana";"724"
"4302238";"Boa Vista do Incra (RS)";"Rural";"1701"
"4302253";"Boa Vista do Sul (RS)";"Total";"2776"
"4302253";"Boa Vista do Sul (RS)";"Urbana";"391"
"4302253";"Boa Vista do Sul (RS)";"Rural";"2385"
"4302303";"Bom Jesus (RS)";"Total";"11519"
"4302303";"Bom Jesus (RS)";"Urbana";"8593"
"4302303";"Bom Jesus (RS)";"Rural";"2926"
"4302352";"Bom Princípio (RS)";"Total";"11789"
"4302352";"Bom Princípio (RS)";"Urbana";"9198"
"4302352";"Bom Princípio (RS)";"Rural";"2591"
"4302378";"Bom Progresso (RS)";"Total";"2328"
"4302378";"Bom Progresso (RS)";"Urbana";"1146"
"4302378";"Bom Progresso (RS)";"Rural";"1182"
"4302402";"Bom Retiro do Sul (RS)";"Total";"11472"
"4302402";"Bom Retiro do Sul (RS)";"Urbana";"9162"
"4302402";"Bom Retiro do Sul (RS)";"Rural";"2310"
"4302451";"Boqueirão do Leão (RS)";"Total";"7673"
"4302451";"Boqueirão do Leão (RS)";"Urbana";"1672"
"4302451";"Boqueirão do Leão (RS)";"Rural";"6001"
"4302501";"Bossoroca (RS)";"Total";"6884"
"4302501";"Bossoroca (RS)";"Urbana";"3682"
"4302501";"Bossoroca (RS)";"Rural";"3202"
"4302584";"Bozano (RS)";"Total";"2200"
"4302584";"Bozano (RS)";"Urbana";"629"
"4302584";"Bozano (RS)";"Rural";"1571"
"4302600";"Braga (RS)";"Total";"3702"
"4302600";"Braga (RS)";"Urbana";"2282"
"4302600";"Braga (RS)";"Rural";"1420"
"4302659";"Brochier (RS)";"Total";"4675"
"4302659";"Brochier (RS)";"Urbana";"2296"
"4302659";"Brochier (RS)";"Rural";"2379"
"4302709";"Butiá (RS)";"Total";"20406"
"4302709";"Butiá (RS)";"Urbana";"19330"
"4302709";"Butiá (RS)";"Rural";"1076"
"4302808";"Caçapava do Sul (RS)";"Total";"33690"
"4302808";"Caçapava do Sul (RS)";"Urbana";"25410"
"4302808";"Caçapava do Sul (RS)";"Rural";"8280"
"4302907";"Cacequi (RS)";"Total";"13676"
"4302907";"Cacequi (RS)";"Urbana";"11952"
"4302907";"Cacequi (RS)";"Rural";"1724"
"4303004";"Cachoeira do Sul (RS)";"Total";"83827"
"4303004";"Cachoeira do Sul (RS)";"Urbana";"71700"
"4303004";"Cachoeira do Sul (RS)";"Rural";"12127"
"4303103";"Cachoeirinha (RS)";"Total";"118278"
"4303103";"Cachoeirinha (RS)";"Urbana";"118278"
"4303103";"Cachoeirinha (RS)";"Rural";"-"
"4303202";"Cacique Doble (RS)";"Total";"4868"
"4303202";"Cacique Doble (RS)";"Urbana";"1628"
"4303202";"Cacique Doble (RS)";"Rural";"3240"
"4303301";"Caibaté (RS)";"Total";"4954"
"4303301";"Caibaté (RS)";"Urbana";"2745"
"4303301";"Caibaté (RS)";"Rural";"2209"
"4303400";"Caiçara (RS)";"Total";"5071"
"4303400";"Caiçara (RS)";"Urbana";"1594"
"4303400";"Caiçara (RS)";"Rural";"3477"
"4303509";"Camaquã (RS)";"Total";"62764"
"4303509";"Camaquã (RS)";"Urbana";"49356"
"4303509";"Camaquã (RS)";"Rural";"13408"
"4303558";"Camargo (RS)";"Total";"2592"
"4303558";"Camargo (RS)";"Urbana";"1095"
"4303558";"Camargo (RS)";"Rural";"1497"
"4303608";"Cambará do Sul (RS)";"Total";"6542"
"4303608";"Cambará do Sul (RS)";"Urbana";"3041"
"4303608";"Cambará do Sul (RS)";"Rural";"3501"
"4303673";"Campestre da Serra (RS)";"Total";"3247"
"4303673";"Campestre da Serra (RS)";"Urbana";"1231"
"4303673";"Campestre da Serra (RS)";"Rural";"2016"
"4303707";"Campina das Missões (RS)";"Total";"6117"
"4303707";"Campina das Missões (RS)";"Urbana";"2188"
"4303707";"Campina das Missões (RS)";"Rural";"3929"
"4303806";"Campinas do Sul (RS)";"Total";"5506"
"4303806";"Campinas do Sul (RS)";"Urbana";"4217"
"4303806";"Campinas do Sul (RS)";"Rural";"1289"
"4303905";"Campo Bom (RS)";"Total";"60074"
"4303905";"Campo Bom (RS)";"Urbana";"57338"
"4303905";"Campo Bom (RS)";"Rural";"2736"
"4304002";"Campo Novo (RS)";"Total";"5459"
"4304002";"Campo Novo (RS)";"Urbana";"4109"
"4304002";"Campo Novo (RS)";"Rural";"1350"
"4304101";"Campos Borges (RS)";"Total";"3494"
"4304101";"Campos Borges (RS)";"Urbana";"2006"
"4304101";"Campos Borges (RS)";"Rural";"1488"
"4304200";"Candelária (RS)";"Total";"30171"
"4304200";"Candelária (RS)";"Urbana";"15715"
"4304200";"Candelária (RS)";"Rural";"14456"
"4304309";"Cândido Godói (RS)";"Total";"6535"
"4304309";"Cândido Godói (RS)";"Urbana";"1846"
"4304309";"Cândido Godói (RS)";"Rural";"4689"
"4304358";"Candiota (RS)";"Total";"8771"
"4304358";"Candiota (RS)";"Urbana";"2598"
"4304358";"Candiota (RS)";"Rural";"6173"
"4304408";"Canela (RS)";"Total";"39229"
"4304408";"Canela (RS)";"Urbana";"35831"
"4304408";"Canela (RS)";"Rural";"3398"
"4304507";"Canguçu (RS)";"Total";"53259"
"4304507";"Canguçu (RS)";"Urbana";"19694"
"4304507";"Canguçu (RS)";"Rural";"33565"
"4304606";"Canoas (RS)";"Total";"323827"
"4304606";"Canoas (RS)";"Urbana";"323827"
"4304606";"Canoas (RS)";"Rural";"-"
"4304614";"Canudos do Vale (RS)";"Total";"1807"
"4304614";"Canudos do Vale (RS)";"Urbana";"411"
"4304614";"Canudos do Vale (RS)";"Rural";"1396"
"4304622";"Capão Bonito do Sul (RS)";"Total";"1754"
"4304622";"Capão Bonito do Sul (RS)";"Urbana";"499"
"4304622";"Capão Bonito do Sul (RS)";"Rural";"1255"
"4304630";"Capão da Canoa (RS)";"Total";"42040"
"4304630";"Capão da Canoa (RS)";"Urbana";"41787"
"4304630";"Capão da Canoa (RS)";"Rural";"253"
"4304655";"Capão do Cipó (RS)";"Total";"3104"
"4304655";"Capão do Cipó (RS)";"Urbana";"519"
"4304655";"Capão do Cipó (RS)";"Rural";"2585"
"4304663";"Capão do Leão (RS)";"Total";"24298"
"4304663";"Capão do Leão (RS)";"Urbana";"22382"
"4304663";"Capão do Leão (RS)";"Rural";"1916"
"4304671";"Capivari do Sul (RS)";"Total";"3890"
"4304671";"Capivari do Sul (RS)";"Urbana";"3230"
"4304671";"Capivari do Sul (RS)";"Rural";"660"
"4304689";"Capela de Santana (RS)";"Total";"11612"
"4304689";"Capela de Santana (RS)";"Urbana";"6915"
"4304689";"Capela de Santana (RS)";"Rural";"4697"
"4304697";"Capitão (RS)";"Total";"2636"
"4304697";"Capitão (RS)";"Urbana";"1147"
"4304697";"Capitão (RS)";"Rural";"1489"
"4304705";"Carazinho (RS)";"Total";"59317"
"4304705";"Carazinho (RS)";"Urbana";"58253"
"4304705";"Carazinho (RS)";"Rural";"1064"
"4304713";"Caraá (RS)";"Total";"7312"
"4304713";"Caraá (RS)";"Urbana";"1058"
"4304713";"Caraá (RS)";"Rural";"6254"
"4304804";"Carlos Barbosa (RS)";"Total";"25192"
"4304804";"Carlos Barbosa (RS)";"Urbana";"19992"
"4304804";"Carlos Barbosa (RS)";"Rural";"5200"
"4304853";"Carlos Gomes (RS)";"Total";"1607"
"4304853";"Carlos Gomes (RS)";"Urbana";"378"
"4304853";"Carlos Gomes (RS)";"Rural";"1229"
"4304903";"Casca (RS)";"Total";"8651"
"4304903";"Casca (RS)";"Urbana";"5090"
"4304903";"Casca (RS)";"Rural";"3561"
"4304952";"Caseiros (RS)";"Total";"3007"
"4304952";"Caseiros (RS)";"Urbana";"1488"
"4304952";"Caseiros (RS)";"Rural";"1519"
"4305009";"Catuípe (RS)";"Total";"9323"
"4305009";"Catuípe (RS)";"Urbana";"5998"
"4305009";"Catuípe (RS)";"Rural";"3325"
"4305108";"Caxias do Sul (RS)";"Total";"435564"
"4305108";"Caxias do Sul (RS)";"Urbana";"419406"
"4305108";"Caxias do Sul (RS)";"Rural";"16158"
"4305116";"Centenário (RS)";"Total";"2965"
"4305116";"Centenário (RS)";"Urbana";"949"
"4305116";"Centenário (RS)";"Rural";"2016"
"4305124";"Cerrito (RS)";"Total";"6402"
"4305124";"Cerrito (RS)";"Urbana";"3747"
"4305124";"Cerrito (RS)";"Rural";"2655"
"4305132";"Cerro Branco (RS)";"Total";"4454"
"4305132";"Cerro Branco (RS)";"Urbana";"1274"
"4305132";"Cerro Branco (RS)";"Rural";"3180"
"4305157";"Cerro Grande (RS)";"Total";"2417"
"4305157";"Cerro Grande (RS)";"Urbana";"830"
"4305157";"Cerro Grande (RS)";"Rural";"1587"
"4305173";"Cerro Grande do Sul (RS)";"Total";"10268"
"4305173";"Cerro Grande do Sul (RS)";"Urbana";"2484"
"4305173";"Cerro Grande do Sul (RS)";"Rural";"7784"
"4305207";"Cerro Largo (RS)";"Total";"13289"
"4305207";"Cerro Largo (RS)";"Urbana";"10571"
"4305207";"Cerro Largo (RS)";"Rural";"2718"
"4305306";"Chapada (RS)";"Total";"9377"
"4305306";"Chapada (RS)";"Urbana";"5573"
"4305306";"Chapada (RS)";"Rural";"3804"
"4305355";"Charqueadas (RS)";"Total";"35320"
"4305355";"Charqueadas (RS)";"Urbana";"34490"
"4305355";"Charqueadas (RS)";"Rural";"830"
"4305371";"Charrua (RS)";"Total";"3471"
"4305371";"Charrua (RS)";"Urbana";"584"
"4305371";"Charrua (RS)";"Rural";"2887"
"4305405";"Chiapetta (RS)";"Total";"4044"
"4305405";"Chiapetta (RS)";"Urbana";"2470"
"4305405";"Chiapetta (RS)";"Rural";"1574"
"4305439";"Chuí (RS)";"Total";"5917"
"4305439";"Chuí (RS)";"Urbana";"5697"
"4305439";"Chuí (RS)";"Rural";"220"
"4305447";"Chuvisca (RS)";"Total";"4944"
"4305447";"Chuvisca (RS)";"Urbana";"273"
"4305447";"Chuvisca (RS)";"Rural";"4671"
"4305454";"Cidreira (RS)";"Total";"12668"
"4305454";"Cidreira (RS)";"Urbana";"12260"
"4305454";"Cidreira (RS)";"Rural";"408"
"4305504";"Ciríaco (RS)";"Total";"4922"
"4305504";"Ciríaco (RS)";"Urbana";"2494"
"4305504";"Ciríaco (RS)";"Rural";"2428"
"4305587";"Colinas (RS)";"Total";"2420"
"4305587";"Colinas (RS)";"Urbana";"1105"
"4305587";"Colinas (RS)";"Rural";"1315"
"4305603";"Colorado (RS)";"Total";"3550"
"4305603";"Colorado (RS)";"Urbana";"1844"
"4305603";"Colorado (RS)";"Rural";"1706"
"4305702";"Condor (RS)";"Total";"6552"
"4305702";"Condor (RS)";"Urbana";"4034"
"4305702";"Condor (RS)";"Rural";"2518"
"4305801";"Constantina (RS)";"Total";"9752"
"4305801";"Constantina (RS)";"Urbana";"6510"
"4305801";"Constantina (RS)";"Rural";"3242"
"4305835";"Coqueiro Baixo (RS)";"Total";"1528"
"4305835";"Coqueiro Baixo (RS)";"Urbana";"282"
"4305835";"Coqueiro Baixo (RS)";"Rural";"1246"
"4305850";"Coqueiros do Sul (RS)";"Total";"2457"
"4305850";"Coqueiros do Sul (RS)";"Urbana";"904"
"4305850";"Coqueiros do Sul (RS)";"Rural";"1553"
"4305871";"Coronel Barros (RS)";"Total";"2459"
"4305871";"Coronel Barros (RS)";"Urbana";"1093"
"4305871";"Coronel Barros (RS)";"Rural";"1366"
"4305900";"Coronel Bicaco (RS)";"Total";"7748"
"4305900";"Coronel Bicaco (RS)";"Urbana";"5068"
"4305900";"Coronel Bicaco (RS)";"Rural";"2680"
"4305934";"Coronel Pilar (RS)";"Total";"1725"
"4305934";"Coronel Pilar (RS)";"Urbana";"174"
"4305934";"Coronel Pilar (RS)";"Rural";"1551"
"4305959";"Cotiporã (RS)";"Total";"3917"
"4305959";"Cotiporã (RS)";"Urbana";"2048"
"4305959";"Cotiporã (RS)";"Rural";"1869"
"4305975";"Coxilha (RS)";"Total";"2826"
"4305975";"Coxilha (RS)";"Urbana";"1739"
"4305975";"Coxilha (RS)";"Rural";"1087"
"4306007";"Crissiumal (RS)";"Total";"14084"
"4306007";"Crissiumal (RS)";"Urbana";"6124"
"4306007";"Crissiumal (RS)";"Rural";"7960"
"4306056";"Cristal (RS)";"Total";"7280"
"4306056";"Cristal (RS)";"Urbana";"4077"
"4306056";"Cristal (RS)";"Rural";"3203"
"4306072";"Cristal do Sul (RS)";"Total";"2826"
"4306072";"Cristal do Sul (RS)";"Urbana";"931"
"4306072";"Cristal do Sul (RS)";"Rural";"1895"
"4306106";"Cruz Alta (RS)";"Total";"62821"
"4306106";"Cruz Alta (RS)";"Urbana";"60594"
"4306106";"Cruz Alta (RS)";"Rural";"2227"
"4306130";"Cruzaltense (RS)";"Total";"2141"
"4306130";"Cruzaltense (RS)";"Urbana";"489"
"4306130";"Cruzaltense (RS)";"Rural";"1652"
"4306205";"Cruzeiro do Sul (RS)";"Total";"12320"
"4306205";"Cruzeiro do Sul (RS)";"Urbana";"7476"
"4306205";"Cruzeiro do Sul (RS)";"Rural";"4844"
"4306304";"David Canabarro (RS)";"Total";"4683"
"4306304";"David Canabarro (RS)";"Urbana";"1912"
"4306304";"David Canabarro (RS)";"Rural";"2771"
"4306320";"Derrubadas (RS)";"Total";"3190"
"4306320";"Derrubadas (RS)";"Urbana";"901"
"4306320";"Derrubadas (RS)";"Rural";"2289"
"4306353";"Dezesseis de Novembro (RS)";"Total";"2866"
"4306353";"Dezesseis de Novembro (RS)";"Urbana";"667"
"4306353";"Dezesseis de Novembro (RS)";"Rural";"2199"
"4306379";"Dilermando de Aguiar (RS)";"Total";"3064"
"4306379";"Dilermando de Aguiar (RS)";"Urbana";"991"
"4306379";"Dilermando de Aguiar (RS)";"Rural";"2073"
"4306403";"Dois Irmãos (RS)";"Total";"27572"
"4306403";"Dois Irmãos (RS)";"Urbana";"27276"
"4306403";"Dois Irmãos (RS)";"Rural";"296"
"4306429";"Dois Irmãos das Missões (RS)";"Total";"2157"
"4306429";"Dois Irmãos das Missões (RS)";"Urbana";"1094"
"4306429";"Dois Irmãos das Missões (RS)";"Rural";"1063"
"4306452";"Dois Lajeados (RS)";"Total";"3278"
"4306452";"Dois Lajeados (RS)";"Urbana";"1564"
"4306452";"Dois Lajeados (RS)";"Rural";"1714"
"4306502";"Dom Feliciano (RS)";"Total";"14380"
"4306502";"Dom Feliciano (RS)";"Urbana";"3334"
"4306502";"Dom Feliciano (RS)";"Rural";"11046"
"4306551";"Dom Pedro de Alcântara (RS)";"Total";"2550"
"4306551";"Dom Pedro de Alcântara (RS)";"Urbana";"741"
"4306551";"Dom Pedro de Alcântara (RS)";"Rural";"1809"
"4306601";"Dom Pedrito (RS)";"Total";"38898"
"4306601";"Dom Pedrito (RS)";"Urbana";"35255"
"4306601";"Dom Pedrito (RS)";"Rural";"3643"
"4306700";"Dona Francisca (RS)";"Total";"3401"
"4306700";"Dona Francisca (RS)";"Urbana";"2146"
"4306700";"Dona Francisca (RS)";"Rural";"1255"
"4306734";"Doutor Maurício Cardoso (RS)";"Total";"5313"
"4306734";"Doutor Maurício Cardoso (RS)";"Urbana";"2619"
"4306734";"Doutor Maurício Cardoso (RS)";"Rural";"2694"
"4306759";"Doutor Ricardo (RS)";"Total";"2030"
"4306759";"Doutor Ricardo (RS)";"Urbana";"693"
"4306759";"Doutor Ricardo (RS)";"Rural";"1337"
"4306767";"Eldorado do Sul (RS)";"Total";"34343"
"4306767";"Eldorado do Sul (RS)";"Urbana";"30800"
"4306767";"Eldorado do Sul (RS)";"Rural";"3543"
"4306809";"Encantado (RS)";"Total";"20510"
"4306809";"Encantado (RS)";"Urbana";"17879"
"4306809";"Encantado (RS)";"Rural";"2631"
"4306908";"Encruzilhada do Sul (RS)";"Total";"24534"
"4306908";"Encruzilhada do Sul (RS)";"Urbana";"17119"
"4306908";"Encruzilhada do Sul (RS)";"Rural";"7415"
"4306924";"Engenho Velho (RS)";"Total";"1527"
"4306924";"Engenho Velho (RS)";"Urbana";"599"
"4306924";"Engenho Velho (RS)";"Rural";"928"
"4306932";"Entre-Ijuís (RS)";"Total";"8938"
"4306932";"Entre-Ijuís (RS)";"Urbana";"4893"
"4306932";"Entre-Ijuís (RS)";"Rural";"4045"
"4306957";"Entre Rios do Sul (RS)";"Total";"3080"
"4306957";"Entre Rios do Sul (RS)";"Urbana";"2130"
"4306957";"Entre Rios do Sul (RS)";"Rural";"950"
"4306973";"Erebango (RS)";"Total";"2970"
"4306973";"Erebango (RS)";"Urbana";"1958"
"4306973";"Erebango (RS)";"Rural";"1012"
"4307005";"Erechim (RS)";"Total";"96087"
"4307005";"Erechim (RS)";"Urbana";"90552"
"4307005";"Erechim (RS)";"Rural";"5535"
"4307054";"Ernestina (RS)";"Total";"3088"
"4307054";"Ernestina (RS)";"Urbana";"1671"
"4307054";"Ernestina (RS)";"Rural";"1417"
"4307104";"Herval (RS)";"Total";"6753"
"4307104";"Herval (RS)";"Urbana";"4519"
"4307104";"Herval (RS)";"Rural";"2234"
"4307203";"Erval Grande (RS)";"Total";"5163"
"4307203";"Erval Grande (RS)";"Urbana";"2690"
"4307203";"Erval Grande (RS)";"Rural";"2473"
"4307302";"Erval Seco (RS)";"Total";"7878"
"4307302";"Erval Seco (RS)";"Urbana";"3437"
"4307302";"Erval Seco (RS)";"Rural";"4441"
"4307401";"Esmeralda (RS)";"Total";"3168"
"4307401";"Esmeralda (RS)";"Urbana";"2128"
"4307401";"Esmeralda (RS)";"Rural";"1040"
"4307450";"Esperança do Sul (RS)";"Total";"3272"
"4307450";"Esperança do Sul (RS)";"Urbana";"844"
"4307450";"Esperança do Sul (RS)";"Rural";"2428"
"4307500";"Espumoso (RS)";"Total";"15240"
"4307500";"Espumoso (RS)";"Urbana";"11131"
"4307500";"Espumoso (RS)";"Rural";"4109"
"4307559";"Estação (RS)";"Total";"6011"
"4307559";"Estação (RS)";"Urbana";"5119"
"4307559";"Estação (RS)";"Rural";"892"
"4307609";"Estância Velha (RS)";"Total";"42574"
"4307609";"Estância Velha (RS)";"Urbana";"41484"
"4307609";"Estância Velha (RS)";"Rural";"1090"
"4307708";"Esteio (RS)";"Total";"80755"
"4307708";"Esteio (RS)";"Urbana";"80643"
"4307708";"Esteio (RS)";"Rural";"112"
"4307807";"Estrela (RS)";"Total";"30619"
"4307807";"Estrela (RS)";"Urbana";"25913"
"4307807";"Estrela (RS)";"Rural";"4706"
"4307815";"Estrela Velha (RS)";"Total";"3628"
"4307815";"Estrela Velha (RS)";"Urbana";"1167"
"4307815";"Estrela Velha (RS)";"Rural";"2461"
"4307831";"Eugênio de Castro (RS)";"Total";"2798"
"4307831";"Eugênio de Castro (RS)";"Urbana";"1480"
"4307831";"Eugênio de Castro (RS)";"Rural";"1318"
"4307864";"Fagundes Varela (RS)";"Total";"2579"
"4307864";"Fagundes Varela (RS)";"Urbana";"1293"
"4307864";"Fagundes Varela (RS)";"Rural";"1286"
"4307906";"Farroupilha (RS)";"Total";"63635"
"4307906";"Farroupilha (RS)";"Urbana";"55053"
"4307906";"Farroupilha (RS)";"Rural";"8582"
"4308003";"Faxinal do Soturno (RS)";"Total";"6672"
"4308003";"Faxinal do Soturno (RS)";"Urbana";"4175"
"4308003";"Faxinal do Soturno (RS)";"Rural";"2497"
"4308052";"Faxinalzinho (RS)";"Total";"2567"
"4308052";"Faxinalzinho (RS)";"Urbana";"1273"
"4308052";"Faxinalzinho (RS)";"Rural";"1294"
"4308078";"Fazenda Vilanova (RS)";"Total";"3697"
"4308078";"Fazenda Vilanova (RS)";"Urbana";"2013"
"4308078";"Fazenda Vilanova (RS)";"Rural";"1684"
"4308102";"Feliz (RS)";"Total";"12359"
"4308102";"Feliz (RS)";"Urbana";"9416"
"4308102";"Feliz (RS)";"Rural";"2943"
"4308201";"Flores da Cunha (RS)";"Total";"27126"
"4308201";"Flores da Cunha (RS)";"Urbana";"20855"
"4308201";"Flores da Cunha (RS)";"Rural";"6271"
"4308250";"Floriano Peixoto (RS)";"Total";"2018"
"4308250";"Floriano Peixoto (RS)";"Urbana";"292"
"4308250";"Floriano Peixoto (RS)";"Rural";"1726"
"4308300";"Fontoura Xavier (RS)";"Total";"10719"
"4308300";"Fontoura Xavier (RS)";"Urbana";"4100"
"4308300";"Fontoura Xavier (RS)";"Rural";"6619"
"4308409";"Formigueiro (RS)";"Total";"7014"
"4308409";"Formigueiro (RS)";"Urbana";"2769"
"4308409";"Formigueiro (RS)";"Rural";"4245"
"4308433";"Forquetinha (RS)";"Total";"2479"
"4308433";"Forquetinha (RS)";"Urbana";"468"
"4308433";"Forquetinha (RS)";"Rural";"2011"
"4308458";"Fortaleza dos Valos (RS)";"Total";"4575"
"4308458";"Fortaleza dos Valos (RS)";"Urbana";"2993"
"4308458";"Fortaleza dos Valos (RS)";"Rural";"1582"
"4308508";"Frederico Westphalen (RS)";"Total";"28843"
"4308508";"Frederico Westphalen (RS)";"Urbana";"23333"
"4308508";"Frederico Westphalen (RS)";"Rural";"5510"
"4308607";"Garibaldi (RS)";"Total";"30689"
"4308607";"Garibaldi (RS)";"Urbana";"27211"
"4308607";"Garibaldi (RS)";"Rural";"3478"
"4308656";"Garruchos (RS)";"Total";"3234"
"4308656";"Garruchos (RS)";"Urbana";"1057"
"4308656";"Garruchos (RS)";"Rural";"2177"
"4308706";"Gaurama (RS)";"Total";"5862"
"4308706";"Gaurama (RS)";"Urbana";"3388"
"4308706";"Gaurama (RS)";"Rural";"2474"
"4308805";"General Câmara (RS)";"Total";"8447"
"4308805";"General Câmara (RS)";"Urbana";"4966"
"4308805";"General Câmara (RS)";"Rural";"3481"
"4308854";"Gentil (RS)";"Total";"1677"
"4308854";"Gentil (RS)";"Urbana";"723"
"4308854";"Gentil (RS)";"Rural";"954"
"4308904";"Getúlio Vargas (RS)";"Total";"16154"
"4308904";"Getúlio Vargas (RS)";"Urbana";"13862"
"4308904";"Getúlio Vargas (RS)";"Rural";"2292"
"4309001";"Giruá (RS)";"Total";"17075"
"4309001";"Giruá (RS)";"Urbana";"12907"
"4309001";"Giruá (RS)";"Rural";"4168"
"4309050";"Glorinha (RS)";"Total";"6891"
"4309050";"Glorinha (RS)";"Urbana";"2067"
"4309050";"Glorinha (RS)";"Rural";"4824"
"4309100";"Gramado (RS)";"Total";"32273"
"4309100";"Gramado (RS)";"Urbana";"29013"
"4309100";"Gramado (RS)";"Rural";"3260"
"4309126";"Gramado dos Loureiros (RS)";"Total";"2269"
"4309126";"Gramado dos Loureiros (RS)";"Urbana";"526"
"4309126";"Gramado dos Loureiros (RS)";"Rural";"1743"
"4309159";"Gramado Xavier (RS)";"Total";"3970"
"4309159";"Gramado Xavier (RS)";"Urbana";"529"
"4309159";"Gramado Xavier (RS)";"Rural";"3441"
"4309209";"Gravataí (RS)";"Total";"255660"
"4309209";"Gravataí (RS)";"Urbana";"243497"
"4309209";"Gravataí (RS)";"Rural";"12163"
"4309258";"Guabiju (RS)";"Total";"1598"
"4309258";"Guabiju (RS)";"Urbana";"738"
"4309258";"Guabiju (RS)";"Rural";"860"
"4309308";"Guaíba (RS)";"Total";"95204"
"4309308";"Guaíba (RS)";"Urbana";"93064"
"4309308";"Guaíba (RS)";"Rural";"2140"
"4309407";"Guaporé (RS)";"Total";"22814"
"4309407";"Guaporé (RS)";"Urbana";"20820"
"4309407";"Guaporé (RS)";"Rural";"1994"
"4309506";"Guarani das Missões (RS)";"Total";"8115"
"4309506";"Guarani das Missões (RS)";"Urbana";"5030"
"4309506";"Guarani das Missões (RS)";"Rural";"3085"
"4309555";"Harmonia (RS)";"Total";"4254"
"4309555";"Harmonia (RS)";"Urbana";"2456"
"4309555";"Harmonia (RS)";"Rural";"1798"
"4309571";"Herveiras (RS)";"Total";"2954"
"4309571";"Herveiras (RS)";"Urbana";"384"
"4309571";"Herveiras (RS)";"Rural";"2570"
"4309605";"Horizontina (RS)";"Total";"18348"
"4309605";"Horizontina (RS)";"Urbana";"14569"
"4309605";"Horizontina (RS)";"Rural";"3779"
"4309654";"Hulha Negra (RS)";"Total";"6043"
"4309654";"Hulha Negra (RS)";"Urbana";"2909"
"4309654";"Hulha Negra (RS)";"Rural";"3134"
"4309704";"Humaitá (RS)";"Total";"4919"
"4309704";"Humaitá (RS)";"Urbana";"2911"
"4309704";"Humaitá (RS)";"Rural";"2008"
"4309753";"Ibarama (RS)";"Total";"4371"
"4309753";"Ibarama (RS)";"Urbana";"1053"
"4309753";"Ibarama (RS)";"Rural";"3318"
"4309803";"Ibiaçá (RS)";"Total";"4710"
"4309803";"Ibiaçá (RS)";"Urbana";"2849"
"4309803";"Ibiaçá (RS)";"Rural";"1861"
"4309902";"Ibiraiaras (RS)";"Total";"7171"
"4309902";"Ibiraiaras (RS)";"Urbana";"3817"
"4309902";"Ibiraiaras (RS)";"Rural";"3354"
"4309951";"Ibirapuitã (RS)";"Total";"4061"
"4309951";"Ibirapuitã (RS)";"Urbana";"2391"
"4309951";"Ibirapuitã (RS)";"Rural";"1670"
"4310009";"Ibirubá (RS)";"Total";"19310"
"4310009";"Ibirubá (RS)";"Urbana";"15342"
"4310009";"Ibirubá (RS)";"Rural";"3968"
"4310108";"Igrejinha (RS)";"Total";"31660"
"4310108";"Igrejinha (RS)";"Urbana";"30190"
"4310108";"Igrejinha (RS)";"Rural";"1470"
"4310207";"Ijuí (RS)";"Total";"78915"
"4310207";"Ijuí (RS)";"Urbana";"71550"
"4310207";"Ijuí (RS)";"Rural";"7365"
"4310306";"Ilópolis (RS)";"Total";"4102"
"4310306";"Ilópolis (RS)";"Urbana";"2207"
"4310306";"Ilópolis (RS)";"Rural";"1895"
"4310330";"Imbé (RS)";"Total";"17670"
"4310330";"Imbé (RS)";"Urbana";"17661"
"4310330";"Imbé (RS)";"Rural";"9"
"4310363";"Imigrante (RS)";"Total";"3023"
"4310363";"Imigrante (RS)";"Urbana";"1499"
"4310363";"Imigrante (RS)";"Rural";"1524"
"4310405";"Independência (RS)";"Total";"6618"
"4310405";"Independência (RS)";"Urbana";"4157"
"4310405";"Independência (RS)";"Rural";"2461"
"4310413";"Inhacorá (RS)";"Total";"2267"
"4310413";"Inhacorá (RS)";"Urbana";"1346"
"4310413";"Inhacorá (RS)";"Rural";"921"
"4310439";"Ipê (RS)";"Total";"6016"
"4310439";"Ipê (RS)";"Urbana";"2913"
"4310439";"Ipê (RS)";"Rural";"3103"
"4310462";"Ipiranga do Sul (RS)";"Total";"1944"
"4310462";"Ipiranga do Sul (RS)";"Urbana";"679"
"4310462";"Ipiranga do Sul (RS)";"Rural";"1265"
"4310504";"Iraí (RS)";"Total";"8078"
"4310504";"Iraí (RS)";"Urbana";"4457"
"4310504";"Iraí (RS)";"Rural";"3621"
"4310538";"Itaara (RS)";"Total";"5010"
"4310538";"Itaara (RS)";"Urbana";"3968"
"4310538";"Itaara (RS)";"Rural";"1042"
"4310553";"Itacurubi (RS)";"Total";"3441"
"4310553";"Itacurubi (RS)";"Urbana";"1184"
"4310553";"Itacurubi (RS)";"Rural";"2257"
"4310579";"Itapuca (RS)";"Total";"2344"
"4310579";"Itapuca (RS)";"Urbana";"558"
"4310579";"Itapuca (RS)";"Rural";"1786"
"4310603";"Itaqui (RS)";"Total";"38159"
"4310603";"Itaqui (RS)";"Urbana";"33311"
"4310603";"Itaqui (RS)";"Rural";"4848"
"4310652";"Itati (RS)";"Total";"2584"
"4310652";"Itati (RS)";"Urbana";"212"
"4310652";"Itati (RS)";"Rural";"2372"
"4310702";"Itatiba do Sul (RS)";"Total";"4171"
"4310702";"Itatiba do Sul (RS)";"Urbana";"1729"
"4310702";"Itatiba do Sul (RS)";"Rural";"2442"
"4310751";"Ivorá (RS)";"Total";"2156"
"4310751";"Ivorá (RS)";"Urbana";"705"
"4310751";"Ivorá (RS)";"Rural";"1451"
"4310801";"Ivoti (RS)";"Total";"19874"
"4310801";"Ivoti (RS)";"Urbana";"18062"
"4310801";"Ivoti (RS)";"Rural";"1812"
"4310850";"Jaboticaba (RS)";"Total";"4098"
"4310850";"Jaboticaba (RS)";"Urbana";"1487"
"4310850";"Jaboticaba (RS)";"Rural";"2611"
"4310876";"Jacuizinho (RS)";"Total";"2507"
"4310876";"Jacuizinho (RS)";"Urbana";"562"
"4310876";"Jacuizinho (RS)";"Rural";"1945"
"4310900";"Jacutinga (RS)";"Total";"3633"
"4310900";"Jacutinga (RS)";"Urbana";"2573"
"4310900";"Jacutinga (RS)";"Rural";"1060"
"4311007";"Jaguarão (RS)";"Total";"27931"
"4311007";"Jaguarão (RS)";"Urbana";"26105"
"4311007";"Jaguarão (RS)";"Rural";"1826"
"4311106";"Jaguari (RS)";"Total";"11473"
"4311106";"Jaguari (RS)";"Urbana";"6531"
"4311106";"Jaguari (RS)";"Rural";"4942"
"4311122";"Jaquirana (RS)";"Total";"4177"
"4311122";"Jaquirana (RS)";"Urbana";"2430"
"4311122";"Jaquirana (RS)";"Rural";"1747"
"4311130";"Jari (RS)";"Total";"3575"
"4311130";"Jari (RS)";"Urbana";"613"
"4311130";"Jari (RS)";"Rural";"2962"
"4311155";"Jóia (RS)";"Total";"8331"
"4311155";"Jóia (RS)";"Urbana";"2089"
"4311155";"Jóia (RS)";"Rural";"6242"
"4311205";"Júlio de Castilhos (RS)";"Total";"19579"
"4311205";"Júlio de Castilhos (RS)";"Urbana";"16106"
"4311205";"Júlio de Castilhos (RS)";"Rural";"3473"
"4311239";"Lagoa Bonita do Sul (RS)";"Total";"2662"
"4311239";"Lagoa Bonita do Sul (RS)";"Urbana";"384"
"4311239";"Lagoa Bonita do Sul (RS)";"Rural";"2278"
"4311254";"Lagoão (RS)";"Total";"6185"
"4311254";"Lagoão (RS)";"Urbana";"1655"
"4311254";"Lagoão (RS)";"Rural";"4530"
"4311270";"Lagoa dos Três Cantos (RS)";"Total";"1598"
"4311270";"Lagoa dos Três Cantos (RS)";"Urbana";"807"
"4311270";"Lagoa dos Três Cantos (RS)";"Rural";"791"
"4311304";"Lagoa Vermelha (RS)";"Total";"27525"
"4311304";"Lagoa Vermelha (RS)";"Urbana";"24136"
"4311304";"Lagoa Vermelha (RS)";"Rural";"3389"
"4311403";"Lajeado (RS)";"Total";"71445"
"4311403";"Lajeado (RS)";"Urbana";"71180"
"4311403";"Lajeado (RS)";"Rural";"265"
"4311429";"Lajeado do Bugre (RS)";"Total";"2487"
"4311429";"Lajeado do Bugre (RS)";"Urbana";"706"
"4311429";"Lajeado do Bugre (RS)";"Rural";"1781"
"4311502";"Lavras do Sul (RS)";"Total";"7679"
"4311502";"Lavras do Sul (RS)";"Urbana";"4758"
"4311502";"Lavras do Sul (RS)";"Rural";"2921"
"4311601";"Liberato Salzano (RS)";"Total";"5780"
"4311601";"Liberato Salzano (RS)";"Urbana";"1297"
"4311601";"Liberato Salzano (RS)";"Rural";"4483"
"4311627";"Lindolfo Collor (RS)";"Total";"5227"
"4311627";"Lindolfo Collor (RS)";"Urbana";"4287"
"4311627";"Lindolfo Collor (RS)";"Rural";"940"
"4311643";"Linha Nova (RS)";"Total";"1624"
"4311643";"Linha Nova (RS)";"Urbana";"416"
"4311643";"Linha Nova (RS)";"Rural";"1208"
"4311700";"Machadinho (RS)";"Total";"5510"
"4311700";"Machadinho (RS)";"Urbana";"3385"
"4311700";"Machadinho (RS)";"Rural";"2125"
"4311718";"Maçambará (RS)";"Total";"4738"
"4311718";"Maçambará (RS)";"Urbana";"1310"
"4311718";"Maçambará (RS)";"Rural";"3428"
"4311734";"Mampituba (RS)";"Total";"3003"
"4311734";"Mampituba (RS)";"Urbana";"568"
"4311734";"Mampituba (RS)";"Rural";"2435"
"4311759";"Manoel Viana (RS)";"Total";"7072"
"4311759";"Manoel Viana (RS)";"Urbana";"5362"
"4311759";"Manoel Viana (RS)";"Rural";"1710"
"4311775";"Maquiné (RS)";"Total";"6905"
"4311775";"Maquiné (RS)";"Urbana";"2064"
"4311775";"Maquiné (RS)";"Rural";"4841"
"4311791";"Maratá (RS)";"Total";"2527"
"4311791";"Maratá (RS)";"Urbana";"753"
"4311791";"Maratá (RS)";"Rural";"1774"
"4311809";"Marau (RS)";"Total";"36364"
"4311809";"Marau (RS)";"Urbana";"31558"
"4311809";"Marau (RS)";"Rural";"4806"
"4311908";"Marcelino Ramos (RS)";"Total";"5134"
"4311908";"Marcelino Ramos (RS)";"Urbana";"2722"
"4311908";"Marcelino Ramos (RS)";"Rural";"2412"
"4311981";"Mariana Pimentel (RS)";"Total";"3768"
"4311981";"Mariana Pimentel (RS)";"Urbana";"638"
"4311981";"Mariana Pimentel (RS)";"Rural";"3130"
"4312005";"Mariano Moro (RS)";"Total";"2210"
"4312005";"Mariano Moro (RS)";"Urbana";"1153"
"4312005";"Mariano Moro (RS)";"Rural";"1057"
"4312054";"Marques de Souza (RS)";"Total";"4068"
"4312054";"Marques de Souza (RS)";"Urbana";"1545"
"4312054";"Marques de Souza (RS)";"Rural";"2523"
"4312104";"Mata (RS)";"Total";"5111"
"4312104";"Mata (RS)";"Urbana";"2618"
"4312104";"Mata (RS)";"Rural";"2493"
"4312138";"Mato Castelhano (RS)";"Total";"2470"
"4312138";"Mato Castelhano (RS)";"Urbana";"521"
"4312138";"Mato Castelhano (RS)";"Rural";"1949"
"4312153";"Mato Leitão (RS)";"Total";"3865"
"4312153";"Mato Leitão (RS)";"Urbana";"1621"
"4312153";"Mato Leitão (RS)";"Rural";"2244"
"4312179";"Mato Queimado (RS)";"Total";"1799"
"4312179";"Mato Queimado (RS)";"Urbana";"479"
"4312179";"Mato Queimado (RS)";"Rural";"1320"
"4312203";"Maximiliano de Almeida (RS)";"Total";"4911"
"4312203";"Maximiliano de Almeida (RS)";"Urbana";"2974"
"4312203";"Maximiliano de Almeida (RS)";"Rural";"1937"
"4312252";"Minas do Leão (RS)";"Total";"7631"
"4312252";"Minas do Leão (RS)";"Urbana";"7340"
"4312252";"Minas do Leão (RS)";"Rural";"291"
"4312302";"Miraguaí (RS)";"Total";"4855"
"4312302";"Miraguaí (RS)";"Urbana";"2069"
"4312302";"Miraguaí (RS)";"Rural";"2786"
"4312351";"Montauri (RS)";"Total";"1542"
"4312351";"Montauri (RS)";"Urbana";"644"
"4312351";"Montauri (RS)";"Rural";"898"
"4312377";"Monte Alegre dos Campos (RS)";"Total";"3102"
"4312377";"Monte Alegre dos Campos (RS)";"Urbana";"645"
"4312377";"Monte Alegre dos Campos (RS)";"Rural";"2457"
"4312385";"Monte Belo do Sul (RS)";"Total";"2670"
"4312385";"Monte Belo do Sul (RS)";"Urbana";"770"
"4312385";"Monte Belo do Sul (RS)";"Rural";"1900"
"4312401";"Montenegro (RS)";"Total";"59415"
"4312401";"Montenegro (RS)";"Urbana";"53629"
"4312401";"Montenegro (RS)";"Rural";"5786"
"4312427";"Mormaço (RS)";"Total";"2749"
"4312427";"Mormaço (RS)";"Urbana";"600"
"4312427";"Mormaço (RS)";"Rural";"2149"
"4312443";"Morrinhos do Sul (RS)";"Total";"3182"
"4312443";"Morrinhos do Sul (RS)";"Urbana";"1300"
"4312443";"Morrinhos do Sul (RS)";"Rural";"1882"
"4312450";"Morro Redondo (RS)";"Total";"6227"
"4312450";"Morro Redondo (RS)";"Urbana";"2648"
"4312450";"Morro Redondo (RS)";"Rural";"3579"
"4312476";"Morro Reuter (RS)";"Total";"5676"
"4312476";"Morro Reuter (RS)";"Urbana";"4841"
"4312476";"Morro Reuter (RS)";"Rural";"835"
"4312500";"Mostardas (RS)";"Total";"12124"
"4312500";"Mostardas (RS)";"Urbana";"8143"
"4312500";"Mostardas (RS)";"Rural";"3981"
"4312609";"Muçum (RS)";"Total";"4791"
"4312609";"Muçum (RS)";"Urbana";"4044"
"4312609";"Muçum (RS)";"Rural";"747"
"4312617";"Muitos Capões (RS)";"Total";"2988"
"4312617";"Muitos Capões (RS)";"Urbana";"970"
"4312617";"Muitos Capões (RS)";"Rural";"2018"
"4312625";"Muliterno (RS)";"Total";"1813"
"4312625";"Muliterno (RS)";"Urbana";"508"
"4312625";"Muliterno (RS)";"Rural";"1305"
"4312658";"Não-Me-Toque (RS)";"Total";"15936"
"4312658";"Não-Me-Toque (RS)";"Urbana";"13966"
"4312658";"Não-Me-Toque (RS)";"Rural";"1970"
"4312674";"Nicolau Vergueiro (RS)";"Total";"1721"
"4312674";"Nicolau Vergueiro (RS)";"Urbana";"636"
"4312674";"Nicolau Vergueiro (RS)";"Rural";"1085"
"4312708";"Nonoai (RS)";"Total";"12074"
"4312708";"Nonoai (RS)";"Urbana";"9065"
"4312708";"Nonoai (RS)";"Rural";"3009"
"4312757";"Nova Alvorada (RS)";"Total";"3182"
"4312757";"Nova Alvorada (RS)";"Urbana";"1332"
"4312757";"Nova Alvorada (RS)";"Rural";"1850"
"4312807";"Nova Araçá (RS)";"Total";"4001"
"4312807";"Nova Araçá (RS)";"Urbana";"2880"
"4312807";"Nova Araçá (RS)";"Rural";"1121"
"4312906";"Nova Bassano (RS)";"Total";"8840"
"4312906";"Nova Bassano (RS)";"Urbana";"5514"
"4312906";"Nova Bassano (RS)";"Rural";"3326"
"4312955";"Nova Boa Vista (RS)";"Total";"1960"
"4312955";"Nova Boa Vista (RS)";"Urbana";"578"
"4312955";"Nova Boa Vista (RS)";"Rural";"1382"
"4313003";"Nova Bréscia (RS)";"Total";"3184"
"4313003";"Nova Bréscia (RS)";"Urbana";"1511"
"4313003";"Nova Bréscia (RS)";"Rural";"1673"
"4313011";"Nova Candelária (RS)";"Total";"2751"
"4313011";"Nova Candelária (RS)";"Urbana";"709"
"4313011";"Nova Candelária (RS)";"Rural";"2042"
"4313037";"Nova Esperança do Sul (RS)";"Total";"4671"
"4313037";"Nova Esperança do Sul (RS)";"Urbana";"3599"
"4313037";"Nova Esperança do Sul (RS)";"Rural";"1072"
"4313060";"Nova Hartz (RS)";"Total";"18346"
"4313060";"Nova Hartz (RS)";"Urbana";"15269"
"4313060";"Nova Hartz (RS)";"Rural";"3077"
"4313086";"Nova Pádua (RS)";"Total";"2450"
"4313086";"Nova Pádua (RS)";"Urbana";"732"
"4313086";"Nova Pádua (RS)";"Rural";"1718"
"4313102";"Nova Palma (RS)";"Total";"6342"
"4313102";"Nova Palma (RS)";"Urbana";"3083"
"4313102";"Nova Palma (RS)";"Rural";"3259"
"4313201";"Nova Petrópolis (RS)";"Total";"19045"
"4313201";"Nova Petrópolis (RS)";"Urbana";"14134"
"4313201";"Nova Petrópolis (RS)";"Rural";"4911"
"4313300";"Nova Prata (RS)";"Total";"22830"
"4313300";"Nova Prata (RS)";"Urbana";"18659"
"4313300";"Nova Prata (RS)";"Rural";"4171"
"4313334";"Nova Ramada (RS)";"Total";"2437"
"4313334";"Nova Ramada (RS)";"Urbana";"670"
"4313334";"Nova Ramada (RS)";"Rural";"1767"
"4313359";"Nova Roma do Sul (RS)";"Total";"3343"
"4313359";"Nova Roma do Sul (RS)";"Urbana";"1585"
"4313359";"Nova Roma do Sul (RS)";"Rural";"1758"
"4313375";"Nova Santa Rita (RS)";"Total";"22716"
"4313375";"Nova Santa Rita (RS)";"Urbana";"19475"
"4313375";"Nova Santa Rita (RS)";"Rural";"3241"
"4313391";"Novo Cabrais (RS)";"Total";"3855"
"4313391";"Novo Cabrais (RS)";"Urbana";"545"
"4313391";"Novo Cabrais (RS)";"Rural";"3310"
"4313409";"Novo Hamburgo (RS)";"Total";"238940"
"4313409";"Novo Hamburgo (RS)";"Urbana";"234798"
"4313409";"Novo Hamburgo (RS)";"Rural";"4142"
"4313425";"Novo Machado (RS)";"Total";"3925"
"4313425";"Novo Machado (RS)";"Urbana";"1553"
"4313425";"Novo Machado (RS)";"Rural";"2372"
"4313441";"Novo Tiradentes (RS)";"Total";"2277"
"4313441";"Novo Tiradentes (RS)";"Urbana";"654"
"4313441";"Novo Tiradentes (RS)";"Rural";"1623"
"4313466";"Novo Xingu (RS)";"Total";"1757"
"4313466";"Novo Xingu (RS)";"Urbana";"554"
"4313466";"Novo Xingu (RS)";"Rural";"1203"
"4313490";"Novo Barreiro (RS)";"Total";"3978"
"4313490";"Novo Barreiro (RS)";"Urbana";"1306"
"4313490";"Novo Barreiro (RS)";"Rural";"2672"
"4313508";"Osório (RS)";"Total";"40906"
"4313508";"Osório (RS)";"Urbana";"37917"
"4313508";"Osório (RS)";"Rural";"2989"
"4313607";"Paim Filho (RS)";"Total";"4243"
"4313607";"Paim Filho (RS)";"Urbana";"2253"
"4313607";"Paim Filho (RS)";"Rural";"1990"
"4313656";"Palmares do Sul (RS)";"Total";"10969"
"4313656";"Palmares do Sul (RS)";"Urbana";"9803"
"4313656";"Palmares do Sul (RS)";"Rural";"1166"
"4313706";"Palmeira das Missões (RS)";"Total";"34328"
"4313706";"Palmeira das Missões (RS)";"Urbana";"29831"
"4313706";"Palmeira das Missões (RS)";"Rural";"4497"
"4313805";"Palmitinho (RS)";"Total";"6920"
"4313805";"Palmitinho (RS)";"Urbana";"3393"
"4313805";"Palmitinho (RS)";"Rural";"3527"
"4313904";"Panambi (RS)";"Total";"38058"
"4313904";"Panambi (RS)";"Urbana";"34562"
"4313904";"Panambi (RS)";"Rural";"3496"
"4313953";"Pantano Grande (RS)";"Total";"9895"
"4313953";"Pantano Grande (RS)";"Urbana";"8314"
"4313953";"Pantano Grande (RS)";"Rural";"1581"
"4314001";"Paraí (RS)";"Total";"6812"
"4314001";"Paraí (RS)";"Urbana";"3816"
"4314001";"Paraí (RS)";"Rural";"2996"
"4314027";"Paraíso do Sul (RS)";"Total";"7336"
"4314027";"Paraíso do Sul (RS)";"Urbana";"2852"
"4314027";"Paraíso do Sul (RS)";"Rural";"4484"
"4314035";"Pareci Novo (RS)";"Total";"3511"
"4314035";"Pareci Novo (RS)";"Urbana";"981"
"4314035";"Pareci Novo (RS)";"Rural";"2530"
"4314050";"Parobé (RS)";"Total";"51502"
"4314050";"Parobé (RS)";"Urbana";"48633"
"4314050";"Parobé (RS)";"Rural";"2869"
"4314068";"Passa Sete (RS)";"Total";"5154"
"4314068";"Passa Sete (RS)";"Urbana";"555"
"4314068";"Passa Sete (RS)";"Rural";"4599"
"4314076";"Passo do Sobrado (RS)";"Total";"6011"
"4314076";"Passo do Sobrado (RS)";"Urbana";"1429"
"4314076";"Passo do Sobrado (RS)";"Rural";"4582"
"4314100";"Passo Fundo (RS)";"Total";"184826"
"4314100";"Passo Fundo (RS)";"Urbana";"180120"
"4314100";"Passo Fundo (RS)";"Rural";"4706"
"4314134";"Paulo Bento (RS)";"Total";"2196"
"4314134";"Paulo Bento (RS)";"Urbana";"594"
"4314134";"Paulo Bento (RS)";"Rural";"1602"
"4314159";"Paverama (RS)";"Total";"8044"
"4314159";"Paverama (RS)";"Urbana";"4098"
"4314159";"Paverama (RS)";"Rural";"3946"
"4314175";"Pedras Altas (RS)";"Total";"2212"
"4314175";"Pedras Altas (RS)";"Urbana";"768"
"4314175";"Pedras Altas (RS)";"Rural";"1444"
"4314209";"Pedro Osório (RS)";"Total";"7811"
"4314209";"Pedro Osório (RS)";"Urbana";"7301"
"4314209";"Pedro Osório (RS)";"Rural";"510"
"4314308";"Pejuçara (RS)";"Total";"3973"
"4314308";"Pejuçara (RS)";"Urbana";"2672"
"4314308";"Pejuçara (RS)";"Rural";"1301"
"4314407";"Pelotas (RS)";"Total";"328275"
"4314407";"Pelotas (RS)";"Urbana";"306193"
"4314407";"Pelotas (RS)";"Rural";"22082"
"4314423";"Picada Café (RS)";"Total";"5182"
"4314423";"Picada Café (RS)";"Urbana";"4559"
"4314423";"Picada Café (RS)";"Rural";"623"
"4314456";"Pinhal (RS)";"Total";"2513"
"4314456";"Pinhal (RS)";"Urbana";"1290"
"4314456";"Pinhal (RS)";"Rural";"1223"
"4314464";"Pinhal da Serra (RS)";"Total";"2130"
"4314464";"Pinhal da Serra (RS)";"Urbana";"478"
"4314464";"Pinhal da Serra (RS)";"Rural";"1652"
"4314472";"Pinhal Grande (RS)";"Total";"4471"
"4314472";"Pinhal Grande (RS)";"Urbana";"1895"
"4314472";"Pinhal Grande (RS)";"Rural";"2576"
"4314498";"Pinheirinho do Vale (RS)";"Total";"4497"
"4314498";"Pinheirinho do Vale (RS)";"Urbana";"915"
"4314498";"Pinheirinho do Vale (RS)";"Rural";"3582"
"4314506";"Pinheiro Machado (RS)";"Total";"12780"
"4314506";"Pinheiro Machado (RS)";"Urbana";"9784"
"4314506";"Pinheiro Machado (RS)";"Rural";"2996"
"4314555";"Pirapó (RS)";"Total";"2757"
"4314555";"Pirapó (RS)";"Urbana";"777"
"4314555";"Pirapó (RS)";"Rural";"1980"
"4314605";"Piratini (RS)";"Total";"19841"
"4314605";"Piratini (RS)";"Urbana";"11570"
"4314605";"Piratini (RS)";"Rural";"8271"
"4314704";"Planalto (RS)";"Total";"10524"
"4314704";"Planalto (RS)";"Urbana";"5932"
"4314704";"Planalto (RS)";"Rural";"4592"
"4314753";"Poço das Antas (RS)";"Total";"2017"
"4314753";"Poço das Antas (RS)";"Urbana";"861"
"4314753";"Poço das Antas (RS)";"Rural";"1156"
"4314779";"Pontão (RS)";"Total";"3857"
"4314779";"Pontão (RS)";"Urbana";"1559"
"4314779";"Pontão (RS)";"Rural";"2298"
"4314787";"Ponte Preta (RS)";"Total";"1750"
"4314787";"Ponte Preta (RS)";"Urbana";"512"
"4314787";"Ponte Preta (RS)";"Rural";"1238"
"4314803";"Portão (RS)";"Total";"30920"
"4314803";"Portão (RS)";"Urbana";"25276"
"4314803";"Portão (RS)";"Rural";"5644"
"4314902";"Porto Alegre (RS)";"Total";"1409351"
"4314902";"Porto Alegre (RS)";"Urbana";"1409351"
"4314902";"Porto Alegre (RS)";"Rural";"-"
"4315008";"Porto Lucena (RS)";"Total";"5413"
"4315008";"Porto Lucena (RS)";"Urbana";"2331"
"4315008";"Porto Lucena (RS)";"Rural";"3082"
"4315057";"Porto Mauá (RS)";"Total";"2542"
"4315057";"Porto Mauá (RS)";"Urbana";"954"
"4315057";"Porto Mauá (RS)";"Rural";"1588"
"4315073";"Porto Vera Cruz (RS)";"Total";"1852"
"4315073";"Porto Vera Cruz (RS)";"Urbana";"440"
"4315073";"Porto Vera Cruz (RS)";"Rural";"1412"
"4315107";"Porto Xavier (RS)";"Total";"10558"
"4315107";"Porto Xavier (RS)";"Urbana";"5210"
"4315107";"Porto Xavier (RS)";"Rural";"5348"
"4315131";"Pouso Novo (RS)";"Total";"1875"
"4315131";"Pouso Novo (RS)";"Urbana";"632"
"4315131";"Pouso Novo (RS)";"Rural";"1243"
"4315149";"Presidente Lucena (RS)";"Total";"2484"
"4315149";"Presidente Lucena (RS)";"Urbana";"1511"
"4315149";"Presidente Lucena (RS)";"Rural";"973"
"4315156";"Progresso (RS)";"Total";"6163"
"4315156";"Progresso (RS)";"Urbana";"1873"
"4315156";"Progresso (RS)";"Rural";"4290"
"4315172";"Protásio Alves (RS)";"Total";"2000"
"4315172";"Protásio Alves (RS)";"Urbana";"427"
"4315172";"Protásio Alves (RS)";"Rural";"1573"
"4315206";"Putinga (RS)";"Total";"4141"
"4315206";"Putinga (RS)";"Urbana";"1577"
"4315206";"Putinga (RS)";"Rural";"2564"
"4315305";"Quaraí (RS)";"Total";"23021"
"4315305";"Quaraí (RS)";"Urbana";"21310"
"4315305";"Quaraí (RS)";"Rural";"1711"
"4315313";"Quatro Irmãos (RS)";"Total";"1775"
"4315313";"Quatro Irmãos (RS)";"Urbana";"916"
"4315313";"Quatro Irmãos (RS)";"Rural";"859"
"4315321";"Quevedos (RS)";"Total";"2710"
"4315321";"Quevedos (RS)";"Urbana";"852"
"4315321";"Quevedos (RS)";"Rural";"1858"
"4315354";"Quinze de Novembro (RS)";"Total";"3653"
"4315354";"Quinze de Novembro (RS)";"Urbana";"1961"
"4315354";"Quinze de Novembro (RS)";"Rural";"1692"
"4315404";"Redentora (RS)";"Total";"10222"
"4315404";"Redentora (RS)";"Urbana";"3002"
"4315404";"Redentora (RS)";"Rural";"7220"
"4315453";"Relvado (RS)";"Total";"2155"
"4315453";"Relvado (RS)";"Urbana";"734"
"4315453";"Relvado (RS)";"Rural";"1421"
"4315503";"Restinga Sêca (RS)";"Total";"15849"
"4315503";"Restinga Sêca (RS)";"Urbana";"8982"
"4315503";"Restinga Sêca (RS)";"Rural";"6867"
"4315552";"Rio dos Índios (RS)";"Total";"3616"
"4315552";"Rio dos Índios (RS)";"Urbana";"755"
"4315552";"Rio dos Índios (RS)";"Rural";"2861"
"4315602";"Rio Grande (RS)";"Total";"197228"
"4315602";"Rio Grande (RS)";"Urbana";"189429"
"4315602";"Rio Grande (RS)";"Rural";"7799"
"4315701";"Rio Pardo (RS)";"Total";"37591"
"4315701";"Rio Pardo (RS)";"Urbana";"25614"
"4315701";"Rio Pardo (RS)";"Rural";"11977"
"4315750";"Riozinho (RS)";"Total";"4330"
"4315750";"Riozinho (RS)";"Urbana";"2748"
"4315750";"Riozinho (RS)";"Rural";"1582"
"4315800";"Roca Sales (RS)";"Total";"10284"
"4315800";"Roca Sales (RS)";"Urbana";"6600"
"4315800";"Roca Sales (RS)";"Rural";"3684"
"4315909";"Rodeio Bonito (RS)";"Total";"5743"
"4315909";"Rodeio Bonito (RS)";"Urbana";"4310"
"4315909";"Rodeio Bonito (RS)";"Rural";"1433"
"4315958";"Rolador (RS)";"Total";"2546"
"4315958";"Rolador (RS)";"Urbana";"608"
"4315958";"Rolador (RS)";"Rural";"1938"
"4316006";"Rolante (RS)";"Total";"19485"
"4316006";"Rolante (RS)";"Urbana";"15310"
"4316006";"Rolante (RS)";"Rural";"4175"
"4316105";"Ronda Alta (RS)";"Total";"10221"
"4316105";"Ronda Alta (RS)";"Urbana";"6867"
"4316105";"Ronda Alta (RS)";"Rural";"3354"
"4316204";"Rondinha (RS)";"Total";"5518"
"4316204";"Rondinha (RS)";"Urbana";"2317"
"4316204";"Rondinha (RS)";"Rural";"3201"
"4316303";"Roque Gonzales (RS)";"Total";"7203"
"4316303";"Roque Gonzales (RS)";"Urbana";"3087"
"4316303";"Roque Gonzales (RS)";"Rural";"4116"
"4316402";"Rosário do Sul (RS)";"Total";"39707"
"4316402";"Rosário do Sul (RS)";"Urbana";"34931"
"4316402";"Rosário do Sul (RS)";"Rural";"4776"
"4316428";"Sagrada Família (RS)";"Total";"2595"
"4316428";"Sagrada Família (RS)";"Urbana";"785"
"4316428";"Sagrada Família (RS)";"Rural";"1810"
"4316436";"Saldanha Marinho (RS)";"Total";"2869"
"4316436";"Saldanha Marinho (RS)";"Urbana";"1927"
"4316436";"Saldanha Marinho (RS)";"Rural";"942"
"4316451";"Salto do Jacuí (RS)";"Total";"11880"
"4316451";"Salto do Jacuí (RS)";"Urbana";"10208"
"4316451";"Salto do Jacuí (RS)";"Rural";"1672"
"4316477";"Salvador das Missões (RS)";"Total";"2669"
"4316477";"Salvador das Missões (RS)";"Urbana";"1094"
"4316477";"Salvador das Missões (RS)";"Rural";"1575"
"4316501";"Salvador do Sul (RS)";"Total";"6747"
"4316501";"Salvador do Sul (RS)";"Urbana";"4009"
"4316501";"Salvador do Sul (RS)";"Rural";"2738"
"4316600";"Sananduva (RS)";"Total";"15373"
"4316600";"Sananduva (RS)";"Urbana";"10697"
"4316600";"Sananduva (RS)";"Rural";"4676"
"4316709";"Santa Bárbara do Sul (RS)";"Total";"8829"
"4316709";"Santa Bárbara do Sul (RS)";"Urbana";"6985"
"4316709";"Santa Bárbara do Sul (RS)";"Rural";"1844"
"4316733";"Santa Cecília do Sul (RS)";"Total";"1655"
"4316733";"Santa Cecília do Sul (RS)";"Urbana";"480"
"4316733";"Santa Cecília do Sul (RS)";"Rural";"1175"
"4316758";"Santa Clara do Sul (RS)";"Total";"5697"
"4316758";"Santa Clara do Sul (RS)";"Urbana";"2855"
"4316758";"Santa Clara do Sul (RS)";"Rural";"2842"
"4316808";"Santa Cruz do Sul (RS)";"Total";"118374"
"4316808";"Santa Cruz do Sul (RS)";"Urbana";"105190"
"4316808";"Santa Cruz do Sul (RS)";"Rural";"13184"
"4316907";"Santa Maria (RS)";"Total";"261031"
"4316907";"Santa Maria (RS)";"Urbana";"248347"
"4316907";"Santa Maria (RS)";"Rural";"12684"
"4316956";"Santa Maria do Herval (RS)";"Total";"6053"
"4316956";"Santa Maria do Herval (RS)";"Urbana";"4362"
"4316956";"Santa Maria do Herval (RS)";"Rural";"1691"
"4316972";"Santa Margarida do Sul (RS)";"Total";"2352"
"4316972";"Santa Margarida do Sul (RS)";"Urbana";"552"
"4316972";"Santa Margarida do Sul (RS)";"Rural";"1800"
"4317004";"Santana da Boa Vista (RS)";"Total";"8242"
"4317004";"Santana da Boa Vista (RS)";"Urbana";"3723"
"4317004";"Santana da Boa Vista (RS)";"Rural";"4519"
"4317103";"Sant'Ana do Livramento (RS)";"Total";"82464"
"4317103";"Sant'Ana do Livramento (RS)";"Urbana";"74410"
"4317103";"Sant'Ana do Livramento (RS)";"Rural";"8054"
"4317202";"Santa Rosa (RS)";"Total";"68587"
"4317202";"Santa Rosa (RS)";"Urbana";"60366"
"4317202";"Santa Rosa (RS)";"Rural";"8221"
"4317251";"Santa Tereza (RS)";"Total";"1720"
"4317251";"Santa Tereza (RS)";"Urbana";"627"
"4317251";"Santa Tereza (RS)";"Rural";"1093"
"4317301";"Santa Vitória do Palmar (RS)";"Total";"30990"
"4317301";"Santa Vitória do Palmar (RS)";"Urbana";"26890"
"4317301";"Santa Vitória do Palmar (RS)";"Rural";"4100"
"4317400";"Santiago (RS)";"Total";"49071"
"4317400";"Santiago (RS)";"Urbana";"44735"
"4317400";"Santiago (RS)";"Rural";"4336"
"4317509";"Santo Ângelo (RS)";"Total";"76275"
"4317509";"Santo Ângelo (RS)";"Urbana";"71804"
"4317509";"Santo Ângelo (RS)";"Rural";"4471"
"4317558";"Santo Antônio do Palma (RS)";"Total";"2139"
"4317558";"Santo Antônio do Palma (RS)";"Urbana";"681"
"4317558";"Santo Antônio do Palma (RS)";"Rural";"1458"
"4317608";"Santo Antônio da Patrulha (RS)";"Total";"39685"
"4317608";"Santo Antônio da Patrulha (RS)";"Urbana";"28114"
"4317608";"Santo Antônio da Patrulha (RS)";"Rural";"11571"
"4317707";"Santo Antônio das Missões (RS)";"Total";"11210"
"4317707";"Santo Antônio das Missões (RS)";"Urbana";"6788"
"4317707";"Santo Antônio das Missões (RS)";"Rural";"4422"
"4317756";"Santo Antônio do Planalto (RS)";"Total";"1987"
"4317756";"Santo Antônio do Planalto (RS)";"Urbana";"1233"
"4317756";"Santo Antônio do Planalto (RS)";"Rural";"754"
"4317806";"Santo Augusto (RS)";"Total";"13968"
"4317806";"Santo Augusto (RS)";"Urbana";"11380"
"4317806";"Santo Augusto (RS)";"Rural";"2588"
"4317905";"Santo Cristo (RS)";"Total";"14378"
"4317905";"Santo Cristo (RS)";"Urbana";"7781"
"4317905";"Santo Cristo (RS)";"Rural";"6597"
"4317954";"Santo Expedito do Sul (RS)";"Total";"2461"
"4317954";"Santo Expedito do Sul (RS)";"Urbana";"872"
"4317954";"Santo Expedito do Sul (RS)";"Rural";"1589"
"4318002";"São Borja (RS)";"Total";"61671"
"4318002";"São Borja (RS)";"Urbana";"55138"
"4318002";"São Borja (RS)";"Rural";"6533"
"4318051";"São Domingos do Sul (RS)";"Total";"2926"
"4318051";"São Domingos do Sul (RS)";"Urbana";"1748"
"4318051";"São Domingos do Sul (RS)";"Rural";"1178"
"4318101";"São Francisco de Assis (RS)";"Total";"19254"
"4318101";"São Francisco de Assis (RS)";"Urbana";"13495"
"4318101";"São Francisco de Assis (RS)";"Rural";"5759"
"4318200";"São Francisco de Paula (RS)";"Total";"20537"
"4318200";"São Francisco de Paula (RS)";"Urbana";"13004"
"4318200";"São Francisco de Paula (RS)";"Rural";"7533"
"4318309";"São Gabriel (RS)";"Total";"60425"
"4318309";"São Gabriel (RS)";"Urbana";"53775"
"4318309";"São Gabriel (RS)";"Rural";"6650"
"4318408";"São Jerônimo (RS)";"Total";"22134"
"4318408";"São Jerônimo (RS)";"Urbana";"17055"
"4318408";"São Jerônimo (RS)";"Rural";"5079"
"4318424";"São João da Urtiga (RS)";"Total";"4726"
"4318424";"São João da Urtiga (RS)";"Urbana";"2291"
"4318424";"São João da Urtiga (RS)";"Rural";"2435"
"4318432";"São João do Polêsine (RS)";"Total";"2635"
"4318432";"São João do Polêsine (RS)";"Urbana";"1354"
"4318432";"São João do Polêsine (RS)";"Rural";"1281"
"4318440";"São Jorge (RS)";"Total";"2774"
"4318440";"São Jorge (RS)";"Urbana";"1451"
"4318440";"São Jorge (RS)";"Rural";"1323"
"4318457";"São José das Missões (RS)";"Total";"2720"
"4318457";"São José das Missões (RS)";"Urbana";"828"
"4318457";"São José das Missões (RS)";"Rural";"1892"
"4318465";"São José do Herval (RS)";"Total";"2204"
"4318465";"São José do Herval (RS)";"Urbana";"867"
"4318465";"São José do Herval (RS)";"Rural";"1337"
"4318481";"São José do Hortêncio (RS)";"Total";"4094"
"4318481";"São José do Hortêncio (RS)";"Urbana";"2645"
"4318481";"São José do Hortêncio (RS)";"Rural";"1449"
"4318499";"São José do Inhacorá (RS)";"Total";"2200"
"4318499";"São José do Inhacorá (RS)";"Urbana";"832"
"4318499";"São José do Inhacorá (RS)";"Rural";"1368"
"4318507";"São José do Norte (RS)";"Total";"25503"
"4318507";"São José do Norte (RS)";"Urbana";"17383"
"4318507";"São José do Norte (RS)";"Rural";"8120"
"4318606";"São José do Ouro (RS)";"Total";"6904"
"4318606";"São José do Ouro (RS)";"Urbana";"4423"
"4318606";"São José do Ouro (RS)";"Rural";"2481"
"4318614";"São José do Sul (RS)";"Total";"2082"
"4318614";"São José do Sul (RS)";"Urbana";"720"
"4318614";"São José do Sul (RS)";"Rural";"1362"
"4318622";"São José dos Ausentes (RS)";"Total";"3290"
"4318622";"São José dos Ausentes (RS)";"Urbana";"2062"
"4318622";"São José dos Ausentes (RS)";"Rural";"1228"
"4318705";"São Leopoldo (RS)";"Total";"214087"
"4318705";"São Leopoldo (RS)";"Urbana";"213238"
"4318705";"São Leopoldo (RS)";"Rural";"849"
"4318804";"São Lourenço do Sul (RS)";"Total";"43111"
"4318804";"São Lourenço do Sul (RS)";"Urbana";"24237"
"4318804";"São Lourenço do Sul (RS)";"Rural";"18874"
"4318903";"São Luiz Gonzaga (RS)";"Total";"34556"
"4318903";"São Luiz Gonzaga (RS)";"Urbana";"30508"
"4318903";"São Luiz Gonzaga (RS)";"Rural";"4048"
"4319000";"São Marcos (RS)";"Total";"20103"
"4319000";"São Marcos (RS)";"Urbana";"17598"
"4319000";"São Marcos (RS)";"Rural";"2505"
"4319109";"São Martinho (RS)";"Total";"5773"
"4319109";"São Martinho (RS)";"Urbana";"3441"
"4319109";"São Martinho (RS)";"Rural";"2332"
"4319125";"São Martinho da Serra (RS)";"Total";"3201"
"4319125";"São Martinho da Serra (RS)";"Urbana";"942"
"4319125";"São Martinho da Serra (RS)";"Rural";"2259"
"4319158";"São Miguel das Missões (RS)";"Total";"7421"
"4319158";"São Miguel das Missões (RS)";"Urbana";"3727"
"4319158";"São Miguel das Missões (RS)";"Rural";"3694"
"4319208";"São Nicolau (RS)";"Total";"5727"
"4319208";"São Nicolau (RS)";"Urbana";"3692"
"4319208";"São Nicolau (RS)";"Rural";"2035"
"4319307";"São Paulo das Missões (RS)";"Total";"6364"
"4319307";"São Paulo das Missões (RS)";"Urbana";"2199"
"4319307";"São Paulo das Missões (RS)";"Rural";"4165"
"4319356";"São Pedro da Serra (RS)";"Total";"3315"
"4319356";"São Pedro da Serra (RS)";"Urbana";"1429"
"4319356";"São Pedro da Serra (RS)";"Rural";"1886"
"4319364";"São Pedro das Missões (RS)";"Total";"1886"
"4319364";"São Pedro das Missões (RS)";"Urbana";"532"
"4319364";"São Pedro das Missões (RS)";"Rural";"1354"
"4319372";"São Pedro do Butiá (RS)";"Total";"2873"
"4319372";"São Pedro do Butiá (RS)";"Urbana";"1209"
"4319372";"São Pedro do Butiá (RS)";"Rural";"1664"
"4319406";"São Pedro do Sul (RS)";"Total";"16368"
"4319406";"São Pedro do Sul (RS)";"Urbana";"11929"
"4319406";"São Pedro do Sul (RS)";"Rural";"4439"
"4319505";"São Sebastião do Caí (RS)";"Total";"21932"
"4319505";"São Sebastião do Caí (RS)";"Urbana";"17608"
"4319505";"São Sebastião do Caí (RS)";"Rural";"4324"
"4319604";"São Sepé (RS)";"Total";"23798"
"4319604";"São Sepé (RS)";"Urbana";"18821"
"4319604";"São Sepé (RS)";"Rural";"4977"
"4319703";"São Valentim (RS)";"Total";"3632"
"4319703";"São Valentim (RS)";"Urbana";"1744"
"4319703";"São Valentim (RS)";"Rural";"1888"
"4319711";"São Valentim do Sul (RS)";"Total";"2168"
"4319711";"São Valentim do Sul (RS)";"Urbana";"746"
"4319711";"São Valentim do Sul (RS)";"Rural";"1422"
"4319737";"São Valério do Sul (RS)";"Total";"2647"
"4319737";"São Valério do Sul (RS)";"Urbana";"510"
"4319737";"São Valério do Sul (RS)";"Rural";"2137"
"4319752";"São Vendelino (RS)";"Total";"1944"
"4319752";"São Vendelino (RS)";"Urbana";"1353"
"4319752";"São Vendelino (RS)";"Rural";"591"
"4319802";"São Vicente do Sul (RS)";"Total";"8440"
"4319802";"São Vicente do Sul (RS)";"Urbana";"5881"
"4319802";"São Vicente do Sul (RS)";"Rural";"2559"
"4319901";"Sapiranga (RS)";"Total";"74985"
"4319901";"Sapiranga (RS)";"Urbana";"72286"
"4319901";"Sapiranga (RS)";"Rural";"2699"
"4320008";"Sapucaia do Sul (RS)";"Total";"130957"
"4320008";"Sapucaia do Sul (RS)";"Urbana";"130469"
"4320008";"Sapucaia do Sul (RS)";"Rural";"488"
"4320107";"Sarandi (RS)";"Total";"21285"
"4320107";"Sarandi (RS)";"Urbana";"17940"
"4320107";"Sarandi (RS)";"Rural";"3345"
"4320206";"Seberi (RS)";"Total";"10897"
"4320206";"Seberi (RS)";"Urbana";"5923"
"4320206";"Seberi (RS)";"Rural";"4974"
"4320230";"Sede Nova (RS)";"Total";"3011"
"4320230";"Sede Nova (RS)";"Urbana";"1581"
"4320230";"Sede Nova (RS)";"Rural";"1430"
"4320263";"Segredo (RS)";"Total";"7158"
"4320263";"Segredo (RS)";"Urbana";"1807"
"4320263";"Segredo (RS)";"Rural";"5351"
"4320305";"Selbach (RS)";"Total";"4929"
"4320305";"Selbach (RS)";"Urbana";"3450"
"4320305";"Selbach (RS)";"Rural";"1479"
"4320321";"Senador Salgado Filho (RS)";"Total";"2814"
"4320321";"Senador Salgado Filho (RS)";"Urbana";"880"
"4320321";"Senador Salgado Filho (RS)";"Rural";"1934"
"4320354";"Sentinela do Sul (RS)";"Total";"5198"
"4320354";"Sentinela do Sul (RS)";"Urbana";"1282"
"4320354";"Sentinela do Sul (RS)";"Rural";"3916"
"4320404";"Serafina Corrêa (RS)";"Total";"14253"
"4320404";"Serafina Corrêa (RS)";"Urbana";"12054"
"4320404";"Serafina Corrêa (RS)";"Rural";"2199"
"4320453";"Sério (RS)";"Total";"2281"
"4320453";"Sério (RS)";"Urbana";"530"
"4320453";"Sério (RS)";"Rural";"1751"
"4320503";"Sertão (RS)";"Total";"6294"
"4320503";"Sertão (RS)";"Urbana";"3387"
"4320503";"Sertão (RS)";"Rural";"2907"
"4320552";"Sertão Santana (RS)";"Total";"5850"
"4320552";"Sertão Santana (RS)";"Urbana";"1278"
"4320552";"Sertão Santana (RS)";"Rural";"4572"
"4320578";"Sete de Setembro (RS)";"Total";"2124"
"4320578";"Sete de Setembro (RS)";"Urbana";"494"
"4320578";"Sete de Setembro (RS)";"Rural";"1630"
"4320602";"Severiano de Almeida (RS)";"Total";"3842"
"4320602";"Severiano de Almeida (RS)";"Urbana";"1399"
"4320602";"Severiano de Almeida (RS)";"Rural";"2443"
"4320651";"Silveira Martins (RS)";"Total";"2449"
"4320651";"Silveira Martins (RS)";"Urbana";"1091"
"4320651";"Silveira Martins (RS)";"Rural";"1358"
"4320677";"Sinimbu (RS)";"Total";"10068"
"4320677";"Sinimbu (RS)";"Urbana";"1437"
"4320677";"Sinimbu (RS)";"Rural";"8631"
"4320701";"Sobradinho (RS)";"Total";"14283"
"4320701";"Sobradinho (RS)";"Urbana";"11347"
"4320701";"Sobradinho (RS)";"Rural";"2936"
"4320800";"Soledade (RS)";"Total";"30044"
"4320800";"Soledade (RS)";"Urbana";"24032"
"4320800";"Soledade (RS)";"Rural";"6012"
"4320859";"Tabaí (RS)";"Total";"4131"
"4320859";"Tabaí (RS)";"Urbana";"1246"
"4320859";"Tabaí (RS)";"Rural";"2885"
"4320909";"Tapejara (RS)";"Total";"19250"
"4320909";"Tapejara (RS)";"Urbana";"17080"
"4320909";"Tapejara (RS)";"Rural";"2170"
"4321006";"Tapera (RS)";"Total";"10448"
"4321006";"Tapera (RS)";"Urbana";"8820"
"4321006";"Tapera (RS)";"Rural";"1628"
"4321105";"Tapes (RS)";"Total";"16629"
"4321105";"Tapes (RS)";"Urbana";"14478"
"4321105";"Tapes (RS)";"Rural";"2151"
"4321204";"Taquara (RS)";"Total";"54643"
"4321204";"Taquara (RS)";"Urbana";"45266"
"4321204";"Taquara (RS)";"Rural";"9377"
"4321303";"Taquari (RS)";"Total";"26092"
"4321303";"Taquari (RS)";"Urbana";"21875"
"4321303";"Taquari (RS)";"Rural";"4217"
"4321329";"Taquaruçu do Sul (RS)";"Total";"2966"
"4321329";"Taquaruçu do Sul (RS)";"Urbana";"1164"
"4321329";"Taquaruçu do Sul (RS)";"Rural";"1802"
"4321352";"Tavares (RS)";"Total";"5351"
"4321352";"Tavares (RS)";"Urbana";"3299"
"4321352";"Tavares (RS)";"Rural";"2052"
"4321402";"Tenente Portela (RS)";"Total";"13719"
"4321402";"Tenente Portela (RS)";"Urbana";"8847"
"4321402";"Tenente Portela (RS)";"Rural";"4872"
"4321436";"Terra de Areia (RS)";"Total";"9878"
"4321436";"Terra de Areia (RS)";"Urbana";"5195"
"4321436";"Terra de Areia (RS)";"Rural";"4683"
"4321451";"Teutônia (RS)";"Total";"27272"
"4321451";"Teutônia (RS)";"Urbana";"23322"
"4321451";"Teutônia (RS)";"Rural";"3950"
"4321469";"Tio Hugo (RS)";"Total";"2724"
"4321469";"Tio Hugo (RS)";"Urbana";"1164"
"4321469";"Tio Hugo (RS)";"Rural";"1560"
"4321477";"Tiradentes do Sul (RS)";"Total";"6461"
"4321477";"Tiradentes do Sul (RS)";"Urbana";"2098"
"4321477";"Tiradentes do Sul (RS)";"Rural";"4363"
"4321493";"Toropi (RS)";"Total";"2952"
"4321493";"Toropi (RS)";"Urbana";"611"
"4321493";"Toropi (RS)";"Rural";"2341"
"4321501";"Torres (RS)";"Total";"34656"
"4321501";"Torres (RS)";"Urbana";"33340"
"4321501";"Torres (RS)";"Rural";"1316"
"4321600";"Tramandaí (RS)";"Total";"41585"
"4321600";"Tramandaí (RS)";"Urbana";"40577"
"4321600";"Tramandaí (RS)";"Rural";"1008"
"4321626";"Travesseiro (RS)";"Total";"2314"
"4321626";"Travesseiro (RS)";"Urbana";"887"
"4321626";"Travesseiro (RS)";"Rural";"1427"
"4321634";"Três Arroios (RS)";"Total";"2855"
"4321634";"Três Arroios (RS)";"Urbana";"1027"
"4321634";"Três Arroios (RS)";"Rural";"1828"
"4321667";"Três Cachoeiras (RS)";"Total";"10217"
"4321667";"Três Cachoeiras (RS)";"Urbana";"7501"
"4321667";"Três Cachoeiras (RS)";"Rural";"2716"
"4321709";"Três Coroas (RS)";"Total";"23848"
"4321709";"Três Coroas (RS)";"Urbana";"20546"
"4321709";"Três Coroas (RS)";"Rural";"3302"
"4321808";"Três de Maio (RS)";"Total";"23726"
"4321808";"Três de Maio (RS)";"Urbana";"18962"
"4321808";"Três de Maio (RS)";"Rural";"4764"
"4321832";"Três Forquilhas (RS)";"Total";"2914"
"4321832";"Três Forquilhas (RS)";"Urbana";"385"
"4321832";"Três Forquilhas (RS)";"Rural";"2529"
"4321857";"Três Palmeiras (RS)";"Total";"4381"
"4321857";"Três Palmeiras (RS)";"Urbana";"2090"
"4321857";"Três Palmeiras (RS)";"Rural";"2291"
"4321907";"Três Passos (RS)";"Total";"23965"
"4321907";"Três Passos (RS)";"Urbana";"19054"
"4321907";"Três Passos (RS)";"Rural";"4911"
"4321956";"Trindade do Sul (RS)";"Total";"5787"
"4321956";"Trindade do Sul (RS)";"Urbana";"2899"
"4321956";"Trindade do Sul (RS)";"Rural";"2888"
"4322004";"Triunfo (RS)";"Total";"25793"
"4322004";"Triunfo (RS)";"Urbana";"16857"
"4322004";"Triunfo (RS)";"Rural";"8936"
"4322103";"Tucunduva (RS)";"Total";"5898"
"4322103";"Tucunduva (RS)";"Urbana";"4035"
"4322103";"Tucunduva (RS)";"Rural";"1863"
"4322152";"Tunas (RS)";"Total";"4395"
"4322152";"Tunas (RS)";"Urbana";"1375"
"4322152";"Tunas (RS)";"Rural";"3020"
"4322186";"Tupanci do Sul (RS)";"Total";"1573"
"4322186";"Tupanci do Sul (RS)";"Urbana";"473"
"4322186";"Tupanci do Sul (RS)";"Rural";"1100"
"4322202";"Tupanciretã (RS)";"Total";"22281"
"4322202";"Tupanciretã (RS)";"Urbana";"18020"
"4322202";"Tupanciretã (RS)";"Rural";"4261"
"4322251";"Tupandi (RS)";"Total";"3924"
"4322251";"Tupandi (RS)";"Urbana";"2721"
"4322251";"Tupandi (RS)";"Rural";"1203"
"4322301";"Tuparendi (RS)";"Total";"8557"
"4322301";"Tuparendi (RS)";"Urbana";"5294"
"4322301";"Tuparendi (RS)";"Rural";"3263"
"4322327";"Turuçu (RS)";"Total";"3522"
"4322327";"Turuçu (RS)";"Urbana";"1487"
"4322327";"Turuçu (RS)";"Rural";"2035"
"4322343";"Ubiretama (RS)";"Total";"2296"
"4322343";"Ubiretama (RS)";"Urbana";"500"
"4322343";"Ubiretama (RS)";"Rural";"1796"
"4322350";"União da Serra (RS)";"Total";"1487"
"4322350";"União da Serra (RS)";"Urbana";"280"
"4322350";"União da Serra (RS)";"Rural";"1207"
"4322376";"Unistalda (RS)";"Total";"2450"
"4322376";"Unistalda (RS)";"Urbana";"913"
"4322376";"Unistalda (RS)";"Rural";"1537"
"4322400";"Uruguaiana (RS)";"Total";"125435"
"4322400";"Uruguaiana (RS)";"Urbana";"117415"
"4322400";"Uruguaiana (RS)";"Rural";"8020"
"4322509";"Vacaria (RS)";"Total";"61342"
"4322509";"Vacaria (RS)";"Urbana";"57339"
"4322509";"Vacaria (RS)";"Rural";"4003"
"4322525";"Vale Verde (RS)";"Total";"3253"
"4322525";"Vale Verde (RS)";"Urbana";"882"
"4322525";"Vale Verde (RS)";"Rural";"2371"
"4322533";"Vale do Sol (RS)";"Total";"11077"
"4322533";"Vale do Sol (RS)";"Urbana";"1249"
"4322533";"Vale do Sol (RS)";"Rural";"9828"
"4322541";"Vale Real (RS)";"Total";"5118"
"4322541";"Vale Real (RS)";"Urbana";"4566"
"4322541";"Vale Real (RS)";"Rural";"552"
"4322558";"Vanini (RS)";"Total";"1984"
"4322558";"Vanini (RS)";"Urbana";"1001"
"4322558";"Vanini (RS)";"Rural";"983"
"4322608";"Venâncio Aires (RS)";"Total";"65946"
"4322608";"Venâncio Aires (RS)";"Urbana";"41400"
"4322608";"Venâncio Aires (RS)";"Rural";"24546"
"4322707";"Vera Cruz (RS)";"Total";"23983"
"4322707";"Vera Cruz (RS)";"Urbana";"13320"
"4322707";"Vera Cruz (RS)";"Rural";"10663"
"4322806";"Veranópolis (RS)";"Total";"22810"
"4322806";"Veranópolis (RS)";"Urbana";"19843"
"4322806";"Veranópolis (RS)";"Rural";"2967"
"4322855";"Vespasiano Corrêa (RS)";"Total";"1974"
"4322855";"Vespasiano Corrêa (RS)";"Urbana";"406"
"4322855";"Vespasiano Corrêa (RS)";"Rural";"1568"
"4322905";"Viadutos (RS)";"Total";"5311"
"4322905";"Viadutos (RS)";"Urbana";"2643"
"4322905";"Viadutos (RS)";"Rural";"2668"
"4323002";"Viamão (RS)";"Total";"239384"
"4323002";"Viamão (RS)";"Urbana";"224943"
"4323002";"Viamão (RS)";"Rural";"14441"
"4323101";"Vicente Dutra (RS)";"Total";"5285"
"4323101";"Vicente Dutra (RS)";"Urbana";"2351"
"4323101";"Vicente Dutra (RS)";"Rural";"2934"
"4323200";"Victor Graeff (RS)";"Total";"3036"
"4323200";"Victor Graeff (RS)";"Urbana";"1284"
"4323200";"Victor Graeff (RS)";"Rural";"1752"
"4323309";"Vila Flores (RS)";"Total";"3207"
"4323309";"Vila Flores (RS)";"Urbana";"1348"
"4323309";"Vila Flores (RS)";"Rural";"1859"
"4323358";"Vila Lângaro (RS)";"Total";"2152"
"4323358";"Vila Lângaro (RS)";"Urbana";"366"
"4323358";"Vila Lângaro (RS)";"Rural";"1786"
"4323408";"Vila Maria (RS)";"Total";"4221"
"4323408";"Vila Maria (RS)";"Urbana";"2249"
"4323408";"Vila Maria (RS)";"Rural";"1972"
"4323457";"Vila Nova do Sul (RS)";"Total";"4221"
"4323457";"Vila Nova do Sul (RS)";"Urbana";"2194"
"4323457";"Vila Nova do Sul (RS)";"Rural";"2027"
"4323507";"Vista Alegre (RS)";"Total";"2832"
"4323507";"Vista Alegre (RS)";"Urbana";"1185"
"4323507";"Vista Alegre (RS)";"Rural";"1647"
"4323606";"Vista Alegre do Prata (RS)";"Total";"1569"
"4323606";"Vista Alegre do Prata (RS)";"Urbana";"463"
"4323606";"Vista Alegre do Prata (RS)";"Rural";"1106"
"4323705";"Vista Gaúcha (RS)";"Total";"2759"
"4323705";"Vista Gaúcha (RS)";"Urbana";"965"
"4323705";"Vista Gaúcha (RS)";"Rural";"1794"
"4323754";"Vitória das Missões (RS)";"Total";"3485"
"4323754";"Vitória das Missões (RS)";"Urbana";"669"
"4323754";"Vitória das Missões (RS)";"Rural";"2816"
"4323770";"Westfália (RS)";"Total";"2793"
"4323770";"Westfália (RS)";"Urbana";"1130"
"4323770";"Westfália (RS)";"Rural";"1663"
"4323804";"Xangri-lá (RS)";"Total";"12434"
"4323804";"Xangri-lá (RS)";"Urbana";"12379"
"4323804";"Xangri-lá (RS)";"Rural";"55"
"5000203";"Água Clara (MS)";"Total";"14424"
"5000203";"Água Clara (MS)";"Urbana";"9598"
"5000203";"Água Clara (MS)";"Rural";"4826"
"5000252";"Alcinópolis (MS)";"Total";"4569"
"5000252";"Alcinópolis (MS)";"Urbana";"3136"
"5000252";"Alcinópolis (MS)";"Rural";"1433"
"5000609";"Amambai (MS)";"Total";"34730"
"5000609";"Amambai (MS)";"Urbana";"22375"
"5000609";"Amambai (MS)";"Rural";"12355"
"5000708";"Anastácio (MS)";"Total";"23835"
"5000708";"Anastácio (MS)";"Urbana";"19674"
"5000708";"Anastácio (MS)";"Rural";"4161"
"5000807";"Anaurilândia (MS)";"Total";"8493"
"5000807";"Anaurilândia (MS)";"Urbana";"4322"
"5000807";"Anaurilândia (MS)";"Rural";"4171"
"5000856";"Angélica (MS)";"Total";"9185"
"5000856";"Angélica (MS)";"Urbana";"7691"
"5000856";"Angélica (MS)";"Rural";"1494"
"5000906";"Antônio João (MS)";"Total";"8208"
"5000906";"Antônio João (MS)";"Urbana";"6828"
"5000906";"Antônio João (MS)";"Rural";"1380"
"5001003";"Aparecida do Taboado (MS)";"Total";"22320"
"5001003";"Aparecida do Taboado (MS)";"Urbana";"20096"
"5001003";"Aparecida do Taboado (MS)";"Rural";"2224"
"5001102";"Aquidauana (MS)";"Total";"45614"
"5001102";"Aquidauana (MS)";"Urbana";"35926"
"5001102";"Aquidauana (MS)";"Rural";"9688"
"5001243";"Aral Moreira (MS)";"Total";"10251"
"5001243";"Aral Moreira (MS)";"Urbana";"5357"
"5001243";"Aral Moreira (MS)";"Rural";"4894"
"5001508";"Bandeirantes (MS)";"Total";"6609"
"5001508";"Bandeirantes (MS)";"Urbana";"4532"
"5001508";"Bandeirantes (MS)";"Rural";"2077"
"5001904";"Bataguassu (MS)";"Total";"19839"
"5001904";"Bataguassu (MS)";"Urbana";"15239"
"5001904";"Bataguassu (MS)";"Rural";"4600"
"5002001";"Batayporã (MS)";"Total";"10936"
"5002001";"Batayporã (MS)";"Urbana";"8331"
"5002001";"Batayporã (MS)";"Rural";"2605"
"5002100";"Bela Vista (MS)";"Total";"23181"
"5002100";"Bela Vista (MS)";"Urbana";"18927"
"5002100";"Bela Vista (MS)";"Rural";"4254"
"5002159";"Bodoquena (MS)";"Total";"7985"
"5002159";"Bodoquena (MS)";"Urbana";"5777"
"5002159";"Bodoquena (MS)";"Rural";"2208"
"5002209";"Bonito (MS)";"Total";"19587"
"5002209";"Bonito (MS)";"Urbana";"16159"
"5002209";"Bonito (MS)";"Rural";"3428"
"5002308";"Brasilândia (MS)";"Total";"11826"
"5002308";"Brasilândia (MS)";"Urbana";"8013"
"5002308";"Brasilândia (MS)";"Rural";"3813"
"5002407";"Caarapó (MS)";"Total";"25767"
"5002407";"Caarapó (MS)";"Urbana";"18309"
"5002407";"Caarapó (MS)";"Rural";"7458"
"5002605";"Camapuã (MS)";"Total";"13625"
"5002605";"Camapuã (MS)";"Urbana";"9797"
"5002605";"Camapuã (MS)";"Rural";"3828"
"5002704";"Campo Grande (MS)";"Total";"786797"
"5002704";"Campo Grande (MS)";"Urbana";"776242"
"5002704";"Campo Grande (MS)";"Rural";"10555"
"5002803";"Caracol (MS)";"Total";"5398"
"5002803";"Caracol (MS)";"Urbana";"3238"
"5002803";"Caracol (MS)";"Rural";"2160"
"5002902";"Cassilândia (MS)";"Total";"20966"
"5002902";"Cassilândia (MS)";"Urbana";"19008"
"5002902";"Cassilândia (MS)";"Rural";"1958"
"5002951";"Chapadão do Sul (MS)";"Total";"19648"
"5002951";"Chapadão do Sul (MS)";"Urbana";"16777"
"5002951";"Chapadão do Sul (MS)";"Rural";"2871"
"5003108";"Corguinho (MS)";"Total";"4862"
"5003108";"Corguinho (MS)";"Urbana";"1872"
"5003108";"Corguinho (MS)";"Rural";"2990"
"5003157";"Coronel Sapucaia (MS)";"Total";"14064"
"5003157";"Coronel Sapucaia (MS)";"Urbana";"10208"
"5003157";"Coronel Sapucaia (MS)";"Rural";"3856"
"5003207";"Corumbá (MS)";"Total";"103703"
"5003207";"Corumbá (MS)";"Urbana";"93452"
"5003207";"Corumbá (MS)";"Rural";"10251"
"5003256";"Costa Rica (MS)";"Total";"19695"
"5003256";"Costa Rica (MS)";"Urbana";"16848"
"5003256";"Costa Rica (MS)";"Rural";"2847"
"5003306";"Coxim (MS)";"Total";"32159"
"5003306";"Coxim (MS)";"Urbana";"29145"
"5003306";"Coxim (MS)";"Rural";"3014"
"5003454";"Deodápolis (MS)";"Total";"12139"
"5003454";"Deodápolis (MS)";"Urbana";"10047"
"5003454";"Deodápolis (MS)";"Rural";"2092"
"5003488";"Dois Irmãos do Buriti (MS)";"Total";"10363"
"5003488";"Dois Irmãos do Buriti (MS)";"Urbana";"4705"
"5003488";"Dois Irmãos do Buriti (MS)";"Rural";"5658"
"5003504";"Douradina (MS)";"Total";"5364"
"5003504";"Douradina (MS)";"Urbana";"3286"
"5003504";"Douradina (MS)";"Rural";"2078"
"5003702";"Dourados (MS)";"Total";"196035"
"5003702";"Dourados (MS)";"Urbana";"181005"
"5003702";"Dourados (MS)";"Rural";"15030"
"5003751";"Eldorado (MS)";"Total";"11694"
"5003751";"Eldorado (MS)";"Urbana";"9348"
"5003751";"Eldorado (MS)";"Rural";"2346"
"5003801";"Fátima do Sul (MS)";"Total";"19035"
"5003801";"Fátima do Sul (MS)";"Urbana";"16967"
"5003801";"Fátima do Sul (MS)";"Rural";"2068"
"5003900";"Figueirão (MS)";"Total";"2928"
"5003900";"Figueirão (MS)";"Urbana";"1530"
"5003900";"Figueirão (MS)";"Rural";"1398"
"5004007";"Glória de Dourados (MS)";"Total";"9927"
"5004007";"Glória de Dourados (MS)";"Urbana";"7670"
"5004007";"Glória de Dourados (MS)";"Rural";"2257"
"5004106";"Guia Lopes da Laguna (MS)";"Total";"10366"
"5004106";"Guia Lopes da Laguna (MS)";"Urbana";"8785"
"5004106";"Guia Lopes da Laguna (MS)";"Rural";"1581"
"5004304";"Iguatemi (MS)";"Total";"14875"
"5004304";"Iguatemi (MS)";"Urbana";"11006"
"5004304";"Iguatemi (MS)";"Rural";"3869"
"5004403";"Inocência (MS)";"Total";"7669"
"5004403";"Inocência (MS)";"Urbana";"4871"
"5004403";"Inocência (MS)";"Rural";"2798"
"5004502";"Itaporã (MS)";"Total";"20865"
"5004502";"Itaporã (MS)";"Urbana";"13290"
"5004502";"Itaporã (MS)";"Rural";"7575"
"5004601";"Itaquiraí (MS)";"Total";"18614"
"5004601";"Itaquiraí (MS)";"Urbana";"7600"
"5004601";"Itaquiraí (MS)";"Rural";"11014"
"5004700";"Ivinhema (MS)";"Total";"22341"
"5004700";"Ivinhema (MS)";"Urbana";"17274"
"5004700";"Ivinhema (MS)";"Rural";"5067"
"5004809";"Japorã (MS)";"Total";"7731"
"5004809";"Japorã (MS)";"Urbana";"1400"
"5004809";"Japorã (MS)";"Rural";"6331"
"5004908";"Jaraguari (MS)";"Total";"6341"
"5004908";"Jaraguari (MS)";"Urbana";"1786"
"5004908";"Jaraguari (MS)";"Rural";"4555"
"5005004";"Jardim (MS)";"Total";"24346"
"5005004";"Jardim (MS)";"Urbana";"22741"
"5005004";"Jardim (MS)";"Rural";"1605"
"5005103";"Jateí (MS)";"Total";"4011"
"5005103";"Jateí (MS)";"Urbana";"1871"
"5005103";"Jateí (MS)";"Rural";"2140"
"5005152";"Juti (MS)";"Total";"5900"
"5005152";"Juti (MS)";"Urbana";"3925"
"5005152";"Juti (MS)";"Rural";"1975"
"5005202";"Ladário (MS)";"Total";"19617"
"5005202";"Ladário (MS)";"Urbana";"18587"
"5005202";"Ladário (MS)";"Rural";"1030"
"5005251";"Laguna Carapã (MS)";"Total";"6491"
"5005251";"Laguna Carapã (MS)";"Urbana";"2737"
"5005251";"Laguna Carapã (MS)";"Rural";"3754"
"5005400";"Maracaju (MS)";"Total";"37405"
"5005400";"Maracaju (MS)";"Urbana";"32224"
"5005400";"Maracaju (MS)";"Rural";"5181"
"5005608";"Miranda (MS)";"Total";"25595"
"5005608";"Miranda (MS)";"Urbana";"15567"
"5005608";"Miranda (MS)";"Rural";"10028"
"5005681";"Mundo Novo (MS)";"Total";"17043"
"5005681";"Mundo Novo (MS)";"Urbana";"15271"
"5005681";"Mundo Novo (MS)";"Rural";"1772"
"5005707";"Naviraí (MS)";"Total";"46424"
"5005707";"Naviraí (MS)";"Urbana";"42855"
"5005707";"Naviraí (MS)";"Rural";"3569"
"5005806";"Nioaque (MS)";"Total";"14391"
"5005806";"Nioaque (MS)";"Urbana";"7057"
"5005806";"Nioaque (MS)";"Rural";"7334"
"5006002";"Nova Alvorada do Sul (MS)";"Total";"16432"
"5006002";"Nova Alvorada do Sul (MS)";"Urbana";"12286"
"5006002";"Nova Alvorada do Sul (MS)";"Rural";"4146"
"5006200";"Nova Andradina (MS)";"Total";"45585"
"5006200";"Nova Andradina (MS)";"Urbana";"38786"
"5006200";"Nova Andradina (MS)";"Rural";"6799"
"5006259";"Novo Horizonte do Sul (MS)";"Total";"4940"
"5006259";"Novo Horizonte do Sul (MS)";"Urbana";"2660"
"5006259";"Novo Horizonte do Sul (MS)";"Rural";"2280"
"5006309";"Paranaíba (MS)";"Total";"40192"
"5006309";"Paranaíba (MS)";"Urbana";"35754"
"5006309";"Paranaíba (MS)";"Rural";"4438"
"5006358";"Paranhos (MS)";"Total";"12350"
"5006358";"Paranhos (MS)";"Urbana";"6263"
"5006358";"Paranhos (MS)";"Rural";"6087"
"5006408";"Pedro Gomes (MS)";"Total";"7967"
"5006408";"Pedro Gomes (MS)";"Urbana";"6148"
"5006408";"Pedro Gomes (MS)";"Rural";"1819"
"5006606";"Ponta Porã (MS)";"Total";"77872"
"5006606";"Ponta Porã (MS)";"Urbana";"62067"
"5006606";"Ponta Porã (MS)";"Rural";"15805"
"5006903";"Porto Murtinho (MS)";"Total";"15372"
"5006903";"Porto Murtinho (MS)";"Urbana";"10059"
"5006903";"Porto Murtinho (MS)";"Rural";"5313"
"5007109";"Ribas do Rio Pardo (MS)";"Total";"20946"
"5007109";"Ribas do Rio Pardo (MS)";"Urbana";"12965"
"5007109";"Ribas do Rio Pardo (MS)";"Rural";"7981"
"5007208";"Rio Brilhante (MS)";"Total";"30663"
"5007208";"Rio Brilhante (MS)";"Urbana";"24557"
"5007208";"Rio Brilhante (MS)";"Rural";"6106"
"5007307";"Rio Negro (MS)";"Total";"5036"
"5007307";"Rio Negro (MS)";"Urbana";"3665"
"5007307";"Rio Negro (MS)";"Rural";"1371"
"5007406";"Rio Verde de Mato Grosso (MS)";"Total";"18890"
"5007406";"Rio Verde de Mato Grosso (MS)";"Urbana";"16297"
"5007406";"Rio Verde de Mato Grosso (MS)";"Rural";"2593"
"5007505";"Rochedo (MS)";"Total";"4928"
"5007505";"Rochedo (MS)";"Urbana";"2889"
"5007505";"Rochedo (MS)";"Rural";"2039"
"5007554";"Santa Rita do Pardo (MS)";"Total";"7259"
"5007554";"Santa Rita do Pardo (MS)";"Urbana";"3522"
"5007554";"Santa Rita do Pardo (MS)";"Rural";"3737"
"5007695";"São Gabriel do Oeste (MS)";"Total";"22203"
"5007695";"São Gabriel do Oeste (MS)";"Urbana";"19300"
"5007695";"São Gabriel do Oeste (MS)";"Rural";"2903"
"5007703";"Sete Quedas (MS)";"Total";"10780"
"5007703";"Sete Quedas (MS)";"Urbana";"8974"
"5007703";"Sete Quedas (MS)";"Rural";"1806"
"5007802";"Selvíria (MS)";"Total";"6287"
"5007802";"Selvíria (MS)";"Urbana";"4772"
"5007802";"Selvíria (MS)";"Rural";"1515"
"5007901";"Sidrolândia (MS)";"Total";"42132"
"5007901";"Sidrolândia (MS)";"Urbana";"27783"
"5007901";"Sidrolândia (MS)";"Rural";"14349"
"5007935";"Sonora (MS)";"Total";"14833"
"5007935";"Sonora (MS)";"Urbana";"13401"
"5007935";"Sonora (MS)";"Rural";"1432"
"5007950";"Tacuru (MS)";"Total";"10215"
"5007950";"Tacuru (MS)";"Urbana";"3767"
"5007950";"Tacuru (MS)";"Rural";"6448"
"5007976";"Taquarussu (MS)";"Total";"3518"
"5007976";"Taquarussu (MS)";"Urbana";"2454"
"5007976";"Taquarussu (MS)";"Rural";"1064"
"5008008";"Terenos (MS)";"Total";"17146"
"5008008";"Terenos (MS)";"Urbana";"7275"
"5008008";"Terenos (MS)";"Rural";"9871"
"5008305";"Três Lagoas (MS)";"Total";"101791"
"5008305";"Três Lagoas (MS)";"Urbana";"97069"
"5008305";"Três Lagoas (MS)";"Rural";"4722"
"5008404";"Vicentina (MS)";"Total";"5901"
"5008404";"Vicentina (MS)";"Urbana";"4243"
"5008404";"Vicentina (MS)";"Rural";"1658"
"5100102";"Acorizal (MT)";"Total";"5516"
"5100102";"Acorizal (MT)";"Urbana";"2927"
"5100102";"Acorizal (MT)";"Rural";"2589"
"5100201";"Água Boa (MT)";"Total";"20856"
"5100201";"Água Boa (MT)";"Urbana";"16759"
"5100201";"Água Boa (MT)";"Rural";"4097"
"5100250";"Alta Floresta (MT)";"Total";"49164"
"5100250";"Alta Floresta (MT)";"Urbana";"42718"
"5100250";"Alta Floresta (MT)";"Rural";"6446"
"5100300";"Alto Araguaia (MT)";"Total";"15644"
"5100300";"Alto Araguaia (MT)";"Urbana";"13821"
"5100300";"Alto Araguaia (MT)";"Rural";"1823"
"5100359";"Alto Boa Vista (MT)";"Total";"5247"
"5100359";"Alto Boa Vista (MT)";"Urbana";"3178"
"5100359";"Alto Boa Vista (MT)";"Rural";"2069"
"5100409";"Alto Garças (MT)";"Total";"10350"
"5100409";"Alto Garças (MT)";"Urbana";"9455"
"5100409";"Alto Garças (MT)";"Rural";"895"
"5100508";"Alto Paraguai (MT)";"Total";"10066"
"5100508";"Alto Paraguai (MT)";"Urbana";"6383"
"5100508";"Alto Paraguai (MT)";"Rural";"3683"
"5100607";"Alto Taquari (MT)";"Total";"8072"
"5100607";"Alto Taquari (MT)";"Urbana";"7323"
"5100607";"Alto Taquari (MT)";"Rural";"749"
"5100805";"Apiacás (MT)";"Total";"8567"
"5100805";"Apiacás (MT)";"Urbana";"6377"
"5100805";"Apiacás (MT)";"Rural";"2190"
"5101001";"Araguaiana (MT)";"Total";"3197"
"5101001";"Araguaiana (MT)";"Urbana";"2189"
"5101001";"Araguaiana (MT)";"Rural";"1008"
"5101209";"Araguainha (MT)";"Total";"1096"
"5101209";"Araguainha (MT)";"Urbana";"944"
"5101209";"Araguainha (MT)";"Rural";"152"
"5101258";"Araputanga (MT)";"Total";"15342"
"5101258";"Araputanga (MT)";"Urbana";"12185"
"5101258";"Araputanga (MT)";"Rural";"3157"
"5101308";"Arenápolis (MT)";"Total";"10316"
"5101308";"Arenápolis (MT)";"Urbana";"9750"
"5101308";"Arenápolis (MT)";"Rural";"566"
"5101407";"Aripuanã (MT)";"Total";"18656"
"5101407";"Aripuanã (MT)";"Urbana";"11681"
"5101407";"Aripuanã (MT)";"Rural";"6975"
"5101605";"Barão de Melgaço (MT)";"Total";"7591"
"5101605";"Barão de Melgaço (MT)";"Urbana";"3422"
"5101605";"Barão de Melgaço (MT)";"Rural";"4169"
"5101704";"Barra do Bugres (MT)";"Total";"31793"
"5101704";"Barra do Bugres (MT)";"Urbana";"25996"
"5101704";"Barra do Bugres (MT)";"Rural";"5797"
"5101803";"Barra do Garças (MT)";"Total";"56560"
"5101803";"Barra do Garças (MT)";"Urbana";"50947"
"5101803";"Barra do Garças (MT)";"Rural";"5613"
"5101852";"Bom Jesus do Araguaia (MT)";"Total";"5314"
"5101852";"Bom Jesus do Araguaia (MT)";"Urbana";"2648"
"5101852";"Bom Jesus do Araguaia (MT)";"Rural";"2666"
"5101902";"Brasnorte (MT)";"Total";"15357"
"5101902";"Brasnorte (MT)";"Urbana";"10038"
"5101902";"Brasnorte (MT)";"Rural";"5319"
"5102504";"Cáceres (MT)";"Total";"87942"
"5102504";"Cáceres (MT)";"Urbana";"76568"
"5102504";"Cáceres (MT)";"Rural";"11374"
"5102603";"Campinápolis (MT)";"Total";"14305"
"5102603";"Campinápolis (MT)";"Urbana";"4820"
"5102603";"Campinápolis (MT)";"Rural";"9485"
"5102637";"Campo Novo do Parecis (MT)";"Total";"27577"
"5102637";"Campo Novo do Parecis (MT)";"Urbana";"25584"
"5102637";"Campo Novo do Parecis (MT)";"Rural";"1993"
"5102678";"Campo Verde (MT)";"Total";"31589"
"5102678";"Campo Verde (MT)";"Urbana";"25472"
"5102678";"Campo Verde (MT)";"Rural";"6117"
"5102686";"Campos de Júlio (MT)";"Total";"5154"
"5102686";"Campos de Júlio (MT)";"Urbana";"4014"
"5102686";"Campos de Júlio (MT)";"Rural";"1140"
"5102694";"Canabrava do Norte (MT)";"Total";"4786"
"5102694";"Canabrava do Norte (MT)";"Urbana";"2691"
"5102694";"Canabrava do Norte (MT)";"Rural";"2095"
"5102702";"Canarana (MT)";"Total";"18754"
"5102702";"Canarana (MT)";"Urbana";"14805"
"5102702";"Canarana (MT)";"Rural";"3949"
"5102793";"Carlinda (MT)";"Total";"10990"
"5102793";"Carlinda (MT)";"Urbana";"4575"
"5102793";"Carlinda (MT)";"Rural";"6415"
"5102850";"Castanheira (MT)";"Total";"8231"
"5102850";"Castanheira (MT)";"Urbana";"3921"
"5102850";"Castanheira (MT)";"Rural";"4310"
"5103007";"Chapada dos Guimarães (MT)";"Total";"17821"
"5103007";"Chapada dos Guimarães (MT)";"Urbana";"11037"
"5103007";"Chapada dos Guimarães (MT)";"Rural";"6784"
"5103056";"Cláudia (MT)";"Total";"11028"
"5103056";"Cláudia (MT)";"Urbana";"8442"
"5103056";"Cláudia (MT)";"Rural";"2586"
"5103106";"Cocalinho (MT)";"Total";"5490"
"5103106";"Cocalinho (MT)";"Urbana";"3647"
"5103106";"Cocalinho (MT)";"Rural";"1843"
"5103205";"Colíder (MT)";"Total";"30766"
"5103205";"Colíder (MT)";"Urbana";"25014"
"5103205";"Colíder (MT)";"Rural";"5752"
"5103254";"Colniza (MT)";"Total";"26381"
"5103254";"Colniza (MT)";"Urbana";"14987"
"5103254";"Colniza (MT)";"Rural";"11394"
"5103304";"Comodoro (MT)";"Total";"18178"
"5103304";"Comodoro (MT)";"Urbana";"12582"
"5103304";"Comodoro (MT)";"Rural";"5596"
"5103353";"Confresa (MT)";"Total";"25124"
"5103353";"Confresa (MT)";"Urbana";"14229"
"5103353";"Confresa (MT)";"Rural";"10895"
"5103361";"Conquista D'Oeste (MT)";"Total";"3385"
"5103361";"Conquista D'Oeste (MT)";"Urbana";"2053"
"5103361";"Conquista D'Oeste (MT)";"Rural";"1332"
"5103379";"Cotriguaçu (MT)";"Total";"14983"
"5103379";"Cotriguaçu (MT)";"Urbana";"5132"
"5103379";"Cotriguaçu (MT)";"Rural";"9851"
"5103403";"Cuiabá (MT)";"Total";"551098"
"5103403";"Cuiabá (MT)";"Urbana";"540814"
"5103403";"Cuiabá (MT)";"Rural";"10284"
"5103437";"Curvelândia (MT)";"Total";"4866"
"5103437";"Curvelândia (MT)";"Urbana";"2894"
"5103437";"Curvelândia (MT)";"Rural";"1972"
"5103452";"Denise (MT)";"Total";"8523"
"5103452";"Denise (MT)";"Urbana";"7292"
"5103452";"Denise (MT)";"Rural";"1231"
"5103502";"Diamantino (MT)";"Total";"20341"
"5103502";"Diamantino (MT)";"Urbana";"15895"
"5103502";"Diamantino (MT)";"Rural";"4446"
"5103601";"Dom Aquino (MT)";"Total";"8171"
"5103601";"Dom Aquino (MT)";"Urbana";"6558"
"5103601";"Dom Aquino (MT)";"Rural";"1613"
"5103700";"Feliz Natal (MT)";"Total";"10933"
"5103700";"Feliz Natal (MT)";"Urbana";"8123"
"5103700";"Feliz Natal (MT)";"Rural";"2810"
"5103809";"Figueirópolis D'Oeste (MT)";"Total";"3796"
"5103809";"Figueirópolis D'Oeste (MT)";"Urbana";"2010"
"5103809";"Figueirópolis D'Oeste (MT)";"Rural";"1786"
"5103858";"Gaúcha do Norte (MT)";"Total";"6293"
"5103858";"Gaúcha do Norte (MT)";"Urbana";"2196"
"5103858";"Gaúcha do Norte (MT)";"Rural";"4097"
"5103908";"General Carneiro (MT)";"Total";"5027"
"5103908";"General Carneiro (MT)";"Urbana";"2358"
"5103908";"General Carneiro (MT)";"Rural";"2669"
"5103957";"Glória D'Oeste (MT)";"Total";"3135"
"5103957";"Glória D'Oeste (MT)";"Urbana";"2147"
"5103957";"Glória D'Oeste (MT)";"Rural";"988"
"5104104";"Guarantã do Norte (MT)";"Total";"32216"
"5104104";"Guarantã do Norte (MT)";"Urbana";"23940"
"5104104";"Guarantã do Norte (MT)";"Rural";"8276"
"5104203";"Guiratinga (MT)";"Total";"13934"
"5104203";"Guiratinga (MT)";"Urbana";"11467"
"5104203";"Guiratinga (MT)";"Rural";"2467"
"5104500";"Indiavaí (MT)";"Total";"2397"
"5104500";"Indiavaí (MT)";"Urbana";"1781"
"5104500";"Indiavaí (MT)";"Rural";"616"
"5104526";"Ipiranga do Norte (MT)";"Total";"5123"
"5104526";"Ipiranga do Norte (MT)";"Urbana";"3475"
"5104526";"Ipiranga do Norte (MT)";"Rural";"1648"
"5104542";"Itanhangá (MT)";"Total";"5276"
"5104542";"Itanhangá (MT)";"Urbana";"3171"
"5104542";"Itanhangá (MT)";"Rural";"2105"
"5104559";"Itaúba (MT)";"Total";"4575"
"5104559";"Itaúba (MT)";"Urbana";"3714"
"5104559";"Itaúba (MT)";"Rural";"861"
"5104609";"Itiquira (MT)";"Total";"11478"
"5104609";"Itiquira (MT)";"Urbana";"4442"
"5104609";"Itiquira (MT)";"Rural";"7036"
"5104807";"Jaciara (MT)";"Total";"25647"
"5104807";"Jaciara (MT)";"Urbana";"23623"
"5104807";"Jaciara (MT)";"Rural";"2024"
"5104906";"Jangada (MT)";"Total";"7696"
"5104906";"Jangada (MT)";"Urbana";"2946"
"5104906";"Jangada (MT)";"Rural";"4750"
"5105002";"Jauru (MT)";"Total";"10455"
"5105002";"Jauru (MT)";"Urbana";"6171"
"5105002";"Jauru (MT)";"Rural";"4284"
"5105101";"Juara (MT)";"Total";"32791"
"5105101";"Juara (MT)";"Urbana";"26020"
"5105101";"Juara (MT)";"Rural";"6771"
"5105150";"Juína (MT)";"Total";"39255"
"5105150";"Juína (MT)";"Urbana";"33960"
"5105150";"Juína (MT)";"Rural";"5295"
"5105176";"Juruena (MT)";"Total";"11201"
"5105176";"Juruena (MT)";"Urbana";"6801"
"5105176";"Juruena (MT)";"Rural";"4400"
"5105200";"Juscimeira (MT)";"Total";"11430"
"5105200";"Juscimeira (MT)";"Urbana";"8501"
"5105200";"Juscimeira (MT)";"Rural";"2929"
"5105234";"Lambari D'Oeste (MT)";"Total";"5431"
"5105234";"Lambari D'Oeste (MT)";"Urbana";"2895"
"5105234";"Lambari D'Oeste (MT)";"Rural";"2536"
"5105259";"Lucas do Rio Verde (MT)";"Total";"45556"
"5105259";"Lucas do Rio Verde (MT)";"Urbana";"42455"
"5105259";"Lucas do Rio Verde (MT)";"Rural";"3101"
"5105309";"Luciara (MT)";"Total";"2224"
"5105309";"Luciara (MT)";"Urbana";"2029"
"5105309";"Luciara (MT)";"Rural";"195"
"5105507";"Vila Bela da Santíssima Trindade (MT)";"Total";"14493"
"5105507";"Vila Bela da Santíssima Trindade (MT)";"Urbana";"5166"
"5105507";"Vila Bela da Santíssima Trindade (MT)";"Rural";"9327"
"5105580";"Marcelândia (MT)";"Total";"12006"
"5105580";"Marcelândia (MT)";"Urbana";"7426"
"5105580";"Marcelândia (MT)";"Rural";"4580"
"5105606";"Matupá (MT)";"Total";"14174"
"5105606";"Matupá (MT)";"Urbana";"10927"
"5105606";"Matupá (MT)";"Rural";"3247"
"5105622";"Mirassol d'Oeste (MT)";"Total";"25299"
"5105622";"Mirassol d'Oeste (MT)";"Urbana";"21470"
"5105622";"Mirassol d'Oeste (MT)";"Rural";"3829"
"5105903";"Nobres (MT)";"Total";"15002"
"5105903";"Nobres (MT)";"Urbana";"12454"
"5105903";"Nobres (MT)";"Rural";"2548"
"5106000";"Nortelândia (MT)";"Total";"6436"
"5106000";"Nortelândia (MT)";"Urbana";"5269"
"5106000";"Nortelândia (MT)";"Rural";"1167"
"5106109";"Nossa Senhora do Livramento (MT)";"Total";"11609"
"5106109";"Nossa Senhora do Livramento (MT)";"Urbana";"4242"
"5106109";"Nossa Senhora do Livramento (MT)";"Rural";"7367"
"5106158";"Nova Bandeirantes (MT)";"Total";"11643"
"5106158";"Nova Bandeirantes (MT)";"Urbana";"4062"
"5106158";"Nova Bandeirantes (MT)";"Rural";"7581"
"5106174";"Nova Nazaré (MT)";"Total";"3029"
"5106174";"Nova Nazaré (MT)";"Urbana";"1119"
"5106174";"Nova Nazaré (MT)";"Rural";"1910"
"5106182";"Nova Lacerda (MT)";"Total";"5436"
"5106182";"Nova Lacerda (MT)";"Urbana";"2980"
"5106182";"Nova Lacerda (MT)";"Rural";"2456"
"5106190";"Nova Santa Helena (MT)";"Total";"3468"
"5106190";"Nova Santa Helena (MT)";"Urbana";"1988"
"5106190";"Nova Santa Helena (MT)";"Rural";"1480"
"5106208";"Nova Brasilândia (MT)";"Total";"4587"
"5106208";"Nova Brasilândia (MT)";"Urbana";"3659"
"5106208";"Nova Brasilândia (MT)";"Rural";"928"
"5106216";"Nova Canaã do Norte (MT)";"Total";"12127"
"5106216";"Nova Canaã do Norte (MT)";"Urbana";"6816"
"5106216";"Nova Canaã do Norte (MT)";"Rural";"5311"
"5106224";"Nova Mutum (MT)";"Total";"31649"
"5106224";"Nova Mutum (MT)";"Urbana";"25865"
"5106224";"Nova Mutum (MT)";"Rural";"5784"
"5106232";"Nova Olímpia (MT)";"Total";"17515"
"5106232";"Nova Olímpia (MT)";"Urbana";"15836"
"5106232";"Nova Olímpia (MT)";"Rural";"1679"
"5106240";"Nova Ubiratã (MT)";"Total";"9218"
"5106240";"Nova Ubiratã (MT)";"Urbana";"5930"
"5106240";"Nova Ubiratã (MT)";"Rural";"3288"
"5106257";"Nova Xavantina (MT)";"Total";"19643"
"5106257";"Nova Xavantina (MT)";"Urbana";"15746"
"5106257";"Nova Xavantina (MT)";"Rural";"3897"
"5106265";"Novo Mundo (MT)";"Total";"7332"
"5106265";"Novo Mundo (MT)";"Urbana";"2883"
"5106265";"Novo Mundo (MT)";"Rural";"4449"
"5106273";"Novo Horizonte do Norte (MT)";"Total";"3749"
"5106273";"Novo Horizonte do Norte (MT)";"Urbana";"1777"
"5106273";"Novo Horizonte do Norte (MT)";"Rural";"1972"
"5106281";"Novo São Joaquim (MT)";"Total";"6042"
"5106281";"Novo São Joaquim (MT)";"Urbana";"3717"
"5106281";"Novo São Joaquim (MT)";"Rural";"2325"
"5106299";"Paranaíta (MT)";"Total";"10684"
"5106299";"Paranaíta (MT)";"Urbana";"5652"
"5106299";"Paranaíta (MT)";"Rural";"5032"
"5106307";"Paranatinga (MT)";"Total";"19290"
"5106307";"Paranatinga (MT)";"Urbana";"14815"
"5106307";"Paranatinga (MT)";"Rural";"4475"
"5106315";"Novo Santo Antônio (MT)";"Total";"2005"
"5106315";"Novo Santo Antônio (MT)";"Urbana";"1346"
"5106315";"Novo Santo Antônio (MT)";"Rural";"659"
"5106372";"Pedra Preta (MT)";"Total";"15755"
"5106372";"Pedra Preta (MT)";"Urbana";"11383"
"5106372";"Pedra Preta (MT)";"Rural";"4372"
"5106422";"Peixoto de Azevedo (MT)";"Total";"30812"
"5106422";"Peixoto de Azevedo (MT)";"Urbana";"19804"
"5106422";"Peixoto de Azevedo (MT)";"Rural";"11008"
"5106455";"Planalto da Serra (MT)";"Total";"2726"
"5106455";"Planalto da Serra (MT)";"Urbana";"2054"
"5106455";"Planalto da Serra (MT)";"Rural";"672"
"5106505";"Poconé (MT)";"Total";"31779"
"5106505";"Poconé (MT)";"Urbana";"23062"
"5106505";"Poconé (MT)";"Rural";"8717"
"5106653";"Pontal do Araguaia (MT)";"Total";"5395"
"5106653";"Pontal do Araguaia (MT)";"Urbana";"4452"
"5106653";"Pontal do Araguaia (MT)";"Rural";"943"
"5106703";"Ponte Branca (MT)";"Total";"1768"
"5106703";"Ponte Branca (MT)";"Urbana";"1509"
"5106703";"Ponte Branca (MT)";"Rural";"259"
"5106752";"Pontes e Lacerda (MT)";"Total";"41408"
"5106752";"Pontes e Lacerda (MT)";"Urbana";"34662"
"5106752";"Pontes e Lacerda (MT)";"Rural";"6746"
"5106778";"Porto Alegre do Norte (MT)";"Total";"10748"
"5106778";"Porto Alegre do Norte (MT)";"Urbana";"5179"
"5106778";"Porto Alegre do Norte (MT)";"Rural";"5569"
"5106802";"Porto dos Gaúchos (MT)";"Total";"5449"
"5106802";"Porto dos Gaúchos (MT)";"Urbana";"2764"
"5106802";"Porto dos Gaúchos (MT)";"Rural";"2685"
"5106828";"Porto Esperidião (MT)";"Total";"11031"
"5106828";"Porto Esperidião (MT)";"Urbana";"4203"
"5106828";"Porto Esperidião (MT)";"Rural";"6828"
"5106851";"Porto Estrela (MT)";"Total";"3649"
"5106851";"Porto Estrela (MT)";"Urbana";"1466"
"5106851";"Porto Estrela (MT)";"Rural";"2183"
"5107008";"Poxoréu (MT)";"Total";"17599"
"5107008";"Poxoréu (MT)";"Urbana";"11923"
"5107008";"Poxoréu (MT)";"Rural";"5676"
"5107040";"Primavera do Leste (MT)";"Total";"52066"
"5107040";"Primavera do Leste (MT)";"Urbana";"49271"
"5107040";"Primavera do Leste (MT)";"Rural";"2795"
"5107065";"Querência (MT)";"Total";"13033"
"5107065";"Querência (MT)";"Urbana";"5972"
"5107065";"Querência (MT)";"Rural";"7061"
"5107107";"São José dos Quatro Marcos (MT)";"Total";"18998"
"5107107";"São José dos Quatro Marcos (MT)";"Urbana";"14507"
"5107107";"São José dos Quatro Marcos (MT)";"Rural";"4491"
"5107156";"Reserva do Cabaçal (MT)";"Total";"2572"
"5107156";"Reserva do Cabaçal (MT)";"Urbana";"1622"
"5107156";"Reserva do Cabaçal (MT)";"Rural";"950"
"5107180";"Ribeirão Cascalheira (MT)";"Total";"8881"
"5107180";"Ribeirão Cascalheira (MT)";"Urbana";"5565"
"5107180";"Ribeirão Cascalheira (MT)";"Rural";"3316"
"5107198";"Ribeirãozinho (MT)";"Total";"2199"
"5107198";"Ribeirãozinho (MT)";"Urbana";"1554"
"5107198";"Ribeirãozinho (MT)";"Rural";"645"
"5107206";"Rio Branco (MT)";"Total";"5070"
"5107206";"Rio Branco (MT)";"Urbana";"4145"
"5107206";"Rio Branco (MT)";"Rural";"925"
"5107248";"Santa Carmem (MT)";"Total";"4085"
"5107248";"Santa Carmem (MT)";"Urbana";"3081"
"5107248";"Santa Carmem (MT)";"Rural";"1004"
"5107263";"Santo Afonso (MT)";"Total";"2991"
"5107263";"Santo Afonso (MT)";"Urbana";"1541"
"5107263";"Santo Afonso (MT)";"Rural";"1450"
"5107297";"São José do Povo (MT)";"Total";"3592"
"5107297";"São José do Povo (MT)";"Urbana";"1734"
"5107297";"São José do Povo (MT)";"Rural";"1858"
"5107305";"São José do Rio Claro (MT)";"Total";"17124"
"5107305";"São José do Rio Claro (MT)";"Urbana";"13168"
"5107305";"São José do Rio Claro (MT)";"Rural";"3956"
"5107354";"São José do Xingu (MT)";"Total";"5240"
"5107354";"São José do Xingu (MT)";"Urbana";"3783"
"5107354";"São José do Xingu (MT)";"Rural";"1457"
"5107404";"São Pedro da Cipa (MT)";"Total";"4158"
"5107404";"São Pedro da Cipa (MT)";"Urbana";"3703"
"5107404";"São Pedro da Cipa (MT)";"Rural";"455"
"5107578";"Rondolândia (MT)";"Total";"3604"
"5107578";"Rondolândia (MT)";"Urbana";"950"
"5107578";"Rondolândia (MT)";"Rural";"2654"
"5107602";"Rondonópolis (MT)";"Total";"195476"
"5107602";"Rondonópolis (MT)";"Urbana";"188028"
"5107602";"Rondonópolis (MT)";"Rural";"7448"
"5107701";"Rosário Oeste (MT)";"Total";"17679"
"5107701";"Rosário Oeste (MT)";"Urbana";"10654"
"5107701";"Rosário Oeste (MT)";"Rural";"7025"
"5107743";"Santa Cruz do Xingu (MT)";"Total";"1900"
"5107743";"Santa Cruz do Xingu (MT)";"Urbana";"1251"
"5107743";"Santa Cruz do Xingu (MT)";"Rural";"649"
"5107750";"Salto do Céu (MT)";"Total";"3908"
"5107750";"Salto do Céu (MT)";"Urbana";"2184"
"5107750";"Salto do Céu (MT)";"Rural";"1724"
"5107768";"Santa Rita do Trivelato (MT)";"Total";"2491"
"5107768";"Santa Rita do Trivelato (MT)";"Urbana";"1367"
"5107768";"Santa Rita do Trivelato (MT)";"Rural";"1124"
"5107776";"Santa Terezinha (MT)";"Total";"7397"
"5107776";"Santa Terezinha (MT)";"Urbana";"2974"
"5107776";"Santa Terezinha (MT)";"Rural";"4423"
"5107792";"Santo Antônio do Leste (MT)";"Total";"3754"
"5107792";"Santo Antônio do Leste (MT)";"Urbana";"2119"
"5107792";"Santo Antônio do Leste (MT)";"Rural";"1635"
"5107800";"Santo Antônio de Leverger (MT)";"Total";"18463"
"5107800";"Santo Antônio de Leverger (MT)";"Urbana";"7160"
"5107800";"Santo Antônio de Leverger (MT)";"Rural";"11303"
"5107859";"São Félix do Araguaia (MT)";"Total";"10625"
"5107859";"São Félix do Araguaia (MT)";"Urbana";"6178"
"5107859";"São Félix do Araguaia (MT)";"Rural";"4447"
"5107875";"Sapezal (MT)";"Total";"18094"
"5107875";"Sapezal (MT)";"Urbana";"15124"
"5107875";"Sapezal (MT)";"Rural";"2970"
"5107883";"Serra Nova Dourada (MT)";"Total";"1365"
"5107883";"Serra Nova Dourada (MT)";"Urbana";"813"
"5107883";"Serra Nova Dourada (MT)";"Rural";"552"
"5107909";"Sinop (MT)";"Total";"113099"
"5107909";"Sinop (MT)";"Urbana";"93753"
"5107909";"Sinop (MT)";"Rural";"19346"
"5107925";"Sorriso (MT)";"Total";"66521"
"5107925";"Sorriso (MT)";"Urbana";"58364"
"5107925";"Sorriso (MT)";"Rural";"8157"
"5107941";"Tabaporã (MT)";"Total";"9932"
"5107941";"Tabaporã (MT)";"Urbana";"5243"
"5107941";"Tabaporã (MT)";"Rural";"4689"
"5107958";"Tangará da Serra (MT)";"Total";"83431"
"5107958";"Tangará da Serra (MT)";"Urbana";"75921"
"5107958";"Tangará da Serra (MT)";"Rural";"7510"
"5108006";"Tapurah (MT)";"Total";"10392"
"5108006";"Tapurah (MT)";"Urbana";"6526"
"5108006";"Tapurah (MT)";"Rural";"3866"
"5108055";"Terra Nova do Norte (MT)";"Total";"11291"
"5108055";"Terra Nova do Norte (MT)";"Urbana";"5079"
"5108055";"Terra Nova do Norte (MT)";"Rural";"6212"
"5108105";"Tesouro (MT)";"Total";"3418"
"5108105";"Tesouro (MT)";"Urbana";"2400"
"5108105";"Tesouro (MT)";"Rural";"1018"
"5108204";"Torixoréu (MT)";"Total";"4071"
"5108204";"Torixoréu (MT)";"Urbana";"3112"
"5108204";"Torixoréu (MT)";"Rural";"959"
"5108303";"União do Sul (MT)";"Total";"3760"
"5108303";"União do Sul (MT)";"Urbana";"2338"
"5108303";"União do Sul (MT)";"Rural";"1422"
"5108352";"Vale de São Domingos (MT)";"Total";"3052"
"5108352";"Vale de São Domingos (MT)";"Urbana";"713"
"5108352";"Vale de São Domingos (MT)";"Rural";"2339"
"5108402";"Várzea Grande (MT)";"Total";"252596"
"5108402";"Várzea Grande (MT)";"Urbana";"248704"
"5108402";"Várzea Grande (MT)";"Rural";"3892"
"5108501";"Vera (MT)";"Total";"10235"
"5108501";"Vera (MT)";"Urbana";"7349"
"5108501";"Vera (MT)";"Rural";"2886"
"5108600";"Vila Rica (MT)";"Total";"21382"
"5108600";"Vila Rica (MT)";"Urbana";"13962"
"5108600";"Vila Rica (MT)";"Rural";"7420"
"5108808";"Nova Guarita (MT)";"Total";"4932"
"5108808";"Nova Guarita (MT)";"Urbana";"1940"
"5108808";"Nova Guarita (MT)";"Rural";"2992"
"5108857";"Nova Marilândia (MT)";"Total";"2951"
"5108857";"Nova Marilândia (MT)";"Urbana";"1957"
"5108857";"Nova Marilândia (MT)";"Rural";"994"
"5108907";"Nova Maringá (MT)";"Total";"6590"
"5108907";"Nova Maringá (MT)";"Urbana";"3421"
"5108907";"Nova Maringá (MT)";"Rural";"3169"
"5108956";"Nova Monte Verde (MT)";"Total";"8093"
"5108956";"Nova Monte Verde (MT)";"Urbana";"3973"
"5108956";"Nova Monte Verde (MT)";"Rural";"4120"
"5200050";"Abadia de Goiás (GO)";"Total";"6876"
"5200050";"Abadia de Goiás (GO)";"Urbana";"5081"
"5200050";"Abadia de Goiás (GO)";"Rural";"1795"
"5200100";"Abadiânia (GO)";"Total";"15757"
"5200100";"Abadiânia (GO)";"Urbana";"10778"
"5200100";"Abadiânia (GO)";"Rural";"4979"
"5200134";"Acreúna (GO)";"Total";"20279"
"5200134";"Acreúna (GO)";"Urbana";"17696"
"5200134";"Acreúna (GO)";"Rural";"2583"
"5200159";"Adelândia (GO)";"Total";"2477"
"5200159";"Adelândia (GO)";"Urbana";"2207"
"5200159";"Adelândia (GO)";"Rural";"270"
"5200175";"Água Fria de Goiás (GO)";"Total";"5090"
"5200175";"Água Fria de Goiás (GO)";"Urbana";"2137"
"5200175";"Água Fria de Goiás (GO)";"Rural";"2953"
"5200209";"Água Limpa (GO)";"Total";"2013"
"5200209";"Água Limpa (GO)";"Urbana";"1426"
"5200209";"Água Limpa (GO)";"Rural";"587"
"5200258";"Águas Lindas de Goiás (GO)";"Total";"159378"
"5200258";"Águas Lindas de Goiás (GO)";"Urbana";"159138"
"5200258";"Águas Lindas de Goiás (GO)";"Rural";"240"
"5200308";"Alexânia (GO)";"Total";"23814"
"5200308";"Alexânia (GO)";"Urbana";"19676"
"5200308";"Alexânia (GO)";"Rural";"4138"
"5200506";"Aloândia (GO)";"Total";"2051"
"5200506";"Aloândia (GO)";"Urbana";"1769"
"5200506";"Aloândia (GO)";"Rural";"282"
"5200555";"Alto Horizonte (GO)";"Total";"4505"
"5200555";"Alto Horizonte (GO)";"Urbana";"3863"
"5200555";"Alto Horizonte (GO)";"Rural";"642"
"5200605";"Alto Paraíso de Goiás (GO)";"Total";"6885"
"5200605";"Alto Paraíso de Goiás (GO)";"Urbana";"5219"
"5200605";"Alto Paraíso de Goiás (GO)";"Rural";"1666"
"5200803";"Alvorada do Norte (GO)";"Total";"8084"
"5200803";"Alvorada do Norte (GO)";"Urbana";"6873"
"5200803";"Alvorada do Norte (GO)";"Rural";"1211"
"5200829";"Amaralina (GO)";"Total";"3434"
"5200829";"Amaralina (GO)";"Urbana";"1101"
"5200829";"Amaralina (GO)";"Rural";"2333"
"5200852";"Americano do Brasil (GO)";"Total";"5508"
"5200852";"Americano do Brasil (GO)";"Urbana";"4718"
"5200852";"Americano do Brasil (GO)";"Rural";"790"
"5200902";"Amorinópolis (GO)";"Total";"3609"
"5200902";"Amorinópolis (GO)";"Urbana";"2171"
"5200902";"Amorinópolis (GO)";"Rural";"1438"
"5201108";"Anápolis (GO)";"Total";"334613"
"5201108";"Anápolis (GO)";"Urbana";"328755"
"5201108";"Anápolis (GO)";"Rural";"5858"
"5201207";"Anhanguera (GO)";"Total";"1020"
"5201207";"Anhanguera (GO)";"Urbana";"955"
"5201207";"Anhanguera (GO)";"Rural";"65"
"5201306";"Anicuns (GO)";"Total";"20239"
"5201306";"Anicuns (GO)";"Urbana";"17311"
"5201306";"Anicuns (GO)";"Rural";"2928"
"5201405";"Aparecida de Goiânia (GO)";"Total";"455657"
"5201405";"Aparecida de Goiânia (GO)";"Urbana";"455193"
"5201405";"Aparecida de Goiânia (GO)";"Rural";"464"
"5201454";"Aparecida do Rio Doce (GO)";"Total";"2427"
"5201454";"Aparecida do Rio Doce (GO)";"Urbana";"1950"
"5201454";"Aparecida do Rio Doce (GO)";"Rural";"477"
"5201504";"Aporé (GO)";"Total";"3803"
"5201504";"Aporé (GO)";"Urbana";"2541"
"5201504";"Aporé (GO)";"Rural";"1262"
"5201603";"Araçu (GO)";"Total";"3802"
"5201603";"Araçu (GO)";"Urbana";"3357"
"5201603";"Araçu (GO)";"Rural";"445"
"5201702";"Aragarças (GO)";"Total";"18305"
"5201702";"Aragarças (GO)";"Urbana";"17617"
"5201702";"Aragarças (GO)";"Rural";"688"
"5201801";"Aragoiânia (GO)";"Total";"8365"
"5201801";"Aragoiânia (GO)";"Urbana";"5528"
"5201801";"Aragoiânia (GO)";"Rural";"2837"
"5202155";"Araguapaz (GO)";"Total";"7510"
"5202155";"Araguapaz (GO)";"Urbana";"5199"
"5202155";"Araguapaz (GO)";"Rural";"2311"
"5202353";"Arenópolis (GO)";"Total";"3277"
"5202353";"Arenópolis (GO)";"Urbana";"1919"
"5202353";"Arenópolis (GO)";"Rural";"1358"
"5202502";"Aruanã (GO)";"Total";"7496"
"5202502";"Aruanã (GO)";"Urbana";"6178"
"5202502";"Aruanã (GO)";"Rural";"1318"
"5202601";"Aurilândia (GO)";"Total";"3650"
"5202601";"Aurilândia (GO)";"Urbana";"2800"
"5202601";"Aurilândia (GO)";"Rural";"850"
"5202809";"Avelinópolis (GO)";"Total";"2450"
"5202809";"Avelinópolis (GO)";"Urbana";"1877"
"5202809";"Avelinópolis (GO)";"Rural";"573"
"5203104";"Baliza (GO)";"Total";"3714"
"5203104";"Baliza (GO)";"Urbana";"1094"
"5203104";"Baliza (GO)";"Rural";"2620"
"5203203";"Barro Alto (GO)";"Total";"8716"
"5203203";"Barro Alto (GO)";"Urbana";"6251"
"5203203";"Barro Alto (GO)";"Rural";"2465"
"5203302";"Bela Vista de Goiás (GO)";"Total";"24554"
"5203302";"Bela Vista de Goiás (GO)";"Urbana";"17955"
"5203302";"Bela Vista de Goiás (GO)";"Rural";"6599"
"5203401";"Bom Jardim de Goiás (GO)";"Total";"8423"
"5203401";"Bom Jardim de Goiás (GO)";"Urbana";"6349"
"5203401";"Bom Jardim de Goiás (GO)";"Rural";"2074"
"5203500";"Bom Jesus de Goiás (GO)";"Total";"20727"
"5203500";"Bom Jesus de Goiás (GO)";"Urbana";"19253"
"5203500";"Bom Jesus de Goiás (GO)";"Rural";"1474"
"5203559";"Bonfinópolis (GO)";"Total";"7536"
"5203559";"Bonfinópolis (GO)";"Urbana";"7021"
"5203559";"Bonfinópolis (GO)";"Rural";"515"
"5203575";"Bonópolis (GO)";"Total";"3503"
"5203575";"Bonópolis (GO)";"Urbana";"1301"
"5203575";"Bonópolis (GO)";"Rural";"2202"
"5203609";"Brazabrantes (GO)";"Total";"3232"
"5203609";"Brazabrantes (GO)";"Urbana";"2170"
"5203609";"Brazabrantes (GO)";"Rural";"1062"
"5203807";"Britânia (GO)";"Total";"5509"
"5203807";"Britânia (GO)";"Urbana";"4543"
"5203807";"Britânia (GO)";"Rural";"966"
"5203906";"Buriti Alegre (GO)";"Total";"9054"
"5203906";"Buriti Alegre (GO)";"Urbana";"8412"
"5203906";"Buriti Alegre (GO)";"Rural";"642"
"5203939";"Buriti de Goiás (GO)";"Total";"2560"
"5203939";"Buriti de Goiás (GO)";"Urbana";"1735"
"5203939";"Buriti de Goiás (GO)";"Rural";"825"
"5203962";"Buritinópolis (GO)";"Total";"3321"
"5203962";"Buritinópolis (GO)";"Urbana";"1885"
"5203962";"Buritinópolis (GO)";"Rural";"1436"
"5204003";"Cabeceiras (GO)";"Total";"7354"
"5204003";"Cabeceiras (GO)";"Urbana";"5505"
"5204003";"Cabeceiras (GO)";"Rural";"1849"
"5204102";"Cachoeira Alta (GO)";"Total";"10553"
"5204102";"Cachoeira Alta (GO)";"Urbana";"8382"
"5204102";"Cachoeira Alta (GO)";"Rural";"2171"
"5204201";"Cachoeira de Goiás (GO)";"Total";"1417"
"5204201";"Cachoeira de Goiás (GO)";"Urbana";"1171"
"5204201";"Cachoeira de Goiás (GO)";"Rural";"246"
"5204250";"Cachoeira Dourada (GO)";"Total";"8254"
"5204250";"Cachoeira Dourada (GO)";"Urbana";"5357"
"5204250";"Cachoeira Dourada (GO)";"Rural";"2897"
"5204300";"Caçu (GO)";"Total";"13283"
"5204300";"Caçu (GO)";"Urbana";"10735"
"5204300";"Caçu (GO)";"Rural";"2548"
"5204409";"Caiapônia (GO)";"Total";"16757"
"5204409";"Caiapônia (GO)";"Urbana";"12269"
"5204409";"Caiapônia (GO)";"Rural";"4488"
"5204508";"Caldas Novas (GO)";"Total";"70473"
"5204508";"Caldas Novas (GO)";"Urbana";"67714"
"5204508";"Caldas Novas (GO)";"Rural";"2759"
"5204557";"Caldazinha (GO)";"Total";"3325"
"5204557";"Caldazinha (GO)";"Urbana";"1918"
"5204557";"Caldazinha (GO)";"Rural";"1407"
"5204607";"Campestre de Goiás (GO)";"Total";"3387"
"5204607";"Campestre de Goiás (GO)";"Urbana";"2376"
"5204607";"Campestre de Goiás (GO)";"Rural";"1011"
"5204656";"Campinaçu (GO)";"Total";"3656"
"5204656";"Campinaçu (GO)";"Urbana";"2173"
"5204656";"Campinaçu (GO)";"Rural";"1483"
"5204706";"Campinorte (GO)";"Total";"11111"
"5204706";"Campinorte (GO)";"Urbana";"8995"
"5204706";"Campinorte (GO)";"Rural";"2116"
"5204805";"Campo Alegre de Goiás (GO)";"Total";"6060"
"5204805";"Campo Alegre de Goiás (GO)";"Urbana";"4481"
"5204805";"Campo Alegre de Goiás (GO)";"Rural";"1579"
"5204854";"Campo Limpo de Goiás (GO)";"Total";"6241"
"5204854";"Campo Limpo de Goiás (GO)";"Urbana";"5289"
"5204854";"Campo Limpo de Goiás (GO)";"Rural";"952"
"5204904";"Campos Belos (GO)";"Total";"18410"
"5204904";"Campos Belos (GO)";"Urbana";"16206"
"5204904";"Campos Belos (GO)";"Rural";"2204"
"5204953";"Campos Verdes (GO)";"Total";"5020"
"5204953";"Campos Verdes (GO)";"Urbana";"4476"
"5204953";"Campos Verdes (GO)";"Rural";"544"
"5205000";"Carmo do Rio Verde (GO)";"Total";"8928"
"5205000";"Carmo do Rio Verde (GO)";"Urbana";"7054"
"5205000";"Carmo do Rio Verde (GO)";"Rural";"1874"
"5205059";"Castelândia (GO)";"Total";"3638"
"5205059";"Castelândia (GO)";"Urbana";"3344"
"5205059";"Castelândia (GO)";"Rural";"294"
"5205109";"Catalão (GO)";"Total";"86647"
"5205109";"Catalão (GO)";"Urbana";"81064"
"5205109";"Catalão (GO)";"Rural";"5583"
"5205208";"Caturaí (GO)";"Total";"4686"
"5205208";"Caturaí (GO)";"Urbana";"3664"
"5205208";"Caturaí (GO)";"Rural";"1022"
"5205307";"Cavalcante (GO)";"Total";"9392"
"5205307";"Cavalcante (GO)";"Urbana";"4742"
"5205307";"Cavalcante (GO)";"Rural";"4650"
"5205406";"Ceres (GO)";"Total";"20722"
"5205406";"Ceres (GO)";"Urbana";"19790"
"5205406";"Ceres (GO)";"Rural";"932"
"5205455";"Cezarina (GO)";"Total";"7545"
"5205455";"Cezarina (GO)";"Urbana";"5595"
"5205455";"Cezarina (GO)";"Rural";"1950"
"5205471";"Chapadão do Céu (GO)";"Total";"7001"
"5205471";"Chapadão do Céu (GO)";"Urbana";"5878"
"5205471";"Chapadão do Céu (GO)";"Rural";"1123"
"5205497";"Cidade Ocidental (GO)";"Total";"55915"
"5205497";"Cidade Ocidental (GO)";"Urbana";"43654"
"5205497";"Cidade Ocidental (GO)";"Rural";"12261"
"5205513";"Cocalzinho de Goiás (GO)";"Total";"17407"
"5205513";"Cocalzinho de Goiás (GO)";"Urbana";"6444"
"5205513";"Cocalzinho de Goiás (GO)";"Rural";"10963"
"5205521";"Colinas do Sul (GO)";"Total";"3523"
"5205521";"Colinas do Sul (GO)";"Urbana";"2525"
"5205521";"Colinas do Sul (GO)";"Rural";"998"
"5205703";"Córrego do Ouro (GO)";"Total";"2632"
"5205703";"Córrego do Ouro (GO)";"Urbana";"1633"
"5205703";"Córrego do Ouro (GO)";"Rural";"999"
"5205802";"Corumbá de Goiás (GO)";"Total";"10361"
"5205802";"Corumbá de Goiás (GO)";"Urbana";"6416"
"5205802";"Corumbá de Goiás (GO)";"Rural";"3945"
"5205901";"Corumbaíba (GO)";"Total";"8181"
"5205901";"Corumbaíba (GO)";"Urbana";"6307"
"5205901";"Corumbaíba (GO)";"Rural";"1874"
"5206206";"Cristalina (GO)";"Total";"46580"
"5206206";"Cristalina (GO)";"Urbana";"38421"
"5206206";"Cristalina (GO)";"Rural";"8159"
"5206305";"Cristianópolis (GO)";"Total";"2932"
"5206305";"Cristianópolis (GO)";"Urbana";"2472"
"5206305";"Cristianópolis (GO)";"Rural";"460"
"5206404";"Crixás (GO)";"Total";"15760"
"5206404";"Crixás (GO)";"Urbana";"12318"
"5206404";"Crixás (GO)";"Rural";"3442"
"5206503";"Cromínia (GO)";"Total";"3555"
"5206503";"Cromínia (GO)";"Urbana";"2675"
"5206503";"Cromínia (GO)";"Rural";"880"
"5206602";"Cumari (GO)";"Total";"2964"
"5206602";"Cumari (GO)";"Urbana";"2419"
"5206602";"Cumari (GO)";"Rural";"545"
"5206701";"Damianópolis (GO)";"Total";"3292"
"5206701";"Damianópolis (GO)";"Urbana";"1853"
"5206701";"Damianópolis (GO)";"Rural";"1439"
"5206800";"Damolândia (GO)";"Total";"2747"
"5206800";"Damolândia (GO)";"Urbana";"2182"
"5206800";"Damolândia (GO)";"Rural";"565"
"5206909";"Davinópolis (GO)";"Total";"2056"
"5206909";"Davinópolis (GO)";"Urbana";"1400"
"5206909";"Davinópolis (GO)";"Rural";"656"
"5207105";"Diorama (GO)";"Total";"2479"
"5207105";"Diorama (GO)";"Urbana";"1506"
"5207105";"Diorama (GO)";"Rural";"973"
"5207253";"Doverlândia (GO)";"Total";"7892"
"5207253";"Doverlândia (GO)";"Urbana";"4916"
"5207253";"Doverlândia (GO)";"Rural";"2976"
"5207352";"Edealina (GO)";"Total";"3733"
"5207352";"Edealina (GO)";"Urbana";"2569"
"5207352";"Edealina (GO)";"Rural";"1164"
"5207402";"Edéia (GO)";"Total";"11266"
"5207402";"Edéia (GO)";"Urbana";"9538"
"5207402";"Edéia (GO)";"Rural";"1728"
"5207501";"Estrela do Norte (GO)";"Total";"3320"
"5207501";"Estrela do Norte (GO)";"Urbana";"2931"
"5207501";"Estrela do Norte (GO)";"Rural";"389"
"5207535";"Faina (GO)";"Total";"6983"
"5207535";"Faina (GO)";"Urbana";"3849"
"5207535";"Faina (GO)";"Rural";"3134"
"5207600";"Fazenda Nova (GO)";"Total";"6322"
"5207600";"Fazenda Nova (GO)";"Urbana";"4078"
"5207600";"Fazenda Nova (GO)";"Rural";"2244"
"5207808";"Firminópolis (GO)";"Total";"11580"
"5207808";"Firminópolis (GO)";"Urbana";"8778"
"5207808";"Firminópolis (GO)";"Rural";"2802"
"5207907";"Flores de Goiás (GO)";"Total";"12066"
"5207907";"Flores de Goiás (GO)";"Urbana";"3170"
"5207907";"Flores de Goiás (GO)";"Rural";"8896"
"5208004";"Formosa (GO)";"Total";"100085"
"5208004";"Formosa (GO)";"Urbana";"92023"
"5208004";"Formosa (GO)";"Rural";"8062"
"5208103";"Formoso (GO)";"Total";"4883"
"5208103";"Formoso (GO)";"Urbana";"3607"
"5208103";"Formoso (GO)";"Rural";"1276"
"5208152";"Gameleira de Goiás (GO)";"Total";"3275"
"5208152";"Gameleira de Goiás (GO)";"Urbana";"1094"
"5208152";"Gameleira de Goiás (GO)";"Rural";"2181"
"5208301";"Divinópolis de Goiás (GO)";"Total";"4962"
"5208301";"Divinópolis de Goiás (GO)";"Urbana";"3491"
"5208301";"Divinópolis de Goiás (GO)";"Rural";"1471"
"5208400";"Goianápolis (GO)";"Total";"10695"
"5208400";"Goianápolis (GO)";"Urbana";"9691"
"5208400";"Goianápolis (GO)";"Rural";"1004"
"5208509";"Goiandira (GO)";"Total";"5265"
"5208509";"Goiandira (GO)";"Urbana";"4538"
"5208509";"Goiandira (GO)";"Rural";"727"
"5208608";"Goianésia (GO)";"Total";"59549"
"5208608";"Goianésia (GO)";"Urbana";"55660"
"5208608";"Goianésia (GO)";"Rural";"3889"
"5208707";"Goiânia (GO)";"Total";"1302001"
"5208707";"Goiânia (GO)";"Urbana";"1297076"
"5208707";"Goiânia (GO)";"Rural";"4925"
"5208806";"Goianira (GO)";"Total";"34060"
"5208806";"Goianira (GO)";"Urbana";"33451"
"5208806";"Goianira (GO)";"Rural";"609"
"5208905";"Goiás (GO)";"Total";"24727"
"5208905";"Goiás (GO)";"Urbana";"18638"
"5208905";"Goiás (GO)";"Rural";"6089"
"5209101";"Goiatuba (GO)";"Total";"32492"
"5209101";"Goiatuba (GO)";"Urbana";"29941"
"5209101";"Goiatuba (GO)";"Rural";"2551"
"5209150";"Gouvelândia (GO)";"Total";"4949"
"5209150";"Gouvelândia (GO)";"Urbana";"3895"
"5209150";"Gouvelândia (GO)";"Rural";"1054"
"5209200";"Guapó (GO)";"Total";"13976"
"5209200";"Guapó (GO)";"Urbana";"11333"
"5209200";"Guapó (GO)";"Rural";"2643"
"5209291";"Guaraíta (GO)";"Total";"2376"
"5209291";"Guaraíta (GO)";"Urbana";"1442"
"5209291";"Guaraíta (GO)";"Rural";"934"
"5209408";"Guarani de Goiás (GO)";"Total";"4258"
"5209408";"Guarani de Goiás (GO)";"Urbana";"1763"
"5209408";"Guarani de Goiás (GO)";"Rural";"2495"
"5209457";"Guarinos (GO)";"Total";"2299"
"5209457";"Guarinos (GO)";"Urbana";"1131"
"5209457";"Guarinos (GO)";"Rural";"1168"
"5209606";"Heitoraí (GO)";"Total";"3571"
"5209606";"Heitoraí (GO)";"Urbana";"2645"
"5209606";"Heitoraí (GO)";"Rural";"926"
"5209705";"Hidrolândia (GO)";"Total";"17398"
"5209705";"Hidrolândia (GO)";"Urbana";"10470"
"5209705";"Hidrolândia (GO)";"Rural";"6928"
"5209804";"Hidrolina (GO)";"Total";"4029"
"5209804";"Hidrolina (GO)";"Urbana";"2980"
"5209804";"Hidrolina (GO)";"Rural";"1049"
"5209903";"Iaciara (GO)";"Total";"12427"
"5209903";"Iaciara (GO)";"Urbana";"9300"
"5209903";"Iaciara (GO)";"Rural";"3127"
"5209937";"Inaciolândia (GO)";"Total";"5699"
"5209937";"Inaciolândia (GO)";"Urbana";"4815"
"5209937";"Inaciolândia (GO)";"Rural";"884"
"5209952";"Indiara (GO)";"Total";"13687"
"5209952";"Indiara (GO)";"Urbana";"11654"
"5209952";"Indiara (GO)";"Rural";"2033"
"5210000";"Inhumas (GO)";"Total";"48246"
"5210000";"Inhumas (GO)";"Urbana";"45103"
"5210000";"Inhumas (GO)";"Rural";"3143"
"5210109";"Ipameri (GO)";"Total";"24735"
"5210109";"Ipameri (GO)";"Urbana";"21336"
"5210109";"Ipameri (GO)";"Rural";"3399"
"5210158";"Ipiranga de Goiás (GO)";"Total";"2844"
"5210158";"Ipiranga de Goiás (GO)";"Urbana";"1272"
"5210158";"Ipiranga de Goiás (GO)";"Rural";"1572"
"5210208";"Iporá (GO)";"Total";"31274"
"5210208";"Iporá (GO)";"Urbana";"28545"
"5210208";"Iporá (GO)";"Rural";"2729"
"5210307";"Israelândia (GO)";"Total";"2887"
"5210307";"Israelândia (GO)";"Urbana";"2249"
"5210307";"Israelândia (GO)";"Rural";"638"
"5210406";"Itaberaí (GO)";"Total";"35371"
"5210406";"Itaberaí (GO)";"Urbana";"29784"
"5210406";"Itaberaí (GO)";"Rural";"5587"
"5210562";"Itaguari (GO)";"Total";"4513"
"5210562";"Itaguari (GO)";"Urbana";"3968"
"5210562";"Itaguari (GO)";"Rural";"545"
"5210604";"Itaguaru (GO)";"Total";"5437"
"5210604";"Itaguaru (GO)";"Urbana";"4521"
"5210604";"Itaguaru (GO)";"Rural";"916"
"5210802";"Itajá (GO)";"Total";"5062"
"5210802";"Itajá (GO)";"Urbana";"3740"
"5210802";"Itajá (GO)";"Rural";"1322"
"5210901";"Itapaci (GO)";"Total";"18458"
"5210901";"Itapaci (GO)";"Urbana";"16675"
"5210901";"Itapaci (GO)";"Rural";"1783"
"5211008";"Itapirapuã (GO)";"Total";"7835"
"5211008";"Itapirapuã (GO)";"Urbana";"5536"
"5211008";"Itapirapuã (GO)";"Rural";"2299"
"5211206";"Itapuranga (GO)";"Total";"26125"
"5211206";"Itapuranga (GO)";"Urbana";"21235"
"5211206";"Itapuranga (GO)";"Rural";"4890"
"5211305";"Itarumã (GO)";"Total";"6300"
"5211305";"Itarumã (GO)";"Urbana";"4078"
"5211305";"Itarumã (GO)";"Rural";"2222"
"5211404";"Itauçu (GO)";"Total";"8575"
"5211404";"Itauçu (GO)";"Urbana";"6461"
"5211404";"Itauçu (GO)";"Rural";"2114"
"5211503";"Itumbiara (GO)";"Total";"92883"
"5211503";"Itumbiara (GO)";"Urbana";"88942"
"5211503";"Itumbiara (GO)";"Rural";"3941"
"5211602";"Ivolândia (GO)";"Total";"2663"
"5211602";"Ivolândia (GO)";"Urbana";"1535"
"5211602";"Ivolândia (GO)";"Rural";"1128"
"5211701";"Jandaia (GO)";"Total";"6164"
"5211701";"Jandaia (GO)";"Urbana";"4154"
"5211701";"Jandaia (GO)";"Rural";"2010"
"5211800";"Jaraguá (GO)";"Total";"41870"
"5211800";"Jaraguá (GO)";"Urbana";"35328"
"5211800";"Jaraguá (GO)";"Rural";"6542"
"5211909";"Jataí (GO)";"Total";"88006"
"5211909";"Jataí (GO)";"Urbana";"81010"
"5211909";"Jataí (GO)";"Rural";"6996"
"5212006";"Jaupaci (GO)";"Total";"3000"
"5212006";"Jaupaci (GO)";"Urbana";"2358"
"5212006";"Jaupaci (GO)";"Rural";"642"
"5212055";"Jesúpolis (GO)";"Total";"2300"
"5212055";"Jesúpolis (GO)";"Urbana";"1834"
"5212055";"Jesúpolis (GO)";"Rural";"466"
"5212105";"Joviânia (GO)";"Total";"7118"
"5212105";"Joviânia (GO)";"Urbana";"6472"
"5212105";"Joviânia (GO)";"Rural";"646"
"5212204";"Jussara (GO)";"Total";"19153"
"5212204";"Jussara (GO)";"Urbana";"15207"
"5212204";"Jussara (GO)";"Rural";"3946"
"5212253";"Lagoa Santa (GO)";"Total";"1254"
"5212253";"Lagoa Santa (GO)";"Urbana";"776"
"5212253";"Lagoa Santa (GO)";"Rural";"478"
"5212303";"Leopoldo de Bulhões (GO)";"Total";"7882"
"5212303";"Leopoldo de Bulhões (GO)";"Urbana";"4843"
"5212303";"Leopoldo de Bulhões (GO)";"Rural";"3039"
"5212501";"Luziânia (GO)";"Total";"174531"
"5212501";"Luziânia (GO)";"Urbana";"162807"
"5212501";"Luziânia (GO)";"Rural";"11724"
"5212600";"Mairipotaba (GO)";"Total";"2374"
"5212600";"Mairipotaba (GO)";"Urbana";"1570"
"5212600";"Mairipotaba (GO)";"Rural";"804"
"5212709";"Mambaí (GO)";"Total";"6871"
"5212709";"Mambaí (GO)";"Urbana";"4802"
"5212709";"Mambaí (GO)";"Rural";"2069"
"5212808";"Mara Rosa (GO)";"Total";"10649"
"5212808";"Mara Rosa (GO)";"Urbana";"7961"
"5212808";"Mara Rosa (GO)";"Rural";"2688"
"5212907";"Marzagão (GO)";"Total";"2072"
"5212907";"Marzagão (GO)";"Urbana";"1804"
"5212907";"Marzagão (GO)";"Rural";"268"
"5212956";"Matrinchã (GO)";"Total";"4414"
"5212956";"Matrinchã (GO)";"Urbana";"2995"
"5212956";"Matrinchã (GO)";"Rural";"1419"
"5213004";"Maurilândia (GO)";"Total";"11521"
"5213004";"Maurilândia (GO)";"Urbana";"11120"
"5213004";"Maurilândia (GO)";"Rural";"401"
"5213053";"Mimoso de Goiás (GO)";"Total";"2685"
"5213053";"Mimoso de Goiás (GO)";"Urbana";"1242"
"5213053";"Mimoso de Goiás (GO)";"Rural";"1443"
"5213087";"Minaçu (GO)";"Total";"31154"
"5213087";"Minaçu (GO)";"Urbana";"26554"
"5213087";"Minaçu (GO)";"Rural";"4600"
"5213103";"Mineiros (GO)";"Total";"52935"
"5213103";"Mineiros (GO)";"Urbana";"48286"
"5213103";"Mineiros (GO)";"Rural";"4649"
"5213400";"Moiporá (GO)";"Total";"1763"
"5213400";"Moiporá (GO)";"Urbana";"1133"
"5213400";"Moiporá (GO)";"Rural";"630"
"5213509";"Monte Alegre de Goiás (GO)";"Total";"7730"
"5213509";"Monte Alegre de Goiás (GO)";"Urbana";"3164"
"5213509";"Monte Alegre de Goiás (GO)";"Rural";"4566"
"5213707";"Montes Claros de Goiás (GO)";"Total";"7987"
"5213707";"Montes Claros de Goiás (GO)";"Urbana";"5325"
"5213707";"Montes Claros de Goiás (GO)";"Rural";"2662"
"5213756";"Montividiu (GO)";"Total";"10572"
"5213756";"Montividiu (GO)";"Urbana";"8584"
"5213756";"Montividiu (GO)";"Rural";"1988"
"5213772";"Montividiu do Norte (GO)";"Total";"4122"
"5213772";"Montividiu do Norte (GO)";"Urbana";"1347"
"5213772";"Montividiu do Norte (GO)";"Rural";"2775"
"5213806";"Morrinhos (GO)";"Total";"41460"
"5213806";"Morrinhos (GO)";"Urbana";"35959"
"5213806";"Morrinhos (GO)";"Rural";"5501"
"5213855";"Morro Agudo de Goiás (GO)";"Total";"2356"
"5213855";"Morro Agudo de Goiás (GO)";"Urbana";"1649"
"5213855";"Morro Agudo de Goiás (GO)";"Rural";"707"
"5213905";"Mossâmedes (GO)";"Total";"5007"
"5213905";"Mossâmedes (GO)";"Urbana";"3275"
"5213905";"Mossâmedes (GO)";"Rural";"1732"
"5214002";"Mozarlândia (GO)";"Total";"13404"
"5214002";"Mozarlândia (GO)";"Urbana";"12161"
"5214002";"Mozarlândia (GO)";"Rural";"1243"
"5214051";"Mundo Novo (GO)";"Total";"6438"
"5214051";"Mundo Novo (GO)";"Urbana";"3767"
"5214051";"Mundo Novo (GO)";"Rural";"2671"
"5214101";"Mutunópolis (GO)";"Total";"3849"
"5214101";"Mutunópolis (GO)";"Urbana";"2540"
"5214101";"Mutunópolis (GO)";"Rural";"1309"
"5214408";"Nazário (GO)";"Total";"7874"
"5214408";"Nazário (GO)";"Urbana";"6187"
"5214408";"Nazário (GO)";"Rural";"1687"
"5214507";"Nerópolis (GO)";"Total";"24210"
"5214507";"Nerópolis (GO)";"Urbana";"23229"
"5214507";"Nerópolis (GO)";"Rural";"981"
"5214606";"Niquelândia (GO)";"Total";"42361"
"5214606";"Niquelândia (GO)";"Urbana";"33343"
"5214606";"Niquelândia (GO)";"Rural";"9018"
"5214705";"Nova América (GO)";"Total";"2259"
"5214705";"Nova América (GO)";"Urbana";"1647"
"5214705";"Nova América (GO)";"Rural";"612"
"5214804";"Nova Aurora (GO)";"Total";"2062"
"5214804";"Nova Aurora (GO)";"Urbana";"1873"
"5214804";"Nova Aurora (GO)";"Rural";"189"
"5214838";"Nova Crixás (GO)";"Total";"11927"
"5214838";"Nova Crixás (GO)";"Urbana";"7728"
"5214838";"Nova Crixás (GO)";"Rural";"4199"
"5214861";"Nova Glória (GO)";"Total";"8508"
"5214861";"Nova Glória (GO)";"Urbana";"5730"
"5214861";"Nova Glória (GO)";"Rural";"2778"
"5214879";"Nova Iguaçu de Goiás (GO)";"Total";"2826"
"5214879";"Nova Iguaçu de Goiás (GO)";"Urbana";"2024"
"5214879";"Nova Iguaçu de Goiás (GO)";"Rural";"802"
"5214903";"Nova Roma (GO)";"Total";"3471"
"5214903";"Nova Roma (GO)";"Urbana";"1426"
"5214903";"Nova Roma (GO)";"Rural";"2045"
"5215009";"Nova Veneza (GO)";"Total";"8129"
"5215009";"Nova Veneza (GO)";"Urbana";"7026"
"5215009";"Nova Veneza (GO)";"Rural";"1103"
"5215207";"Novo Brasil (GO)";"Total";"3519"
"5215207";"Novo Brasil (GO)";"Urbana";"2274"
"5215207";"Novo Brasil (GO)";"Rural";"1245"
"5215231";"Novo Gama (GO)";"Total";"95018"
"5215231";"Novo Gama (GO)";"Urbana";"93971"
"5215231";"Novo Gama (GO)";"Rural";"1047"
"5215256";"Novo Planalto (GO)";"Total";"3956"
"5215256";"Novo Planalto (GO)";"Urbana";"2587"
"5215256";"Novo Planalto (GO)";"Rural";"1369"
"5215306";"Orizona (GO)";"Total";"14300"
"5215306";"Orizona (GO)";"Urbana";"7975"
"5215306";"Orizona (GO)";"Rural";"6325"
"5215405";"Ouro Verde de Goiás (GO)";"Total";"4034"
"5215405";"Ouro Verde de Goiás (GO)";"Urbana";"2683"
"5215405";"Ouro Verde de Goiás (GO)";"Rural";"1351"
"5215504";"Ouvidor (GO)";"Total";"5467"
"5215504";"Ouvidor (GO)";"Urbana";"4810"
"5215504";"Ouvidor (GO)";"Rural";"657"
"5215603";"Padre Bernardo (GO)";"Total";"27671"
"5215603";"Padre Bernardo (GO)";"Urbana";"10786"
"5215603";"Padre Bernardo (GO)";"Rural";"16885"
"5215652";"Palestina de Goiás (GO)";"Total";"3371"
"5215652";"Palestina de Goiás (GO)";"Urbana";"2180"
"5215652";"Palestina de Goiás (GO)";"Rural";"1191"
"5215702";"Palmeiras de Goiás (GO)";"Total";"23338"
"5215702";"Palmeiras de Goiás (GO)";"Urbana";"19166"
"5215702";"Palmeiras de Goiás (GO)";"Rural";"4172"
"5215801";"Palmelo (GO)";"Total";"2335"
"5215801";"Palmelo (GO)";"Urbana";"2216"
"5215801";"Palmelo (GO)";"Rural";"119"
"5215900";"Palminópolis (GO)";"Total";"3557"
"5215900";"Palminópolis (GO)";"Urbana";"2699"
"5215900";"Palminópolis (GO)";"Rural";"858"
"5216007";"Panamá (GO)";"Total";"2682"
"5216007";"Panamá (GO)";"Urbana";"2035"
"5216007";"Panamá (GO)";"Rural";"647"
"5216304";"Paranaiguara (GO)";"Total";"9100"
"5216304";"Paranaiguara (GO)";"Urbana";"8388"
"5216304";"Paranaiguara (GO)";"Rural";"712"
"5216403";"Paraúna (GO)";"Total";"10863"
"5216403";"Paraúna (GO)";"Urbana";"7987"
"5216403";"Paraúna (GO)";"Rural";"2876"
"5216452";"Perolândia (GO)";"Total";"2950"
"5216452";"Perolândia (GO)";"Urbana";"1859"
"5216452";"Perolândia (GO)";"Rural";"1091"
"5216809";"Petrolina de Goiás (GO)";"Total";"10283"
"5216809";"Petrolina de Goiás (GO)";"Urbana";"6683"
"5216809";"Petrolina de Goiás (GO)";"Rural";"3600"
"5216908";"Pilar de Goiás (GO)";"Total";"2773"
"5216908";"Pilar de Goiás (GO)";"Urbana";"1201"
"5216908";"Pilar de Goiás (GO)";"Rural";"1572"
"5217104";"Piracanjuba (GO)";"Total";"24026"
"5217104";"Piracanjuba (GO)";"Urbana";"17551"
"5217104";"Piracanjuba (GO)";"Rural";"6475"
"5217203";"Piranhas (GO)";"Total";"11266"
"5217203";"Piranhas (GO)";"Urbana";"9071"
"5217203";"Piranhas (GO)";"Rural";"2195"
"5217302";"Pirenópolis (GO)";"Total";"23006"
"5217302";"Pirenópolis (GO)";"Urbana";"15563"
"5217302";"Pirenópolis (GO)";"Rural";"7443"
"5217401";"Pires do Rio (GO)";"Total";"28762"
"5217401";"Pires do Rio (GO)";"Urbana";"27094"
"5217401";"Pires do Rio (GO)";"Rural";"1668"
"5217609";"Planaltina (GO)";"Total";"81649"
"5217609";"Planaltina (GO)";"Urbana";"77582"
"5217609";"Planaltina (GO)";"Rural";"4067"
"5217708";"Pontalina (GO)";"Total";"17121"
"5217708";"Pontalina (GO)";"Urbana";"13897"
"5217708";"Pontalina (GO)";"Rural";"3224"
"5218003";"Porangatu (GO)";"Total";"42355"
"5218003";"Porangatu (GO)";"Urbana";"35731"
"5218003";"Porangatu (GO)";"Rural";"6624"
"5218052";"Porteirão (GO)";"Total";"3347"
"5218052";"Porteirão (GO)";"Urbana";"2929"
"5218052";"Porteirão (GO)";"Rural";"418"
"5218102";"Portelândia (GO)";"Total";"3839"
"5218102";"Portelândia (GO)";"Urbana";"3110"
"5218102";"Portelândia (GO)";"Rural";"729"
"5218300";"Posse (GO)";"Total";"31419"
"5218300";"Posse (GO)";"Urbana";"23939"
"5218300";"Posse (GO)";"Rural";"7480"
"5218391";"Professor Jamil (GO)";"Total";"3239"
"5218391";"Professor Jamil (GO)";"Urbana";"2261"
"5218391";"Professor Jamil (GO)";"Rural";"978"
"5218508";"Quirinópolis (GO)";"Total";"43220"
"5218508";"Quirinópolis (GO)";"Urbana";"38163"
"5218508";"Quirinópolis (GO)";"Rural";"5057"
"5218607";"Rialma (GO)";"Total";"10523"
"5218607";"Rialma (GO)";"Urbana";"9798"
"5218607";"Rialma (GO)";"Rural";"725"
"5218706";"Rianápolis (GO)";"Total";"4566"
"5218706";"Rianápolis (GO)";"Urbana";"4081"
"5218706";"Rianápolis (GO)";"Rural";"485"
"5218789";"Rio Quente (GO)";"Total";"3312"
"5218789";"Rio Quente (GO)";"Urbana";"2839"
"5218789";"Rio Quente (GO)";"Rural";"473"
"5218805";"Rio Verde (GO)";"Total";"176424"
"5218805";"Rio Verde (GO)";"Urbana";"163540"
"5218805";"Rio Verde (GO)";"Rural";"12884"
"5218904";"Rubiataba (GO)";"Total";"18915"
"5218904";"Rubiataba (GO)";"Urbana";"16184"
"5218904";"Rubiataba (GO)";"Rural";"2731"
"5219001";"Sanclerlândia (GO)";"Total";"7550"
"5219001";"Sanclerlândia (GO)";"Urbana";"6068"
"5219001";"Sanclerlândia (GO)";"Rural";"1482"
"5219100";"Santa Bárbara de Goiás (GO)";"Total";"5751"
"5219100";"Santa Bárbara de Goiás (GO)";"Urbana";"5206"
"5219100";"Santa Bárbara de Goiás (GO)";"Rural";"545"
"5219209";"Santa Cruz de Goiás (GO)";"Total";"3142"
"5219209";"Santa Cruz de Goiás (GO)";"Urbana";"981"
"5219209";"Santa Cruz de Goiás (GO)";"Rural";"2161"
"5219258";"Santa Fé de Goiás (GO)";"Total";"4762"
"5219258";"Santa Fé de Goiás (GO)";"Urbana";"3811"
"5219258";"Santa Fé de Goiás (GO)";"Rural";"951"
"5219308";"Santa Helena de Goiás (GO)";"Total";"36469"
"5219308";"Santa Helena de Goiás (GO)";"Urbana";"34815"
"5219308";"Santa Helena de Goiás (GO)";"Rural";"1654"
"5219357";"Santa Isabel (GO)";"Total";"3686"
"5219357";"Santa Isabel (GO)";"Urbana";"1367"
"5219357";"Santa Isabel (GO)";"Rural";"2319"
"5219407";"Santa Rita do Araguaia (GO)";"Total";"6924"
"5219407";"Santa Rita do Araguaia (GO)";"Urbana";"6159"
"5219407";"Santa Rita do Araguaia (GO)";"Rural";"765"
"5219456";"Santa Rita do Novo Destino (GO)";"Total";"3173"
"5219456";"Santa Rita do Novo Destino (GO)";"Urbana";"1113"
"5219456";"Santa Rita do Novo Destino (GO)";"Rural";"2060"
"5219506";"Santa Rosa de Goiás (GO)";"Total";"2909"
"5219506";"Santa Rosa de Goiás (GO)";"Urbana";"2177"
"5219506";"Santa Rosa de Goiás (GO)";"Rural";"732"
"5219605";"Santa Tereza de Goiás (GO)";"Total";"3995"
"5219605";"Santa Tereza de Goiás (GO)";"Urbana";"3355"
"5219605";"Santa Tereza de Goiás (GO)";"Rural";"640"
"5219704";"Santa Terezinha de Goiás (GO)";"Total";"10302"
"5219704";"Santa Terezinha de Goiás (GO)";"Urbana";"7768"
"5219704";"Santa Terezinha de Goiás (GO)";"Rural";"2534"
"5219712";"Santo Antônio da Barra (GO)";"Total";"4423"
"5219712";"Santo Antônio da Barra (GO)";"Urbana";"3372"
"5219712";"Santo Antônio da Barra (GO)";"Rural";"1051"
"5219738";"Santo Antônio de Goiás (GO)";"Total";"4703"
"5219738";"Santo Antônio de Goiás (GO)";"Urbana";"4271"
"5219738";"Santo Antônio de Goiás (GO)";"Rural";"432"
"5219753";"Santo Antônio do Descoberto (GO)";"Total";"63248"
"5219753";"Santo Antônio do Descoberto (GO)";"Urbana";"56808"
"5219753";"Santo Antônio do Descoberto (GO)";"Rural";"6440"
"5219803";"São Domingos (GO)";"Total";"11272"
"5219803";"São Domingos (GO)";"Urbana";"5774"
"5219803";"São Domingos (GO)";"Rural";"5498"
"5219902";"São Francisco de Goiás (GO)";"Total";"6120"
"5219902";"São Francisco de Goiás (GO)";"Urbana";"4464"
"5219902";"São Francisco de Goiás (GO)";"Rural";"1656"
"5220009";"São João d'Aliança (GO)";"Total";"10257"
"5220009";"São João d'Aliança (GO)";"Urbana";"6724"
"5220009";"São João d'Aliança (GO)";"Rural";"3533"
"5220058";"São João da Paraúna (GO)";"Total";"1689"
"5220058";"São João da Paraúna (GO)";"Urbana";"1277"
"5220058";"São João da Paraúna (GO)";"Rural";"412"
"5220108";"São Luís de Montes Belos (GO)";"Total";"30034"
"5220108";"São Luís de Montes Belos (GO)";"Urbana";"26585"
"5220108";"São Luís de Montes Belos (GO)";"Rural";"3449"
"5220157";"São Luiz do Norte (GO)";"Total";"4617"
"5220157";"São Luiz do Norte (GO)";"Urbana";"3908"
"5220157";"São Luiz do Norte (GO)";"Rural";"709"
"5220207";"São Miguel do Araguaia (GO)";"Total";"22283"
"5220207";"São Miguel do Araguaia (GO)";"Urbana";"17661"
"5220207";"São Miguel do Araguaia (GO)";"Rural";"4622"
"5220264";"São Miguel do Passa Quatro (GO)";"Total";"3757"
"5220264";"São Miguel do Passa Quatro (GO)";"Urbana";"2074"
"5220264";"São Miguel do Passa Quatro (GO)";"Rural";"1683"
"5220280";"São Patrício (GO)";"Total";"1991"
"5220280";"São Patrício (GO)";"Urbana";"1171"
"5220280";"São Patrício (GO)";"Rural";"820"
"5220405";"São Simão (GO)";"Total";"17088"
"5220405";"São Simão (GO)";"Urbana";"16309"
"5220405";"São Simão (GO)";"Rural";"779"
"5220454";"Senador Canedo (GO)";"Total";"84443"
"5220454";"Senador Canedo (GO)";"Urbana";"84111"
"5220454";"Senador Canedo (GO)";"Rural";"332"
"5220504";"Serranópolis (GO)";"Total";"7481"
"5220504";"Serranópolis (GO)";"Urbana";"5534"
"5220504";"Serranópolis (GO)";"Rural";"1947"
"5220603";"Silvânia (GO)";"Total";"19089"
"5220603";"Silvânia (GO)";"Urbana";"12669"
"5220603";"Silvânia (GO)";"Rural";"6420"
"5220686";"Simolândia (GO)";"Total";"6514"
"5220686";"Simolândia (GO)";"Urbana";"5378"
"5220686";"Simolândia (GO)";"Rural";"1136"
"5220702";"Sítio d'Abadia (GO)";"Total";"2825"
"5220702";"Sítio d'Abadia (GO)";"Urbana";"994"
"5220702";"Sítio d'Abadia (GO)";"Rural";"1831"
"5221007";"Taquaral de Goiás (GO)";"Total";"3541"
"5221007";"Taquaral de Goiás (GO)";"Urbana";"2881"
"5221007";"Taquaral de Goiás (GO)";"Rural";"660"
"5221080";"Teresina de Goiás (GO)";"Total";"3016"
"5221080";"Teresina de Goiás (GO)";"Urbana";"2134"
"5221080";"Teresina de Goiás (GO)";"Rural";"882"
"5221197";"Terezópolis de Goiás (GO)";"Total";"6561"
"5221197";"Terezópolis de Goiás (GO)";"Urbana";"5677"
"5221197";"Terezópolis de Goiás (GO)";"Rural";"884"
"5221304";"Três Ranchos (GO)";"Total";"2819"
"5221304";"Três Ranchos (GO)";"Urbana";"2488"
"5221304";"Três Ranchos (GO)";"Rural";"331"
"5221403";"Trindade (GO)";"Total";"104488"
"5221403";"Trindade (GO)";"Urbana";"100106"
"5221403";"Trindade (GO)";"Rural";"4382"
"5221452";"Trombas (GO)";"Total";"3452"
"5221452";"Trombas (GO)";"Urbana";"2194"
"5221452";"Trombas (GO)";"Rural";"1258"
"5221502";"Turvânia (GO)";"Total";"4839"
"5221502";"Turvânia (GO)";"Urbana";"3891"
"5221502";"Turvânia (GO)";"Rural";"948"
"5221551";"Turvelândia (GO)";"Total";"4399"
"5221551";"Turvelândia (GO)";"Urbana";"3138"
"5221551";"Turvelândia (GO)";"Rural";"1261"
"5221577";"Uirapuru (GO)";"Total";"2933"
"5221577";"Uirapuru (GO)";"Urbana";"1464"
"5221577";"Uirapuru (GO)";"Rural";"1469"
"5221601";"Uruaçu (GO)";"Total";"36929"
"5221601";"Uruaçu (GO)";"Urbana";"33796"
"5221601";"Uruaçu (GO)";"Rural";"3133"
"5221700";"Uruana (GO)";"Total";"13826"
"5221700";"Uruana (GO)";"Urbana";"11232"
"5221700";"Uruana (GO)";"Rural";"2594"
"5221809";"Urutaí (GO)";"Total";"3074"
"5221809";"Urutaí (GO)";"Urbana";"2162"
"5221809";"Urutaí (GO)";"Rural";"912"
"5221858";"Valparaíso de Goiás (GO)";"Total";"132982"
"5221858";"Valparaíso de Goiás (GO)";"Urbana";"132982"
"5221858";"Valparaíso de Goiás (GO)";"Rural";"-"
"5221908";"Varjão (GO)";"Total";"3659"
"5221908";"Varjão (GO)";"Urbana";"2243"
"5221908";"Varjão (GO)";"Rural";"1416"
"5222005";"Vianópolis (GO)";"Total";"12548"
"5222005";"Vianópolis (GO)";"Urbana";"9170"
"5222005";"Vianópolis (GO)";"Rural";"3378"
"5222054";"Vicentinópolis (GO)";"Total";"7371"
"5222054";"Vicentinópolis (GO)";"Urbana";"6321"
"5222054";"Vicentinópolis (GO)";"Rural";"1050"
"5222203";"Vila Boa (GO)";"Total";"4735"
"5222203";"Vila Boa (GO)";"Urbana";"3502"
"5222203";"Vila Boa (GO)";"Rural";"1233"
"5222302";"Vila Propício (GO)";"Total";"5145"
"5222302";"Vila Propício (GO)";"Urbana";"1504"
"5222302";"Vila Propício (GO)";"Rural";"3641"
"5300108";"Brasília (DF)";"Total";"2570160"
"5300108";"Brasília (DF)";"Urbana";"2482210"
"5300108";"Brasília (DF)";"Rural";"87950"
"Fonte: IBGE - Censo Demográfico"

"Notas"
"Para os anos de 1970 e 1980:"
"1 - Dados da Amostra
Para os anos de 1991, 2000 e 2010:"
"1 - Nem todos os municípios possuem subdistritos e bairros."
"2 - A RIDE Petrolina/Juazeiro (Região Integrada de Desenvolvimento do Polo Petrolina/PE e Juazeiro/BA) é composta por municípios das unidades da federação Pernambuco e Bahia;"
"3 - A RIDE Grande Teresina (Região Integrada de Desenvolvimento da Grande Teresina) é composta por municípios das unidades da federação Maranhão e Piauí;"
"4 - A RIDE Distrito Federal e ent Entorno (Região Integrada de Desenvolvimento do Distrito Federal e Entorno) é composta por municípios das unidades da federação Minas Gerais, Goiás e Distrito Federal."
"5 - De acordo com a legislação vigente, alguns subdistritos estão contidos em mais de um distrito, conforme listado abaixo:
Município de Fortaleza:
Subdistrito Antonio Bezerra faz parte dos distritos Fortaleza e Antonio Bezerra
Subdistrito Conjunto Ceará faz parte dos distritos Antonio Bezerra e Mondubim
Município de Cuiabá:
Subdistritos Administração Regional Centro-Leste e Administração Regional do
 Norte fazem parte dos distritos Cuiabá e Coxipó da Ponte
Município de Belo Horizonte:
Subdistrito Oeste faz parte dos distritos Belo Horizonte e Barreiro
Subdistritos Nordeste, Pampulha e Venda Nova fazem parte dos distritos
 Belo Horizonte e Venda Nova"
"6 - Dados do Universo"
""
"Legenda"
"Símbolo";"Significado"
"-";"Zero absoluto, não resultante de um cálculo ou arredondamento.
Ex: Em determinado município não existem pessoas de 14 anos de idade sem instrução."
"0";"Zero resultante de um cálculo ou arredondamento.
Ex: A inflação do feijão em determinada Região Metropolitana foi 0.
Determinado município produziu 400 kg de sementes de girassol e os dados da tabela são expressos em toneladas."
"X";"Valor inibido para não identificar o informante.
Ex: Determinado município só possui uma empresa produtora de cimento, logo o valor de sua produção deve ser inibido."
"..";"Valor não se aplica.
Ex: Não se pode obter o total da produção agrícola em determinado município quando os produtos agrícolas são contabilizados com unidades de medida distintas."
"...";"Valor não disponível.
Ex: A produção de feijão em determinado município não foi pesquisada ou determinado município não existia no ano da pesquisa."
"A a Z
(exceto X)";"Significa uma faixa de valores. Varia em função da tabela (se for o caso).
Ex: O nível de precisão da produção estimada de combustíveis está na faixa A (95 a 100%)"
