"id_municipio";"Município";"Forma de declaração da idade";"Total";"0 a 4 anos";"5 a 9 anos";"10 a 14 anos";"15 a 19 anos";"20 a 24 anos";"65 a 69 anos";"70 a 74 anos";"75 a 79 anos";"80 a 84 anos";"85 a 89 anos";"90 a 94 anos";"95 a 99 anos";"100 anos ou mais"
"1100015";"Alta Floresta D'Oeste (RO)";"Total";"21494";"1564";"1522";"1541";"1666";"1532";"794";"518";"353";"219";"128";"46";"5";"1"
"1100023";"Ariquemes (RO)";"Total";"96833";"6946";"7201";"6957";"7691";"8328";"2793";"1950";"1254";"809";"355";"114";"25";"5"
"1100031";"Cabixi (RO)";"Total";"5351";"331";"350";"415";"375";"249";"276";"169";"112";"83";"54";"9";"-";"-"
"1100049";"Cacoal (RO)";"Total";"86887";"5792";"5833";"5843";"6332";"7383";"2890";"1967";"1291";"806";"419";"173";"40";"12"
"1100056";"Cerejeiras (RO)";"Total";"15890";"1166";"1148";"1064";"1142";"1051";"548";"442";"296";"173";"93";"32";"4";"-"
"1100064";"Colorado do Oeste (RO)";"Total";"15663";"983";"1054";"1048";"1088";"1036";"665";"506";"318";"213";"110";"44";"11";"3"
"1100072";"Corumbiara (RO)";"Total";"7519";"521";"533";"477";"530";"494";"275";"182";"124";"67";"29";"13";"-";"2"
"1100080";"Costa Marques (RO)";"Total";"12627";"1033";"1066";"1088";"1180";"999";"340";"244";"144";"82";"34";"22";"6";"2"
"1100098";"Espigão D'Oeste (RO)";"Total";"29414";"2132";"2116";"2089";"2254";"2266";"975";"704";"426";"284";"141";"52";"18";"2"
"1100106";"Guajará-Mirim (RO)";"Total";"39387";"3481";"3417";"3679";"3548";"3144";"1013";"775";"494";"290";"144";"61";"24";"6"
"1100114";"Jaru (RO)";"Total";"50591";"3602";"3479";"3506";"3762";"4069";"1680";"1264";"797";"535";"267";"112";"25";"5"
"1100122";"Ji-Paraná (RO)";"Total";"124333";"8823";"9016";"8793";"9489";"9691";"4037";"2676";"1741";"1096";"544";"239";"57";"13"
"1100130";"Machadinho D'Oeste (RO)";"Total";"30707";"2330";"2418";"2482";"2510";"2126";"1027";"694";"376";"207";"92";"37";"8";"-"
"1100148";"Nova Brasilândia D'Oeste (RO)";"Total";"15679";"1069";"985";"1021";"1209";"1101";"597";"456";"258";"160";"96";"30";"9";"-"
"1100155";"Ouro Preto do Oeste (RO)";"Total";"35044";"2296";"2330";"2366";"2471";"2470";"1294";"980";"642";"459";"209";"77";"18";"3"
"1100189";"Pimenta Bueno (RO)";"Total";"35079";"2492";"2469";"2531";"2671";"2854";"1209";"737";"521";"275";"149";"65";"11";"3"
"1100205";"Porto Velho (RO)";"Total";"460434";"32424";"36013";"35383";"35762";"38595";"12845";"8098";"4710";"2871";"1362";"567";"174";"37"
"1100254";"Presidente Médici (RO)";"Total";"19327";"1207";"1280";"1312";"1352";"1204";"885";"617";"382";"266";"121";"60";"18";"3"
"1100262";"Rio Crespo (RO)";"Total";"3471";"238";"255";"257";"264";"238";"122";"92";"52";"30";"11";"7";"-";"-"
"1100288";"Rolim de Moura (RO)";"Total";"56406";"3944";"3982";"3839";"4054";"4577";"1887";"1320";"846";"521";"255";"90";"23";"8"
"1100296";"Santa Luzia D'Oeste (RO)";"Total";"7419";"468";"471";"524";"506";"419";"322";"237";"163";"106";"49";"21";"3";"1"
"1100304";"Vilhena (RO)";"Total";"95832";"7158";"6948";"6784";"7290";"7837";"2757";"1857";"1186";"700";"352";"120";"23";"8"
"1100320";"São Miguel do Guaporé (RO)";"Total";"21635";"1696";"1565";"1525";"1649";"1686";"688";"460";"306";"177";"93";"26";"3";"4"
"1100338";"Nova Mamoré (RO)";"Total";"25444";"2189";"2184";"2202";"2243";"2037";"722";"438";"261";"152";"57";"26";"9";"1"
"1100346";"Alvorada D'Oeste (RO)";"Total";"13117";"868";"862";"882";"945";"869";"566";"378";"262";"177";"70";"33";"5";"-"
"1100379";"Alto Alegre dos Parecis (RO)";"Total";"11479";"873";"862";"872";"891";"745";"407";"281";"183";"105";"51";"9";"6";"2"
"1100403";"Alto Paraíso (RO)";"Total";"16320";"1228";"1189";"1263";"1296";"1291";"536";"388";"253";"169";"67";"21";"6";"3"
"1100452";"Buritis (RO)";"Total";"27992";"2135";"2150";"2178";"2362";"2195";"894";"576";"355";"210";"80";"30";"9";"1"
"1100502";"Novo Horizonte do Oeste (RO)";"Total";"7667";"495";"480";"532";"540";"454";"358";"218";"154";"106";"47";"17";"1";"-"
"1100601";"Cacaulândia (RO)";"Total";"4150";"311";"294";"324";"296";"262";"152";"123";"76";"51";"20";"7";"3";"-"
"1100700";"Campo Novo de Rondônia (RO)";"Total";"8844";"661";"666";"737";"730";"622";"273";"209";"115";"63";"25";"7";"-";"-"
"1100809";"Candeias do Jamari (RO)";"Total";"22310";"1830";"1888";"1874";"1865";"1809";"684";"452";"271";"143";"67";"21";"1";"3"
"1100908";"Castanheiras (RO)";"Total";"3233";"198";"229";"226";"205";"172";"133";"106";"73";"53";"24";"7";"2";"-"
"1100924";"Chupinguaia (RO)";"Total";"9324";"764";"788";"820";"753";"716";"227";"145";"74";"59";"24";"8";"3";"2"
"1100940";"Cujubim (RO)";"Total";"14863";"1270";"1237";"1226";"1212";"1149";"404";"242";"139";"81";"41";"9";"3";"-"
"1101005";"Governador Jorge Teixeira (RO)";"Total";"8001";"543";"593";"575";"594";"554";"300";"227";"158";"90";"38";"21";"7";"-"
"1101104";"Itapuã do Oeste (RO)";"Total";"8548";"716";"741";"753";"694";"657";"288";"169";"116";"62";"29";"10";"-";"-"
"1101203";"Ministro Andreazza (RO)";"Total";"6466";"365";"380";"473";"504";"455";"273";"216";"132";"112";"35";"16";"3";"2"
"1101302";"Mirante da Serra (RO)";"Total";"9235";"604";"613";"608";"704";"652";"423";"265";"152";"123";"50";"20";"5";"1"
"1101401";"Monte Negro (RO)";"Total";"11548";"800";"807";"829";"929";"824";"442";"322";"210";"130";"53";"26";"7";"1"
"1101435";"Nova União (RO)";"Total";"6200";"390";"399";"468";"485";"413";"235";"150";"132";"64";"38";"13";"5";"1"
"1101450";"Parecis (RO)";"Total";"4125";"305";"294";"308";"320";"297";"123";"90";"69";"31";"26";"2";"1";"1"
"1101468";"Pimenteiras do Oeste (RO)";"Total";"2156";"183";"172";"180";"166";"129";"72";"47";"30";"17";"6";"3";"-";"-"
"1101476";"Primavera de Rondônia (RO)";"Total";"3076";"203";"233";"223";"189";"171";"138";"101";"61";"31";"27";"4";"3";"-"
"1101484";"São Felipe D'Oeste (RO)";"Total";"5258";"298";"314";"358";"360";"262";"249";"177";"122";"87";"34";"11";"3";"1"
"1101492";"São Francisco do Guaporé (RO)";"Total";"16286";"1302";"1314";"1343";"1316";"1217";"463";"317";"195";"122";"51";"19";"5";"-"
"1101500";"Seringueiras (RO)";"Total";"11171";"803";"852";"809";"910";"841";"363";"214";"151";"105";"49";"14";"6";"3"
"1101559";"Teixeirópolis (RO)";"Total";"4256";"261";"288";"261";"312";"293";"175";"161";"94";"48";"42";"10";"6";"3"
"1101609";"Theobroma (RO)";"Total";"8113";"521";"533";"604";"589";"452";"351";"244";"159";"91";"44";"14";"3";"1"
"1101708";"Urupá (RO)";"Total";"10725";"741";"713";"706";"811";"738";"468";"364";"190";"134";"68";"26";"3";"1"
"1101757";"Vale do Anari (RO)";"Total";"7788";"516";"597";"598";"570";"474";"309";"239";"135";"76";"28";"15";"2";"-"
"1101807";"Vale do Paraíso (RO)";"Total";"6479";"381";"413";"410";"472";"416";"285";"224";"132";"73";"55";"15";"8";"2"
"1200013";"Acrelândia (AC)";"Total";"14021";"1320";"1269";"1252";"1285";"1174";"382";"277";"159";"103";"51";"16";"4";"1"
"1200054";"Assis Brasil (AC)";"Total";"8100";"883";"823";"883";"800";"644";"176";"115";"81";"50";"20";"12";"2";"1"
"1200104";"Brasiléia (AC)";"Total";"26000";"2293";"2320";"2253";"2261";"2376";"642";"469";"278";"188";"96";"47";"14";"6"
"1200138";"Bujari (AC)";"Total";"12917";"1100";"1191";"1251";"1195";"1041";"376";"256";"151";"91";"33";"12";"4";"2"
"1200179";"Capixaba (AC)";"Total";"10392";"870";"927";"980";"982";"840";"297";"218";"115";"77";"20";"17";"4";"-"
"1200203";"Cruzeiro do Sul (AC)";"Total";"91888";"7967";"8110";"8727";"9326";"9566";"1812";"1426";"970";"664";"319";"135";"64";"19"
"1200252";"Epitaciolândia (AC)";"Total";"18757";"1628";"1726";"1579";"1570";"1675";"469";"313";"204";"146";"50";"33";"9";"3"
"1200302";"Feijó (AC)";"Total";"35426";"3843";"3841";"3868";"3928";"3489";"635";"458";"345";"228";"111";"53";"9";"4"
"1200328";"Jordão (AC)";"Total";"9222";"1283";"1309";"1256";"1129";"907";"82";"58";"46";"25";"13";"16";"8";"4"
"1200336";"Mâncio Lima (AC)";"Total";"19294";"1812";"1866";"2078";"1952";"1855";"413";"253";"216";"136";"68";"23";"9";"7"
"1200344";"Manoel Urbano (AC)";"Total";"11996";"1231";"1276";"1264";"1272";"1138";"239";"126";"103";"43";"41";"9";"11";"-"
"1200351";"Marechal Thaumaturgo (AC)";"Total";"17093";"1977";"1985";"2130";"2184";"1750";"232";"140";"108";"73";"46";"12";"4";"2"
"1200385";"Plácido de Castro (AC)";"Total";"16560";"1424";"1499";"1445";"1518";"1374";"484";"389";"241";"133";"75";"31";"5";"2"
"1200393";"Porto Walter (AC)";"Total";"10735";"1290";"1191";"1366";"1336";"1171";"148";"91";"66";"45";"24";"5";"4";"1"
"1200401";"Rio Branco (AC)";"Total";"364756";"26436";"29363";"28831";"30991";"33091";"9648";"6546";"4083";"2469";"1263";"573";"192";"61"
"1200427";"Rodrigues Alves (AC)";"Total";"14938";"1473";"1444";"1659";"1710";"1501";"258";"216";"147";"81";"38";"21";"6";"3"
"1200435";"Santa Rosa do Purus (AC)";"Total";"6723";"1048";"948";"909";"715";"600";"63";"51";"40";"29";"19";"14";"6";"1"
"1200450";"Senador Guiomard (AC)";"Total";"21454";"1715";"1827";"1843";"1875";"1794";"604";"442";"295";"198";"84";"52";"11";"3"
"1200500";"Sena Madureira (AC)";"Total";"41343";"3651";"3780";"3876";"4226";"4032";"969";"653";"503";"292";"117";"60";"20";"4"
"1200609";"Tarauacá (AC)";"Total";"43467";"4713";"4743";"5010";"5065";"4287";"746";"563";"365";"241";"124";"62";"13";"8"
"1200708";"Xapuri (AC)";"Total";"18243";"1603";"1625";"1615";"1756";"1553";"481";"336";"237";"123";"59";"42";"7";"6"
"1200807";"Porto Acre (AC)";"Total";"16693";"1441";"1523";"1498";"1613";"1389";"536";"383";"216";"132";"71";"20";"8";"4"
"1300029";"Alvarães (AM)";"Total";"15866";"1948";"1805";"1779";"1803";"1613";"254";"179";"143";"80";"40";"18";"7";"3"
"1300060";"Amaturá (AM)";"Total";"10819";"1366";"1377";"1258";"1087";"1009";"191";"120";"93";"66";"31";"15";"4";"1"
"1300086";"Anamã (AM)";"Total";"9962";"1019";"1043";"1023";"1148";"960";"185";"105";"73";"47";"26";"11";"2";"2"
"1300102";"Anori (AM)";"Total";"17194";"1609";"1883";"1712";"1766";"1638";"322";"211";"140";"90";"49";"23";"8";"4"
"1300144";"Apuí (AM)";"Total";"20647";"1603";"1994";"1767";"1751";"1746";"516";"356";"165";"105";"39";"12";"5";"1"
"1300201";"Atalaia do Norte (AM)";"Total";"15314";"1916";"2103";"1855";"1694";"1383";"228";"136";"122";"84";"36";"23";"6";"6"
"1300300";"Autazes (AM)";"Total";"41564";"4496";"4416";"4372";"4283";"3639";"944";"605";"425";"256";"152";"55";"23";"16"
"1300409";"Barcelos (AM)";"Total";"18834";"2367";"2231";"2022";"1824";"1697";"404";"239";"161";"120";"61";"16";"10";"2"
"1300508";"Barreirinha (AM)";"Total";"31051";"3406";"3423";"3626";"3568";"2927";"633";"371";"345";"202";"125";"46";"30";"9"
"1300607";"Benjamin Constant (AM)";"Total";"37648";"4577";"4600";"4452";"4012";"3402";"671";"441";"334";"236";"129";"70";"17";"7"
"1300631";"Beruri (AM)";"Total";"20718";"2538";"2434";"2380";"2487";"2009";"391";"211";"161";"111";"60";"31";"10";"3"
"1300680";"Boa Vista do Ramos (AM)";"Total";"23785";"2545";"2467";"2383";"2374";"2374";"501";"375";"251";"211";"129";"139";"33";"8"
"1300706";"Boca do Acre (AM)";"Total";"35447";"3075";"3207";"3309";"3598";"3266";"899";"574";"385";"262";"136";"64";"20";"14"
"1300805";"Borba (AM)";"Total";"33080";"3604";"3327";"3545";"3667";"3019";"718";"463";"355";"214";"106";"53";"41";"42"
"1300839";"Caapiranga (AM)";"Total";"13469";"1310";"1291";"1401";"1511";"1385";"284";"186";"122";"56";"22";"14";"4";"1"
"1300904";"Canutama (AM)";"Total";"16869";"1357";"1618";"1564";"1636";"1505";"422";"250";"150";"105";"47";"18";"5";"2"
"1301001";"Carauari (AM)";"Total";"28742";"2917";"3086";"2998";"3207";"2772";"519";"383";"271";"158";"84";"43";"9";"3"
"1301100";"Careiro (AM)";"Total";"30792";"2690";"3019";"3156";"2896";"2305";"1062";"652";"410";"218";"102";"35";"12";"5"
"1301159";"Careiro da Várzea (AM)";"Total";"19637";"1696";"1820";"1810";"1865";"1487";"600";"373";"290";"150";"80";"24";"9";"1"
"1301209";"Coari (AM)";"Total";"70616";"7280";"7276";"7413";"7707";"6807";"1469";"966";"617";"411";"224";"74";"27";"20"
"1301308";"Codajás (AM)";"Total";"23549";"2465";"2393";"2429";"2626";"2176";"499";"315";"226";"142";"60";"30";"17";"6"
"1301407";"Eirunepé (AM)";"Total";"33170";"3468";"3683";"3725";"3833";"3003";"631";"413";"315";"197";"106";"49";"23";"7"
"1301506";"Envira (AM)";"Total";"17186";"1933";"1936";"1730";"1887";"1738";"275";"168";"118";"79";"69";"38";"7";"1"
"1301605";"Fonte Boa (AM)";"Total";"25871";"2960";"2797";"2720";"2819";"2622";"454";"311";"218";"141";"89";"31";"8";"9"
"1301654";"Guajará (AM)";"Total";"13815";"1330";"1425";"1516";"1554";"1417";"245";"175";"123";"74";"40";"11";"10";"5"
"1301704";"Humaitá (AM)";"Total";"57473";"5460";"5731";"5109";"5468";"5722";"1256";"843";"581";"342";"180";"67";"19";"10"
"1301803";"Ipixuna (AM)";"Total";"24311";"3071";"2838";"2500";"2614";"2737";"336";"192";"138";"83";"35";"21";"9";"9"
"1301852";"Iranduba (AM)";"Total";"61163";"5587";"5539";"5632";"5669";"5177";"1689";"1049";"578";"399";"174";"75";"28";"13"
"1301902";"Itacoatiara (AM)";"Total";"103598";"9012";"9621";"10141";"10525";"9505";"2528";"1660";"1105";"657";"333";"126";"39";"32"
"1301951";"Itamarati (AM)";"Total";"10937";"1345";"1443";"1219";"1276";"1103";"154";"120";"83";"45";"14";"12";"3";"2"
"1302009";"Itapiranga (AM)";"Total";"10162";"941";"986";"1062";"1006";"905";"242";"163";"111";"71";"37";"9";"3";"3"
"1302108";"Japurá (AM)";"Total";"8858";"1227";"1093";"960";"927";"963";"121";"80";"35";"36";"9";"6";"-";"6"
"1302207";"Juruá (AM)";"Total";"10742";"1149";"1184";"1093";"1254";"1163";"169";"110";"79";"58";"37";"12";"3";"5"
"1302306";"Jutaí (AM)";"Total";"25172";"3299";"3314";"3185";"2948";"2424";"317";"237";"184";"111";"49";"22";"10";"3"
"1302405";"Lábrea (AM)";"Total";"45448";"4869";"4313";"4439";"4785";"4595";"861";"582";"411";"242";"126";"59";"12";"4"
"1302504";"Manacapuru (AM)";"Total";"101883";"9617";"9862";"9755";"10567";"9523";"2336";"1585";"1062";"656";"288";"147";"65";"29"
"1302553";"Manaquiri (AM)";"Total";"17107";"1630";"1701";"1670";"1593";"1362";"479";"336";"238";"111";"67";"25";"7";"3"
"1302603";"Manaus (AM)";"Total";"2063689";"153636";"169175";"162708";"170508";"186449";"52399";"34251";"20134";"11770";"6199";"2510";"776";"206"
"1302702";"Manicoré (AM)";"Total";"53914";"6033";"5424";"5041";"5462";"5261";"1140";"829";"538";"350";"163";"72";"31";"18"
"1302801";"Maraã (AM)";"Total";"15529";"2056";"1901";"1774";"1880";"1569";"225";"128";"91";"54";"19";"8";"4";"4"
"1302900";"Maués (AM)";"Total";"61204";"7279";"7062";"6703";"6581";"5388";"1444";"884";"539";"370";"222";"126";"40";"6"
"1303007";"Nhamundá (AM)";"Total";"20136";"2056";"2197";"1796";"1983";"1684";"490";"342";"221";"160";"79";"39";"14";"3"
"1303106";"Nova Olinda do Norte (AM)";"Total";"27062";"3054";"3035";"2904";"2946";"2467";"633";"366";"223";"143";"92";"50";"42";"27"
"1303205";"Novo Airão (AM)";"Total";"15761";"1603";"1760";"1689";"1569";"1211";"398";"273";"144";"113";"47";"19";"12";"1"
"1303304";"Novo Aripuanã (AM)";"Total";"23818";"2402";"2279";"2318";"2564";"2365";"517";"316";"260";"152";"96";"37";"11";"20"
"1303403";"Parintins (AM)";"Total";"96372";"8770";"9005";"9244";"10245";"9396";"2365";"1704";"1057";"644";"417";"179";"62";"31"
"1303502";"Pauini (AM)";"Total";"19373";"2110";"2214";"2099";"2243";"2166";"295";"227";"150";"98";"48";"24";"10";"1"
"1303536";"Presidente Figueiredo (AM)";"Total";"30668";"2714";"2886";"2974";"2923";"2514";"864";"535";"287";"163";"49";"22";"8";"1"
"1303569";"Rio Preto da Eva (AM)";"Total";"24936";"2271";"2347";"2382";"2220";"2010";"750";"508";"280";"138";"59";"31";"10";"2"
"1303601";"Santa Isabel do Rio Negro (AM)";"Total";"14164";"1865";"1764";"1627";"1460";"1215";"211";"192";"160";"96";"48";"19";"2";"3"
"1303700";"Santo Antônio do Içá (AM)";"Total";"28211";"3850";"3604";"3310";"3174";"2822";"409";"315";"194";"140";"75";"45";"24";"20"
"1303809";"São Gabriel da Cachoeira (AM)";"Total";"51795";"6449";"6075";"5657";"5508";"4829";"1009";"834";"507";"333";"128";"63";"38";"16"
"1303908";"São Paulo de Olivença (AM)";"Total";"32967";"4502";"4516";"3955";"3576";"3092";"439";"360";"285";"201";"91";"39";"25";"3"
"1303957";"São Sebastião do Uatumã (AM)";"Total";"11670";"1206";"1387";"1060";"1110";"1095";"259";"170";"120";"61";"28";"6";"6";"1"
"1304005";"Silves (AM)";"Total";"11559";"1167";"1330";"1310";"1117";"1010";"310";"191";"118";"58";"33";"8";"4";"2"
"1304062";"Tabatinga (AM)";"Total";"66764";"7720";"8043";"7296";"7115";"6507";"1110";"813";"491";"343";"163";"65";"28";"10"
"1304104";"Tapauá (AM)";"Total";"19599";"2068";"2015";"2044";"2094";"1902";"381";"258";"169";"102";"40";"19";"9";"3"
"1304203";"Tefé (AM)";"Total";"73669";"8314";"7632";"7525";"8335";"7378";"1313";"924";"624";"397";"226";"87";"34";"23"
"1304237";"Tonantins (AM)";"Total";"19247";"2634";"2332";"2191";"2128";"1898";"283";"188";"139";"106";"52";"26";"4";"4"
"1304260";"Uarini (AM)";"Total";"14431";"1692";"1484";"1697";"1770";"1475";"233";"130";"99";"63";"32";"17";"4";"4"
"1304302";"Urucará (AM)";"Total";"18631";"1641";"1704";"1826";"1826";"1658";"499";"343";"212";"121";"58";"20";"8";"3"
"1304401";"Urucurituba (AM)";"Total";"23945";"1952";"2320";"2090";"2406";"2439";"584";"321";"209";"123";"64";"32";"24";"22"
"1400027";"Amajari (RR)";"Total";"13927";"2071";"1846";"1652";"1500";"1130";"284";"167";"83";"55";"22";"15";"2";"1"
"1400050";"Alto Alegre (RR)";"Total";"21096";"3144";"2715";"2424";"2194";"1778";"421";"304";"188";"94";"51";"20";"3";"3"
"1400100";"Boa Vista (RR)";"Total";"413486";"37337";"37033";"34279";"35300";"40291";"8457";"5400";"3112";"1793";"926";"385";"126";"42"
"1400159";"Bonfim (RR)";"Total";"13923";"1824";"1768";"1575";"1447";"1152";"303";"218";"110";"89";"37";"14";"5";"1"
"1400175";"Cantá (RR)";"Total";"18682";"2064";"2034";"1963";"1661";"1330";"582";"366";"208";"103";"51";"16";"-";"1"
"1400209";"Caracaraí (RR)";"Total";"20957";"2175";"2248";"2056";"1934";"1676";"582";"360";"213";"135";"53";"22";"5";"7"
"1400233";"Caroebe (RR)";"Total";"10656";"1125";"1022";"1045";"983";"891";"242";"145";"98";"71";"18";"7";"1";"2"
"1400282";"Iracema (RR)";"Total";"10023";"1091";"1006";"988";"943";"895";"277";"170";"90";"51";"26";"8";"3";"-"
"1400308";"Mucajaí (RR)";"Total";"18095";"1816";"1815";"1791";"1670";"1432";"456";"342";"221";"120";"51";"23";"9";"3"
"1400407";"Normandia (RR)";"Total";"13986";"2202";"2170";"1897";"1528";"1148";"199";"126";"84";"66";"26";"11";"1";"3"
"1400456";"Pacaraima (RR)";"Total";"19305";"2586";"2548";"2205";"1908";"1726";"283";"175";"121";"60";"29";"20";"7";"4"
"1400472";"Rorainópolis (RR)";"Total";"32647";"3209";"3261";"2962";"2840";"2868";"793";"570";"282";"155";"74";"28";"2";"2"
"1400506";"São João da Baliza (RR)";"Total";"8858";"905";"803";"823";"801";"777";"183";"138";"115";"47";"15";"6";"4";"1"
"1400605";"São Luiz do Anauá (RR)";"Total";"7315";"662";"682";"611";"646";"551";"201";"156";"72";"41";"27";"7";"5";"1"
"1400704";"Uiramutã (RR)";"Total";"13751";"2541";"2292";"1942";"1520";"1066";"119";"93";"52";"67";"18";"13";"2";"2"
"1500107";"Abaetetuba (PA)";"Total";"158188";"12347";"12589";"12990";"13922";"14710";"4022";"2753";"1913";"1227";"640";"274";"110";"56"
"1500131";"Abel Figueiredo (PA)";"Total";"6136";"512";"506";"551";"524";"460";"157";"149";"108";"53";"33";"10";"8";"-"
"1500206";"Acará (PA)";"Total";"59023";"5036";"5244";"5809";"5963";"5084";"1381";"1062";"789";"515";"278";"97";"46";"14"
"1500305";"Afuá (PA)";"Total";"37765";"4092";"4208";"4111";"3954";"3674";"732";"481";"345";"188";"112";"53";"12";"8"
"1500347";"Água Azul do Norte (PA)";"Total";"18080";"1624";"1687";"1572";"1471";"1549";"416";"293";"166";"114";"49";"11";"2";"-"
"1500404";"Alenquer (PA)";"Total";"69377";"6683";"7325";"6984";"7175";"6082";"1658";"1131";"763";"511";"245";"118";"25";"6"
"1500503";"Almeirim (PA)";"Total";"34280";"3418";"3433";"3495";"3385";"2990";"742";"496";"318";"216";"99";"50";"16";"13"
"1500602";"Altamira (PA)";"Total";"126279";"10426";"11332";"10462";"10759";"11043";"2926";"1992";"1257";"811";"389";"172";"45";"8"
"1500701";"Anajás (PA)";"Total";"28011";"3294";"3202";"3212";"3308";"2772";"401";"316";"209";"113";"55";"37";"7";"5"
"1500800";"Ananindeua (PA)";"Total";"478778";"28889";"32493";"33616";"36682";"39527";"15336";"10161";"6048";"3348";"1749";"693";"202";"80"
"1500859";"Anapu (PA)";"Total";"31850";"3104";"3226";"3205";"3178";"2865";"704";"407";"241";"135";"67";"29";"4";"-"
"1500909";"Augusto Corrêa (PA)";"Total";"44573";"3725";"4277";"4783";"4602";"3868";"1143";"794";"532";"316";"194";"73";"21";"9"
"1500958";"Aurora do Pará (PA)";"Total";"23774";"2053";"2174";"2482";"2300";"2048";"618";"419";"292";"200";"77";"43";"12";"5"
"1501006";"Aveiro (PA)";"Total";"18290";"1927";"1944";"1766";"1764";"1519";"518";"330";"237";"145";"75";"28";"9";"1"
"1501105";"Bagre (PA)";"Total";"31892";"4034";"4441";"3717";"3880";"3202";"401";"264";"167";"87";"67";"28";"22";"21"
"1501204";"Baião (PA)";"Total";"51641";"3690";"4422";"4052";"4829";"5398";"1205";"966";"539";"370";"134";"82";"19";"11"
"1501253";"Bannach (PA)";"Total";"4031";"338";"335";"354";"360";"335";"105";"82";"29";"29";"21";"3";"2";"-"
"1501303";"Barcarena (PA)";"Total";"126650";"10125";"10679";"11015";"11496";"11262";"2810";"1834";"1115";"727";"351";"141";"68";"39"
"1501402";"Belém (PA)";"Total";"1303403";"70625";"80003";"84509";"93564";"104095";"50417";"36700";"24225";"14989";"8444";"3686";"1119";"307"
"1501451";"Belterra (PA)";"Total";"18099";"1549";"1633";"1619";"1833";"1541";"578";"415";"275";"185";"104";"40";"10";"3"
"1501501";"Benevides (PA)";"Total";"63567";"4550";"5183";"4997";"5352";"5289";"1830";"1131";"739";"452";"239";"94";"36";"19"
"1501576";"Bom Jesus do Tocantins (PA)";"Total";"18005";"1349";"1360";"1319";"1391";"1462";"437";"332";"202";"107";"71";"36";"13";"6"
"1501600";"Bonito (PA)";"Total";"12622";"931";"942";"1040";"1193";"1063";"377";"239";"171";"95";"58";"20";"13";"3"
"1501709";"Bragança (PA)";"Total";"123082";"9368";"10144";"11055";"11720";"10401";"3423";"2411";"1693";"968";"531";"230";"53";"28"
"1501725";"Brasil Novo (PA)";"Total";"24718";"1861";"2157";"2061";"2218";"2132";"665";"448";"274";"188";"91";"37";"15";"1"
"1501758";"Brejo Grande do Araguaia (PA)";"Total";"6783";"550";"559";"645";"641";"497";"221";"159";"118";"60";"35";"17";"2";"3"
"1501782";"Breu Branco (PA)";"Total";"45712";"3988";"4280";"4324";"4456";"4015";"1268";"854";"557";"339";"143";"75";"22";"10"
"1501808";"Breves (PA)";"Total";"106968";"12219";"11581";"11512";"11594";"11000";"1963";"1491";"949";"593";"316";"147";"78";"65"
"1501907";"Bujaru (PA)";"Total";"24383";"2116";"2190";"2349";"2551";"2064";"609";"432";"352";"226";"116";"43";"18";"5"
"1501956";"Cachoeira do Piriá (PA)";"Total";"19630";"1804";"1807";"2006";"2203";"1757";"397";"290";"183";"100";"31";"21";"7";"-"
"1502004";"Cachoeira do Arari (PA)";"Total";"23981";"1962";"2193";"2226";"2156";"2152";"601";"389";"312";"192";"97";"47";"10";"14"
"1502103";"Cametá (PA)";"Total";"134184";"11315";"11501";"12742";"13524";"13144";"3308";"2373";"1767";"1074";"601";"211";"103";"50"
"1502152";"Canaã dos Carajás (PA)";"Total";"77079";"7104";"7156";"6677";"6524";"7165";"978";"631";"455";"231";"88";"35";"7";"3"
"1502202";"Capanema (PA)";"Total";"70394";"4609";"5119";"5435";"5829";"5854";"2244";"1533";"1060";"666";"396";"165";"40";"15"
"1502301";"Capitão Poço (PA)";"Total";"56506";"4301";"4366";"4851";"5204";"4897";"1379";"1114";"717";"464";"224";"97";"26";"8"
"1502400";"Castanhal (PA)";"Total";"192256";"13300";"14012";"14851";"16069";"16925";"5345";"3680";"2363";"1483";"723";"305";"99";"29"
"1502509";"Chaves (PA)";"Total";"20757";"2316";"2290";"2318";"2239";"1905";"412";"298";"181";"114";"46";"28";"7";"5"
"1502608";"Colares (PA)";"Total";"12868";"932";"1072";"1134";"1174";"947";"427";"345";"228";"133";"79";"29";"12";"3"
"1502707";"Conceição do Araguaia (PA)";"Total";"44617";"3226";"3359";"3576";"3678";"3574";"1689";"1205";"828";"499";"243";"106";"23";"11"
"1502756";"Concórdia do Pará (PA)";"Total";"26881";"2306";"2507";"2550";"2787";"2354";"600";"478";"330";"208";"106";"48";"17";"10"
"1502764";"Cumaru do Norte (PA)";"Total";"14036";"1444";"1337";"1319";"1204";"1318";"267";"152";"72";"42";"29";"7";"1";"-"
"1502772";"Curionópolis (PA)";"Total";"19950";"1766";"1798";"1802";"1820";"1681";"630";"421";"270";"174";"79";"23";"8";"4"
"1502806";"Curralinho (PA)";"Total";"33903";"3586";"3593";"3755";"3882";"3534";"554";"401";"315";"166";"93";"30";"23";"33"
"1502855";"Curuá (PA)";"Total";"14117";"1312";"1304";"1417";"1557";"1217";"346";"209";"162";"104";"43";"14";"7";"2"
"1502905";"Curuçá (PA)";"Total";"41262";"2649";"3134";"3358";"3975";"3288";"1379";"927";"727";"500";"260";"100";"37";"7"
"1502939";"Dom Eliseu (PA)";"Total";"58484";"4555";"5468";"5367";"5680";"5845";"1303";"916";"494";"271";"133";"55";"15";"2"
"1502954";"Eldorado do Carajás (PA)";"Total";"28192";"2466";"2545";"2705";"2823";"2289";"754";"565";"347";"196";"98";"29";"7";"6"
"1503002";"Faro (PA)";"Total";"8728";"820";"764";"833";"984";"794";"234";"141";"91";"73";"36";"18";"7";"2"
"1503044";"Floresta do Araguaia (PA)";"Total";"17898";"1466";"1468";"1527";"1604";"1465";"490";"369";"194";"140";"57";"27";"7";"-"
"1503077";"Garrafão do Norte (PA)";"Total";"24703";"1973";"2094";"2271";"2601";"2142";"608";"441";"299";"203";"108";"38";"5";"4"
"1503093";"Goianésia do Pará (PA)";"Total";"26362";"2218";"2284";"2383";"2483";"2123";"742";"457";"294";"160";"85";"32";"5";"4"
"1503101";"Gurupá (PA)";"Total";"31786";"3363";"3313";"3389";"3659";"3282";"541";"387";"323";"205";"111";"38";"12";"6"
"1503200";"Igarapé-Açu (PA)";"Total";"35797";"2466";"2736";"2855";"3048";"2950";"1138";"863";"557";"393";"172";"78";"20";"16"
"1503309";"Igarapé-Miri (PA)";"Total";"64831";"5045";"5778";"6255";"6355";"5592";"1522";"1145";"734";"444";"243";"112";"42";"34"
"1503408";"Inhangapi (PA)";"Total";"10325";"846";"857";"905";"915";"870";"316";"198";"163";"86";"47";"26";"12";"3"
"1503457";"Ipixuna do Pará (PA)";"Total";"30329";"2933";"3021";"3059";"3095";"2580";"766";"487";"323";"164";"88";"43";"4";"1"
"1503507";"Irituia (PA)";"Total";"30955";"2328";"2434";"2883";"2923";"2440";"975";"744";"572";"320";"149";"82";"22";"9"
"1503606";"Itaituba (PA)";"Total";"123314";"10869";"10892";"10060";"10785";"11847";"2957";"1959";"1181";"652";"331";"118";"28";"11"
"1503705";"Itupiranga (PA)";"Total";"49754";"4004";"4356";"4804";"4902";"4378";"1260";"953";"585";"320";"155";"68";"21";"3"
"1503754";"Jacareacanga (PA)";"Total";"24042";"3320";"3099";"2622";"2686";"2318";"367";"232";"132";"65";"39";"15";"4";"2"
"1503804";"Jacundá (PA)";"Total";"37707";"2893";"3148";"3447";"3528";"2828";"1109";"777";"552";"346";"171";"72";"23";"7"
"1503903";"Juruti (PA)";"Total";"50881";"5150";"5298";"5524";"5514";"4522";"1039";"729";"534";"263";"177";"82";"20";"6"
"1504000";"Limoeiro do Ajuru (PA)";"Total";"29569";"2816";"2671";"2804";"3062";"3230";"585";"357";"248";"177";"85";"38";"17";"11"
"1504059";"Mãe do Rio (PA)";"Total";"34353";"2576";"2902";"2878";"3271";"3136";"928";"675";"478";"272";"129";"72";"17";"3"
"1504109";"Magalhães Barata (PA)";"Total";"8115";"549";"644";"765";"700";"560";"314";"232";"150";"105";"52";"14";"4";"4"
"1504208";"Marabá (PA)";"Total";"266533";"21413";"22679";"23000";"24479";"24047";"5913";"4018";"2451";"1555";"735";"326";"86";"29"
"1504307";"Maracanã (PA)";"Total";"25971";"1803";"1917";"2271";"2451";"2039";"890";"698";"506";"319";"169";"66";"31";"19"
"1504406";"Marapanim (PA)";"Total";"26573";"1736";"2058";"2111";"2089";"1926";"1040";"722";"561";"339";"162";"45";"17";"18"
"1504422";"Marituba (PA)";"Total";"111785";"7695";"8718";"8648";"9519";"9859";"2732";"1799";"1010";"666";"296";"138";"38";"19"
"1504455";"Medicilândia (PA)";"Total";"27094";"2365";"2314";"2468";"2424";"2296";"716";"473";"317";"170";"80";"36";"7";"1"
"1504505";"Melgaço (PA)";"Total";"27881";"3655";"3519";"3571";"3516";"2850";"365";"271";"162";"85";"52";"26";"15";"18"
"1504604";"Mocajuba (PA)";"Total";"27198";"2155";"2351";"2454";"2921";"2706";"659";"490";"351";"260";"141";"61";"26";"7"
"1504703";"Moju (PA)";"Total";"84094";"7495";"7876";"7930";"8493";"7673";"1673";"1177";"830";"480";"228";"93";"33";"13"
"1504752";"Mojuí dos Campos (PA)";"Total";"23501";"1932";"1941";"2020";"2152";"1896";"703";"516";"320";"223";"99";"37";"15";"2"
"1504802";"Monte Alegre (PA)";"Total";"60012";"4824";"5171";"5153";"5761";"5006";"1843";"1328";"826";"613";"266";"134";"32";"7"
"1504901";"Muaná (PA)";"Total";"45368";"4000";"4307";"4333";"4555";"4454";"1018";"691";"414";"272";"171";"62";"25";"14"
"1504950";"Nova Esperança do Piriá (PA)";"Total";"20478";"1945";"1942";"2116";"2147";"1762";"393";"294";"185";"107";"30";"18";"1";"1"
"1504976";"Nova Ipixuna (PA)";"Total";"13955";"1130";"1173";"1160";"1273";"1078";"419";"336";"233";"100";"58";"19";"9";"5"
"1505007";"Nova Timboteua (PA)";"Total";"12806";"731";"845";"975";"1026";"895";"510";"380";"277";"173";"93";"29";"15";"2"
"1505031";"Novo Progresso (PA)";"Total";"33638";"3077";"3021";"2774";"2867";"2920";"735";"425";"230";"112";"42";"21";"4";"2"
"1505064";"Novo Repartimento (PA)";"Total";"60732";"5431";"5506";"5958";"6033";"5287";"1407";"1043";"666";"371";"167";"77";"18";"4"
"1505106";"Óbidos (PA)";"Total";"52229";"4741";"4735";"5147";"5278";"4273";"1428";"1012";"812";"527";"250";"73";"19";"8"
"1505205";"Oeiras do Pará (PA)";"Total";"33844";"3406";"3473";"3816";"3700";"3338";"610";"435";"341";"211";"80";"33";"24";"34"
"1505304";"Oriximiná (PA)";"Total";"68294";"6836";"6396";"6865";"7155";"6023";"1597";"1133";"868";"518";"235";"124";"28";"7"
"1505403";"Ourém (PA)";"Total";"17855";"1282";"1420";"1564";"1639";"1451";"530";"369";"276";"199";"94";"32";"9";"4"
"1505437";"Ourilândia do Norte (PA)";"Total";"32467";"2951";"3071";"3000";"2908";"2603";"683";"502";"265";"210";"73";"28";"5";"2"
"1505486";"Pacajá (PA)";"Total";"41097";"3849";"3859";"3909";"3822";"3579";"908";"655";"405";"270";"122";"49";"11";"6"
"1505494";"Palestina do Pará (PA)";"Total";"6885";"564";"583";"606";"655";"518";"225";"184";"112";"64";"42";"13";"6";"3"
"1505502";"Paragominas (PA)";"Total";"105550";"8643";"8795";"9368";"10058";"9678";"2272";"1434";"897";"536";"263";"88";"28";"15"
"1505536";"Parauapebas (PA)";"Total";"267836";"23680";"23634";"23360";"23550";"24257";"3918";"2355";"1342";"855";"440";"145";"39";"15"
"1505551";"Pau D'Arco (PA)";"Total";"6931";"575";"586";"620";"550";"503";"234";"175";"110";"60";"28";"13";"1";"-"
"1505601";"Peixe-Boi (PA)";"Total";"8285";"498";"567";"655";"696";"594";"340";"219";"146";"103";"69";"18";"9";"1"
"1505635";"Piçarra (PA)";"Total";"12832";"1151";"1099";"1140";"1124";"1067";"330";"269";"152";"94";"35";"17";"8";"1"
"1505650";"Placas (PA)";"Total";"18668";"1639";"1616";"1647";"1816";"1530";"435";"330";"211";"109";"63";"16";"5";"2"
"1505700";"Ponta de Pedras (PA)";"Total";"24984";"2001";"2077";"2359";"2550";"2153";"641";"418";"273";"161";"106";"68";"18";"7"
"1505809";"Portel (PA)";"Total";"62503";"7266";"6808";"7111";"7440";"6530";"1033";"712";"508";"292";"144";"63";"36";"29"
"1505908";"Porto de Moz (PA)";"Total";"40597";"4138";"4356";"4075";"4556";"4179";"551";"387";"292";"210";"91";"41";"11";"11"
"1506005";"Prainha (PA)";"Total";"35577";"3506";"3486";"3624";"3705";"3366";"722";"478";"329";"225";"107";"36";"8";"1"
"1506104";"Primavera (PA)";"Total";"10851";"795";"841";"872";"946";"792";"358";"296";"225";"135";"62";"32";"4";"7"
"1506112";"Quatipuru (PA)";"Total";"11524";"847";"882";"973";"1039";"877";"386";"273";"197";"131";"70";"26";"7";"8"
"1506138";"Redenção (PA)";"Total";"85597";"6917";"7071";"6876";"7118";"7461";"2191";"1452";"948";"584";"303";"107";"19";"2"
"1506161";"Rio Maria (PA)";"Total";"18384";"1347";"1383";"1414";"1584";"1462";"576";"439";"295";"176";"82";"29";"6";"2"
"1506187";"Rondon do Pará (PA)";"Total";"53143";"3042";"3321";"3806";"4609";"4945";"1302";"914";"541";"381";"185";"68";"18";"5"
"1506195";"Rurópolis (PA)";"Total";"35769";"2897";"3855";"3428";"3275";"3275";"968";"729";"426";"254";"111";"46";"7";"3"
"1506203";"Salinópolis (PA)";"Total";"44772";"3268";"3380";"3564";"3914";"3924";"1265";"911";"613";"384";"170";"55";"27";"8"
"1506302";"Salvaterra (PA)";"Total";"24129";"1889";"1958";"2081";"2107";"2016";"659";"480";"350";"203";"111";"37";"11";"7"
"1506351";"Santa Bárbara do Pará (PA)";"Total";"21087";"1516";"1672";"1876";"1787";"1648";"617";"457";"292";"193";"76";"34";"11";"8"
"1506401";"Santa Cruz do Arari (PA)";"Total";"7445";"532";"605";"604";"988";"721";"190";"145";"79";"45";"20";"6";"2";"-"
"1506500";"Santa Izabel do Pará (PA)";"Total";"73019";"5029";"5192";"5112";"5549";"6983";"1783";"1312";"823";"521";"282";"86";"33";"17"
"1506559";"Santa Luzia do Pará (PA)";"Total";"20370";"1539";"1611";"1826";"2050";"1746";"586";"423";"309";"205";"98";"40";"15";"5"
"1506583";"Santa Maria das Barreiras (PA)";"Total";"16548";"1381";"1388";"1444";"1478";"1188";"523";"354";"208";"102";"50";"14";"4";"-"
"1506609";"Santa Maria do Pará (PA)";"Total";"24624";"1783";"1712";"1848";"2058";"1974";"774";"518";"350";"256";"113";"55";"14";"4"
"1506708";"Santana do Araguaia (PA)";"Total";"32413";"2972";"2840";"2888";"2815";"2706";"908";"595";"319";"194";"77";"35";"9";"5"
"1506807";"Santarém (PA)";"Total";"331942";"26411";"28277";"29058";"30636";"30097";"8837";"6179";"4206";"2599";"1387";"570";"156";"29"
"1506906";"Santarém Novo (PA)";"Total";"6116";"455";"459";"482";"560";"477";"185";"168";"108";"75";"33";"14";"5";"3"
"1507003";"Santo Antônio do Tauá (PA)";"Total";"27461";"2042";"2232";"2346";"2348";"2079";"897";"608";"439";"266";"117";"36";"15";"15"
"1507102";"São Caetano de Odivelas (PA)";"Total";"16666";"1156";"1255";"1356";"1421";"1227";"655";"394";"295";"187";"90";"38";"9";"8"
"1507151";"São Domingos do Araguaia (PA)";"Total";"21092";"1716";"1737";"1928";"2072";"1741";"610";"483";"336";"218";"120";"46";"9";"3"
"1507201";"São Domingos do Capim (PA)";"Total";"30599";"2491";"2841";"3368";"3408";"2642";"745";"576";"456";"287";"110";"59";"12";"6"
"1507300";"São Félix do Xingu (PA)";"Total";"65418";"5482";"5599";"5744";"5729";"5795";"1455";"874";"540";"318";"145";"42";"14";"3"
"1507409";"São Francisco do Pará (PA)";"Total";"14894";"1046";"1056";"1218";"1258";"1155";"552";"365";"244";"184";"79";"35";"18";"2"
"1507458";"São Geraldo do Araguaia (PA)";"Total";"24255";"2145";"2126";"2152";"2075";"2061";"670";"486";"328";"200";"123";"52";"17";"3"
"1507466";"São João da Ponta (PA)";"Total";"4430";"342";"344";"406";"375";"311";"178";"115";"93";"52";"30";"11";"9";"1"
"1507474";"São João de Pirabas (PA)";"Total";"20689";"1551";"1626";"1808";"1851";"1531";"700";"499";"408";"226";"104";"61";"13";"13"
"1507508";"São João do Araguaia (PA)";"Total";"13664";"1161";"1242";"1293";"1259";"945";"496";"287";"198";"123";"52";"16";"3";"4"
"1507607";"São Miguel do Guamá (PA)";"Total";"52894";"4298";"4504";"4729";"5166";"4615";"1320";"1062";"746";"452";"198";"72";"44";"11"
"1507706";"São Sebastião da Boa Vista (PA)";"Total";"25643";"2414";"2414";"2603";"2601";"2437";"509";"343";"267";"183";"81";"25";"11";"12"
"1507755";"Sapucaia (PA)";"Total";"5847";"477";"544";"555";"531";"544";"137";"95";"51";"32";"19";"5";"2";"-"
"1507805";"Senador José Porfírio (PA)";"Total";"22576";"2163";"2229";"2365";"2191";"1904";"467";"289";"128";"72";"28";"13";"1";"6"
"1507904";"Soure (PA)";"Total";"24204";"1758";"1982";"2073";"2133";"1983";"779";"467";"363";"218";"135";"57";"12";"10"
"1507953";"Tailândia (PA)";"Total";"72493";"6430";"7049";"7045";"7490";"7009";"1255";"781";"530";"293";"140";"65";"13";"10"
"1507961";"Terra Alta (PA)";"Total";"10400";"787";"837";"902";"868";"789";"323";"262";"176";"126";"58";"25";"9";"2"
"1507979";"Terra Santa (PA)";"Total";"18782";"1677";"1775";"1695";"1660";"1582";"484";"322";"251";"134";"68";"33";"7";"5"
"1508001";"Tomé-Açu (PA)";"Total";"67585";"6321";"6478";"6614";"6416";"6032";"1410";"1046";"707";"434";"253";"92";"23";"10"
"1508035";"Tracuateua (PA)";"Total";"28595";"2082";"2430";"2683";"2795";"2193";"870";"599";"421";"239";"152";"53";"24";"3"
"1508050";"Trairão (PA)";"Total";"15242";"1428";"1391";"1339";"1409";"1333";"403";"253";"152";"83";"34";"16";"4";"2"
"1508084";"Tucumã (PA)";"Total";"39550";"3453";"3306";"3354";"3254";"3586";"948";"680";"481";"215";"99";"27";"8";"2"
"1508100";"Tucuruí (PA)";"Total";"91306";"6971";"7755";"7893";"8578";"8241";"2553";"1695";"983";"640";"307";"125";"38";"11"
"1508126";"Ulianópolis (PA)";"Total";"37972";"2789";"3395";"2583";"3277";"3767";"693";"479";"210";"95";"45";"15";"9";"3"
"1508159";"Uruará (PA)";"Total";"43558";"3864";"3842";"3914";"3961";"3725";"1029";"733";"490";"289";"143";"45";"9";"3"
"1508209";"Vigia (PA)";"Total";"50832";"3502";"3811";"4085";"4237";"4057";"1681";"1190";"812";"474";"225";"107";"34";"23"
"1508308";"Viseu (PA)";"Total";"58692";"5098";"5714";"6509";"6535";"4977";"1479";"1030";"681";"451";"219";"120";"29";"9"
"1508357";"Vitória do Xingu (PA)";"Total";"15607";"1316";"1510";"1514";"1431";"1287";"376";"289";"171";"94";"47";"20";"7";"2"
"1508407";"Xinguara (PA)";"Total";"52893";"4341";"4381";"4284";"4520";"4861";"1259";"950";"553";"356";"180";"64";"19";"8"
"1600055";"Serra do Navio (AP)";"Total";"4673";"487";"412";"402";"468";"407";"87";"47";"30";"14";"8";"10";"4";"2"
"1600105";"Amapá (AP)";"Total";"7943";"852";"777";"767";"732";"750";"165";"120";"103";"57";"28";"13";"3";"-"
"1600154";"Pedra Branca do Amapari (AP)";"Total";"12847";"1675";"1472";"1404";"1263";"1140";"201";"150";"57";"40";"21";"9";"5";"3"
"1600204";"Calçoene (AP)";"Total";"10612";"1152";"1048";"1026";"998";"928";"218";"141";"87";"60";"21";"9";"-";"3"
"1600212";"Cutias (AP)";"Total";"4461";"503";"477";"477";"477";"381";"89";"70";"38";"19";"18";"4";"2";"4"
"1600238";"Ferreira Gomes (AP)";"Total";"6666";"682";"786";"698";"629";"539";"148";"96";"63";"37";"18";"2";"3";"3"
"1600253";"Itaubal (AP)";"Total";"5599";"675";"597";"616";"594";"465";"108";"70";"58";"25";"13";"3";"1";"-"
"1600279";"Laranjal do Jari (AP)";"Total";"35114";"3076";"3257";"3380";"3471";"3248";"848";"479";"339";"172";"102";"43";"10";"7"
"1600303";"Macapá (AP)";"Total";"442933";"36948";"38551";"37375";"39023";"42092";"9736";"6226";"4090";"2452";"1384";"583";"179";"97"
"1600402";"Mazagão (AP)";"Total";"21924";"2400";"2325";"2284";"2476";"2122";"418";"280";"202";"114";"68";"28";"10";"5"
"1600501";"Oiapoque (AP)";"Total";"27482";"2924";"2900";"2794";"2746";"2632";"419";"270";"135";"73";"30";"11";"2";"5"
"1600535";"Porto Grande (AP)";"Total";"17848";"1802";"1782";"1816";"1756";"1512";"377";"273";"167";"94";"43";"17";"3";"1"
"1600550";"Pracuúba (AP)";"Total";"3803";"438";"430";"466";"394";"347";"77";"60";"26";"23";"8";"4";"1";"-"
"1600600";"Santana (AP)";"Total";"107618";"9384";"9660";"9246";"10104";"10696";"2328";"1548";"1068";"715";"389";"144";"44";"29"
"1600709";"Tartarugalzinho (AP)";"Total";"12945";"1476";"1494";"1484";"1344";"1030";"292";"207";"104";"53";"22";"13";"4";"2"
"1600808";"Vitória do Jari (AP)";"Total";"11291";"1192";"1196";"1111";"1153";"1099";"205";"161";"95";"75";"40";"10";"4";"2"
"1700251";"Abreulândia (TO)";"Total";"2576";"196";"195";"206";"216";"168";"102";"69";"46";"35";"5";"7";"1";"-"
"1700301";"Aguiarnópolis (TO)";"Total";"4497";"342";"376";"367";"439";"362";"141";"103";"77";"51";"27";"10";"6";"-"
"1700350";"Aliança do Tocantins (TO)";"Total";"5147";"320";"368";"368";"392";"389";"226";"184";"120";"66";"36";"26";"9";"1"
"1700400";"Almas (TO)";"Total";"6499";"527";"532";"632";"546";"499";"226";"143";"136";"86";"48";"18";"4";"-"
"1700707";"Alvorada (TO)";"Total";"8802";"615";"637";"618";"713";"729";"289";"233";"179";"111";"50";"17";"9";"-"
"1701002";"Ananás (TO)";"Total";"10325";"779";"815";"860";"925";"830";"302";"246";"212";"124";"49";"27";"5";"2"
"1701051";"Angico (TO)";"Total";"2876";"182";"244";"243";"254";"180";"106";"75";"55";"34";"27";"7";"3";"1"
"1701101";"Aparecida do Rio Negro (TO)";"Total";"4856";"360";"381";"408";"425";"318";"184";"127";"110";"66";"30";"18";"6";"1"
"1701309";"Aragominas (TO)";"Total";"5290";"341";"377";"451";"412";"304";"222";"171";"123";"49";"32";"5";"3";"1"
"1701903";"Araguacema (TO)";"Total";"5927";"448";"481";"465";"473";"390";"257";"173";"121";"66";"39";"11";"4";"4"
"1702000";"Araguaçu (TO)";"Total";"8133";"552";"553";"485";"540";"542";"391";"294";"190";"124";"95";"29";"18";"-"
"1702109";"Araguaína (TO)";"Total";"171301";"13143";"13225";"13033";"14072";"15583";"4363";"3359";"2216";"1529";"790";"321";"113";"27"
"1702158";"Araguanã (TO)";"Total";"4310";"346";"392";"320";"388";"308";"134";"108";"88";"41";"18";"13";"2";"1"
"1702208";"Araguatins (TO)";"Total";"31918";"2542";"2472";"2708";"3168";"2816";"1006";"758";"509";"342";"209";"81";"25";"7"
"1702307";"Arapoema (TO)";"Total";"5550";"402";"406";"419";"442";"454";"210";"134";"108";"65";"40";"15";"-";"-"
"1702406";"Arraias (TO)";"Total";"10287";"678";"755";"781";"809";"743";"472";"310";"209";"161";"88";"42";"12";"11"
"1702554";"Augustinópolis (TO)";"Total";"17484";"1420";"1397";"1498";"1638";"1553";"528";"386";"260";"192";"69";"35";"16";"5"
"1702703";"Aurora do Tocantins (TO)";"Total";"3342";"186";"197";"257";"273";"195";"149";"98";"91";"53";"26";"9";"3";"2"
"1702901";"Axixá do Tocantins (TO)";"Total";"10262";"1044";"886";"946";"1035";"890";"291";"242";"184";"111";"61";"15";"7";"2"
"1703008";"Babaçulândia (TO)";"Total";"7880";"492";"572";"604";"609";"477";"355";"290";"203";"107";"72";"29";"11";"3"
"1703057";"Bandeirantes do Tocantins (TO)";"Total";"3407";"293";"249";"262";"298";"317";"89";"73";"49";"36";"16";"7";"1";"1"
"1703073";"Barra do Ouro (TO)";"Total";"4476";"383";"382";"401";"467";"362";"149";"100";"94";"45";"16";"12";"7";"2"
"1703107";"Barrolândia (TO)";"Total";"4846";"303";"341";"360";"365";"344";"191";"140";"98";"58";"31";"19";"3";"1"
"1703206";"Bernardo Sayão (TO)";"Total";"4229";"296";"330";"344";"307";"291";"140";"96";"83";"57";"19";"4";"2";"1"
"1703305";"Bom Jesus do Tocantins (TO)";"Total";"4038";"367";"377";"338";"347";"332";"112";"81";"52";"36";"19";"15";"2";"-"
"1703602";"Brasilândia do Tocantins (TO)";"Total";"1974";"130";"157";"188";"156";"142";"73";"50";"36";"27";"9";"7";"2";"-"
"1703701";"Brejinho de Nazaré (TO)";"Total";"4725";"315";"352";"385";"344";"279";"219";"142";"118";"72";"42";"21";"5";"1"
"1703800";"Buriti do Tocantins (TO)";"Total";"10307";"832";"908";"902";"907";"925";"350";"275";"186";"112";"54";"16";"2";"2"
"1703826";"Cachoeirinha (TO)";"Total";"1961";"172";"140";"185";"159";"152";"64";"55";"30";"25";"18";"10";"3";"1"
"1703842";"Campos Lindos (TO)";"Total";"8653";"876";"875";"859";"900";"805";"215";"138";"97";"38";"32";"13";"7";"2"
"1703867";"Cariri do Tocantins (TO)";"Total";"4007";"259";"287";"262";"278";"310";"120";"106";"69";"54";"24";"12";"3";"2"
"1703883";"Carmolândia (TO)";"Total";"2201";"179";"172";"170";"196";"158";"79";"62";"48";"21";"12";"2";"-";"-"
"1703891";"Carrasco Bonito (TO)";"Total";"3318";"293";"286";"325";"316";"261";"95";"89";"49";"26";"22";"5";"4";"-"
"1703909";"Caseara (TO)";"Total";"4847";"403";"384";"377";"424";"371";"167";"130";"81";"46";"20";"5";"2";"1"
"1704105";"Centenário (TO)";"Total";"2131";"119";"165";"140";"214";"135";"86";"69";"52";"30";"10";"4";"1";"2"
"1704600";"Chapada de Areia (TO)";"Total";"1501";"110";"108";"122";"107";"84";"81";"53";"49";"22";"8";"4";"-";"-"
"1705102";"Chapada da Natividade (TO)";"Total";"3117";"225";"261";"240";"285";"181";"117";"79";"61";"47";"19";"12";"2";"1"
"1705508";"Colinas do Tocantins (TO)";"Total";"34233";"2682";"2710";"2661";"2944";"2895";"945";"730";"512";"327";"174";"78";"24";"3"
"1705557";"Combinado (TO)";"Total";"4756";"309";"337";"353";"414";"324";"159";"107";"72";"51";"18";"8";"4";"2"
"1705607";"Conceição do Tocantins (TO)";"Total";"3887";"308";"300";"348";"300";"305";"150";"101";"92";"67";"21";"8";"3";"-"
"1706001";"Couto Magalhães (TO)";"Total";"5331";"398";"457";"401";"449";"353";"238";"147";"104";"53";"26";"15";"3";"1"
"1706100";"Cristalândia (TO)";"Total";"6371";"407";"413";"462";"453";"354";"331";"220";"111";"89";"74";"24";"13";"1"
"1706258";"Crixás do Tocantins (TO)";"Total";"1470";"91";"122";"105";"106";"99";"62";"47";"30";"18";"2";"2";"-";"-"
"1706506";"Darcinópolis (TO)";"Total";"5827";"488";"462";"511";"527";"465";"197";"108";"82";"63";"30";"15";"1";"-"
"1707009";"Dianópolis (TO)";"Total";"17739";"1413";"1396";"1432";"1506";"1471";"562";"378";"265";"189";"98";"56";"21";"3"
"1707108";"Divinópolis do Tocantins (TO)";"Total";"7024";"509";"501";"525";"551";"466";"287";"234";"126";"95";"41";"17";"6";"1"
"1707207";"Dois Irmãos do Tocantins (TO)";"Total";"6327";"416";"438";"490";"454";"379";"285";"220";"138";"85";"56";"21";"10";"3"
"1707306";"Dueré (TO)";"Total";"4248";"300";"276";"287";"313";"268";"199";"139";"106";"60";"31";"10";"5";"1"
"1707405";"Esperantina (TO)";"Total";"7530";"592";"684";"700";"770";"614";"270";"174";"124";"88";"49";"14";"4";"1"
"1707553";"Fátima (TO)";"Total";"3467";"248";"255";"262";"283";"252";"141";"95";"70";"41";"23";"19";"3";"1"
"1707652";"Figueirópolis (TO)";"Total";"5211";"326";"354";"369";"345";"353";"240";"172";"122";"89";"44";"21";"6";"-"
"1707702";"Filadélfia (TO)";"Total";"7712";"566";"564";"607";"607";"541";"300";"236";"206";"146";"55";"33";"9";"2"
"1708205";"Formoso do Araguaia (TO)";"Total";"18881";"1421";"1356";"1465";"1585";"1378";"629";"528";"298";"211";"104";"43";"12";"2"
"1708254";"Tabocão (TO)";"Total";"3455";"271";"291";"282";"301";"289";"117";"60";"47";"33";"17";"12";"-";"2"
"1708304";"Goianorte (TO)";"Total";"4738";"319";"324";"327";"407";"326";"163";"162";"86";"54";"27";"10";"4";"-"
"1709005";"Goiatins (TO)";"Total";"12433";"1215";"1288";"1219";"1213";"988";"406";"267";"194";"134";"67";"38";"6";"11"
"1709302";"Guaraí (TO)";"Total";"24775";"1670";"1691";"1831";"1977";"1998";"818";"695";"445";"255";"153";"51";"24";"7"
"1709500";"Gurupi (TO)";"Total";"85125";"5840";"5966";"6034";"6447";"7108";"2542";"2014";"1299";"796";"397";"236";"48";"16"
"1709807";"Ipueiras (TO)";"Total";"1590";"96";"120";"139";"151";"77";"82";"62";"31";"19";"6";"7";"1";"1"
"1710508";"Itacajá (TO)";"Total";"6819";"557";"631";"623";"588";"496";"228";"221";"118";"115";"55";"15";"9";"8"
"1710706";"Itaguatins (TO)";"Total";"5172";"382";"379";"421";"456";"311";"202";"152";"109";"72";"40";"19";"5";"-"
"1710904";"Itapiratins (TO)";"Total";"3577";"268";"263";"292";"287";"255";"139";"101";"73";"53";"25";"8";"1";"1"
"1711100";"Itaporã do Tocantins (TO)";"Total";"2404";"162";"174";"187";"195";"168";"77";"70";"51";"36";"15";"8";"-";"-"
"1711506";"Jaú do Tocantins (TO)";"Total";"3334";"203";"224";"265";"269";"162";"164";"112";"86";"62";"26";"8";"1";"1"
"1711803";"Juarina (TO)";"Total";"2243";"170";"192";"169";"183";"151";"95";"57";"39";"22";"14";"7";"1";"-"
"1711902";"Lagoa da Confusão (TO)";"Total";"15288";"1483";"1352";"1342";"1381";"1311";"311";"190";"146";"97";"49";"19";"5";"-"
"1711951";"Lagoa do Tocantins (TO)";"Total";"3516";"317";"338";"364";"360";"277";"111";"74";"59";"30";"19";"11";"-";"-"
"1712009";"Lajeado (TO)";"Total";"3357";"258";"274";"289";"253";"219";"146";"95";"51";"27";"20";"5";"3";"-"
"1712157";"Lavandeira (TO)";"Total";"1626";"116";"118";"136";"138";"105";"69";"51";"20";"24";"8";"4";"2";"1"
"1712405";"Lizarda (TO)";"Total";"2999";"240";"223";"274";"283";"191";"126";"94";"63";"48";"24";"10";"-";"4"
"1712454";"Luzinópolis (TO)";"Total";"2717";"213";"205";"273";"239";"162";"87";"68";"56";"34";"18";"2";"2";"2"
"1712504";"Marianópolis do Tocantins (TO)";"Total";"4615";"343";"356";"393";"370";"370";"161";"103";"76";"40";"18";"8";"3";"1"
"1712702";"Mateiros (TO)";"Total";"2748";"232";"209";"279";"255";"271";"59";"37";"32";"12";"7";"3";"3";"1"
"1712801";"Maurilândia do Tocantins (TO)";"Total";"3095";"253";"280";"288";"281";"244";"107";"69";"60";"34";"12";"8";"4";"2"
"1713205";"Miracema do Tocantins (TO)";"Total";"18566";"1233";"1325";"1377";"1587";"1411";"705";"478";"317";"235";"140";"70";"25";"9"
"1713304";"Miranorte (TO)";"Total";"12701";"877";"870";"956";"1033";"921";"457";"345";"220";"168";"105";"36";"10";"4"
"1713601";"Monte do Carmo (TO)";"Total";"5694";"412";"449";"473";"416";"314";"246";"184";"116";"91";"33";"16";"5";"1"
"1713700";"Monte Santo do Tocantins (TO)";"Total";"2396";"142";"188";"191";"164";"142";"104";"85";"64";"33";"21";"8";"3";"-"
"1713809";"Palmeiras do Tocantins (TO)";"Total";"4872";"344";"395";"413";"404";"332";"167";"134";"95";"61";"36";"17";"4";"1"
"1713957";"Muricilândia (TO)";"Total";"3367";"262";"281";"267";"292";"250";"102";"106";"64";"40";"18";"9";"2";"-"
"1714203";"Natividade (TO)";"Total";"8754";"659";"606";"657";"662";"622";"297";"266";"172";"123";"64";"34";"16";"3"
"1714302";"Nazaré (TO)";"Total";"4521";"309";"304";"386";"389";"290";"162";"153";"116";"76";"37";"20";"12";"1"
"1714880";"Nova Olinda (TO)";"Total";"10367";"769";"856";"911";"872";"753";"372";"286";"178";"133";"66";"29";"9";"2"
"1715002";"Nova Rosalândia (TO)";"Total";"3362";"240";"249";"251";"250";"218";"157";"117";"62";"53";"24";"12";"6";"2"
"1715101";"Novo Acordo (TO)";"Total";"3969";"319";"343";"351";"360";"276";"142";"97";"76";"42";"30";"10";"4";"1"
"1715150";"Novo Alegre (TO)";"Total";"1846";"95";"106";"160";"137";"86";"80";"70";"50";"26";"14";"11";"-";"-"
"1715259";"Novo Jardim (TO)";"Total";"2230";"187";"186";"194";"203";"168";"78";"59";"43";"25";"8";"4";"1";"1"
"1715507";"Oliveira de Fátima (TO)";"Total";"1164";"96";"99";"113";"88";"76";"41";"27";"26";"14";"4";"-";"-";"1"
"1715705";"Palmeirante (TO)";"Total";"4798";"337";"340";"408";"412";"318";"203";"138";"73";"46";"31";"11";"-";"1"
"1715754";"Palmeirópolis (TO)";"Total";"6975";"453";"456";"498";"551";"484";"262";"228";"152";"108";"51";"19";"6";"4"
"1716109";"Paraíso do Tocantins (TO)";"Total";"52360";"3850";"3972";"3802";"4219";"4364";"1449";"1168";"794";"493";"247";"121";"35";"7"
"1716208";"Paranã (TO)";"Total";"10542";"755";"797";"888";"894";"679";"425";"301";"226";"154";"91";"39";"14";"9"
"1716307";"Pau D'Arco (TO)";"Total";"4043";"332";"334";"345";"271";"302";"130";"96";"67";"52";"18";"6";"2";"-"
"1716505";"Pedro Afonso (TO)";"Total";"14055";"1111";"1144";"1104";"1188";"1160";"359";"313";"189";"133";"75";"30";"17";"6"
"1716604";"Peixe (TO)";"Total";"9317";"644";"646";"652";"681";"588";"438";"307";"217";"125";"72";"26";"9";"3"
"1716653";"Pequizeiro (TO)";"Total";"4921";"316";"351";"401";"397";"347";"162";"117";"104";"62";"29";"7";"3";"3"
"1716703";"Colméia (TO)";"Total";"8941";"609";"592";"610";"695";"694";"362";"302";"172";"135";"63";"18";"2";"1"
"1717008";"Pindorama do Tocantins (TO)";"Total";"4478";"315";"361";"384";"408";"307";"189";"140";"100";"51";"32";"15";"3";"2"
"1717206";"Piraquê (TO)";"Total";"2282";"175";"178";"158";"175";"130";"96";"75";"42";"27";"6";"4";"1";"-"
"1717503";"Pium (TO)";"Total";"7128";"604";"606";"604";"558";"493";"244";"195";"106";"89";"48";"17";"4";"3"
"1717800";"Ponte Alta do Bom Jesus (TO)";"Total";"4220";"256";"304";"316";"323";"242";"203";"155";"97";"69";"34";"16";"6";"3"
"1717909";"Ponte Alta do Tocantins (TO)";"Total";"7586";"590";"639";"641";"663";"531";"263";"207";"151";"86";"47";"21";"5";"1"
"1718006";"Porto Alegre do Tocantins (TO)";"Total";"2866";"231";"256";"258";"257";"205";"101";"64";"52";"42";"20";"4";"-";"-"
"1718204";"Porto Nacional (TO)";"Total";"64418";"5066";"5292";"5206";"5066";"4758";"1863";"1369";"901";"704";"340";"125";"60";"13"
"1718303";"Praia Norte (TO)";"Total";"9044";"736";"899";"939";"993";"764";"247";"191";"127";"72";"27";"7";"5";"-"
"1718402";"Presidente Kennedy (TO)";"Total";"3047";"194";"227";"204";"226";"237";"110";"87";"72";"54";"22";"11";"2";"2"
"1718451";"Pugmil (TO)";"Total";"2193";"143";"177";"178";"185";"162";"79";"58";"41";"28";"9";"6";"-";"2"
"1718501";"Recursolândia (TO)";"Total";"3421";"290";"274";"341";"323";"265";"116";"75";"58";"36";"16";"6";"1";"2"
"1718550";"Riachinho (TO)";"Total";"3960";"281";"325";"338";"344";"288";"136";"103";"74";"54";"28";"11";"3";"1"
"1718659";"Rio da Conceição (TO)";"Total";"1768";"147";"187";"143";"166";"133";"51";"37";"27";"15";"8";"6";"-";"-"
"1718709";"Rio dos Bois (TO)";"Total";"2738";"215";"199";"226";"228";"178";"112";"82";"51";"28";"10";"7";"2";"4"
"1718758";"Rio Sono (TO)";"Total";"4841";"376";"364";"378";"397";"304";"195";"169";"109";"84";"55";"13";"6";"1"
"1718808";"Sampaio (TO)";"Total";"4215";"353";"379";"393";"457";"340";"128";"73";"55";"52";"11";"9";"1";"1"
"1718840";"Sandolândia (TO)";"Total";"3723";"258";"258";"324";"311";"240";"154";"118";"82";"34";"21";"5";"6";"1"
"1718865";"Santa Fé do Araguaia (TO)";"Total";"7216";"616";"602";"606";"651";"589";"222";"155";"99";"81";"29";"11";"3";"1"
"1718881";"Santa Maria do Tocantins (TO)";"Total";"2680";"215";"205";"245";"207";"160";"104";"79";"57";"27";"17";"7";"3";"1"
"1718899";"Santa Rita do Tocantins (TO)";"Total";"2219";"159";"165";"152";"168";"140";"89";"44";"54";"25";"9";"2";"-";"-"
"1718907";"Santa Rosa do Tocantins (TO)";"Total";"4653";"372";"382";"388";"397";"335";"164";"115";"99";"62";"29";"21";"8";"-"
"1719004";"Santa Tereza do Tocantins (TO)";"Total";"2781";"279";"255";"257";"232";"178";"93";"64";"47";"39";"21";"5";"2";"2"
"1720002";"Santa Terezinha do Tocantins (TO)";"Total";"2406";"157";"213";"214";"204";"143";"85";"70";"53";"34";"22";"10";"1";"1"
"1720101";"São Bento do Tocantins (TO)";"Total";"5654";"469";"508";"474";"545";"439";"169";"134";"99";"62";"31";"8";"3";"-"
"1720150";"São Félix do Tocantins (TO)";"Total";"1783";"163";"150";"186";"204";"134";"47";"27";"19";"15";"13";"2";"2";"-"
"1720200";"São Miguel do Tocantins (TO)";"Total";"13241";"1071";"1187";"1105";"1186";"1073";"399";"314";"194";"117";"56";"24";"12";"2"
"1720259";"São Salvador do Tocantins (TO)";"Total";"2385";"184";"182";"181";"170";"136";"122";"80";"62";"32";"16";"6";"3";"2"
"1720309";"São Sebastião do Tocantins (TO)";"Total";"4100";"327";"354";"387";"414";"291";"133";"88";"49";"37";"22";"8";"2";"1"
"1720499";"São Valério (TO)";"Total";"4422";"283";"355";"322";"314";"239";"208";"181";"100";"59";"37";"23";"4";"1"
"1720655";"Silvanópolis (TO)";"Total";"5108";"380";"416";"452";"439";"331";"184";"160";"107";"77";"35";"26";"8";"2"
"1720804";"Sítio Novo do Tocantins (TO)";"Total";"10830";"793";"954";"871";"990";"835";"404";"252";"178";"114";"63";"32";"6";"2"
"1720853";"Sucupira (TO)";"Total";"1577";"100";"120";"126";"122";"121";"75";"56";"35";"17";"16";"2";"2";"-"
"1720903";"Taguatinga (TO)";"Total";"14011";"893";"1001";"1035";"1148";"1084";"534";"378";"302";"192";"91";"45";"13";"8"
"1720937";"Taipas do Tocantins (TO)";"Total";"2021";"175";"167";"161";"157";"131";"77";"54";"36";"27";"22";"11";"1";"1"
"1720978";"Talismã (TO)";"Total";"2456";"165";"179";"165";"165";"150";"99";"64";"52";"29";"19";"4";"-";"1"
"1721000";"Palmas (TO)";"Total";"302692";"22841";"22977";"22639";"24274";"29250";"6312";"4228";"2692";"1586";"791";"303";"88";"26"
"1721109";"Tocantínia (TO)";"Total";"7459";"872";"885";"818";"699";"580";"165";"118";"90";"74";"27";"17";"7";"2"
"1721208";"Tocantinópolis (TO)";"Total";"22615";"1808";"1949";"1908";"1882";"1776";"707";"549";"348";"257";"175";"75";"23";"5"
"1721257";"Tupirama (TO)";"Total";"1909";"144";"153";"157";"131";"134";"73";"52";"28";"18";"9";"1";"2";"-"
"1721307";"Tupiratins (TO)";"Total";"1874";"123";"125";"157";"141";"116";"92";"55";"36";"29";"9";"11";"2";"-"
"1722081";"Wanderlândia (TO)";"Total";"10522";"853";"828";"900";"952";"808";"372";"305";"169";"99";"72";"30";"6";"-"
"1722107";"Xambioá (TO)";"Total";"10517";"808";"802";"838";"856";"751";"307";"225";"176";"132";"62";"31";"9";"4"
"2100055";"Açailândia (MA)";"Total";"106550";"8181";"8605";"8805";"9894";"8940";"2768";"2062";"1345";"891";"420";"165";"48";"24"
"2100105";"Afonso Cunha (MA)";"Total";"6144";"566";"636";"631";"668";"491";"157";"118";"55";"60";"27";"13";"8";"3"
"2100154";"Água Doce do Maranhão (MA)";"Total";"12142";"933";"928";"1043";"1163";"948";"371";"300";"222";"152";"68";"52";"6";"5"
"2100204";"Alcântara (MA)";"Total";"18467";"1202";"1315";"1591";"1683";"1335";"707";"510";"345";"263";"123";"55";"7";"8"
"2100303";"Aldeias Altas (MA)";"Total";"23286";"2161";"2154";"2557";"2501";"1903";"629";"470";"310";"194";"80";"57";"18";"9"
"2100402";"Altamira do Maranhão (MA)";"Total";"6447";"506";"483";"507";"588";"531";"188";"163";"113";"65";"39";"15";"15";"7"
"2100436";"Alto Alegre do Maranhão (MA)";"Total";"24048";"1966";"2008";"2291";"2425";"2064";"672";"488";"329";"247";"124";"44";"28";"14"
"2100477";"Alto Alegre do Pindaré (MA)";"Total";"25710";"2214";"2332";"2638";"2705";"2001";"744";"631";"415";"258";"145";"45";"20";"4"
"2100501";"Alto Parnaíba (MA)";"Total";"11109";"886";"930";"1017";"1077";"943";"371";"254";"169";"97";"47";"26";"9";"4"
"2100550";"Amapá do Maranhão (MA)";"Total";"7170";"645";"669";"741";"747";"675";"157";"130";"103";"58";"22";"8";"4";"1"
"2100600";"Amarante do Maranhão (MA)";"Total";"37085";"3797";"3738";"3964";"3885";"3188";"879";"713";"491";"344";"149";"65";"32";"14"
"2100709";"Anajatuba (MA)";"Total";"25322";"1752";"1987";"2117";"2029";"2011";"839";"632";"471";"350";"186";"87";"24";"16"
"2100808";"Anapurus (MA)";"Total";"13793";"1099";"1115";"1245";"1442";"1220";"380";"298";"191";"113";"61";"32";"15";"2"
"2100832";"Apicum-Açu (MA)";"Total";"17519";"1392";"1497";"1545";"1634";"1551";"467";"319";"207";"150";"74";"28";"9";"1"
"2100873";"Araguanã (MA)";"Total";"11181";"896";"961";"1058";"1090";"955";"348";"273";"182";"115";"61";"36";"8";"3"
"2100907";"Araioses (MA)";"Total";"39052";"2819";"3006";"3374";"3573";"3051";"1281";"1006";"744";"537";"286";"121";"34";"12"
"2100956";"Arame (MA)";"Total";"25517";"2395";"2464";"2751";"2842";"2256";"617";"475";"349";"219";"101";"33";"22";"8"
"2101004";"Arari (MA)";"Total";"29472";"2131";"2236";"2363";"2613";"2394";"970";"749";"445";"361";"199";"86";"22";"8"
"2101103";"Axixá (MA)";"Total";"11790";"800";"1001";"1006";"1203";"983";"354";"279";"163";"169";"95";"41";"16";"10"
"2101202";"Bacabal (MA)";"Total";"103711";"7641";"7979";"8583";"9492";"8890";"3122";"2452";"1591";"1087";"607";"256";"82";"41"
"2101251";"Bacabeira (MA)";"Total";"16966";"1351";"1442";"1548";"1569";"1393";"422";"303";"181";"146";"82";"27";"5";"5"
"2101301";"Bacuri (MA)";"Total";"16290";"1306";"1301";"1387";"1424";"1302";"542";"366";"303";"179";"121";"55";"18";"6"
"2101350";"Bacurituba (MA)";"Total";"5252";"350";"387";"411";"491";"352";"210";"143";"120";"93";"60";"22";"4";"5"
"2101400";"Balsas (MA)";"Total";"101767";"8437";"8619";"8873";"9573";"9866";"2094";"1536";"973";"649";"348";"157";"52";"12"
"2101509";"Barão de Grajaú (MA)";"Total";"18984";"1369";"1351";"1444";"1530";"1554";"605";"482";"328";"251";"138";"48";"21";"5"
"2101608";"Barra do Corda (MA)";"Total";"84532";"6932";"7199";"7494";"8003";"6810";"2552";"2029";"1511";"977";"498";"174";"81";"28"
"2101707";"Barreirinhas (MA)";"Total";"65589";"5427";"5911";"6790";"7188";"5812";"1460";"1116";"711";"470";"253";"111";"41";"17"
"2101731";"Belágua (MA)";"Total";"8460";"871";"899";"1032";"944";"838";"158";"99";"72";"53";"22";"7";"6";"7"
"2101772";"Bela Vista do Maranhão (MA)";"Total";"11750";"1019";"998";"1082";"1165";"1039";"338";"278";"176";"127";"61";"31";"5";"7"
"2101806";"Benedito Leite (MA)";"Total";"5469";"396";"426";"394";"473";"387";"190";"144";"100";"65";"46";"20";"4";"3"
"2101905";"Bequimão (MA)";"Total";"19584";"1178";"1308";"1569";"1646";"1363";"789";"590";"469";"321";"161";"78";"20";"19"
"2101939";"Bernardo do Mearim (MA)";"Total";"5840";"496";"423";"428";"493";"460";"178";"175";"122";"74";"43";"10";"6";"2"
"2101970";"Boa Vista do Gurupi (MA)";"Total";"7574";"683";"780";"792";"855";"650";"178";"137";"106";"48";"27";"13";"1";"2"
"2102002";"Bom Jardim (MA)";"Total";"33100";"2863";"3084";"3307";"3260";"2747";"985";"802";"523";"351";"156";"74";"18";"10"
"2102036";"Bom Jesus das Selvas (MA)";"Total";"28599";"2743";"2781";"3013";"3019";"2383";"723";"547";"330";"205";"79";"34";"10";"4"
"2102077";"Bom Lugar (MA)";"Total";"12212";"918";"882";"1003";"1187";"1057";"400";"321";"206";"133";"85";"23";"8";"3"
"2102101";"Brejo (MA)";"Total";"34120";"2646";"2712";"3263";"3616";"2896";"1068";"860";"568";"381";"195";"118";"34";"9"
"2102150";"Brejo de Areia (MA)";"Total";"9218";"785";"786";"865";"974";"855";"260";"180";"106";"69";"33";"6";"4";"4"
"2102200";"Buriti (MA)";"Total";"29685";"2795";"2821";"3042";"3150";"2757";"814";"677";"394";"265";"170";"60";"34";"13"
"2102309";"Buriti Bravo (MA)";"Total";"22455";"1732";"1952";"2121";"2180";"1743";"792";"640";"408";"302";"160";"48";"30";"13"
"2102325";"Buriticupu (MA)";"Total";"55499";"4867";"5117";"5713";"5991";"4821";"1487";"1160";"672";"462";"193";"70";"21";"4"
"2102358";"Buritirana (MA)";"Total";"12918";"1026";"1092";"1207";"1244";"908";"454";"380";"239";"180";"73";"39";"10";"4"
"2102374";"Cachoeira Grande (MA)";"Total";"9732";"856";"902";"1045";"1103";"805";"233";"178";"133";"79";"39";"11";"7";"19"
"2102408";"Cajapió (MA)";"Total";"10121";"665";"757";"949";"1043";"842";"302";"209";"163";"135";"79";"37";"8";"2"
"2102507";"Cajari (MA)";"Total";"16412";"1365";"1597";"1575";"1578";"1250";"489";"397";"223";"171";"93";"36";"9";"6"
"2102556";"Campestre do Maranhão (MA)";"Total";"12301";"1018";"1002";"1067";"1156";"946";"308";"278";"203";"105";"69";"21";"4";"2"
"2102606";"Cândido Mendes (MA)";"Total";"19932";"1743";"1754";"1925";"1856";"1582";"520";"390";"322";"171";"83";"33";"7";"4"
"2102705";"Cantanhede (MA)";"Total";"24303";"1909";"2041";"2068";"2549";"2539";"680";"470";"270";"187";"87";"46";"19";"32"
"2102754";"Capinzal do Norte (MA)";"Total";"11374";"827";"919";"1041";"980";"891";"382";"297";"198";"135";"77";"23";"9";"6"
"2102804";"Carolina (MA)";"Total";"24062";"1721";"1862";"2134";"2084";"1869";"850";"646";"503";"345";"192";"91";"23";"6"
"2102903";"Carutapera (MA)";"Total";"24238";"2090";"2111";"2273";"2308";"2111";"580";"455";"293";"194";"121";"45";"14";"6"
"2103000";"Caxias (MA)";"Total";"156973";"11279";"11932";"13470";"14469";"12930";"5115";"3972";"2676";"1862";"961";"500";"167";"96"
"2103109";"Cedral (MA)";"Total";"10208";"633";"641";"852";"874";"811";"337";"266";"192";"153";"84";"35";"10";"3"
"2103125";"Central do Maranhão (MA)";"Total";"7094";"611";"594";"654";"728";"533";"232";"177";"121";"82";"44";"24";"5";"5"
"2103158";"Centro do Guilherme (MA)";"Total";"12342";"1285";"1327";"1302";"1370";"1103";"234";"204";"144";"85";"37";"12";"5";"1"
"2103174";"Centro Novo do Maranhão (MA)";"Total";"16267";"1705";"1671";"1603";"1715";"1570";"344";"249";"194";"96";"60";"20";"5";"-"
"2103208";"Chapadinha (MA)";"Total";"81386";"6507";"6706";"8023";"8315";"6986";"2269";"1872";"1217";"879";"453";"173";"45";"32"
"2103257";"Cidelândia (MA)";"Total";"12878";"1059";"958";"1176";"1263";"993";"456";"319";"233";"146";"65";"22";"6";"6"
"2103307";"Codó (MA)";"Total";"114275";"8710";"9384";"10657";"10742";"9172";"3695";"2921";"2036";"1377";"755";"281";"94";"56"
"2103406";"Coelho Neto (MA)";"Total";"41658";"3102";"3366";"3959";"4226";"3083";"1448";"1047";"709";"474";"252";"94";"29";"22"
"2103505";"Colinas (MA)";"Total";"40316";"3163";"3393";"3624";"3769";"3508";"1201";"848";"624";"396";"220";"99";"32";"19"
"2103554";"Conceição do Lago-Açu (MA)";"Total";"14915";"1327";"1425";"1469";"1636";"1313";"412";"255";"159";"115";"58";"26";"7";"3"
"2103604";"Coroatá (MA)";"Total";"59566";"4578";"4891";"5328";"5632";"4829";"1939";"1490";"1035";"701";"332";"117";"52";"31"
"2103703";"Cururupu (MA)";"Total";"31558";"2360";"2301";"2508";"2743";"2480";"1181";"811";"591";"445";"272";"124";"37";"18"
"2103752";"Davinópolis (MA)";"Total";"14404";"1149";"1242";"1174";"1260";"1287";"436";"319";"202";"148";"80";"22";"9";"8"
"2103802";"Dom Pedro (MA)";"Total";"23053";"1628";"1803";"1955";"1980";"1817";"713";"591";"420";"304";"139";"57";"15";"10"
"2103901";"Duque Bacelar (MA)";"Total";"10223";"832";"891";"957";"1130";"909";"286";"232";"168";"98";"50";"20";"5";"6"
"2104008";"Esperantinópolis (MA)";"Total";"18311";"1382";"1401";"1474";"1655";"1433";"583";"501";"346";"269";"129";"50";"14";"12"
"2104057";"Estreito (MA)";"Total";"33294";"2602";"2713";"3071";"2923";"2777";"869";"754";"476";"287";"168";"72";"21";"6"
"2104073";"Feira Nova do Maranhão (MA)";"Total";"8048";"640";"625";"700";"809";"684";"267";"198";"152";"98";"48";"18";"5";"1"
"2104081";"Fernando Falcão (MA)";"Total";"10873";"1237";"1134";"1149";"1100";"1041";"214";"164";"98";"87";"39";"15";"5";"1"
"2104099";"Formosa da Serra Negra (MA)";"Total";"17719";"1311";"1463";"1640";"1739";"1606";"471";"390";"270";"160";"91";"31";"12";"3"
"2104107";"Fortaleza dos Nogueiras (MA)";"Total";"12640";"950";"1049";"1082";"1156";"1126";"369";"281";"191";"100";"73";"21";"11";"2"
"2104206";"Fortuna (MA)";"Total";"16976";"1388";"1538";"1636";"1591";"1258";"591";"494";"342";"209";"99";"39";"17";"9"
"2104305";"Godofredo Viana (MA)";"Total";"10186";"911";"909";"925";"843";"797";"234";"173";"109";"76";"35";"18";"1";"5"
"2104404";"Gonçalves Dias (MA)";"Total";"17206";"1316";"1401";"1548";"1571";"1341";"599";"504";"330";"233";"84";"59";"15";"5"
"2104503";"Governador Archer (MA)";"Total";"10231";"748";"820";"870";"887";"921";"337";"298";"203";"111";"71";"29";"11";"9"
"2104552";"Governador Edison Lobão (MA)";"Total";"18411";"1486";"1565";"1650";"1652";"1566";"562";"415";"273";"158";"80";"29";"11";"3"
"2104602";"Governador Eugênio Barros (MA)";"Total";"13930";"1146";"1103";"1235";"1284";"1137";"516";"364";"269";"190";"100";"30";"25";"19"
"2104628";"Governador Luiz Rocha (MA)";"Total";"7063";"537";"589";"597";"677";"570";"239";"190";"115";"73";"45";"14";"5";"2"
"2104651";"Governador Newton Bello (MA)";"Total";"10713";"789";"816";"1100";"1122";"1225";"260";"197";"139";"69";"47";"19";"6";"2"
"2104677";"Governador Nunes Freire (MA)";"Total";"23128";"1995";"2091";"2239";"2387";"2092";"602";"448";"280";"154";"107";"38";"17";"6"
"2104701";"Graça Aranha (MA)";"Total";"6023";"457";"461";"516";"515";"429";"188";"205";"143";"116";"35";"23";"4";"4"
"2104800";"Grajaú (MA)";"Total";"73872";"6847";"7118";"7269";"7239";"6410";"1627";"1348";"907";"650";"321";"165";"63";"17"
"2104909";"Guimarães (MA)";"Total";"10290";"659";"709";"786";"793";"639";"426";"324";"238";"181";"110";"48";"14";"4"
"2105005";"Humberto de Campos (MA)";"Total";"25680";"2249";"2342";"2643";"3028";"2212";"651";"512";"307";"241";"138";"54";"22";"20"
"2105104";"Icatu (MA)";"Total";"24794";"1944";"2080";"2375";"2600";"2210";"672";"525";"359";"239";"156";"57";"44";"27"
"2105153";"Igarapé do Meio (MA)";"Total";"13974";"1206";"1278";"1488";"1427";"1126";"390";"258";"179";"133";"59";"26";"8";"4"
"2105203";"Igarapé Grande (MA)";"Total";"10231";"732";"735";"784";"921";"788";"359";"299";"205";"155";"65";"28";"12";"11"
"2105302";"Imperatriz (MA)";"Total";"273110";"19506";"20613";"20016";"22114";"25082";"7542";"5588";"3660";"2420";"1286";"503";"157";"62"
"2105351";"Itaipava do Grajaú (MA)";"Total";"13828";"1383";"1418";"1409";"1407";"1147";"330";"260";"195";"128";"55";"23";"3";"3"
"2105401";"Itapecuru Mirim (MA)";"Total";"60440";"4955";"5299";"5677";"5695";"4926";"1666";"1260";"789";"572";"313";"132";"54";"58"
"2105427";"Itinga do Maranhão (MA)";"Total";"22513";"1737";"1740";"1903";"1952";"1837";"666";"527";"349";"198";"107";"30";"10";"5"
"2105450";"Jatobá (MA)";"Total";"7471";"600";"633";"643";"735";"655";"218";"178";"109";"65";"34";"19";"7";"3"
"2105476";"Jenipapo dos Vieiras (MA)";"Total";"17076";"2053";"1994";"1867";"1784";"1494";"260";"249";"215";"146";"64";"36";"21";"8"
"2105500";"João Lisboa (MA)";"Total";"24709";"1843";"2058";"2104";"2338";"2127";"744";"622";"410";"263";"154";"43";"16";"10"
"2105609";"Joselândia (MA)";"Total";"14924";"1274";"1249";"1398";"1341";"1112";"441";"409";"280";"171";"82";"32";"14";"4"
"2105658";"Junco do Maranhão (MA)";"Total";"5146";"445";"477";"525";"455";"412";"165";"114";"83";"43";"36";"8";"2";"-"
"2105708";"Lago da Pedra (MA)";"Total";"44403";"3504";"3636";"3847";"4169";"3855";"1326";"1005";"780";"504";"228";"113";"39";"18"
"2105807";"Lago do Junco (MA)";"Total";"9506";"700";"708";"826";"934";"741";"322";"216";"157";"95";"59";"29";"9";"5"
"2105906";"Lago Verde (MA)";"Total";"14769";"1242";"1318";"1386";"1562";"1231";"468";"340";"234";"131";"67";"28";"4";"7"
"2105922";"Lagoa do Mato (MA)";"Total";"10572";"792";"876";"873";"983";"834";"348";"236";"200";"124";"62";"26";"6";"5"
"2105948";"Lago dos Rodrigues (MA)";"Total";"8758";"612";"654";"684";"749";"663";"306";"247";"169";"114";"58";"35";"10";"1"
"2105963";"Lagoa Grande do Maranhão (MA)";"Total";"11411";"1048";"1084";"1125";"1117";"971";"295";"231";"134";"97";"38";"23";"8";"3"
"2105989";"Lajeado Novo (MA)";"Total";"7057";"567";"538";"619";"642";"507";"224";"163";"139";"100";"49";"17";"1";"3"
"2106003";"Lima Campos (MA)";"Total";"11297";"807";"845";"937";"999";"846";"401";"343";"208";"158";"83";"25";"15";"2"
"2106102";"Loreto (MA)";"Total";"11597";"764";"1048";"962";"1058";"1073";"354";"300";"191";"153";"56";"24";"13";"4"
"2106201";"Luís Domingues (MA)";"Total";"7161";"602";"592";"611";"636";"579";"211";"140";"89";"78";"33";"11";"9";"1"
"2106300";"Magalhães de Almeida (MA)";"Total";"13807";"965";"1090";"1202";"1300";"1025";"455";"397";"247";"147";"83";"50";"11";"6"
"2106326";"Maracaçumé (MA)";"Total";"21149";"2120";"2105";"2165";"2094";"1814";"483";"407";"266";"167";"78";"33";"8";"7"
"2106359";"Marajá do Sena (MA)";"Total";"7027";"637";"671";"759";"778";"624";"143";"121";"50";"26";"19";"2";"5";"-"
"2106375";"Maranhãozinho (MA)";"Total";"13761";"1333";"1425";"1491";"1430";"1218";"305";"225";"164";"123";"41";"28";"5";"3"
"2106409";"Mata Roma (MA)";"Total";"17090";"1444";"1474";"1699";"1782";"1440";"512";"361";"224";"187";"94";"45";"16";"6"
"2106508";"Matinha (MA)";"Total";"22034";"1635";"1858";"2038";"1977";"1605";"717";"478";"350";"283";"140";"58";"24";"8"
"2106607";"Matões (MA)";"Total";"32174";"2731";"2786";"3152";"3346";"2623";"1009";"831";"558";"365";"195";"71";"22";"8"
"2106631";"Matões do Norte (MA)";"Total";"17432";"987";"1819";"1503";"1778";"1979";"394";"226";"148";"89";"36";"14";"9";"10"
"2106672";"Milagres do Maranhão (MA)";"Total";"8818";"704";"727";"917";"940";"776";"275";"224";"122";"92";"44";"21";"9";"1"
"2106706";"Mirador (MA)";"Total";"21030";"1636";"1737";"1905";"1982";"1782";"667";"574";"324";"212";"121";"42";"18";"12"
"2106755";"Miranda do Norte (MA)";"Total";"23864";"1405";"1840";"2088";"2337";"2316";"585";"477";"288";"173";"88";"39";"12";"10"
"2106805";"Mirinzal (MA)";"Total";"13978";"1085";"1096";"1148";"1255";"1124";"436";"344";"233";"188";"93";"43";"10";"6"
"2106904";"Monção (MA)";"Total";"27751";"2496";"2650";"2813";"2951";"2169";"856";"622";"365";"237";"139";"61";"20";"13"
"2107001";"Montes Altos (MA)";"Total";"9106";"717";"809";"779";"793";"741";"306";"235";"188";"85";"62";"29";"8";"6"
"2107100";"Morros (MA)";"Total";"18554";"1528";"1646";"1876";"1983";"1628";"465";"375";"260";"167";"85";"37";"12";"6"
"2107209";"Nina Rodrigues (MA)";"Total";"14176";"1095";"1248";"1435";"1459";"1462";"292";"237";"134";"89";"37";"18";"3";"6"
"2107258";"Nova Colinas (MA)";"Total";"5021";"381";"415";"468";"543";"390";"134";"123";"94";"57";"37";"9";"3";"1"
"2107308";"Nova Iorque (MA)";"Total";"4320";"287";"301";"382";"367";"347";"170";"167";"101";"69";"42";"14";"3";"4"
"2107357";"Nova Olinda do Maranhão (MA)";"Total";"14314";"1144";"1150";"1342";"1485";"1186";"435";"346";"254";"161";"68";"36";"9";"1"
"2107407";"Olho d'Água das Cunhãs (MA)";"Total";"17919";"1193";"1286";"1393";"1535";"1500";"605";"496";"291";"197";"111";"42";"18";"17"
"2107456";"Olinda Nova do Maranhão (MA)";"Total";"13577";"1038";"1105";"1211";"1378";"1083";"396";"291";"205";"155";"83";"31";"11";"3"
"2107506";"Paço do Lumiar (MA)";"Total";"145643";"10725";"11326";"10973";"11131";"11630";"3768";"2532";"1370";"885";"433";"173";"70";"40"
"2107605";"Palmeirândia (MA)";"Total";"21059";"1646";"1865";"1732";"1817";"1620";"649";"453";"338";"229";"135";"50";"15";"4"
"2107704";"Paraibano (MA)";"Total";"18274";"1372";"1543";"1497";"1501";"1356";"631";"517";"388";"271";"112";"53";"14";"8"
"2107803";"Parnarama (MA)";"Total";"31250";"2668";"2751";"2840";"2986";"2433";"1091";"794";"546";"366";"196";"77";"30";"13"
"2107902";"Passagem Franca (MA)";"Total";"17220";"1341";"1532";"1512";"1542";"1361";"587";"438";"291";"207";"126";"49";"29";"21"
"2108009";"Pastos Bons (MA)";"Total";"18802";"1429";"1502";"1735";"1689";"1496";"600";"480";"298";"219";"120";"58";"11";"7"
"2108058";"Paulino Neves (MA)";"Total";"17056";"1592";"1500";"1782";"1875";"1460";"406";"320";"224";"148";"110";"45";"15";"7"
"2108108";"Paulo Ramos (MA)";"Total";"20341";"1662";"1730";"1829";"2083";"1669";"632";"456";"327";"204";"100";"51";"6";"6"
"2108207";"Pedreiras (MA)";"Total";"37050";"2268";"2581";"2962";"3166";"2826";"1274";"1059";"785";"487";"262";"111";"33";"20"
"2108256";"Pedro do Rosário (MA)";"Total";"24320";"2205";"2322";"2586";"2441";"1942";"568";"532";"339";"247";"127";"38";"13";"12"
"2108306";"Penalva (MA)";"Total";"32511";"3044";"3135";"3130";"3113";"2519";"956";"798";"476";"351";"197";"68";"37";"20"
"2108405";"Peri Mirim (MA)";"Total";"11108";"689";"797";"876";"968";"770";"403";"290";"237";"153";"96";"39";"18";"8"
"2108454";"Peritoró (MA)";"Total";"20479";"1593";"1756";"1995";"2070";"1692";"638";"502";"308";"194";"124";"46";"16";"13"
"2108504";"Pindaré-Mirim (MA)";"Total";"31429";"2398";"2659";"2974";"3119";"2525";"886";"725";"458";"343";"227";"73";"30";"9"
"2108603";"Pinheiro (MA)";"Total";"84621";"6311";"6550";"7110";"7297";"6850";"2536";"1821";"1349";"932";"526";"228";"83";"33"
"2108702";"Pio XII (MA)";"Total";"21886";"1593";"1779";"2048";"2175";"1804";"681";"531";"327";"247";"112";"42";"17";"14"
"2108801";"Pirapemas (MA)";"Total";"17714";"1187";"1311";"1652";"1883";"1645";"453";"351";"226";"172";"68";"48";"15";"25"
"2108900";"Poção de Pedras (MA)";"Total";"17161";"1125";"1158";"1426";"1485";"1158";"646";"557";"362";"236";"138";"49";"21";"10"
"2109007";"Porto Franco (MA)";"Total";"23903";"1919";"1855";"1982";"2026";"1926";"657";"554";"311";"249";"161";"63";"7";"7"
"2109056";"Porto Rico do Maranhão (MA)";"Total";"5954";"389";"410";"508";"523";"370";"251";"187";"120";"100";"56";"20";"4";"-"
"2109106";"Presidente Dutra (MA)";"Total";"45155";"3415";"3527";"3705";"3724";"3726";"1344";"1029";"704";"456";"273";"99";"48";"23"
"2109205";"Presidente Juscelino (MA)";"Total";"11356";"1102";"1031";"1110";"1281";"973";"266";"202";"117";"83";"55";"27";"9";"19"
"2109239";"Presidente Médici (MA)";"Total";"4696";"341";"411";"401";"447";"432";"153";"117";"65";"62";"30";"16";"6";"3"
"2109270";"Presidente Sarney (MA)";"Total";"17511";"1576";"1753";"1844";"1743";"1388";"460";"362";"262";"206";"119";"37";"13";"2"
"2109304";"Presidente Vargas (MA)";"Total";"10549";"904";"1014";"1159";"1123";"795";"273";"218";"119";"78";"58";"22";"8";"3"
"2109403";"Primeira Cruz (MA)";"Total";"13614";"1235";"1216";"1384";"1566";"1180";"353";"296";"177";"102";"51";"29";"15";"16"
"2109452";"Raposa (MA)";"Total";"30839";"2542";"2552";"2720";"2686";"2834";"678";"448";"310";"185";"78";"30";"11";"4"
"2109502";"Riachão (MA)";"Total";"22145";"1727";"1705";"1978";"2023";"1797";"760";"595";"437";"273";"153";"58";"17";"7"
"2109551";"Ribamar Fiquene (MA)";"Total";"7420";"571";"615";"705";"665";"503";"260";"188";"127";"71";"49";"14";"7";"2"
"2109601";"Rosário (MA)";"Total";"38475";"2859";"3043";"3463";"3544";"3050";"1115";"791";"555";"389";"208";"81";"33";"24"
"2109700";"Sambaíba (MA)";"Total";"5568";"429";"451";"470";"499";"461";"194";"128";"106";"69";"40";"18";"9";"1"
"2109759";"Santa Filomena do Maranhão (MA)";"Total";"6697";"538";"571";"568";"664";"588";"204";"149";"100";"60";"36";"9";"4";"2"
"2109809";"Santa Helena (MA)";"Total";"41561";"3042";"3756";"3903";"4017";"3914";"1205";"949";"600";"426";"206";"115";"34";"15"
"2109908";"Santa Inês (MA)";"Total";"85014";"6341";"6617";"7051";"7775";"7446";"2565";"1941";"1269";"920";"434";"224";"68";"29"
"2110005";"Santa Luzia (MA)";"Total";"57635";"4832";"5142";"5889";"5895";"4731";"1686";"1319";"946";"620";"321";"127";"38";"17"
"2110039";"Santa Luzia do Paruá (MA)";"Total";"24307";"1848";"2054";"2039";"2241";"2047";"699";"564";"361";"256";"135";"56";"22";"8"
"2110104";"Santa Quitéria do Maranhão (MA)";"Total";"23957";"1917";"1995";"2251";"2425";"2174";"732";"548";"380";"260";"158";"60";"21";"10"
"2110203";"Santa Rita (MA)";"Total";"37035";"2934";"3336";"3418";"3252";"3140";"945";"697";"464";"364";"186";"92";"31";"13"
"2110237";"Santana do Maranhão (MA)";"Total";"10567";"851";"897";"1070";"1003";"817";"318";"255";"212";"115";"70";"27";"18";"8"
"2110278";"Santo Amaro do Maranhão (MA)";"Total";"13949";"1291";"1266";"1410";"1433";"1351";"332";"263";"181";"112";"62";"22";"10";"3"
"2110302";"Santo Antônio dos Lopes (MA)";"Total";"14304";"1011";"1133";"1227";"1199";"1171";"443";"397";"247";"160";"89";"19";"10";"5"
"2110401";"São Benedito do Rio Preto (MA)";"Total";"18364";"1597";"1705";"2005";"2008";"1683";"466";"386";"279";"179";"83";"35";"15";"18"
"2110500";"São Bento (MA)";"Total";"46395";"3617";"4664";"3588";"3818";"3613";"1376";"1000";"712";"462";"298";"131";"37";"6"
"2110609";"São Bernardo (MA)";"Total";"26943";"1971";"2203";"2378";"2672";"2221";"794";"624";"449";"338";"190";"103";"29";"6"
"2110658";"São Domingos do Azeitão (MA)";"Total";"7992";"672";"703";"739";"750";"695";"207";"181";"131";"78";"36";"16";"6";"-"
"2110708";"São Domingos do Maranhão (MA)";"Total";"34034";"2688";"2828";"2990";"3098";"2743";"989";"890";"612";"391";"174";"77";"29";"7"
"2110807";"São Félix de Balsas (MA)";"Total";"4402";"307";"311";"375";"359";"317";"184";"135";"113";"55";"29";"4";"2";"1"
"2110856";"São Francisco do Brejão (MA)";"Total";"9051";"730";"743";"816";"842";"734";"286";"207";"149";"99";"50";"11";"9";"2"
"2110906";"São Francisco do Maranhão (MA)";"Total";"12064";"933";"922";"927";"1029";"974";"484";"358";"264";"179";"97";"32";"16";"8"
"2111003";"São João Batista (MA)";"Total";"18544";"1269";"1333";"1557";"1677";"1438";"610";"512";"333";"259";"144";"59";"24";"6"
"2111029";"São João do Carú (MA)";"Total";"12251";"1117";"1100";"1350";"1428";"1082";"308";"215";"152";"106";"46";"23";"3";"1"
"2111052";"São João do Paraíso (MA)";"Total";"9904";"735";"750";"848";"873";"721";"299";"273";"210";"113";"71";"24";"8";"1"
"2111078";"São João do Soter (MA)";"Total";"16889";"1368";"1501";"1720";"1806";"1420";"569";"445";"305";"184";"102";"38";"19";"11"
"2111102";"São João dos Patos (MA)";"Total";"25020";"1716";"1868";"2017";"2047";"1948";"889";"715";"494";"363";"221";"87";"36";"6"
"2111201";"São José de Ribamar (MA)";"Total";"244579";"17875";"18836";"18380";"19184";"20902";"5438";"3401";"2135";"1454";"745";"311";"104";"57"
"2111250";"São José dos Basílios (MA)";"Total";"6957";"560";"549";"601";"650";"520";"241";"196";"143";"84";"54";"14";"8";"3"
"2111300";"São Luís (MA)";"Total";"1037775";"63544";"68279";"70132";"76265";"90397";"33100";"22671";"14569";"9689";"5293";"2293";"730";"264"
"2111409";"São Luís Gonzaga do Maranhão (MA)";"Total";"17818";"1243";"1373";"1609";"1793";"1420";"613";"466";"323";"202";"104";"36";"17";"9"
"2111508";"São Mateus do Maranhão (MA)";"Total";"38829";"2949";"3224";"3484";"3569";"3172";"1245";"997";"630";"424";"216";"110";"41";"32"
"2111532";"São Pedro da Água Branca (MA)";"Total";"14338";"1188";"1453";"1192";"1309";"1160";"420";"306";"220";"138";"62";"24";"8";"5"
"2111573";"São Pedro dos Crentes (MA)";"Total";"5783";"468";"456";"437";"527";"562";"141";"100";"94";"54";"27";"2";"2";"2"
"2111607";"São Raimundo das Mangabeiras (MA)";"Total";"18672";"1400";"1540";"1564";"1788";"1540";"581";"461";"298";"239";"118";"45";"19";"10"
"2111631";"São Raimundo do Doca Bezerra (MA)";"Total";"5650";"468";"444";"478";"595";"476";"176";"125";"93";"43";"23";"10";"3";"1"
"2111672";"São Roberto (MA)";"Total";"4544";"358";"364";"416";"490";"363";"134";"92";"62";"42";"20";"11";"4";"2"
"2111706";"São Vicente Ferrer (MA)";"Total";"19498";"1450";"1464";"1645";"1683";"1463";"651";"477";"360";"255";"152";"56";"16";"8"
"2111722";"Satubinha (MA)";"Total";"8784";"678";"713";"799";"917";"794";"238";"171";"122";"79";"53";"11";"8";"2"
"2111748";"Senador Alexandre Costa (MA)";"Total";"10207";"955";"878";"908";"1054";"837";"320";"265";"166";"117";"65";"20";"11";"10"
"2111763";"Senador La Rocque (MA)";"Total";"14700";"1156";"1169";"1280";"1466";"1184";"506";"426";"302";"207";"94";"42";"9";"8"
"2111789";"Serrano do Maranhão (MA)";"Total";"10202";"905";"851";"972";"1010";"820";"357";"229";"164";"124";"44";"17";"11";"1"
"2111805";"Sítio Novo (MA)";"Total";"17074";"1356";"1476";"1505";"1514";"1348";"520";"390";"290";"180";"106";"44";"8";"4"
"2111904";"Sucupira do Norte (MA)";"Total";"10238";"753";"842";"895";"934";"821";"328";"271";"186";"130";"82";"35";"7";"4"
"2111953";"Sucupira do Riachão (MA)";"Total";"4985";"349";"386";"419";"474";"383";"180";"147";"115";"72";"51";"21";"3";"1"
"2112001";"Tasso Fragoso (MA)";"Total";"8862";"771";"787";"904";"873";"737";"272";"175";"112";"83";"34";"17";"2";"1"
"2112100";"Timbiras (MA)";"Total";"26484";"2178";"2397";"2621";"2634";"2184";"843";"608";"378";"256";"157";"49";"17";"17"
"2112209";"Timon (MA)";"Total";"174465";"13860";"13571";"13890";"14186";"15024";"4848";"3617";"2252";"1522";"849";"396";"126";"45"
"2112233";"Trizidela do Vale (MA)";"Total";"22484";"1685";"1702";"1840";"1987";"1779";"695";"531";"409";"259";"134";"59";"14";"8"
"2112274";"Tufilândia (MA)";"Total";"5507";"434";"484";"565";"627";"473";"157";"133";"114";"75";"26";"16";"4";"2"
"2112308";"Tuntum (MA)";"Total";"36251";"2661";"2905";"3140";"3287";"2834";"1185";"977";"680";"452";"233";"95";"37";"14"
"2112407";"Turiaçu (MA)";"Total";"37491";"3168";"3539";"3722";"3827";"3463";"928";"727";"478";"325";"146";"61";"23";"8"
"2112456";"Turilândia (MA)";"Total";"31638";"2813";"3254";"3263";"3323";"3155";"667";"470";"297";"225";"113";"73";"8";"10"
"2112506";"Tutóia (MA)";"Total";"53356";"4762";"4632";"4966";"5322";"4430";"1382";"1124";"759";"480";"237";"113";"33";"22"
"2112605";"Urbano Santos (MA)";"Total";"32812";"2960";"3043";"3568";"3736";"3136";"721";"539";"367";"246";"129";"61";"23";"17"
"2112704";"Vargem Grande (MA)";"Total";"43261";"3830";"4185";"4269";"4390";"3730";"1128";"929";"617";"398";"217";"109";"38";"11"
"2112803";"Viana (MA)";"Total";"51442";"4512";"4662";"4426";"4647";"4195";"1492";"1186";"784";"562";"335";"128";"47";"14"
"2112852";"Vila Nova dos Martírios (MA)";"Total";"10362";"895";"939";"960";"991";"824";"303";"223";"161";"101";"53";"22";"2";"3"
"2112902";"Vitória do Mearim (MA)";"Total";"30805";"2400";"2512";"2847";"2866";"2381";"1006";"747";"467";"379";"190";"87";"22";"10"
"2113009";"Vitorino Freire (MA)";"Total";"30845";"2259";"2350";"2502";"2770";"2613";"994";"821";"581";"401";"215";"77";"27";"10"
"2114007";"Zé Doca (MA)";"Total";"40801";"3253";"3303";"3627";"3904";"3376";"1287";"984";"680";"452";"244";"104";"55";"9"
"2200053";"Acauã (PI)";"Total";"6420";"400";"423";"458";"517";"481";"234";"205";"139";"80";"27";"15";"5";"-"
"2200103";"Agricolândia (PI)";"Total";"4940";"332";"320";"332";"333";"347";"215";"208";"153";"89";"53";"18";"6";"4"
"2200202";"Água Branca (PI)";"Total";"17573";"1233";"1288";"1329";"1376";"1463";"608";"528";"355";"253";"156";"63";"23";"4"
"2200251";"Alagoinha do Piauí (PI)";"Total";"6819";"379";"401";"419";"526";"430";"293";"251";"179";"85";"38";"17";"3";"-"
"2200277";"Alegrete do Piauí (PI)";"Total";"4634";"294";"299";"368";"363";"322";"149";"147";"85";"84";"37";"8";"6";"-"
"2200301";"Alto Longá (PI)";"Total";"13479";"790";"817";"904";"996";"919";"624";"486";"303";"200";"121";"70";"15";"7"
"2200400";"Altos (PI)";"Total";"47453";"3378";"3312";"3484";"3582";"3823";"1621";"1266";"823";"577";"330";"143";"55";"10"
"2200459";"Alvorada do Gurguéia (PI)";"Total";"5322";"369";"392";"499";"517";"395";"164";"142";"101";"53";"32";"17";"7";"-"
"2200509";"Amarante (PI)";"Total";"17234";"1317";"1369";"1444";"1311";"1180";"629";"603";"382";"303";"155";"77";"26";"7"
"2200608";"Angical do Piauí (PI)";"Total";"6827";"434";"432";"429";"550";"463";"318";"271";"190";"131";"61";"40";"6";"1"
"2200707";"Anísio de Abreu (PI)";"Total";"9407";"661";"732";"749";"758";"700";"258";"250";"212";"140";"59";"35";"8";"2"
"2200806";"Antônio Almeida (PI)";"Total";"3152";"249";"242";"230";"251";"226";"156";"97";"86";"36";"22";"11";"2";"3"
"2200905";"Aroazes (PI)";"Total";"5369";"259";"335";"379";"406";"328";"234";"234";"147";"92";"67";"24";"9";"5"
"2200954";"Aroeiras do Itaim (PI)";"Total";"2690";"141";"144";"141";"172";"207";"87";"118";"91";"67";"20";"2";"6";"-"
"2201002";"Arraial (PI)";"Total";"4520";"290";"274";"339";"404";"344";"197";"129";"116";"66";"49";"21";"1";"2"
"2201051";"Assunção do Piauí (PI)";"Total";"7452";"535";"580";"685";"749";"528";"219";"210";"131";"97";"49";"23";"8";"-"
"2201101";"Avelino Lopes (PI)";"Total";"10866";"788";"788";"853";"925";"717";"352";"362";"261";"161";"79";"35";"16";"5"
"2201150";"Baixa Grande do Ribeiro (PI)";"Total";"13272";"1293";"1192";"1194";"1292";"1275";"303";"184";"133";"71";"51";"18";"6";"3"
"2201176";"Barra D'Alcântara (PI)";"Total";"3995";"222";"277";"292";"311";"267";"160";"152";"101";"69";"39";"24";"8";"2"
"2201200";"Barras (PI)";"Total";"47938";"3522";"3716";"3909";"4098";"3904";"1547";"1345";"835";"581";"366";"166";"50";"6"
"2201309";"Barreiras do Piauí (PI)";"Total";"3264";"268";"196";"259";"326";"291";"112";"90";"74";"42";"25";"11";"6";"-"
"2201408";"Barro Duro (PI)";"Total";"6640";"435";"496";"500";"521";"513";"251";"223";"138";"92";"59";"31";"9";"2"
"2201507";"Batalha (PI)";"Total";"26300";"1708";"1865";"1941";"2145";"2041";"947";"783";"527";"412";"195";"103";"24";"4"
"2201556";"Bela Vista do Piauí (PI)";"Total";"4091";"271";"266";"285";"321";"348";"125";"98";"76";"41";"18";"13";"-";"-"
"2201572";"Belém do Piauí (PI)";"Total";"3423";"176";"210";"264";"260";"252";"99";"120";"82";"39";"27";"14";"3";"1"
"2201606";"Beneditinos (PI)";"Total";"9929";"588";"659";"730";"773";"712";"454";"391";"281";"174";"85";"27";"16";"2"
"2201705";"Bertolínia (PI)";"Total";"5562";"360";"416";"434";"492";"417";"179";"141";"130";"93";"50";"26";"2";"1"
"2201739";"Betânia do Piauí (PI)";"Total";"6220";"496";"444";"553";"562";"502";"181";"172";"133";"56";"32";"16";"8";"3"
"2201770";"Boa Hora (PI)";"Total";"6902";"480";"478";"577";"627";"564";"219";"185";"130";"85";"40";"16";"4";"2"
"2201804";"Bocaina (PI)";"Total";"4078";"194";"205";"267";"271";"258";"186";"195";"148";"106";"50";"15";"1";"1"
"2201903";"Bom Jesus (PI)";"Total";"28796";"2367";"2314";"2295";"2598";"2651";"700";"530";"373";"229";"146";"66";"15";"2"
"2201919";"Bom Princípio do Piauí (PI)";"Total";"5636";"378";"363";"446";"472";"489";"186";"149";"96";"70";"28";"20";"4";"-"
"2201929";"Bonfim do Piauí (PI)";"Total";"5913";"407";"446";"435";"453";"466";"214";"192";"123";"78";"49";"17";"5";"1"
"2201945";"Boqueirão do Piauí (PI)";"Total";"6545";"382";"506";"510";"569";"436";"248";"212";"151";"97";"46";"19";"10";"1"
"2201960";"Brasileira (PI)";"Total";"8436";"508";"586";"593";"625";"634";"334";"252";"183";"124";"77";"32";"14";"2"
"2201988";"Brejo do Piauí (PI)";"Total";"3904";"223";"263";"270";"304";"290";"127";"118";"94";"56";"34";"13";"5";"-"
"2202000";"Buriti dos Lopes (PI)";"Total";"19654";"1469";"1485";"1574";"1649";"1556";"614";"595";"378";"210";"115";"53";"10";"4"
"2202026";"Buriti dos Montes (PI)";"Total";"7434";"487";"479";"471";"616";"673";"236";"214";"149";"143";"68";"43";"14";"3"
"2202059";"Cabeceiras do Piauí (PI)";"Total";"10212";"626";"643";"734";"783";"774";"413";"314";"216";"145";"81";"40";"10";"1"
"2202075";"Cajazeiras do Piauí (PI)";"Total";"3108";"186";"207";"236";"272";"226";"124";"108";"74";"53";"29";"8";"3";"2"
"2202083";"Cajueiro da Praia (PI)";"Total";"7957";"600";"531";"535";"607";"663";"241";"203";"142";"113";"31";"20";"4";"1"
"2202091";"Caldeirão Grande do Piauí (PI)";"Total";"5503";"355";"335";"411";"448";"487";"168";"142";"145";"92";"48";"25";"7";"-"
"2202109";"Campinas do Piauí (PI)";"Total";"4938";"294";"297";"382";"418";"321";"207";"192";"112";"63";"43";"17";"3";"2"
"2202117";"Campo Alegre do Fidalgo (PI)";"Total";"4616";"297";"292";"370";"354";"386";"139";"114";"96";"67";"17";"15";"7";"2"
"2202133";"Campo Grande do Piauí (PI)";"Total";"6020";"395";"401";"460";"453";"460";"207";"179";"117";"69";"32";"16";"3";"-"
"2202174";"Campo Largo do Piauí (PI)";"Total";"7419";"570";"620";"718";"825";"628";"206";"169";"92";"56";"44";"12";"3";"3"
"2202208";"Campo Maior (PI)";"Total";"45793";"2609";"2749";"2974";"3199";"3483";"1869";"1461";"1039";"672";"351";"192";"72";"11"
"2202251";"Canavieira (PI)";"Total";"3414";"232";"224";"251";"285";"258";"154";"127";"89";"63";"29";"21";"10";"2"
"2202307";"Canto do Buriti (PI)";"Total";"19365";"1278";"1267";"1267";"1536";"1490";"725";"624";"465";"312";"174";"79";"23";"-"
"2202406";"Capitão de Campos (PI)";"Total";"11100";"686";"767";"840";"963";"852";"459";"336";"258";"161";"85";"43";"6";"3"
"2202455";"Capitão Gervásio Oliveira (PI)";"Total";"3974";"248";"247";"314";"346";"282";"130";"121";"100";"63";"25";"18";"5";"3"
"2202505";"Caracol (PI)";"Total";"10318";"819";"803";"808";"906";"852";"295";"252";"189";"114";"67";"22";"9";"2"
"2202539";"Caraúbas do Piauí (PI)";"Total";"5630";"387";"386";"446";"479";"443";"178";"160";"130";"74";"28";"19";"4";"2"
"2202554";"Caridade do Piauí (PI)";"Total";"5033";"350";"368";"384";"428";"398";"147";"124";"106";"71";"40";"20";"3";"-"
"2202604";"Castelo do Piauí (PI)";"Total";"19288";"1254";"1387";"1520";"1489";"1399";"812";"659";"476";"323";"188";"91";"27";"6"
"2202653";"Caxingó (PI)";"Total";"5496";"396";"429";"452";"485";"478";"181";"118";"95";"53";"25";"15";"2";"1"
"2202703";"Cocal (PI)";"Total";"28212";"1984";"2005";"2235";"2680";"2389";"816";"750";"524";"344";"189";"88";"19";"6"
"2202711";"Cocal de Telha (PI)";"Total";"4911";"267";"332";"333";"431";"376";"224";"152";"119";"73";"34";"14";"5";"-"
"2202729";"Cocal dos Alves (PI)";"Total";"6386";"480";"454";"448";"528";"522";"209";"171";"92";"60";"40";"10";"3";"2"
"2202737";"Coivaras (PI)";"Total";"4117";"258";"305";"339";"340";"284";"155";"124";"87";"49";"27";"17";"5";"1"
"2202752";"Colônia do Gurguéia (PI)";"Total";"6150";"392";"429";"535";"513";"480";"195";"155";"135";"93";"43";"35";"9";"2"
"2202778";"Colônia do Piauí (PI)";"Total";"6994";"423";"447";"452";"519";"559";"302";"253";"152";"117";"49";"28";"12";"2"
"2202802";"Conceição do Canindé (PI)";"Total";"4932";"323";"323";"321";"355";"362";"203";"190";"142";"85";"45";"23";"9";"1"
"2202851";"Coronel José Dias (PI)";"Total";"4250";"222";"301";"280";"307";"315";"132";"175";"133";"62";"37";"16";"7";"1"
"2202901";"Corrente (PI)";"Total";"27278";"2124";"2046";"2176";"2464";"2343";"813";"687";"440";"308";"192";"88";"39";"8"
"2203008";"Cristalândia do Piauí (PI)";"Total";"7356";"547";"581";"660";"660";"544";"267";"247";"155";"103";"39";"27";"14";"6"
"2203107";"Cristino Castro (PI)";"Total";"10503";"840";"840";"896";"880";"803";"364";"288";"188";"134";"71";"29";"15";"-"
"2203206";"Curimatá (PI)";"Total";"11270";"847";"865";"895";"1052";"885";"432";"321";"213";"146";"81";"35";"15";"9"
"2203230";"Currais (PI)";"Total";"4854";"373";"355";"433";"441";"375";"182";"142";"99";"54";"29";"17";"4";"1"
"2203255";"Curralinhos (PI)";"Total";"4413";"347";"360";"367";"398";"296";"165";"140";"99";"63";"25";"11";"5";"1"
"2203271";"Curral Novo do Piauí (PI)";"Total";"5073";"386";"404";"438";"483";"447";"132";"115";"86";"51";"28";"13";"6";"-"
"2203305";"Demerval Lobão (PI)";"Total";"16352";"1231";"1260";"1193";"1266";"1226";"502";"458";"302";"191";"92";"56";"9";"2"
"2203354";"Dirceu Arcoverde (PI)";"Total";"7054";"526";"517";"483";"510";"538";"229";"233";"172";"116";"64";"24";"9";"1"
"2203404";"Dom Expedito Lopes (PI)";"Total";"6320";"330";"364";"397";"456";"441";"269";"254";"138";"85";"41";"21";"6";"1"
"2203420";"Domingos Mourão (PI)";"Total";"4075";"267";"306";"368";"310";"330";"134";"124";"91";"57";"28";"7";"5";"-"
"2203453";"Dom Inocêncio (PI)";"Total";"9159";"546";"527";"609";"766";"678";"326";"295";"233";"148";"86";"31";"10";"4"
"2203503";"Elesbão Veloso (PI)";"Total";"13607";"749";"784";"904";"974";"905";"586";"544";"390";"270";"157";"74";"19";"6"
"2203602";"Eliseu Martins (PI)";"Total";"4377";"258";"257";"303";"347";"282";"185";"155";"133";"75";"56";"27";"13";"-"
"2203701";"Esperantina (PI)";"Total";"40970";"2875";"3023";"3138";"3307";"3220";"1393";"1127";"746";"492";"274";"142";"44";"8"
"2203750";"Fartura do Piauí (PI)";"Total";"5284";"418";"405";"429";"447";"378";"178";"160";"127";"76";"48";"18";"6";"2"
"2203800";"Flores do Piauí (PI)";"Total";"4414";"271";"277";"384";"357";"292";"189";"160";"109";"78";"42";"17";"1";"-"
"2203859";"Floresta do Piauí (PI)";"Total";"2333";"117";"120";"141";"160";"163";"106";"108";"78";"39";"26";"12";"2";"-"
"2203909";"Floriano (PI)";"Total";"62036";"3965";"4213";"4321";"4641";"4955";"2178";"1730";"1137";"769";"473";"227";"90";"30"
"2204006";"Francinópolis (PI)";"Total";"4505";"296";"291";"313";"345";"292";"205";"187";"129";"86";"51";"37";"8";"3"
"2204105";"Francisco Ayres (PI)";"Total";"4412";"283";"314";"351";"324";"277";"223";"184";"134";"82";"57";"26";"11";"1"
"2204154";"Francisco Macedo (PI)";"Total";"2929";"156";"207";"218";"228";"222";"85";"103";"64";"32";"22";"12";"5";"-"
"2204204";"Francisco Santos (PI)";"Total";"8237";"458";"514";"610";"620";"597";"264";"304";"195";"107";"62";"24";"6";"1"
"2204303";"Fronteiras (PI)";"Total";"10259";"564";"618";"720";"757";"780";"384";"338";"249";"138";"79";"32";"12";"4"
"2204352";"Geminiano (PI)";"Total";"5445";"364";"348";"396";"418";"433";"182";"169";"127";"74";"26";"19";"5";"1"
"2204402";"Gilbués (PI)";"Total";"10892";"886";"920";"954";"950";"867";"388";"292";"203";"119";"66";"26";"10";"7"
"2204501";"Guadalupe (PI)";"Total";"10270";"698";"744";"821";"750";"719";"357";"306";"209";"148";"83";"43";"6";"4"
"2204550";"Guaribas (PI)";"Total";"4276";"328";"321";"369";"426";"335";"108";"105";"69";"42";"17";"4";"-";"-"
"2204600";"Hugo Napoleão (PI)";"Total";"3518";"222";"236";"268";"284";"255";"131";"127";"97";"52";"24";"12";"2";"1"
"2204659";"Ilha Grande (PI)";"Total";"9274";"649";"666";"713";"814";"781";"296";"245";"154";"105";"64";"28";"6";"1"
"2204709";"Inhuma (PI)";"Total";"14958";"819";"981";"1033";"1170";"1113";"549";"527";"376";"252";"167";"62";"19";"6"
"2204808";"Ipiranga do Piauí (PI)";"Total";"9420";"563";"588";"659";"769";"751";"360";"296";"217";"149";"75";"36";"8";"2"
"2204907";"Isaías Coelho (PI)";"Total";"7774";"516";"661";"616";"690";"522";"256";"215";"209";"129";"63";"33";"5";"-"
"2205003";"Itainópolis (PI)";"Total";"10790";"605";"595";"648";"730";"749";"502";"438";"314";"175";"110";"40";"19";"1"
"2205102";"Itaueira (PI)";"Total";"10323";"597";"640";"725";"831";"693";"431";"376";"280";"188";"89";"39";"4";"1"
"2205151";"Jacobina do Piauí (PI)";"Total";"5613";"322";"388";"397";"390";"393";"235";"168";"115";"64";"43";"24";"8";"1"
"2205201";"Jaicós (PI)";"Total";"17527";"1159";"1203";"1347";"1369";"1335";"608";"563";"399";"277";"129";"54";"20";"3"
"2205250";"Jardim do Mulato (PI)";"Total";"4180";"275";"271";"330";"329";"263";"167";"125";"106";"86";"45";"18";"4";"-"
"2205276";"Jatobá do Piauí (PI)";"Total";"4494";"204";"227";"307";"342";"301";"215";"201";"128";"108";"52";"22";"2";"2"
"2205300";"Jerumenha (PI)";"Total";"4497";"281";"297";"312";"351";"331";"184";"146";"118";"73";"45";"18";"4";"1"
"2205359";"João Costa (PI)";"Total";"2970";"201";"205";"209";"218";"179";"98";"91";"68";"42";"17";"3";"3";"-"
"2205409";"Joaquim Pires (PI)";"Total";"13886";"1020";"994";"1095";"1229";"1177";"427";"353";"262";"171";"81";"36";"7";"3"
"2205458";"Joca Marques (PI)";"Total";"5394";"372";"393";"492";"491";"395";"180";"144";"90";"69";"38";"16";"6";"2"
"2205508";"José de Freitas (PI)";"Total";"42559";"3066";"3047";"3234";"3382";"3346";"1379";"1153";"792";"593";"300";"146";"52";"15"
"2205516";"Juazeiro do Piauí (PI)";"Total";"5214";"288";"307";"369";"445";"448";"169";"183";"109";"103";"52";"23";"9";"1"
"2205524";"Júlio Borges (PI)";"Total";"5388";"422";"433";"400";"455";"403";"179";"141";"123";"80";"52";"27";"3";"-"
"2205532";"Jurema (PI)";"Total";"4425";"327";"306";"340";"364";"306";"149";"122";"115";"52";"29";"14";"3";"-"
"2205540";"Lagoinha do Piauí (PI)";"Total";"2939";"199";"219";"220";"244";"236";"113";"119";"62";"32";"22";"12";"6";"-"
"2205557";"Lagoa Alegre (PI)";"Total";"8256";"520";"606";"626";"798";"659";"243";"248";"186";"117";"54";"24";"13";"4"
"2205565";"Lagoa do Barro do Piauí (PI)";"Total";"4995";"343";"348";"367";"387";"409";"150";"137";"126";"69";"24";"20";"2";"1"
"2205573";"Lagoa de São Francisco (PI)";"Total";"6331";"433";"455";"484";"586";"483";"203";"197";"125";"106";"52";"15";"2";"-"
"2205581";"Lagoa do Piauí (PI)";"Total";"4810";"363";"362";"387";"374";"346";"176";"146";"80";"76";"39";"12";"-";"2"
"2205599";"Lagoa do Sítio (PI)";"Total";"4520";"255";"302";"346";"338";"302";"200";"196";"96";"71";"41";"16";"6";"3"
"2205607";"Landri Sales (PI)";"Total";"5213";"318";"323";"409";"446";"358";"218";"187";"140";"111";"52";"28";"4";"3"
"2205706";"Luís Correia (PI)";"Total";"30641";"2063";"2121";"2408";"2551";"2400";"971";"827";"492";"354";"148";"76";"12";"9"
"2205805";"Luzilândia (PI)";"Total";"25375";"1650";"1846";"2078";"2207";"1858";"957";"688";"520";"370";"182";"99";"13";"3"
"2205854";"Madeiro (PI)";"Total";"8032";"592";"653";"709";"796";"644";"225";"169";"122";"83";"54";"23";"6";"1"
"2205904";"Manoel Emídio (PI)";"Total";"5209";"296";"338";"381";"376";"393";"202";"180";"103";"98";"43";"18";"8";"1"
"2205953";"Marcolândia (PI)";"Total";"8533";"700";"672";"734";"714";"830";"226";"143";"126";"100";"57";"13";"4";"3"
"2206001";"Marcos Parente (PI)";"Total";"4724";"322";"321";"412";"384";"322";"194";"126";"113";"81";"49";"28";"6";"-"
"2206050";"Massapê do Piauí (PI)";"Total";"5218";"241";"299";"366";"465";"386";"200";"204";"148";"87";"49";"23";"7";"-"
"2206100";"Matias Olímpio (PI)";"Total";"10641";"837";"875";"946";"970";"749";"358";"308";"220";"121";"73";"28";"5";"4"
"2206209";"Miguel Alves (PI)";"Total";"32150";"2616";"2771";"2872";"2955";"2676";"1107";"872";"565";"392";"220";"86";"26";"7"
"2206308";"Miguel Leão (PI)";"Total";"1318";"68";"100";"116";"125";"106";"42";"40";"24";"13";"9";"5";"1";"1"
"2206357";"Milton Brandão (PI)";"Total";"6542";"403";"427";"471";"513";"507";"242";"222";"112";"112";"58";"26";"4";"2"
"2206407";"Monsenhor Gil (PI)";"Total";"10255";"656";"717";"737";"747";"753";"375";"393";"281";"194";"112";"43";"13";"2"
"2206506";"Monsenhor Hipólito (PI)";"Total";"7577";"407";"467";"533";"613";"560";"286";"257";"153";"109";"67";"34";"6";"-"
"2206605";"Monte Alegre do Piauí (PI)";"Total";"10660";"880";"913";"947";"1022";"811";"371";"251";"187";"97";"53";"24";"7";"3"
"2206654";"Morro Cabeça no Tempo (PI)";"Total";"4377";"336";"363";"390";"391";"292";"155";"115";"82";"56";"32";"13";"3";"4"
"2206670";"Morro do Chapéu do Piauí (PI)";"Total";"6425";"463";"503";"474";"556";"539";"241";"174";"119";"84";"33";"19";"5";"2"
"2206696";"Murici dos Portelas (PI)";"Total";"9797";"715";"725";"846";"966";"845";"303";"264";"167";"102";"55";"21";"8";"1"
"2206704";"Nazaré do Piauí (PI)";"Total";"6665";"451";"404";"518";"523";"432";"281";"276";"184";"106";"67";"41";"8";"2"
"2206720";"Nazária (PI)";"Total";"10262";"804";"848";"896";"799";"753";"383";"315";"202";"130";"87";"40";"6";"2"
"2206753";"Nossa Senhora de Nazaré (PI)";"Total";"5228";"294";"330";"355";"386";"370";"237";"182";"140";"100";"47";"20";"12";"1"
"2206803";"Nossa Senhora dos Remédios (PI)";"Total";"8525";"633";"729";"715";"822";"721";"269";"227";"150";"87";"46";"30";"8";"3"
"2206902";"Novo Oriente do Piauí (PI)";"Total";"6097";"331";"358";"402";"492";"408";"259";"238";"148";"119";"77";"25";"13";"-"
"2206951";"Novo Santo Antônio (PI)";"Total";"2827";"153";"185";"200";"215";"191";"144";"148";"69";"43";"20";"9";"1";"-"
"2207009";"Oeiras (PI)";"Total";"38161";"2418";"2361";"2844";"3142";"3059";"1311";"1090";"817";"532";"337";"127";"43";"7"
"2207108";"Olho D'Água do Piauí (PI)";"Total";"2637";"193";"178";"210";"219";"229";"103";"87";"66";"38";"13";"7";"4";"1"
"2207207";"Padre Marcos (PI)";"Total";"6382";"390";"424";"431";"447";"414";"234";"216";"154";"102";"46";"20";"6";"3"
"2207306";"Paes Landim (PI)";"Total";"4088";"279";"280";"307";"341";"333";"126";"118";"94";"59";"35";"7";"7";"1"
"2207355";"Pajeú do Piauí (PI)";"Total";"3000";"150";"157";"193";"220";"210";"140";"133";"85";"58";"29";"10";"4";"-"
"2207405";"Palmeira do Piauí (PI)";"Total";"4952";"358";"350";"418";"402";"381";"186";"136";"97";"68";"34";"19";"4";"1"
"2207504";"Palmeirais (PI)";"Total";"13264";"1000";"1029";"1157";"1179";"964";"472";"374";"278";"205";"124";"48";"18";"3"
"2207553";"Paquetá (PI)";"Total";"3813";"217";"224";"242";"275";"274";"134";"119";"112";"62";"34";"15";"4";"-"
"2207603";"Parnaguá (PI)";"Total";"10103";"844";"766";"926";"968";"818";"337";"264";"155";"122";"59";"32";"13";"2"
"2207702";"Parnaíba (PI)";"Total";"162159";"10819";"10925";"11227";"12248";"13245";"5279";"4230";"2808";"1875";"1057";"505";"129";"32"
"2207751";"Passagem Franca do Piauí (PI)";"Total";"4135";"271";"296";"330";"351";"372";"145";"121";"68";"48";"28";"14";"6";"-"
"2207777";"Patos do Piauí (PI)";"Total";"5425";"255";"287";"331";"416";"354";"255";"216";"169";"93";"47";"22";"9";"2"
"2207793";"Pau D'Arco do Piauí (PI)";"Total";"3880";"244";"243";"295";"319";"316";"172";"148";"96";"57";"28";"11";"5";"1"
"2207801";"Paulistana (PI)";"Total";"21055";"1574";"1563";"1516";"1792";"1678";"652";"611";"451";"252";"137";"65";"18";"4"
"2207850";"Pavussu (PI)";"Total";"3628";"226";"227";"240";"240";"267";"158";"126";"95";"47";"35";"19";"8";"2"
"2207900";"Pedro II (PI)";"Total";"37894";"2348";"2580";"2785";"3174";"3074";"1500";"1285";"826";"599";"337";"174";"51";"6"
"2207934";"Pedro Laurentino (PI)";"Total";"2458";"180";"156";"208";"200";"195";"103";"75";"39";"33";"18";"5";"-";"1"
"2207959";"Nova Santa Rita (PI)";"Total";"4076";"261";"276";"317";"363";"339";"140";"119";"68";"43";"26";"8";"6";"-"
"2208007";"Picos (PI)";"Total";"83090";"5178";"5243";"5412";"5889";"6662";"2519";"2208";"1482";"1010";"475";"197";"63";"10"
"2208106";"Pimenteiras (PI)";"Total";"11341";"717";"744";"796";"938";"849";"443";"422";"268";"207";"89";"57";"12";"2"
"2208205";"Pio IX (PI)";"Total";"17613";"1171";"1179";"1363";"1335";"1408";"613";"489";"351";"239";"136";"78";"13";"2"
"2208304";"Piracuruca (PI)";"Total";"28846";"1804";"2092";"2089";"2198";"2247";"975";"869";"599";"373";"185";"81";"25";"1"
"2208403";"Piripiri (PI)";"Total";"65538";"4131";"4584";"4644";"4821";"5342";"2392";"1999";"1373";"948";"521";"256";"63";"17"
"2208502";"Porto (PI)";"Total";"12052";"1097";"1081";"1170";"1139";"1047";"324";"259";"170";"112";"77";"23";"11";"5"
"2208551";"Porto Alegre do Piauí (PI)";"Total";"2364";"200";"178";"175";"216";"166";"86";"62";"53";"33";"19";"8";"2";"-"
"2208601";"Prata do Piauí (PI)";"Total";"3042";"195";"220";"226";"241";"219";"140";"97";"76";"53";"42";"17";"-";"-"
"2208650";"Queimada Nova (PI)";"Total";"8738";"529";"523";"567";"726";"735";"264";"241";"208";"132";"63";"28";"8";"3"
"2208700";"Redenção do Gurguéia (PI)";"Total";"8394";"714";"639";"743";"816";"660";"314";"221";"158";"70";"39";"25";"7";"1"
"2208809";"Regeneração (PI)";"Total";"17133";"1236";"1288";"1468";"1391";"1129";"635";"540";"385";"262";"132";"55";"23";"3"
"2208858";"Riacho Frio (PI)";"Total";"4165";"265";"337";"438";"388";"293";"142";"117";"59";"42";"22";"17";"7";"1"
"2208874";"Ribeira do Piauí (PI)";"Total";"4055";"272";"264";"328";"360";"255";"164";"125";"92";"54";"34";"1";"3";"-"
"2208908";"Ribeiro Gonçalves (PI)";"Total";"6164";"430";"520";"504";"560";"490";"202";"135";"93";"76";"36";"17";"5";"3"
"2209005";"Rio Grande do Piauí (PI)";"Total";"5801";"324";"350";"414";"442";"395";"261";"228";"188";"121";"58";"30";"9";"1"
"2209104";"Santa Cruz do Piauí (PI)";"Total";"5831";"315";"337";"394";"470";"444";"246";"221";"160";"90";"55";"24";"8";"1"
"2209153";"Santa Cruz dos Milagres (PI)";"Total";"3435";"187";"235";"279";"271";"203";"149";"116";"94";"50";"36";"14";"2";"-"
"2209203";"Santa Filomena (PI)";"Total";"6087";"481";"521";"516";"572";"549";"175";"107";"90";"73";"33";"7";"3";"1"
"2209302";"Santa Luz (PI)";"Total";"5336";"367";"351";"475";"493";"384";"205";"174";"124";"59";"32";"13";"8";"1"
"2209351";"Santana do Piauí (PI)";"Total";"4125";"207";"231";"300";"328";"282";"163";"163";"113";"83";"32";"10";"3";"1"
"2209377";"Santa Rosa do Piauí (PI)";"Total";"4650";"264";"282";"348";"401";"329";"206";"175";"130";"85";"39";"17";"1";"-"
"2209401";"Santo Antônio de Lisboa (PI)";"Total";"5839";"343";"387";"376";"440";"434";"232";"213";"176";"113";"39";"23";"5";"1"
"2209450";"Santo Antônio dos Milagres (PI)";"Total";"2138";"147";"176";"203";"194";"168";"81";"58";"36";"34";"16";"3";"2";"-"
"2209500";"Santo Inácio do Piauí (PI)";"Total";"3646";"203";"220";"222";"271";"259";"191";"138";"88";"47";"30";"15";"8";"2"
"2209559";"São Braz do Piauí (PI)";"Total";"4358";"264";"313";"306";"289";"320";"157";"136";"95";"83";"32";"12";"2";"-"
"2209609";"São Félix do Piauí (PI)";"Total";"2842";"142";"155";"196";"203";"138";"148";"138";"94";"75";"46";"18";"4";"2"
"2209658";"São Francisco de Assis do Piauí (PI)";"Total";"5572";"375";"390";"449";"487";"438";"178";"144";"93";"54";"23";"7";"4";"-"
"2209708";"São Francisco do Piauí (PI)";"Total";"5392";"309";"333";"378";"426";"354";"281";"235";"138";"91";"55";"19";"16";"-"
"2209757";"São Gonçalo do Gurguéia (PI)";"Total";"2947";"228";"209";"246";"262";"227";"114";"64";"58";"31";"21";"9";"1";"-"
"2209807";"São Gonçalo do Piauí (PI)";"Total";"4837";"355";"382";"422";"375";"357";"159";"154";"89";"68";"31";"13";"2";"-"
"2209856";"São João da Canabrava (PI)";"Total";"4242";"224";"254";"291";"338";"282";"198";"169";"119";"87";"36";"14";"5";"3"
"2209872";"São João da Fronteira (PI)";"Total";"5522";"406";"413";"459";"482";"460";"186";"153";"108";"80";"34";"16";"5";"1"
"2209906";"São João da Serra (PI)";"Total";"6114";"343";"386";"440";"483";"377";"320";"294";"159";"131";"64";"24";"6";"1"
"2209955";"São João da Varjota (PI)";"Total";"4383";"255";"316";"372";"360";"296";"151";"153";"104";"69";"41";"21";"7";"2"
"2209971";"São João do Arraial (PI)";"Total";"8186";"631";"667";"666";"820";"646";"268";"230";"146";"112";"48";"23";"9";"-"
"2210003";"São João do Piauí (PI)";"Total";"21421";"1545";"1537";"1664";"1831";"1772";"679";"516";"390";"269";"139";"70";"22";"4"
"2210052";"São José do Divino (PI)";"Total";"4841";"248";"313";"331";"377";"376";"141";"136";"95";"61";"33";"14";"2";"-"
"2210102";"São José do Peixe (PI)";"Total";"3297";"147";"209";"272";"306";"225";"146";"117";"71";"58";"29";"11";"8";"-"
"2210201";"São José do Piauí (PI)";"Total";"6597";"404";"418";"463";"500";"469";"225";"231";"175";"121";"70";"24";"6";"3"
"2210300";"São Julião (PI)";"Total";"6025";"351";"350";"436";"439";"434";"241";"221";"156";"102";"35";"21";"3";"1"
"2210359";"São Lourenço do Piauí (PI)";"Total";"4410";"215";"261";"286";"296";"314";"196";"173";"141";"92";"49";"23";"4";"1"
"2210375";"São Luis do Piauí (PI)";"Total";"2309";"137";"142";"155";"174";"163";"96";"72";"59";"55";"34";"9";"2";"1"
"2210383";"São Miguel da Baixa Grande (PI)";"Total";"2269";"121";"141";"160";"186";"139";"97";"96";"76";"42";"24";"12";"4";"-"
"2210391";"São Miguel do Fidalgo (PI)";"Total";"2829";"201";"156";"247";"239";"214";"106";"76";"81";"39";"29";"10";"1";"1"
"2210409";"São Miguel do Tapuio (PI)";"Total";"17554";"1063";"1205";"1290";"1432";"1256";"651";"682";"401";"294";"153";"91";"30";"4"
"2210508";"São Pedro do Piauí (PI)";"Total";"13755";"1045";"1074";"1160";"1145";"1091";"510";"380";"303";"189";"119";"44";"21";"1"
"2210607";"São Raimundo Nonato (PI)";"Total";"38934";"2803";"2860";"2942";"3037";"3313";"1089";"931";"648";"431";"246";"117";"28";"10"
"2210623";"Sebastião Barros (PI)";"Total";"3202";"225";"229";"333";"281";"238";"113";"97";"62";"34";"16";"12";"4";"-"
"2210631";"Sebastião Leal (PI)";"Total";"4446";"304";"328";"366";"372";"331";"141";"131";"98";"55";"22";"12";"2";"-"
"2210656";"Sigefredo Pacheco (PI)";"Total";"9460";"559";"562";"646";"718";"691";"423";"365";"239";"180";"79";"33";"11";"4"
"2210706";"Simões (PI)";"Total";"14350";"1031";"1086";"1236";"1274";"1176";"412";"364";"293";"205";"112";"45";"14";"2"
"2210805";"Simplício Mendes (PI)";"Total";"13870";"924";"980";"1034";"1001";"995";"509";"407";"280";"203";"93";"46";"12";"5"
"2210904";"Socorro do Piauí (PI)";"Total";"4141";"221";"261";"325";"310";"304";"192";"165";"116";"67";"38";"17";"6";"1"
"2210938";"Sussuapara (PI)";"Total";"6220";"373";"365";"415";"453";"473";"243";"209";"158";"109";"40";"22";"5";"1"
"2210953";"Tamboril do Piauí (PI)";"Total";"2949";"219";"217";"220";"244";"208";"95";"78";"59";"26";"15";"7";"5";"1"
"2210979";"Tanque do Piauí (PI)";"Total";"2316";"124";"154";"147";"195";"168";"96";"83";"63";"48";"20";"8";"3";"-"
"2211001";"Teresina (PI)";"Total";"866300";"54739";"57613";"57785";"62380";"72129";"29563";"21818";"13444";"8315";"4725";"2251";"760";"171"
"2211100";"União (PI)";"Total";"46119";"3481";"3499";"3678";"3924";"3813";"1568";"1352";"901";"641";"349";"155";"48";"3"
"2211209";"Uruçuí (PI)";"Total";"25203";"1988";"2118";"2096";"2195";"2017";"715";"569";"387";"249";"120";"62";"24";"6"
"2211308";"Valença do Piauí (PI)";"Total";"22279";"1250";"1389";"1514";"1659";"1586";"863";"797";"538";"381";"219";"112";"49";"7"
"2211357";"Várzea Branca (PI)";"Total";"5055";"372";"372";"383";"437";"418";"165";"122";"87";"73";"28";"21";"2";"2"
"2211407";"Várzea Grande (PI)";"Total";"4417";"268";"256";"340";"344";"299";"220";"175";"94";"73";"46";"24";"4";"1"
"2211506";"Vera Mendes (PI)";"Total";"3185";"182";"176";"205";"231";"212";"135";"120";"80";"64";"35";"16";"5";"1"
"2211605";"Vila Nova do Piauí (PI)";"Total";"2935";"148";"169";"198";"177";"192";"131";"104";"80";"45";"15";"6";"1";"1"
"2211704";"Wall Ferraz (PI)";"Total";"4059";"200";"204";"281";"359";"273";"159";"164";"86";"55";"33";"9";"3";"1"
"2300101";"Abaiara (CE)";"Total";"10038";"756";"701";"771";"713";"794";"332";"293";"225";"146";"86";"40";"10";"3"
"2300150";"Acarape (CE)";"Total";"14027";"994";"1103";"1124";"1087";"1286";"361";"273";"195";"125";"91";"53";"9";"2"
"2300200";"Acaraú (CE)";"Total";"65264";"5048";"5062";"4947";"5268";"5274";"1837";"1571";"1141";"745";"396";"164";"55";"12"
"2300309";"Acopiara (CE)";"Total";"44962";"2650";"2747";"3314";"3275";"3180";"1868";"1698";"1251";"924";"499";"188";"61";"24"
"2300408";"Aiuaba (CE)";"Total";"14076";"947";"902";"1051";"1107";"1022";"531";"506";"334";"262";"133";"69";"26";"3"
"2300507";"Alcântaras (CE)";"Total";"11369";"744";"824";"768";"901";"901";"390";"331";"209";"181";"107";"54";"19";"3"
"2300606";"Altaneira (CE)";"Total";"6782";"490";"476";"479";"543";"544";"234";"255";"185";"155";"66";"26";"10";"3"
"2300705";"Alto Santo (CE)";"Total";"14155";"941";"993";"936";"1079";"1103";"536";"447";"283";"227";"113";"50";"16";"6"
"2300754";"Amontada (CE)";"Total";"42156";"3537";"3601";"3687";"3721";"3458";"1101";"1093";"751";"554";"287";"137";"57";"11"
"2300804";"Antonina do Norte (CE)";"Total";"7245";"422";"464";"580";"601";"587";"275";"261";"232";"146";"77";"33";"5";"4"
"2300903";"Apuiarés (CE)";"Total";"12928";"846";"864";"894";"1006";"981";"466";"389";"295";"209";"120";"65";"17";"11"
"2301000";"Aquiraz (CE)";"Total";"80645";"4893";"5630";"5428";"5441";"6004";"2522";"2100";"1363";"979";"512";"206";"75";"14"
"2301109";"Aracati (CE)";"Total";"75113";"4735";"5144";"5045";"5417";"5648";"2494";"2149";"1489";"879";"467";"232";"73";"27"
"2301208";"Aracoiaba (CE)";"Total";"25553";"1688";"1771";"1881";"1859";"1987";"899";"775";"507";"402";"228";"110";"44";"4"
"2301257";"Ararendá (CE)";"Total";"11096";"746";"729";"819";"906";"837";"474";"382";"247";"206";"98";"50";"23";"5"
"2301307";"Araripe (CE)";"Total";"19783";"1502";"1519";"1646";"1758";"1520";"604";"559";"425";"329";"166";"74";"18";"3"
"2301406";"Aratuba (CE)";"Total";"11224";"750";"827";"816";"904";"968";"379";"297";"225";"154";"81";"58";"14";"2"
"2301505";"Arneiroz (CE)";"Total";"7429";"491";"491";"536";"566";"511";"343";"250";"218";"158";"67";"40";"22";"4"
"2301604";"Assaré (CE)";"Total";"21697";"1415";"1464";"1477";"1704";"1690";"847";"759";"595";"446";"237";"107";"32";"6"
"2301703";"Aurora (CE)";"Total";"23714";"1472";"1585";"1615";"1706";"1755";"909";"797";"627";"452";"217";"84";"34";"13"
"2301802";"Baixio (CE)";"Total";"5704";"330";"315";"409";"433";"381";"231";"214";"137";"118";"44";"28";"9";"2"
"2301851";"Banabuiú (CE)";"Total";"17195";"1253";"1241";"1373";"1396";"1427";"573";"492";"281";"261";"143";"65";"16";"2"
"2301901";"Barbalha (CE)";"Total";"75033";"5706";"5746";"5795";"5617";"6333";"2118";"1687";"1226";"848";"484";"225";"69";"13"
"2301950";"Barreira (CE)";"Total";"22392";"1619";"1613";"1640";"1704";"1753";"701";"641";"358";"267";"166";"62";"31";"2"
"2302008";"Barro (CE)";"Total";"19381";"1083";"1200";"1279";"1441";"1359";"804";"683";"536";"433";"250";"106";"30";"7"
"2302057";"Barroquinha (CE)";"Total";"14567";"987";"1064";"1027";"1225";"1191";"481";"462";"283";"174";"92";"40";"6";"6"
"2302107";"Baturité (CE)";"Total";"35218";"2446";"2481";"2504";"2718";"2981";"1090";"852";"623";"507";"300";"154";"39";"6"
"2302206";"Beberibe (CE)";"Total";"53114";"3410";"3543";"3570";"3891";"3905";"2034";"1767";"1183";"776";"388";"176";"53";"14"
"2302305";"Bela Cruz (CE)";"Total";"32775";"2144";"2271";"2664";"2441";"2416";"1028";"952";"654";"445";"186";"102";"37";"4"
"2302404";"Boa Viagem (CE)";"Total";"50411";"3414";"3365";"3677";"4047";"3846";"2044";"1732";"1244";"927";"520";"211";"92";"11"
"2302503";"Brejo Santo (CE)";"Total";"51090";"3373";"3305";"3285";"3431";"4512";"1604";"1439";"967";"741";"377";"142";"46";"16"
"2302602";"Camocim (CE)";"Total";"62326";"4355";"4544";"4608";"5045";"5338";"1815";"1542";"1012";"712";"317";"158";"45";"16"
"2302701";"Campos Sales (CE)";"Total";"25135";"1644";"1614";"1863";"1980";"1972";"958";"806";"595";"471";"238";"113";"31";"5"
"2302800";"Canindé (CE)";"Total";"74174";"5166";"5426";"5640";"5800";"5919";"2511";"2195";"1440";"1169";"594";"265";"111";"25"
"2302909";"Capistrano (CE)";"Total";"17254";"1250";"1250";"1281";"1369";"1304";"594";"463";"314";"261";"151";"80";"22";"5"
"2303006";"Caridade (CE)";"Total";"16377";"1257";"1272";"1273";"1345";"1272";"598";"439";"293";"240";"129";"71";"26";"7"
"2303105";"Cariré (CE)";"Total";"17632";"1191";"1190";"1171";"1333";"1394";"655";"610";"475";"300";"167";"78";"32";"12"
"2303204";"Caririaçu (CE)";"Total";"26320";"1892";"1977";"2060";"2169";"2114";"938";"827";"574";"403";"224";"99";"32";"10"
"2303303";"Cariús (CE)";"Total";"17015";"993";"1088";"1122";"1146";"1168";"729";"659";"504";"388";"218";"72";"32";"4"
"2303402";"Carnaubal (CE)";"Total";"17210";"1253";"1314";"1354";"1418";"1312";"582";"467";"361";"253";"149";"75";"20";"11"
"2303501";"Cascavel (CE)";"Total";"72720";"4717";"5039";"4773";"5239";"5572";"2532";"2011";"1329";"927";"511";"263";"86";"8"
"2303600";"Catarina (CE)";"Total";"10243";"671";"655";"772";"814";"689";"439";"420";"259";"218";"115";"63";"22";"2"
"2303659";"Catunda (CE)";"Total";"10444";"612";"745";"739";"912";"813";"418";"367";"210";"180";"102";"43";"13";"6"
"2303709";"Caucaia (CE)";"Total";"355679";"25048";"26872";"26006";"25586";"29367";"9443";"6854";"4298";"2809";"1470";"623";"241";"41"
"2303808";"Cedro (CE)";"Total";"22344";"1303";"1279";"1538";"1642";"1735";"1064";"811";"625";"489";"265";"127";"41";"8"
"2303907";"Chaval (CE)";"Total";"12462";"887";"963";"960";"928";"977";"371";"353";"294";"174";"94";"31";"6";"1"
"2303931";"Choró (CE)";"Total";"12113";"863";"944";"955";"1017";"854";"449";"370";"242";"195";"109";"45";"18";"1"
"2303956";"Chorozinho (CE)";"Total";"20163";"1330";"1464";"1441";"1499";"1574";"611";"481";"334";"251";"138";"57";"23";"4"
"2304004";"Coreaú (CE)";"Total";"20953";"1544";"1578";"1508";"1637";"1933";"644";"635";"396";"267";"137";"55";"18";"3"
"2304103";"Crateús (CE)";"Total";"76390";"4853";"4975";"5173";"5580";"5916";"2891";"2506";"1793";"1304";"715";"344";"125";"21"
"2304202";"Crato (CE)";"Total";"131050";"8809";"9292";"9534";"9710";"11046";"4309";"3488";"2448";"1822";"1016";"465";"133";"37"
"2304236";"Croatá (CE)";"Total";"17481";"1195";"1214";"1291";"1449";"1347";"643";"555";"406";"315";"132";"77";"21";"9"
"2304251";"Cruz (CE)";"Total";"29761";"2264";"2249";"2109";"2198";"2332";"896";"738";"522";"345";"164";"56";"23";"10"
"2304269";"Deputado Irapuan Pinheiro (CE)";"Total";"8932";"531";"458";"643";"586";"614";"404";"351";"246";"184";"99";"35";"13";"1"
"2304277";"Ereré (CE)";"Total";"6474";"410";"459";"426";"457";"448";"266";"229";"161";"103";"62";"29";"9";"4"
"2304285";"Eusébio (CE)";"Total";"74170";"4700";"6177";"5641";"4700";"4624";"1547";"1157";"665";"433";"244";"123";"42";"13"
"2304301";"Farias Brito (CE)";"Total";"18217";"1146";"1168";"1365";"1418";"1369";"682";"668";"544";"379";"181";"85";"27";"5"
"2304350";"Forquilha (CE)";"Total";"24173";"1652";"1690";"1706";"1885";"2098";"718";"660";"395";"347";"143";"76";"33";"5"
"2304400";"Fortaleza (CE)";"Total";"2428708";"138704";"155660";"154376";"165546";"189360";"87773";"66304";"42675";"28776";"15752";"7258";"2463";"434"
"2304459";"Fortim (CE)";"Total";"17294";"1081";"1118";"1134";"1324";"1296";"593";"543";"333";"200";"129";"48";"17";"2"
"2304509";"Frecheirinha (CE)";"Total";"15657";"1199";"1261";"1148";"1177";"1441";"458";"403";"239";"190";"82";"36";"13";"2"
"2304608";"General Sampaio (CE)";"Total";"6734";"508";"471";"597";"554";"530";"247";"191";"145";"91";"41";"22";"10";"2"
"2304657";"Graça (CE)";"Total";"13801";"910";"978";"1106";"1083";"1034";"524";"465";"319";"233";"84";"54";"16";"2"
"2304707";"Granja (CE)";"Total";"53344";"3835";"3955";"4231";"4829";"4821";"1611";"1453";"1042";"616";"288";"111";"48";"17"
"2304806";"Granjeiro (CE)";"Total";"4841";"322";"330";"364";"407";"394";"169";"162";"93";"87";"46";"19";"6";"1"
"2304905";"Groaíras (CE)";"Total";"10910";"668";"701";"701";"767";"880";"408";"349";"235";"185";"93";"52";"18";"2"
"2304954";"Guaiúba (CE)";"Total";"24325";"1709";"1836";"1866";"1870";"2040";"702";"545";"376";"301";"137";"64";"22";"4"
"2305001";"Guaraciaba do Norte (CE)";"Total";"42053";"3183";"3167";"3221";"3510";"3455";"1485";"1228";"840";"585";"349";"169";"66";"11"
"2305100";"Guaramiranga (CE)";"Total";"5654";"331";"360";"378";"412";"460";"204";"142";"125";"57";"50";"25";"10";"3"
"2305209";"Hidrolândia (CE)";"Total";"17855";"1191";"1194";"1332";"1338";"1336";"723";"648";"470";"342";"171";"91";"34";"5"
"2305233";"Horizonte (CE)";"Total";"74755";"5516";"5684";"5707";"5643";"6189";"1856";"1393";"896";"650";"315";"176";"50";"14"
"2305266";"Ibaretama (CE)";"Total";"11956";"848";"879";"915";"980";"890";"455";"375";"266";"194";"107";"50";"15";"3"
"2305308";"Ibiapina (CE)";"Total";"23965";"1787";"1831";"1905";"1892";"1782";"877";"720";"466";"345";"214";"119";"33";"8"
"2305332";"Ibicuitinga (CE)";"Total";"11611";"675";"809";"811";"855";"813";"431";"348";"243";"176";"97";"42";"9";"1"
"2305357";"Icapuí (CE)";"Total";"21433";"1346";"1471";"1537";"1619";"1447";"718";"640";"411";"218";"104";"50";"16";"2"
"2305407";"Icó (CE)";"Total";"62642";"3971";"4219";"4509";"4941";"4682";"2475";"2032";"1357";"1006";"512";"216";"77";"12"
"2305506";"Iguatu (CE)";"Total";"98064";"6248";"6341";"6726";"7044";"7073";"3713";"2998";"2155";"1614";"855";"373";"120";"25"
"2305605";"Independência (CE)";"Total";"24024";"1428";"1375";"1585";"1739";"1729";"1025";"870";"682";"494";"278";"143";"41";"11"
"2305654";"Ipaporanga (CE)";"Total";"11575";"718";"765";"841";"894";"757";"496";"414";"306";"223";"146";"85";"16";"3"
"2305704";"Ipaumirim (CE)";"Total";"12083";"847";"911";"862";"967";"903";"492";"405";"264";"251";"120";"49";"18";"1"
"2305803";"Ipu (CE)";"Total";"41081";"2928";"2917";"2980";"3154";"3345";"1560";"1331";"884";"697";"396";"188";"62";"19"
"2305902";"Ipueiras (CE)";"Total";"36798";"2435";"2510";"2757";"3040";"2643";"1560";"1373";"861";"633";"348";"156";"59";"8"
"2306009";"Iracema (CE)";"Total";"14001";"900";"924";"927";"1049";"1006";"615";"524";"328";"248";"133";"67";"25";"10"
"2306108";"Irauçuba (CE)";"Total";"23915";"1820";"1851";"2083";"2166";"2113";"658";"535";"406";"280";"126";"74";"14";"7"
"2306207";"Itaiçaba (CE)";"Total";"7536";"442";"491";"486";"495";"504";"307";"264";"193";"109";"74";"47";"10";"2"
"2306256";"Itaitinga (CE)";"Total";"64650";"4088";"4214";"4068";"3929";"5842";"1205";"857";"570";"356";"210";"107";"38";"2"
"2306306";"Itapajé (CE)";"Total";"46426";"3152";"3409";"3544";"3788";"3880";"1334";"1125";"775";"555";"320";"133";"55";"7"
"2306405";"Itapipoca (CE)";"Total";"131123";"9944";"10033";"10543";"11163";"11391";"3587";"3150";"2024";"1531";"798";"459";"150";"28"
"2306504";"Itapiúna (CE)";"Total";"17841";"1164";"1313";"1414";"1383";"1411";"657";"536";"338";"269";"134";"72";"26";"7"
"2306553";"Itarema (CE)";"Total";"42957";"3458";"3380";"3514";"3761";"3831";"1029";"861";"633";"468";"225";"134";"32";"4"
"2306603";"Itatira (CE)";"Total";"20424";"1441";"1451";"1659";"1873";"1783";"728";"608";"396";"328";"154";"75";"31";"11"
"2306702";"Jaguaretama (CE)";"Total";"17232";"1202";"1073";"1148";"1228";"1264";"808";"574";"389";"274";"176";"84";"30";"4"
"2306801";"Jaguaribara (CE)";"Total";"10356";"680";"711";"764";"754";"750";"406";"365";"237";"136";"104";"48";"13";"6"
"2306900";"Jaguaribe (CE)";"Total";"33726";"2006";"2249";"2248";"2368";"2443";"1387";"1181";"772";"581";"338";"153";"60";"19"
"2307007";"Jaguaruana (CE)";"Total";"31701";"1833";"2110";"2118";"2171";"2377";"1117";"947";"651";"390";"168";"109";"54";"10"
"2307106";"Jardim (CE)";"Total";"27411";"1887";"2108";"2239";"2329";"2257";"945";"813";"642";"457";"253";"101";"37";"9"
"2307205";"Jati (CE)";"Total";"7861";"561";"589";"579";"596";"564";"271";"245";"194";"140";"95";"28";"18";"9"
"2307254";"Jijoca de Jericoacoara (CE)";"Total";"25555";"2053";"1984";"1893";"2032";"2442";"545";"434";"301";"187";"98";"41";"8";"4"
"2307304";"Juazeiro do Norte (CE)";"Total";"286120";"20018";"20632";"20588";"21593";"25645";"8074";"6731";"4689";"3364";"1790";"768";"197";"65"
"2307403";"Jucás (CE)";"Total";"23922";"1652";"1663";"1861";"1754";"1746";"949";"829";"637";"472";"241";"98";"21";"10"
"2307502";"Lavras da Mangabeira (CE)";"Total";"30802";"1886";"1948";"2088";"2262";"2437";"1323";"1091";"766";"602";"330";"160";"36";"15"
"2307601";"Limoeiro do Norte (CE)";"Total";"59560";"3526";"3853";"3971";"3982";"4522";"2151";"1803";"1222";"739";"423";"185";"69";"11"
"2307635";"Madalena (CE)";"Total";"16896";"1166";"1207";"1263";"1477";"1384";"584";"511";"333";"284";"137";"66";"21";"3"
"2307650";"Maracanaú (CE)";"Total";"234509";"16209";"17567";"16640";"16804";"19033";"6941";"4790";"3015";"1825";"1048";"445";"170";"26"
"2307700";"Maranguape (CE)";"Total";"105093";"6837";"7478";"7195";"7486";"8220";"3181";"2400";"1755";"1292";"650";"332";"96";"26"
"2307809";"Marco (CE)";"Total";"25799";"1875";"1923";"1951";"2276";"2489";"514";"499";"387";"242";"113";"46";"18";"4"
"2307908";"Martinópole (CE)";"Total";"10846";"831";"741";"829";"985";"964";"291";"304";"205";"134";"67";"35";"9";"6"
"2308005";"Massapê (CE)";"Total";"37697";"2876";"2719";"2834";"3072";"3451";"998";"965";"581";"435";"261";"119";"42";"6"
"2308104";"Mauriti (CE)";"Total";"45561";"3235";"3303";"3580";"3524";"3690";"1473";"1288";"911";"661";"377";"132";"54";"8"
"2308203";"Meruoca (CE)";"Total";"15157";"1046";"1120";"1137";"1148";"1228";"496";"469";"279";"206";"143";"77";"33";"5"
"2308302";"Milagres (CE)";"Total";"25900";"1530";"1692";"1954";"1968";"2012";"926";"796";"584";"494";"250";"114";"34";"5"
"2308351";"Milhã (CE)";"Total";"14123";"856";"839";"889";"993";"1111";"541";"488";"373";"278";"139";"51";"22";"6"
"2308377";"Miraíma (CE)";"Total";"14196";"1072";"1063";"1193";"1304";"1176";"439";"340";"234";"170";"99";"50";"24";"3"
"2308401";"Missão Velha (CE)";"Total";"36822";"2780";"2785";"3003";"3031";"3059";"1133";"1008";"784";"537";"288";"123";"36";"7"
"2308500";"Mombaça (CE)";"Total";"37735";"2360";"2429";"2711";"2950";"2699";"1509";"1412";"1063";"737";"399";"162";"57";"14"
"2308609";"Monsenhor Tabosa (CE)";"Total";"17149";"1133";"1167";"1164";"1280";"1317";"696";"634";"362";"309";"187";"86";"26";"8"
"2308708";"Morada Nova (CE)";"Total";"61443";"3558";"3727";"3934";"4124";"4792";"2451";"2052";"1433";"951";"558";"269";"77";"24"
"2308807";"Moraújo (CE)";"Total";"8254";"596";"594";"586";"699";"713";"253";"247";"156";"103";"47";"23";"4";"-"
"2308906";"Morrinhos (CE)";"Total";"22753";"1809";"1792";"1948";"1994";"1972";"622";"551";"455";"299";"135";"51";"12";"1"
"2309003";"Mucambo (CE)";"Total";"13666";"859";"912";"1034";"965";"1004";"579";"550";"340";"241";"115";"66";"22";"2"
"2309102";"Mulungu (CE)";"Total";"10569";"737";"803";"806";"846";"882";"378";"313";"189";"149";"79";"54";"16";"5"
"2309201";"Nova Olinda (CE)";"Total";"15399";"1216";"1249";"1263";"1184";"1256";"438";"417";"287";"208";"124";"49";"11";"3"
"2309300";"Nova Russas (CE)";"Total";"30699";"1979";"1963";"2176";"2407";"2310";"1297";"1135";"724";"543";"337";"131";"57";"10"
"2309409";"Novo Oriente (CE)";"Total";"27545";"1719";"1821";"1929";"2060";"2172";"1126";"910";"615";"446";"261";"119";"32";"7"
"2309458";"Ocara (CE)";"Total";"24493";"1482";"1594";"1729";"1822";"1767";"927";"750";"541";"399";"203";"104";"29";"7"
"2309508";"Orós (CE)";"Total";"19675";"1101";"1297";"1336";"1381";"1283";"959";"776";"489";"377";"191";"90";"22";"4"
"2309607";"Pacajus (CE)";"Total";"70983";"4796";"5144";"5024";"5404";"5959";"1913";"1548";"1062";"720";"370";"188";"60";"8"
"2309706";"Pacatuba (CE)";"Total";"81524";"6247";"6457";"6035";"5921";"6535";"2114";"1434";"901";"604";"323";"117";"47";"9"
"2309805";"Pacoti (CE)";"Total";"11186";"746";"831";"903";"788";"870";"387";"280";"199";"159";"102";"58";"13";"2"
"2309904";"Pacujá (CE)";"Total";"6175";"397";"399";"469";"478";"394";"248";"202";"159";"105";"52";"22";"14";"2"
"2310001";"Palhano (CE)";"Total";"9346";"532";"590";"663";"684";"573";"389";"342";"240";"136";"73";"39";"18";"4"
"2310100";"Palmácia (CE)";"Total";"10242";"672";"666";"764";"735";"836";"353";"303";"221";"180";"107";"41";"15";"2"
"2310209";"Paracuru (CE)";"Total";"38980";"2707";"2931";"2912";"2887";"3008";"1213";"1082";"693";"445";"264";"117";"39";"6"
"2310258";"Paraipaba (CE)";"Total";"32216";"2235";"2512";"2401";"2360";"2665";"981";"799";"544";"378";"236";"97";"44";"12"
"2310308";"Parambu (CE)";"Total";"31445";"2122";"2069";"2168";"2564";"2376";"1187";"1111";"764";"622";"314";"164";"58";"11"
"2310407";"Paramoti (CE)";"Total";"10384";"667";"668";"740";"846";"871";"365";"359";"234";"179";"85";"56";"15";"3"
"2310506";"Pedra Branca (CE)";"Total";"40187";"2372";"2571";"2865";"3157";"3053";"1520";"1462";"1028";"795";"436";"202";"71";"23"
"2310605";"Penaforte (CE)";"Total";"8972";"705";"699";"700";"727";"781";"296";"206";"158";"114";"66";"30";"16";"2"
"2310704";"Pentecoste (CE)";"Total";"37813";"2696";"2735";"2795";"2758";"3120";"1198";"960";"683";"550";"271";"133";"52";"16"
"2310803";"Pereiro (CE)";"Total";"15274";"966";"1032";"1087";"1142";"1237";"640";"522";"347";"285";"146";"88";"24";"4"
"2310852";"Pindoretama (CE)";"Total";"23391";"1634";"1689";"1604";"1629";"1718";"748";"634";"422";"322";"165";"76";"30";"3"
"2310902";"Piquet Carneiro (CE)";"Total";"16616";"889";"967";"1086";"1180";"1251";"689";"666";"458";"344";"143";"83";"20";"5"
"2310951";"Pires Ferreira (CE)";"Total";"10606";"642";"663";"767";"916";"1000";"381";"317";"230";"190";"118";"47";"16";"4"
"2311009";"Poranga (CE)";"Total";"12065";"834";"862";"902";"968";"866";"440";"402";"296";"223";"106";"53";"12";"3"
"2311108";"Porteiras (CE)";"Total";"17050";"1231";"1241";"1282";"1327";"1366";"591";"504";"351";"308";"193";"73";"20";"6"
"2311207";"Potengi (CE)";"Total";"8833";"596";"612";"740";"761";"664";"298";"281";"219";"167";"99";"35";"12";"3"
"2311231";"Potiretama (CE)";"Total";"5974";"398";"375";"388";"481";"498";"215";"204";"117";"88";"56";"13";"12";"4"
"2311264";"Quiterianópolis (CE)";"Total";"20213";"1277";"1327";"1432";"1577";"1394";"736";"666";"473";"354";"195";"93";"33";"6"
"2311306";"Quixadá (CE)";"Total";"84168";"6270";"6159";"6215";"6541";"6923";"2691";"2320";"1524";"1220";"615";"294";"95";"15"
"2311355";"Quixelô (CE)";"Total";"15910";"919";"915";"1105";"1048";"1001";"752";"686";"425";"317";"155";"65";"17";"3"
"2311405";"Quixeramobim (CE)";"Total";"82177";"5881";"5590";"5828";"6278";"7086";"2856";"2317";"1562";"1244";"618";"325";"97";"21"
"2311504";"Quixeré (CE)";"Total";"20874";"1289";"1419";"1493";"1488";"1613";"705";"602";"428";"223";"146";"59";"31";"4"
"2311603";"Redenção (CE)";"Total";"27214";"1845";"1957";"2033";"2045";"2207";"971";"809";"545";"374";"213";"113";"38";"5"
"2311702";"Reriutaba (CE)";"Total";"18606";"1254";"1304";"1440";"1483";"1376";"733";"630";"416";"354";"174";"93";"31";"3"
"2311801";"Russas (CE)";"Total";"72928";"4525";"4793";"4897";"5019";"5663";"2408";"2113";"1407";"862";"467";"243";"88";"15"
"2311900";"Saboeiro (CE)";"Total";"13854";"898";"963";"1070";"1083";"946";"585";"538";"353";"286";"128";"47";"23";"11"
"2311959";"Salitre (CE)";"Total";"16633";"1373";"1310";"1430";"1474";"1562";"460";"389";"317";"211";"107";"49";"17";"2"
"2312007";"Santana do Acaraú (CE)";"Total";"30628";"2177";"2106";"2327";"2671";"2706";"860";"797";"657";"465";"213";"94";"27";"8"
"2312106";"Santana do Cariri (CE)";"Total";"16954";"1208";"1304";"1388";"1434";"1403";"567";"499";"349";"281";"137";"58";"23";"6"
"2312205";"Santa Quitéria (CE)";"Total";"40183";"2543";"2672";"2867";"3144";"3121";"1488";"1399";"903";"681";"336";"169";"60";"10"
"2312304";"São Benedito (CE)";"Total";"47640";"3745";"3634";"3911";"3783";"3721";"1571";"1342";"836";"638";"357";"172";"58";"13"
"2312403";"São Gonçalo do Amarante (CE)";"Total";"54143";"3812";"4339";"4167";"4116";"4487";"1430";"1135";"794";"534";"278";"121";"54";"12"
"2312502";"São João do Jaguaribe (CE)";"Total";"5855";"271";"280";"300";"336";"346";"298";"281";"223";"136";"88";"41";"17";"1"
"2312601";"São Luís do Curu (CE)";"Total";"10822";"742";"757";"781";"729";"808";"379";"365";"207";"165";"94";"54";"11";"1"
"2312700";"Senador Pompeu (CE)";"Total";"24266";"1510";"1554";"1602";"1720";"1861";"1010";"849";"627";"467";"259";"112";"34";"13"
"2312809";"Senador Sá (CE)";"Total";"7262";"525";"552";"577";"595";"613";"218";"223";"137";"80";"50";"22";"7";"4"
"2312908";"Sobral (CE)";"Total";"203023";"13565";"14614";"13540";"14724";"18195";"5561";"4586";"2880";"2058";"1058";"481";"177";"33"
"2313005";"Solonópole (CE)";"Total";"18179";"1007";"1078";"1165";"1294";"1319";"844";"663";"442";"340";"141";"71";"19";"7"
"2313104";"Tabuleiro do Norte (CE)";"Total";"30652";"1769";"1877";"2015";"2020";"2292";"1170";"993";"678";"469";"237";"108";"35";"7"
"2313203";"Tamboril (CE)";"Total";"24815";"1587";"1560";"1760";"1928";"1740";"1022";"891";"585";"466";"251";"142";"50";"12"
"2313252";"Tarrafas (CE)";"Total";"7529";"416";"493";"572";"564";"580";"346";"275";"195";"157";"86";"31";"6";"1"
"2313302";"Tauá (CE)";"Total";"61227";"3937";"4022";"3998";"4657";"4865";"2357";"2163";"1530";"1171";"602";"278";"101";"23"
"2313351";"Tejuçuoca (CE)";"Total";"17154";"1267";"1375";"1414";"1427";"1437";"527";"453";"322";"220";"116";"58";"20";"5"
"2313401";"Tianguá (CE)";"Total";"81506";"6504";"6441";"6333";"6474";"7336";"2137";"1779";"1135";"794";"405";"178";"52";"16"
"2313500";"Trairi (CE)";"Total";"58415";"4633";"4613";"4740";"4693";"4501";"1730";"1460";"998";"715";"385";"215";"85";"13"
"2313559";"Tururu (CE)";"Total";"15412";"1114";"1219";"1172";"1249";"1160";"486";"377";"304";"220";"124";"48";"13";"2"
"2313609";"Ubajara (CE)";"Total";"32767";"2531";"2505";"2639";"2648";"2604";"1060";"890";"560";"396";"258";"98";"36";"12"
"2313708";"Umari (CE)";"Total";"6871";"385";"421";"454";"538";"506";"277";"268";"176";"160";"77";"31";"6";"-"
"2313757";"Umirim (CE)";"Total";"17470";"1351";"1426";"1412";"1365";"1410";"502";"451";"316";"207";"119";"58";"22";"9"
"2313807";"Uruburetama (CE)";"Total";"20189";"1607";"1593";"1553";"1628";"1715";"554";"442";"336";"216";"107";"65";"23";"2"
"2313906";"Uruoca (CE)";"Total";"13746";"958";"1019";"1067";"1074";"1182";"398";"349";"286";"154";"82";"39";"10";"4"
"2313955";"Varjota (CE)";"Total";"18105";"1286";"1406";"1311";"1388";"1490";"606";"557";"407";"285";"148";"74";"22";"6"
"2314003";"Várzea Alegre (CE)";"Total";"38984";"2251";"2507";"2632";"2961";"2911";"1567";"1326";"1068";"751";"432";"195";"58";"4"
"2314102";"Viçosa do Ceará (CE)";"Total";"59712";"4688";"4627";"4873";"5094";"5211";"1675";"1410";"1069";"792";"383";"207";"56";"19"
"2400109";"Acari (RN)";"Total";"10597";"521";"616";"668";"679";"729";"449";"391";"257";"215";"124";"57";"27";"5"
"2400208";"Assú (RN)";"Total";"56496";"3444";"3715";"4068";"4320";"4485";"1750";"1386";"949";"670";"359";"148";"70";"30"
"2400307";"Afonso Bezerra (RN)";"Total";"10839";"715";"723";"805";"872";"922";"343";"279";"202";"154";"108";"40";"18";"4"
"2400406";"Água Nova (RN)";"Total";"2946";"173";"195";"226";"225";"225";"110";"104";"57";"47";"18";"9";"2";"2"
"2400505";"Alexandria (RN)";"Total";"13640";"760";"832";"897";"1031";"962";"561";"502";"368";"247";"164";"64";"35";"6"
"2400604";"Almino Afonso (RN)";"Total";"4687";"227";"252";"350";"377";"304";"176";"159";"108";"94";"43";"16";"14";"-"
"2400703";"Alto do Rodrigues (RN)";"Total";"12484";"799";"890";"914";"970";"949";"327";"279";"230";"144";"65";"38";"13";"2"
"2400802";"Angicos (RN)";"Total";"11632";"675";"746";"748";"868";"853";"478";"334";"230";"175";"112";"42";"24";"4"
"2400901";"Antônio Martins (RN)";"Total";"6577";"341";"379";"429";"510";"479";"298";"250";"145";"109";"67";"34";"11";"2"
"2401008";"Apodi (RN)";"Total";"36093";"1974";"2118";"2328";"2435";"2588";"1351";"1024";"620";"512";"260";"129";"35";"16"
"2401107";"Areia Branca (RN)";"Total";"24093";"1479";"1618";"1603";"1775";"1784";"845";"662";"467";"328";"158";"67";"26";"7"
"2401206";"Arez (RN)";"Total";"13251";"924";"991";"1073";"1037";"1105";"400";"269";"221";"146";"90";"46";"14";"5"
"2401305";"Campo Grande (RN)";"Total";"9730";"504";"592";"609";"815";"771";"333";"278";"191";"168";"105";"40";"19";"3"
"2401404";"Baía Formosa (RN)";"Total";"8825";"583";"623";"664";"734";"679";"282";"226";"135";"105";"43";"17";"-";"1"
"2401453";"Baraúna (RN)";"Total";"26913";"1756";"2013";"2125";"2367";"2378";"704";"534";"377";"242";"115";"63";"21";"10"
"2401503";"Barcelona (RN)";"Total";"3986";"250";"227";"247";"293";"331";"153";"131";"108";"80";"49";"14";"2";"3"
"2401602";"Bento Fernandes (RN)";"Total";"4807";"326";"315";"352";"406";"403";"166";"147";"108";"72";"35";"11";"7";"5"
"2401651";"Bodó (RN)";"Total";"2306";"129";"124";"170";"224";"151";"68";"70";"58";"42";"20";"12";"2";"1"
"2401701";"Bom Jesus (RN)";"Total";"9952";"645";"652";"773";"854";"809";"310";"298";"223";"134";"91";"46";"11";"3"
"2401800";"Brejinho (RN)";"Total";"12202";"788";"936";"919";"993";"943";"397";"376";"249";"156";"97";"45";"12";"7"
"2401859";"Caiçara do Norte (RN)";"Total";"6293";"477";"481";"517";"539";"473";"224";"137";"87";"68";"28";"20";"5";"2"
"2401909";"Caiçara do Rio do Vento (RN)";"Total";"3268";"244";"239";"226";"242";"242";"128";"83";"85";"49";"27";"7";"5";"1"
"2402006";"Caicó (RN)";"Total";"61146";"3258";"3494";"3657";"4051";"4538";"2431";"1901";"1310";"956";"515";"213";"75";"21"
"2402105";"Campo Redondo (RN)";"Total";"10215";"632";"676";"689";"740";"810";"325";"339";"255";"212";"100";"49";"25";"2"
"2402204";"Canguaretama (RN)";"Total";"29668";"2289";"2399";"2488";"2539";"2402";"778";"642";"443";"316";"167";"87";"27";"7"
"2402303";"Caraúbas (RN)";"Total";"19727";"1035";"1131";"1303";"1458";"1431";"800";"611";"459";"344";"211";"85";"35";"12"
"2402402";"Carnaúba dos Dantas (RN)";"Total";"7992";"503";"517";"570";"576";"562";"296";"244";"166";"115";"63";"22";"18";"-"
"2402501";"Carnaubais (RN)";"Total";"9714";"581";"648";"754";"767";"743";"284";"228";"176";"115";"50";"34";"15";"8"
"2402600";"Ceará-Mirim (RN)";"Total";"79115";"5532";"5887";"6411";"6448";"6682";"2142";"1889";"1333";"855";"470";"227";"91";"20"
"2402709";"Cerro Corá (RN)";"Total";"11000";"669";"654";"879";"866";"812";"374";"351";"245";"195";"105";"55";"22";"4"
"2402808";"Coronel Ezequiel (RN)";"Total";"5117";"326";"326";"344";"369";"373";"186";"176";"129";"104";"49";"24";"15";"5"
"2402907";"Coronel João Pessoa (RN)";"Total";"4237";"251";"264";"298";"337";"365";"152";"135";"96";"99";"28";"14";"5";"-"
"2403004";"Cruzeta (RN)";"Total";"8005";"436";"446";"503";"535";"511";"352";"288";"195";"139";"75";"36";"18";"-"
"2403103";"Currais Novos (RN)";"Total";"41313";"2301";"2444";"2633";"2780";"3024";"1611";"1446";"999";"741";"384";"181";"72";"23"
"2403202";"Doutor Severiano (RN)";"Total";"7044";"413";"440";"524";"570";"475";"312";"268";"151";"111";"61";"35";"12";"1"
"2403251";"Parnamirim (RN)";"Total";"252716";"15249";"16614";"16482";"16953";"19845";"7653";"5719";"3429";"2250";"1185";"502";"217";"38"
"2403301";"Encanto (RN)";"Total";"6016";"401";"400";"441";"429";"442";"229";"201";"112";"107";"47";"18";"8";"1"
"2403400";"Equador (RN)";"Total";"5360";"324";"324";"389";"395";"421";"183";"183";"112";"91";"47";"34";"6";"1"
"2403509";"Espírito Santo (RN)";"Total";"10620";"701";"764";"837";"878";"874";"362";"317";"212";"189";"80";"35";"14";"13"
"2403608";"Extremoz (RN)";"Total";"61635";"4770";"4953";"4955";"4637";"4490";"1347";"951";"602";"414";"192";"82";"35";"5"
"2403707";"Felipe Guerra (RN)";"Total";"5944";"238";"336";"393";"424";"413";"254";"189";"130";"111";"58";"32";"18";"7"
"2403756";"Fernando Pedroza (RN)";"Total";"2938";"174";"206";"217";"191";"189";"88";"82";"63";"52";"24";"15";"7";"2"
"2403806";"Florânia (RN)";"Total";"10196";"567";"616";"692";"716";"705";"371";"367";"206";"209";"88";"38";"17";"-"
"2403905";"Francisco Dantas (RN)";"Total";"2700";"149";"159";"164";"199";"169";"138";"88";"63";"43";"30";"16";"5";"-"
"2404002";"Frutuoso Gomes (RN)";"Total";"4122";"249";"216";"320";"298";"267";"179";"143";"102";"89";"34";"17";"7";"7"
"2404101";"Galinhos (RN)";"Total";"2104";"158";"175";"155";"167";"171";"56";"33";"30";"27";"5";"2";"1";"-"
"2404200";"Goianinha (RN)";"Total";"26741";"2093";"2142";"2192";"2295";"2250";"702";"525";"358";"253";"123";"59";"17";"10"
"2404309";"Governador Dix-Sept Rosado (RN)";"Total";"11938";"675";"771";"853";"897";"844";"430";"331";"261";"194";"93";"33";"14";"1"
"2404408";"Grossos (RN)";"Total";"9924";"563";"671";"617";"730";"689";"311";"261";"201";"114";"53";"24";"8";"3"
"2404507";"Guamaré (RN)";"Total";"15295";"1081";"1203";"1374";"1301";"1154";"339";"291";"215";"129";"84";"22";"11";"6"
"2404606";"Ielmo Marinho (RN)";"Total";"11615";"763";"879";"906";"1033";"980";"359";"313";"214";"132";"94";"34";"11";"4"
"2404705";"Ipanguaçu (RN)";"Total";"14131";"908";"1026";"1044";"1275";"1163";"420";"357";"226";"145";"75";"44";"16";"21"
"2404804";"Ipueira (RN)";"Total";"2035";"108";"125";"109";"137";"152";"104";"79";"58";"51";"30";"14";"5";"-"
"2404853";"Itajá (RN)";"Total";"7292";"438";"501";"585";"670";"559";"194";"153";"112";"87";"52";"26";"7";"1"
"2404903";"Itaú (RN)";"Total";"5320";"311";"322";"350";"386";"342";"206";"166";"123";"82";"41";"25";"6";"2"
"2405009";"Jaçanã (RN)";"Total";"7834";"499";"473";"548";"574";"608";"288";"257";"217";"141";"80";"21";"14";"2"
"2405108";"Jandaíra (RN)";"Total";"6562";"486";"472";"507";"593";"545";"188";"148";"108";"72";"37";"27";"9";"2"
"2405207";"Janduís (RN)";"Total";"4746";"282";"288";"355";"389";"324";"187";"170";"105";"97";"53";"31";"9";"3"
"2405306";"Januário Cicco (RN)";"Total";"9051";"622";"613";"713";"756";"721";"312";"269";"178";"134";"70";"25";"12";"5"
"2405405";"Japi (RN)";"Total";"5117";"350";"367";"404";"412";"397";"175";"135";"136";"80";"52";"16";"7";"-"
"2405504";"Jardim de Angicos (RN)";"Total";"2437";"173";"175";"183";"205";"169";"79";"70";"60";"51";"24";"11";"4";"1"
"2405603";"Jardim de Piranhas (RN)";"Total";"13977";"902";"874";"970";"1030";"1069";"485";"372";"241";"205";"83";"49";"13";"3"
"2405702";"Jardim do Seridó (RN)";"Total";"11655";"502";"562";"575";"678";"783";"624";"527";"362";"252";"144";"61";"20";"3"
"2405801";"João Câmara (RN)";"Total";"33290";"2509";"2472";"2593";"2844";"2910";"883";"799";"572";"402";"221";"92";"28";"9"
"2405900";"João Dias (RN)";"Total";"2076";"123";"134";"169";"141";"151";"67";"57";"34";"35";"24";"10";"2";"-"
"2406007";"José da Penha (RN)";"Total";"5803";"344";"312";"354";"398";"451";"249";"224";"189";"140";"71";"25";"12";"4"
"2406106";"Jucurutu (RN)";"Total";"17793";"988";"1052";"1189";"1251";"1268";"722";"536";"411";"287";"166";"83";"31";"5"
"2406155";"Jundiá (RN)";"Total";"3739";"266";"275";"259";"321";"307";"113";"109";"85";"74";"38";"14";"3";"2"
"2406205";"Lagoa d'Anta (RN)";"Total";"6654";"506";"488";"508";"596";"550";"171";"152";"113";"98";"52";"15";"6";"-"
"2406304";"Lagoa de Pedras (RN)";"Total";"7338";"479";"517";"545";"635";"661";"255";"218";"139";"94";"68";"29";"9";"3"
"2406403";"Lagoa de Velhos (RN)";"Total";"2567";"175";"161";"201";"207";"174";"84";"87";"39";"40";"24";"10";"3";"-"
"2406502";"Lagoa Nova (RN)";"Total";"15573";"1012";"1166";"1188";"1282";"1194";"510";"418";"284";"228";"133";"56";"31";"5"
"2406601";"Lagoa Salgada (RN)";"Total";"8319";"607";"607";"668";"703";"675";"243";"220";"164";"109";"57";"26";"9";"5"
"2406700";"Lajes (RN)";"Total";"9866";"602";"589";"703";"778";"772";"371";"318";"233";"175";"91";"40";"19";"2"
"2406809";"Lajes Pintadas (RN)";"Total";"4787";"278";"313";"325";"350";"349";"168";"170";"119";"83";"47";"21";"9";"2"
"2406908";"Lucrécia (RN)";"Total";"3490";"172";"217";"245";"273";"235";"129";"117";"85";"61";"30";"8";"7";"-"
"2407005";"Luís Gomes (RN)";"Total";"9070";"582";"653";"707";"784";"630";"354";"292";"225";"162";"72";"42";"14";"6"
"2407104";"Macaíba (RN)";"Total";"82249";"5850";"6454";"6104";"6336";"6209";"2290";"1774";"1232";"861";"451";"202";"74";"16"
"2407203";"Macau (RN)";"Total";"27369";"1559";"1792";"1853";"1961";"1962";"933";"714";"537";"376";"169";"82";"19";"9"
"2407252";"Major Sales (RN)";"Total";"3924";"240";"252";"339";"313";"259";"191";"133";"93";"60";"37";"21";"3";"-"
"2407302";"Marcelino Vieira (RN)";"Total";"7896";"449";"437";"566";"591";"639";"358";"293";"207";"145";"64";"22";"9";"2"
"2407401";"Martins (RN)";"Total";"8179";"423";"471";"553";"595";"492";"392";"348";"219";"177";"74";"39";"16";"1"
"2407500";"Maxaranguape (RN)";"Total";"10255";"682";"751";"876";"948";"865";"329";"274";"171";"104";"54";"25";"11";"2"
"2407609";"Messias Targino (RN)";"Total";"4274";"244";"269";"307";"339";"365";"167";"123";"94";"57";"20";"15";"4";"2"
"2407708";"Montanhas (RN)";"Total";"11444";"863";"819";"935";"900";"964";"332";"344";"245";"179";"122";"45";"17";"6"
"2407807";"Monte Alegre (RN)";"Total";"23031";"1615";"1721";"1736";"1921";"1908";"662";"586";"459";"278";"158";"70";"20";"4"
"2407906";"Monte das Gameleiras (RN)";"Total";"2276";"158";"149";"158";"155";"187";"68";"62";"38";"40";"19";"13";"1";"-"
"2408003";"Mossoró (RN)";"Total";"264577";"15819";"17299";"17815";"18539";"20198";"8590";"6472";"4142";"2906";"1509";"652";"243";"55"
"2408102";"Natal (RN)";"Total";"751300";"42640";"46579";"46549";"49620";"57881";"30607";"23202";"15328";"10197";"5704";"2767";"1007";"191"
"2408201";"Nísia Floresta (RN)";"Total";"31942";"2156";"2311";"2283";"2343";"2729";"904";"689";"486";"298";"140";"66";"27";"6"
"2408300";"Nova Cruz (RN)";"Total";"34269";"2303";"2280";"2503";"2788";"2768";"1073";"965";"686";"549";"275";"155";"36";"14"
"2408409";"Olho d'Água do Borges (RN)";"Total";"3905";"179";"181";"237";"284";"289";"187";"153";"129";"96";"55";"18";"3";"-"
"2408508";"Ouro Branco (RN)";"Total";"4913";"273";"310";"307";"321";"311";"256";"183";"142";"99";"56";"30";"16";"-"
"2408607";"Paraná (RN)";"Total";"3934";"220";"263";"307";"298";"276";"153";"135";"114";"61";"40";"13";"5";"6"
"2408706";"Paraú (RN)";"Total";"3579";"189";"178";"223";"275";"262";"150";"119";"95";"69";"42";"18";"6";"1"
"2408805";"Parazinho (RN)";"Total";"4801";"389";"336";"373";"443";"404";"150";"119";"97";"54";"35";"21";"11";"1"
"2408904";"Parelhas (RN)";"Total";"21499";"1250";"1473";"1608";"1480";"1570";"810";"685";"438";"311";"196";"103";"37";"4"
"2408953";"Rio do Fogo (RN)";"Total";"10351";"799";"764";"865";"928";"866";"305";"254";"159";"136";"63";"24";"10";"1"
"2409100";"Passa e Fica (RN)";"Total";"10896";"737";"732";"815";"793";"830";"333";"316";"235";"200";"86";"44";"19";"2"
"2409209";"Passagem (RN)";"Total";"3115";"178";"230";"204";"251";"228";"140";"79";"92";"48";"23";"13";"3";"2"
"2409308";"Patu (RN)";"Total";"11007";"574";"686";"804";"843";"849";"430";"370";"240";"197";"88";"48";"15";"8"
"2409332";"Santa Maria (RN)";"Total";"4847";"340";"339";"349";"452";"387";"157";"137";"100";"66";"36";"19";"6";"-"
"2409407";"Pau dos Ferros (RN)";"Total";"30479";"1835";"1839";"1987";"2152";"2559";"1001";"828";"553";"404";"236";"99";"30";"14"
"2409506";"Pedra Grande (RN)";"Total";"3618";"286";"265";"271";"350";"296";"103";"105";"75";"32";"14";"7";"9";"-"
"2409605";"Pedra Preta (RN)";"Total";"2441";"147";"156";"187";"189";"197";"87";"88";"56";"35";"17";"9";"8";"1"
"2409704";"Pedro Avelino (RN)";"Total";"6242";"399";"446";"469";"479";"497";"223";"208";"138";"112";"65";"23";"5";"1"
"2409803";"Pedro Velho (RN)";"Total";"13824";"1006";"1048";"1146";"1134";"989";"454";"402";"256";"217";"119";"50";"44";"6"
"2409902";"Pendências (RN)";"Total";"12278";"694";"842";"895";"1039";"901";"385";"333";"249";"164";"69";"39";"15";"6"
"2410009";"Pilões (RN)";"Total";"2965";"142";"169";"190";"241";"196";"135";"124";"77";"55";"36";"13";"7";"1"
"2410108";"Poço Branco (RN)";"Total";"12390";"798";"836";"998";"1113";"1071";"392";"323";"228";"183";"86";"35";"17";"2"
"2410207";"Portalegre (RN)";"Total";"7601";"418";"452";"591";"522";"494";"361";"255";"166";"147";"83";"54";"20";"4"
"2410256";"Porto do Mangue (RN)";"Total";"5228";"387";"393";"376";"438";"426";"153";"132";"73";"59";"25";"6";"3";"6"
"2410306";"Serra Caiada (RN)";"Total";"10125";"723";"769";"820";"941";"850";"296";"282";"188";"135";"63";"38";"15";"2"
"2410405";"Pureza (RN)";"Total";"9362";"723";"727";"770";"842";"791";"248";"248";"171";"119";"56";"30";"4";"3"
"2410504";"Rafael Fernandes (RN)";"Total";"5432";"320";"318";"375";"414";"399";"240";"178";"127";"101";"50";"19";"7";"-"
"2410603";"Rafael Godeiro (RN)";"Total";"2934";"142";"167";"220";"254";"191";"122";"116";"69";"67";"24";"13";"-";"-"
"2410702";"Riacho da Cruz (RN)";"Total";"2701";"163";"148";"222";"234";"197";"79";"75";"63";"61";"21";"14";"6";"3"
"2410801";"Riacho de Santana (RN)";"Total";"4127";"197";"245";"306";"350";"281";"184";"162";"112";"79";"49";"27";"8";"2"
"2410900";"Riachuelo (RN)";"Total";"7389";"454";"543";"508";"673";"624";"242";"172";"144";"96";"48";"27";"12";"4"
"2411007";"Rodolfo Fernandes (RN)";"Total";"4242";"227";"272";"263";"360";"288";"156";"151";"101";"72";"27";"20";"9";"4"
"2411056";"Tibau (RN)";"Total";"5382";"303";"346";"352";"413";"448";"195";"147";"81";"47";"22";"16";"5";"1"
"2411106";"Ruy Barbosa (RN)";"Total";"3206";"226";"194";"200";"266";"271";"134";"80";"77";"58";"32";"11";"6";"1"
"2411205";"Santa Cruz (RN)";"Total";"37313";"2419";"2736";"2786";"2842";"2973";"1141";"1017";"749";"522";"281";"134";"56";"10"
"2411403";"Santana do Matos (RN)";"Total";"12456";"677";"720";"819";"803";"745";"529";"455";"362";"261";"152";"61";"17";"8"
"2411429";"Santana do Seridó (RN)";"Total";"2696";"170";"173";"167";"191";"184";"113";"74";"61";"55";"27";"15";"5";"-"
"2411502";"Santo Antônio (RN)";"Total";"22177";"1424";"1408";"1609";"1834";"1756";"701";"634";"464";"373";"157";"79";"24";"11"
"2411601";"São Bento do Norte (RN)";"Total";"3304";"242";"209";"277";"298";"247";"112";"92";"57";"55";"24";"11";"3";"-"
"2411700";"São Bento do Trairí (RN)";"Total";"3792";"229";"245";"299";"297";"287";"123";"112";"90";"69";"28";"14";"4";"1"
"2411809";"São Fernando (RN)";"Total";"3492";"173";"188";"217";"221";"239";"158";"136";"94";"80";"36";"8";"5";"1"
"2411908";"São Francisco do Oeste (RN)";"Total";"4161";"232";"278";"253";"297";"283";"174";"160";"77";"71";"35";"14";"5";"3"
"2412005";"São Gonçalo do Amarante (RN)";"Total";"115838";"8129";"8667";"8506";"8505";"9050";"2977";"2196";"1447";"923";"403";"202";"91";"18"
"2412104";"São João do Sabugi (RN)";"Total";"5956";"302";"318";"391";"411";"371";"263";"274";"172";"146";"56";"25";"7";"1"
"2412203";"São José de Mipibu (RN)";"Total";"47286";"3453";"3743";"3726";"3870";"3626";"1383";"1039";"805";"533";"254";"106";"50";"13"
"2412302";"São José do Campestre (RN)";"Total";"11121";"631";"756";"786";"873";"922";"407";"338";"240";"196";"112";"55";"16";"4"
"2412401";"São José do Seridó (RN)";"Total";"4558";"264";"276";"296";"339";"313";"168";"133";"111";"70";"29";"18";"2";"1"
"2412500";"São Miguel (RN)";"Total";"23537";"1456";"1486";"1768";"2009";"1975";"790";"743";"506";"391";"208";"78";"19";"3"
"2412559";"São Miguel do Gostoso (RN)";"Total";"10221";"761";"804";"787";"871";"855";"276";"236";"161";"97";"45";"21";"4";"3"
"2412609";"São Paulo do Potengi (RN)";"Total";"16786";"1005";"1100";"1236";"1319";"1304";"573";"452";"337";"275";"157";"75";"28";"7"
"2412708";"São Pedro (RN)";"Total";"5776";"377";"376";"414";"442";"456";"249";"173";"148";"102";"53";"25";"9";"1"
"2412807";"São Rafael (RN)";"Total";"7711";"384";"434";"460";"578";"514";"313";"270";"200";"141";"114";"34";"14";"4"
"2412906";"São Tomé (RN)";"Total";"9972";"539";"596";"684";"724";"734";"389";"394";"276";"205";"150";"53";"25";"3"
"2413003";"São Vicente (RN)";"Total";"6310";"365";"352";"430";"430";"453";"248";"203";"147";"103";"62";"29";"8";"1"
"2413102";"Senador Elói de Souza (RN)";"Total";"5965";"396";"430";"445";"489";"454";"233";"169";"127";"78";"55";"19";"11";"6"
"2413201";"Senador Georgino Avelino (RN)";"Total";"4065";"334";"330";"342";"400";"310";"112";"97";"84";"37";"15";"4";"4";"1"
"2413300";"Serra de São Bento (RN)";"Total";"5703";"372";"392";"423";"454";"435";"202";"169";"129";"112";"47";"20";"9";"1"
"2413359";"Serra do Mel (RN)";"Total";"13091";"1025";"1029";"1065";"1077";"1161";"312";"244";"186";"159";"81";"36";"12";"2"
"2413409";"Serra Negra do Norte (RN)";"Total";"7597";"387";"402";"501";"604";"603";"251";"259";"168";"141";"61";"45";"16";"4"
"2413508";"Serrinha (RN)";"Total";"6436";"383";"448";"437";"542";"514";"219";"188";"148";"119";"60";"27";"6";"5"
"2413557";"Serrinha dos Pintos (RN)";"Total";"4659";"280";"267";"291";"359";"283";"208";"188";"114";"99";"41";"17";"8";"-"
"2413607";"Severiano Melo (RN)";"Total";"5487";"277";"320";"325";"378";"354";"245";"189";"118";"106";"49";"16";"4";"1"
"2413706";"Sítio Novo (RN)";"Total";"4654";"289";"302";"376";"336";"301";"185";"129";"106";"82";"37";"22";"3";"1"
"2413805";"Taboleiro Grande (RN)";"Total";"2338";"145";"136";"177";"180";"175";"98";"69";"40";"32";"18";"4";"7";"1"
"2413904";"Taipu (RN)";"Total";"11422";"714";"825";"924";"982";"932";"369";"330";"229";"157";"80";"46";"11";"5"
"2414001";"Tangará (RN)";"Total";"13281";"899";"969";"1031";"1059";"1022";"427";"370";"225";"179";"110";"53";"18";"4"
"2414100";"Tenente Ananias (RN)";"Total";"10262";"682";"695";"767";"783";"782";"378";"300";"230";"176";"74";"32";"11";"10"
"2414159";"Tenente Laurentino Cruz (RN)";"Total";"5891";"399";"429";"540";"527";"444";"172";"167";"102";"63";"34";"11";"8";"2"
"2414209";"Tibau do Sul (RN)";"Total";"16929";"1269";"1268";"1193";"1259";"1372";"431";"339";"177";"120";"55";"27";"14";"6"
"2414308";"Timbaúba dos Batistas (RN)";"Total";"2348";"106";"129";"116";"155";"156";"107";"91";"54";"55";"26";"14";"4";"1"
"2414407";"Touros (RN)";"Total";"33035";"2326";"2561";"2592";"2906";"2870";"913";"805";"511";"382";"196";"71";"22";"12"
"2414456";"Triunfo Potiguar (RN)";"Total";"3376";"213";"237";"239";"323";"259";"120";"94";"71";"53";"26";"10";"5";"1"
"2414506";"Umarizal (RN)";"Total";"10078";"496";"538";"619";"707";"757";"444";"371";"231";"200";"97";"33";"15";"2"
"2414605";"Upanema (RN)";"Total";"13577";"794";"968";"1044";"1012";"1043";"410";"364";"235";"192";"99";"41";"16";"8"
"2414704";"Várzea (RN)";"Total";"5233";"330";"345";"390";"400";"348";"207";"196";"117";"85";"70";"27";"8";"6"
"2414753";"Venha-Ver (RN)";"Total";"3014";"194";"170";"238";"251";"228";"108";"92";"57";"57";"21";"8";"1";"1"
"2414803";"Vera Cruz (RN)";"Total";"10735";"771";"759";"766";"898";"852";"319";"304";"199";"158";"93";"35";"6";"2"
"2414902";"Viçosa (RN)";"Total";"1822";"105";"140";"117";"115";"147";"74";"55";"36";"38";"13";"6";"2";"-"
"2415008";"Vila Flor (RN)";"Total";"3174";"229";"296";"234";"242";"283";"83";"53";"47";"31";"22";"6";"6";"1"
"2500106";"Água Branca (PB)";"Total";"9335";"628";"614";"754";"810";"741";"330";"254";"216";"171";"70";"23";"10";"2"
"2500205";"Aguiar (PB)";"Total";"5003";"258";"308";"375";"357";"347";"219";"185";"136";"99";"54";"20";"7";"4"
"2500304";"Alagoa Grande (PB)";"Total";"26062";"1823";"1846";"2007";"2039";"1905";"996";"812";"624";"444";"277";"117";"38";"13"
"2500403";"Alagoa Nova (PB)";"Total";"21013";"1611";"1681";"1587";"1700";"1620";"649";"584";"409";"335";"181";"89";"20";"6"
"2500502";"Alagoinha (PB)";"Total";"13725";"1038";"1024";"1081";"1118";"1077";"438";"364";"289";"184";"125";"50";"13";"7"
"2500536";"Alcantil (PB)";"Total";"5578";"408";"460";"408";"423";"417";"173";"147";"106";"93";"36";"22";"3";"13"
"2500577";"Algodão de Jandaíra (PB)";"Total";"2953";"250";"221";"251";"263";"208";"71";"100";"63";"37";"18";"8";"4";"-"
"2500601";"Alhandra (PB)";"Total";"21730";"1760";"1819";"1778";"1791";"1795";"557";"455";"269";"166";"90";"42";"7";"2"
"2500700";"São João do Rio do Peixe (PB)";"Total";"17964";"990";"1026";"1081";"1288";"1248";"782";"693";"495";"360";"165";"94";"34";"7"
"2500734";"Amparo (PB)";"Total";"2234";"126";"185";"193";"183";"140";"83";"65";"45";"37";"17";"5";"1";"2"
"2500775";"Aparecida (PB)";"Total";"7960";"487";"521";"596";"574";"527";"305";"273";"205";"168";"91";"33";"9";"2"
"2500809";"Araçagi (PB)";"Total";"16646";"1112";"1202";"1198";"1218";"1132";"669";"551";"417";"286";"157";"78";"33";"9"
"2500908";"Arara (PB)";"Total";"12212";"767";"755";"875";"918";"800";"549";"514";"400";"267";"169";"77";"34";"14"
"2501005";"Araruna (PB)";"Total";"17189";"1180";"1228";"1383";"1423";"1324";"606";"481";"347";"300";"167";"72";"23";"7"
"2501104";"Areia (PB)";"Total";"22633";"1531";"1651";"1843";"1786";"1635";"780";"645";"470";"304";"205";"110";"43";"13"
"2501153";"Areia de Baraúnas (PB)";"Total";"2005";"145";"140";"137";"133";"152";"71";"56";"46";"43";"22";"7";"2";"-"
"2501203";"Areial (PB)";"Total";"7128";"499";"531";"547";"561";"511";"258";"266";"173";"131";"69";"35";"14";"2"
"2501302";"Aroeiras (PB)";"Total";"18705";"1283";"1377";"1410";"1515";"1405";"687";"624";"450";"296";"160";"101";"22";"11"
"2501351";"Assunção (PB)";"Total";"4152";"312";"360";"342";"336";"311";"118";"150";"65";"74";"25";"18";"4";"-"
"2501401";"Baía da Traição (PB)";"Total";"9224";"840";"761";"855";"830";"724";"249";"186";"129";"66";"48";"12";"6";"2"
"2501500";"Bananeiras (PB)";"Total";"23134";"1582";"1592";"1613";"1890";"1765";"845";"689";"442";"374";"240";"88";"25";"6"
"2501534";"Baraúna (PB)";"Total";"4762";"287";"326";"348";"401";"360";"189";"153";"129";"82";"56";"31";"8";"3"
"2501575";"Barra de Santana (PB)";"Total";"8059";"531";"511";"571";"606";"531";"346";"307";"226";"128";"80";"23";"13";"8"
"2501609";"Barra de Santa Rosa (PB)";"Total";"12904";"723";"766";"989";"1015";"912";"573";"409";"342";"273";"143";"71";"23";"5"
"2501708";"Barra de São Miguel (PB)";"Total";"5906";"412";"390";"442";"412";"419";"226";"187";"127";"108";"43";"32";"13";"2"
"2501807";"Bayeux (PB)";"Total";"82742";"5533";"5929";"5937";"6155";"6480";"2623";"2154";"1392";"922";"417";"166";"52";"10"
"2501906";"Belém (PB)";"Total";"16401";"1029";"1085";"1148";"1226";"1213";"600";"585";"400";"327";"170";"74";"32";"14"
"2502003";"Belém do Brejo do Cruz (PB)";"Total";"6268";"364";"388";"460";"492";"432";"240";"187";"150";"112";"65";"23";"7";"1"
"2502052";"Bernardino Batista (PB)";"Total";"3504";"238";"269";"313";"319";"260";"114";"116";"80";"38";"22";"11";"3";"4"
"2502102";"Boa Ventura (PB)";"Total";"5207";"384";"349";"419";"419";"323";"222";"164";"144";"72";"54";"20";"8";"2"
"2502151";"Boa Vista (PB)";"Total";"6377";"405";"435";"488";"440";"458";"257";"179";"140";"104";"60";"22";"10";"2"
"2502201";"Bom Jesus (PB)";"Total";"2286";"134";"139";"163";"176";"182";"93";"71";"56";"50";"23";"12";"2";"-"
"2502300";"Bom Sucesso (PB)";"Total";"4661";"226";"250";"271";"314";"309";"240";"227";"160";"116";"57";"32";"10";"3"
"2502409";"Bonito de Santa Fé (PB)";"Total";"10252";"761";"732";"879";"973";"787";"344";"314";"221";"130";"70";"30";"11";"9"
"2502508";"Boqueirão (PB)";"Total";"17598";"1264";"1226";"1376";"1449";"1289";"561";"520";"357";"254";"122";"69";"28";"5"
"2502607";"Igaracy (PB)";"Total";"5648";"343";"365";"413";"441";"410";"266";"191";"152";"123";"45";"17";"3";"-"
"2502706";"Borborema (PB)";"Total";"4214";"281";"288";"357";"375";"332";"141";"140";"118";"78";"33";"20";"5";"1"
"2502805";"Brejo do Cruz (PB)";"Total";"13613";"857";"876";"995";"1031";"1014";"484";"329";"267";"189";"92";"53";"16";"4"
"2502904";"Brejo dos Santos (PB)";"Total";"5742";"330";"361";"402";"435";"426";"240";"198";"143";"102";"66";"27";"15";"3"
"2503001";"Caaporã (PB)";"Total";"21193";"1691";"1889";"1838";"1670";"1718";"586";"397";"258";"170";"96";"30";"14";"3"
"2503100";"Cabaceiras (PB)";"Total";"5335";"327";"353";"413";"379";"354";"215";"196";"131";"108";"51";"25";"9";"-"
"2503209";"Cabedelo (PB)";"Total";"66519";"4713";"4831";"4698";"4804";"5161";"2290";"1659";"1061";"638";"331";"186";"52";"12"
"2503308";"Cachoeira dos Índios (PB)";"Total";"9151";"601";"659";"643";"683";"632";"326";"331";"234";"181";"88";"39";"12";"1"
"2503407";"Cacimba de Areia (PB)";"Total";"3291";"246";"234";"222";"255";"215";"115";"99";"75";"52";"18";"11";"5";"-"
"2503506";"Cacimba de Dentro (PB)";"Total";"16064";"1060";"1129";"1231";"1329";"1169";"541";"537";"395";"343";"187";"93";"18";"1"
"2503555";"Cacimbas (PB)";"Total";"7223";"690";"639";"733";"757";"569";"190";"149";"117";"104";"55";"33";"8";"4"
"2503605";"Caiçara (PB)";"Total";"6602";"415";"461";"540";"521";"447";"220";"191";"154";"116";"60";"29";"11";"2"
"2503704";"Cajazeiras (PB)";"Total";"63239";"3947";"4089";"4175";"4505";"5003";"2448";"1922";"1340";"975";"476";"221";"61";"16"
"2503753";"Cajazeirinhas (PB)";"Total";"2740";"163";"188";"223";"240";"178";"100";"81";"59";"48";"27";"8";"7";"1"
"2503803";"Caldas Brandão (PB)";"Total";"5753";"439";"449";"378";"427";"460";"165";"172";"147";"98";"35";"18";"9";"4"
"2503902";"Camalaú (PB)";"Total";"6085";"396";"415";"433";"489";"450";"231";"246";"153";"112";"52";"19";"15";"-"
"2504009";"Campina Grande (PB)";"Total";"419379";"27108";"28219";"28498";"29211";"33704";"14640";"11265";"7685";"5342";"2964";"1342";"484";"129"
"2504033";"Capim (PB)";"Total";"6970";"612";"571";"609";"628";"571";"200";"168";"93";"65";"31";"17";"1";"2"
"2504074";"Caraúbas (PB)";"Total";"3944";"220";"253";"267";"312";"302";"153";"150";"116";"72";"37";"12";"7";"1"
"2504108";"Carrapateira (PB)";"Total";"2312";"157";"127";"144";"186";"177";"91";"44";"47";"31";"16";"6";"1";"-"
"2504157";"Casserengue (PB)";"Total";"6889";"441";"456";"521";"551";"505";"261";"220";"171";"152";"64";"30";"8";"9"
"2504207";"Catingueira (PB)";"Total";"4491";"312";"313";"364";"388";"318";"172";"133";"107";"63";"45";"12";"11";"2"
"2504306";"Catolé do Rocha (PB)";"Total";"30661";"1870";"1930";"2060";"2209";"2128";"1188";"909";"609";"492";"278";"125";"43";"5"
"2504355";"Caturité (PB)";"Total";"5254";"381";"364";"402";"437";"407";"179";"160";"113";"62";"40";"19";"8";"2"
"2504405";"Conceição (PB)";"Total";"18260";"1222";"1192";"1321";"1408";"1242";"675";"606";"424";"280";"125";"62";"13";"13"
"2504504";"Condado (PB)";"Total";"6451";"394";"366";"464";"517";"406";"298";"233";"168";"111";"56";"21";"14";"4"
"2504603";"Conde (PB)";"Total";"27605";"2268";"2224";"2319";"2189";"2139";"830";"589";"352";"214";"103";"39";"12";"2"
"2504702";"Congo (PB)";"Total";"4933";"318";"304";"314";"379";"373";"173";"154";"124";"91";"51";"22";"7";"1"
"2504801";"Coremas (PB)";"Total";"14683";"962";"1017";"1092";"1139";"1086";"572";"457";"339";"249";"126";"39";"9";"13"
"2504850";"Coxixola (PB)";"Total";"1824";"96";"96";"94";"131";"103";"74";"63";"64";"43";"27";"10";"7";"2"
"2504900";"Cruz do Espírito Santo (PB)";"Total";"17095";"1288";"1299";"1297";"1467";"1446";"468";"389";"283";"152";"72";"27";"9";"7"
"2505006";"Cubati (PB)";"Total";"7580";"537";"530";"523";"653";"616";"232";"231";"166";"110";"66";"45";"23";"3"
"2505105";"Cuité (PB)";"Total";"19719";"1192";"1206";"1358";"1375";"1508";"810";"647";"476";"399";"218";"121";"47";"9"
"2505204";"Cuitegi (PB)";"Total";"6730";"487";"571";"523";"499";"557";"228";"193";"119";"83";"53";"31";"11";"-"
"2505238";"Cuité de Mamanguape (PB)";"Total";"6251";"479";"428";"474";"477";"503";"268";"192";"126";"106";"56";"28";"9";"2"
"2505279";"Curral de Cima (PB)";"Total";"5254";"333";"347";"434";"406";"424";"191";"184";"109";"98";"59";"26";"4";"1"
"2505303";"Curral Velho (PB)";"Total";"2292";"145";"153";"158";"177";"174";"63";"80";"45";"34";"16";"7";"2";"2"
"2505352";"Damião (PB)";"Total";"4982";"309";"341";"397";"379";"370";"200";"138";"129";"75";"51";"28";"8";"2"
"2505402";"Desterro (PB)";"Total";"8067";"555";"579";"623";"698";"582";"282";"275";"190";"134";"56";"18";"12";"1"
"2505501";"Vista Serrana (PB)";"Total";"3641";"210";"249";"260";"282";"289";"124";"90";"88";"47";"25";"14";"3";"2"
"2505600";"Diamante (PB)";"Total";"6299";"452";"399";"485";"467";"442";"217";"200";"160";"97";"38";"20";"19";"5"
"2505709";"Dona Inês (PB)";"Total";"10380";"714";"739";"853";"884";"805";"336";"362";"247";"152";"93";"49";"16";"1"
"2505808";"Duas Estradas (PB)";"Total";"3327";"181";"241";"223";"275";"243";"116";"116";"103";"70";"40";"11";"3";"1"
"2505907";"Emas (PB)";"Total";"3011";"183";"207";"248";"298";"210";"105";"90";"64";"44";"19";"7";"2";"-"
"2506004";"Esperança (PB)";"Total";"31231";"2196";"2281";"2447";"2415";"2440";"1076";"872";"679";"474";"288";"133";"44";"6"
"2506103";"Fagundes (PB)";"Total";"11049";"768";"853";"884";"895";"781";"399";"393";"297";"189";"107";"37";"16";"4"
"2506202";"Frei Martinho (PB)";"Total";"2846";"129";"151";"188";"191";"182";"114";"119";"87";"75";"39";"21";"5";"-"
"2506251";"Gado Bravo (PB)";"Total";"8179";"599";"617";"629";"609";"610";"294";"290";"201";"100";"69";"40";"10";"7"
"2506301";"Guarabira (PB)";"Total";"57484";"3906";"4042";"4169";"4191";"4347";"1786";"1526";"1040";"827";"459";"197";"58";"23"
"2506400";"Gurinhém (PB)";"Total";"13766";"931";"1085";"978";"1025";"1112";"429";"390";"325";"220";"116";"56";"14";"4"
"2506509";"Gurjão (PB)";"Total";"3242";"242";"204";"230";"234";"233";"120";"119";"75";"62";"32";"17";"4";"-"
"2506608";"Ibiara (PB)";"Total";"5631";"356";"347";"429";"383";"360";"235";"208";"167";"106";"64";"19";"4";"4"
"2506707";"Imaculada (PB)";"Total";"10392";"725";"751";"889";"1054";"870";"337";"279";"192";"139";"82";"35";"6";"3"
"2506806";"Ingá (PB)";"Total";"17692";"1187";"1269";"1279";"1359";"1305";"725";"584";"410";"280";"150";"84";"30";"6"
"2506905";"Itabaiana (PB)";"Total";"23182";"1492";"1594";"1526";"1582";"1628";"914";"753";"482";"405";"204";"100";"29";"22"
"2507002";"Itaporanga (PB)";"Total";"23940";"1568";"1647";"1785";"1919";"1866";"791";"634";"427";"342";"168";"82";"21";"7"
"2507101";"Itapororoca (PB)";"Total";"18382";"1364";"1368";"1385";"1470";"1436";"570";"582";"393";"252";"141";"60";"25";"9"
"2507200";"Itatuba (PB)";"Total";"10499";"741";"782";"882";"859";"740";"386";"331";"236";"149";"85";"36";"18";"8"
"2507309";"Jacaraú (PB)";"Total";"14477";"980";"1080";"1094";"1195";"1045";"511";"466";"355";"249";"120";"60";"23";"7"
"2507408";"Jericó (PB)";"Total";"7516";"430";"432";"513";"564";"549";"339";"261";"200";"162";"71";"25";"13";"7"
"2507507";"João Pessoa (PB)";"Total";"833932";"52011";"55538";"54520";"56477";"63682";"29992";"22403";"14400";"9589";"5015";"2351";"676";"154"
"2507606";"Juarez Távora (PB)";"Total";"7796";"535";"526";"594";"627";"618";"225";"190";"181";"134";"74";"43";"6";"3"
"2507705";"Juazeirinho (PB)";"Total";"17007";"1390";"1383";"1498";"1465";"1328";"509";"437";"283";"236";"111";"54";"36";"10"
"2507804";"Junco do Seridó (PB)";"Total";"6793";"439";"484";"526";"541";"473";"248";"234";"130";"100";"66";"33";"13";"-"
"2507903";"Juripiranga (PB)";"Total";"10012";"734";"754";"807";"804";"786";"321";"263";"211";"157";"90";"40";"13";"5"
"2508000";"Juru (PB)";"Total";"9234";"568";"674";"671";"701";"642";"380";"302";"214";"132";"73";"23";"7";"3"
"2508109";"Lagoa (PB)";"Total";"4415";"260";"290";"299";"331";"294";"191";"157";"116";"96";"51";"18";"5";"5"
"2508208";"Lagoa de Dentro (PB)";"Total";"7819";"563";"579";"580";"608";"571";"309";"260";"200";"147";"72";"35";"13";"8"
"2508307";"Lagoa Seca (PB)";"Total";"27730";"1924";"2042";"2168";"2133";"2061";"896";"788";"564";"367";"195";"86";"35";"15"
"2508406";"Lastro (PB)";"Total";"3162";"188";"206";"241";"218";"225";"136";"123";"96";"62";"27";"12";"2";"2"
"2508505";"Livramento (PB)";"Total";"6877";"474";"512";"538";"613";"502";"243";"254";"161";"113";"71";"22";"18";"2"
"2508554";"Logradouro (PB)";"Total";"4797";"345";"335";"396";"384";"290";"122";"146";"83";"73";"43";"12";"3";"1"
"2508604";"Lucena (PB)";"Total";"12560";"1025";"1031";"995";"1080";"968";"403";"296";"181";"116";"57";"16";"4";"3"
"2508703";"Mãe d'Água (PB)";"Total";"3583";"232";"223";"300";"292";"212";"158";"109";"89";"72";"32";"13";"4";"1"
"2508802";"Malta (PB)";"Total";"6046";"411";"408";"426";"444";"474";"222";"201";"147";"99";"69";"43";"13";"1"
"2508901";"Mamanguape (PB)";"Total";"44599";"3588";"3510";"3549";"3517";"3562";"1393";"1119";"715";"464";"277";"114";"49";"12"
"2509008";"Manaíra (PB)";"Total";"10434";"710";"792";"910";"910";"726";"320";"313";"257";"160";"79";"24";"13";"1"
"2509057";"Marcação (PB)";"Total";"8999";"839";"825";"775";"813";"723";"220";"188";"133";"69";"52";"19";"4";"1"
"2509107";"Mari (PB)";"Total";"21512";"1419";"1559";"1540";"1583";"1544";"793";"728";"518";"363";"174";"92";"33";"16"
"2509156";"Marizópolis (PB)";"Total";"6705";"423";"436";"515";"533";"489";"256";"203";"149";"120";"53";"30";"6";"1"
"2509206";"Massaranduba (PB)";"Total";"14139";"983";"1025";"1025";"1106";"1125";"445";"404";"333";"221";"125";"71";"18";"5"
"2509305";"Mataraca (PB)";"Total";"8244";"707";"736";"722";"708";"645";"226";"190";"133";"70";"34";"16";"3";"5"
"2509339";"Matinhas (PB)";"Total";"4571";"356";"368";"378";"364";"360";"133";"130";"84";"64";"47";"15";"6";"2"
"2509370";"Mato Grosso (PB)";"Total";"2543";"142";"157";"195";"176";"186";"108";"84";"68";"39";"19";"10";"2";"4"
"2509396";"Maturéia (PB)";"Total";"6433";"529";"483";"473";"517";"516";"166";"172";"124";"103";"37";"23";"4";"-"
"2509404";"Mogeiro (PB)";"Total";"13899";"1030";"1049";"1036";"1062";"998";"480";"391";"324";"187";"87";"58";"16";"8"
"2509503";"Montadas (PB)";"Total";"5812";"422";"458";"453";"466";"429";"187";"201";"132";"82";"48";"25";"10";"2"
"2509602";"Monte Horebe (PB)";"Total";"4338";"300";"287";"314";"339";"337";"172";"166";"87";"81";"30";"15";"4";"1"
"2509701";"Monteiro (PB)";"Total";"32277";"2139";"2166";"2291";"2456";"2284";"1268";"992";"713";"574";"296";"139";"44";"4"
"2509800";"Mulungu (PB)";"Total";"8791";"594";"626";"647";"668";"646";"305";"257";"197";"142";"75";"28";"6";"6"
"2509909";"Natuba (PB)";"Total";"8945";"597";"626";"716";"759";"680";"331";"292";"165";"149";"80";"41";"18";"16"
"2510006";"Nazarezinho (PB)";"Total";"7203";"412";"462";"492";"542";"467";"312";"283";"195";"130";"58";"33";"9";"3"
"2510105";"Nova Floresta (PB)";"Total";"9724";"584";"725";"708";"781";"737";"325";"309";"262";"185";"123";"44";"22";"2"
"2510204";"Nova Olinda (PB)";"Total";"5787";"387";"423";"476";"455";"399";"236";"170";"136";"72";"40";"18";"3";"2"
"2510303";"Nova Palmeira (PB)";"Total";"4259";"232";"257";"279";"291";"312";"174";"143";"115";"83";"43";"13";"9";"2"
"2510402";"Olho d'Água (PB)";"Total";"6060";"411";"411";"474";"470";"428";"274";"197";"122";"94";"34";"19";"3";"1"
"2510501";"Olivedos (PB)";"Total";"3580";"189";"246";"224";"295";"249";"139";"120";"77";"83";"42";"21";"8";"2"
"2510600";"Ouro Velho (PB)";"Total";"2918";"160";"191";"227";"181";"150";"114";"109";"52";"62";"41";"14";"5";"-"
"2510659";"Parari (PB)";"Total";"1720";"75";"104";"137";"123";"96";"91";"69";"39";"29";"25";"13";"4";"2"
"2510709";"Passagem (PB)";"Total";"2463";"172";"178";"183";"202";"182";"99";"79";"50";"37";"18";"4";"1";"2"
"2510808";"Patos (PB)";"Total";"103165";"6871";"7071";"7188";"7655";"8060";"3568";"2747";"1844";"1419";"653";"350";"104";"16"
"2510907";"Paulista (PB)";"Total";"11834";"699";"772";"748";"834";"819";"477";"410";"276";"190";"91";"31";"11";"5"
"2511004";"Pedra Branca (PB)";"Total";"3739";"246";"247";"275";"316";"239";"130";"131";"84";"53";"41";"13";"8";"-"
"2511103";"Pedra Lavrada (PB)";"Total";"6859";"390";"421";"487";"524";"462";"265";"253";"191";"146";"68";"32";"18";"3"
"2511202";"Pedras de Fogo (PB)";"Total";"29662";"2060";"2264";"2316";"2248";"2272";"914";"718";"501";"346";"215";"96";"34";"11"
"2511301";"Piancó (PB)";"Total";"16441";"968";"958";"1100";"1218";"1200";"643";"520";"385";"282";"125";"68";"13";"5"
"2511400";"Picuí (PB)";"Total";"18333";"1211";"1208";"1303";"1428";"1408";"669";"587";"402";"321";"149";"89";"39";"8"
"2511509";"Pilar (PB)";"Total";"12311";"933";"918";"971";"940";"929";"391";"363";"225";"157";"89";"34";"15";"6"
"2511608";"Pilões (PB)";"Total";"6815";"523";"537";"572";"580";"541";"211";"191";"125";"99";"66";"28";"8";"6"
"2511707";"Pilõezinhos (PB)";"Total";"5329";"441";"416";"423";"421";"386";"185";"156";"83";"70";"37";"26";"4";"1"
"2511806";"Pirpirituba (PB)";"Total";"9340";"655";"668";"711";"764";"700";"334";"300";"182";"137";"82";"42";"12";"1"
"2511905";"Pitimbu (PB)";"Total";"16751";"1312";"1376";"1461";"1506";"1363";"461";"359";"239";"124";"65";"20";"8";"2"
"2512002";"Pocinhos (PB)";"Total";"17469";"1287";"1291";"1420";"1501";"1372";"585";"540";"390";"268";"151";"67";"21";"4"
"2512036";"Poço Dantas (PB)";"Total";"3830";"242";"268";"287";"350";"295";"100";"119";"79";"76";"32";"16";"4";"1"
"2512077";"Poço de José de Moura (PB)";"Total";"4006";"222";"220";"261";"289";"254";"192";"172";"115";"92";"42";"15";"7";"3"
"2512101";"Pombal (PB)";"Total";"32473";"1890";"2117";"2165";"2367";"2252";"1302";"1166";"775";"615";"306";"125";"34";"16"
"2512200";"Prata (PB)";"Total";"3915";"228";"240";"333";"310";"233";"167";"136";"103";"71";"45";"24";"4";"2"
"2512309";"Princesa Isabel (PB)";"Total";"21114";"1381";"1442";"1709";"1589";"1620";"738";"542";"495";"304";"179";"73";"21";"5"
"2512408";"Puxinanã (PB)";"Total";"14277";"1046";"1103";"1045";"1181";"1128";"463";"420";"251";"191";"109";"47";"17";"6"
"2512507";"Queimadas (PB)";"Total";"47658";"3506";"3665";"3597";"3498";"3701";"1505";"1362";"962";"639";"341";"169";"58";"22"
"2512606";"Quixaba (PB)";"Total";"1743";"106";"122";"127";"150";"120";"65";"49";"34";"30";"10";"4";"4";"-"
"2512705";"Remígio (PB)";"Total";"17885";"1238";"1326";"1380";"1546";"1348";"599";"574";"404";"319";"189";"91";"30";"9"
"2512721";"Pedro Régis (PB)";"Total";"5766";"386";"412";"498";"465";"444";"220";"192";"132";"118";"56";"21";"7";"2"
"2512747";"Riachão (PB)";"Total";"2927";"200";"215";"224";"226";"194";"118";"105";"67";"44";"31";"11";"5";"-"
"2512754";"Riachão do Bacamarte (PB)";"Total";"4690";"300";"302";"320";"379";"409";"158";"131";"98";"78";"28";"15";"7";"-"
"2512762";"Riachão do Poço (PB)";"Total";"4738";"361";"344";"333";"392";"341";"174";"147";"99";"72";"29";"16";"6";"1"
"2512788";"Riacho de Santo Antônio (PB)";"Total";"1955";"139";"149";"145";"156";"172";"54";"38";"25";"32";"15";"7";"-";"1"
"2512804";"Riacho dos Cavalos (PB)";"Total";"8493";"549";"537";"576";"640";"661";"320";"264";"168";"125";"58";"23";"3";"2"
"2512903";"Rio Tinto (PB)";"Total";"24581";"1824";"1839";"1764";"1846";"1812";"915";"727";"479";"335";"158";"77";"20";"6"
"2513000";"Salgadinho (PB)";"Total";"3355";"184";"234";"282";"319";"240";"138";"96";"79";"59";"26";"14";"5";"2"
"2513109";"Salgado de São Félix (PB)";"Total";"11505";"720";"737";"840";"883";"783";"493";"421";"311";"229";"149";"62";"24";"13"
"2513158";"Santa Cecília (PB)";"Total";"7670";"589";"541";"620";"625";"685";"240";"208";"163";"115";"43";"24";"8";"9"
"2513208";"Santa Cruz (PB)";"Total";"5947";"330";"355";"377";"383";"336";"320";"270";"181";"160";"96";"34";"18";"7"
"2513307";"Santa Helena (PB)";"Total";"5865";"290";"358";"386";"408";"397";"259";"245";"186";"137";"75";"23";"8";"1"
"2513356";"Santa Inês (PB)";"Total";"3227";"190";"243";"270";"260";"211";"101";"88";"70";"45";"19";"5";"4";"1"
"2513406";"Santa Luzia (PB)";"Total";"14959";"960";"944";"966";"1097";"1126";"621";"524";"351";"255";"169";"73";"26";"2"
"2513505";"Santana de Mangueira (PB)";"Total";"5010";"321";"314";"352";"420";"427";"165";"161";"128";"65";"35";"11";"1";"4"
"2513604";"Santana dos Garrotes (PB)";"Total";"6569";"379";"409";"467";"494";"401";"323";"271";"182";"123";"56";"27";"17";"1"
"2513653";"Joca Claudino (PB)";"Total";"2539";"152";"146";"184";"169";"176";"118";"96";"57";"35";"31";"12";"3";"2"
"2513703";"Santa Rita (PB)";"Total";"149910";"11229";"11900";"11352";"11007";"11694";"4300";"3235";"2074";"1300";"739";"325";"84";"32"
"2513802";"Santa Teresinha (PB)";"Total";"4402";"254";"260";"272";"345";"361";"181";"141";"116";"76";"51";"21";"7";"-"
"2513851";"Santo André (PB)";"Total";"2622";"133";"140";"187";"189";"166";"122";"123";"73";"45";"25";"12";"4";"-"
"2513901";"São Bento (PB)";"Total";"32235";"2035";"2119";"2273";"2432";"2765";"1004";"837";"519";"355";"160";"73";"20";"7"
"2513927";"São Bentinho (PB)";"Total";"4327";"267";"291";"321";"328";"285";"175";"166";"109";"87";"40";"16";"4";"1"
"2513943";"São Domingos do Cariri (PB)";"Total";"2585";"174";"176";"194";"187";"185";"95";"100";"51";"49";"33";"20";"9";"-"
"2513968";"São Domingos (PB)";"Total";"2595";"134";"161";"168";"180";"155";"128";"101";"68";"63";"24";"16";"3";"1"
"2513984";"São Francisco (PB)";"Total";"3137";"169";"202";"169";"202";"179";"172";"134";"84";"82";"37";"23";"7";"2"
"2514008";"São João do Cariri (PB)";"Total";"4226";"279";"272";"285";"276";"288";"203";"160";"103";"84";"56";"24";"8";"1"
"2514107";"São João do Tigre (PB)";"Total";"4263";"278";"274";"347";"374";"308";"172";"140";"114";"85";"29";"14";"6";"2"
"2514206";"São José da Lagoa Tapada (PB)";"Total";"7126";"406";"449";"538";"609";"432";"349";"294";"174";"126";"67";"25";"18";"7"
"2514305";"São José de Caiana (PB)";"Total";"5034";"344";"365";"393";"398";"388";"225";"174";"102";"82";"28";"17";"2";"4"
"2514404";"São José de Espinharas (PB)";"Total";"4083";"220";"252";"289";"339";"269";"162";"160";"120";"81";"43";"20";"8";"2"
"2514453";"São José dos Ramos (PB)";"Total";"5891";"450";"440";"450";"459";"490";"190";"149";"105";"80";"46";"13";"14";"5"
"2514503";"São José de Piranhas (PB)";"Total";"19067";"1216";"1278";"1320";"1470";"1474";"673";"605";"461";"337";"173";"64";"21";"15"
"2514552";"São José de Princesa (PB)";"Total";"3416";"217";"220";"249";"260";"249";"120";"123";"86";"72";"32";"15";"2";"-"
"2514602";"São José do Bonfim (PB)";"Total";"3242";"230";"227";"233";"286";"219";"123";"97";"64";"39";"24";"12";"5";"1"
"2514651";"São José do Brejo do Cruz (PB)";"Total";"1699";"99";"116";"140";"116";"150";"58";"46";"39";"18";"16";"5";"4";"-"
"2514701";"São José do Sabugi (PB)";"Total";"4138";"226";"243";"268";"304";"311";"161";"133";"108";"69";"29";"21";"8";"-"
"2514800";"São José dos Cordeiros (PB)";"Total";"3411";"194";"216";"239";"280";"212";"151";"120";"107";"70";"42";"17";"6";"3"
"2514909";"São Mamede (PB)";"Total";"7470";"401";"455";"566";"553";"437";"386";"329";"219";"178";"81";"51";"17";"4"
"2515005";"São Miguel de Taipu (PB)";"Total";"7066";"498";"512";"581";"607";"521";"228";"178";"113";"94";"45";"14";"6";"11"
"2515104";"São Sebastião de Lagoa de Roça (PB)";"Total";"11040";"717";"785";"821";"863";"824";"396";"335";"241";"182";"103";"59";"15";"3"
"2515203";"São Sebastião do Umbuzeiro (PB)";"Total";"3279";"231";"230";"241";"238";"239";"145";"116";"83";"65";"29";"9";"2";"-"
"2515302";"Sapé (PB)";"Total";"51306";"3776";"3699";"3711";"3890";"3927";"1828";"1489";"1011";"662";"352";"163";"54";"16"
"2515401";"São Vicente do Seridó (PB)";"Total";"10291";"781";"733";"836";"856";"830";"300";"290";"188";"158";"71";"48";"14";"5"
"2515500";"Serra Branca (PB)";"Total";"13614";"793";"854";"916";"947";"886";"622";"514";"378";"312";"175";"90";"29";"3"
"2515609";"Serra da Raiz (PB)";"Total";"3094";"209";"222";"252";"231";"212";"112";"105";"76";"55";"34";"12";"3";"1"
"2515708";"Serra Grande (PB)";"Total";"2942";"222";"213";"243";"232";"180";"99";"90";"55";"51";"16";"15";"6";"4"
"2515807";"Serra Redonda (PB)";"Total";"6828";"418";"468";"482";"485";"532";"308";"206";"178";"114";"65";"50";"13";"3"
"2515906";"Serraria (PB)";"Total";"4885";"347";"331";"402";"463";"338";"182";"150";"116";"123";"52";"17";"6";"5"
"2515930";"Sertãozinho (PB)";"Total";"5054";"338";"373";"379";"385";"349";"172";"182";"140";"93";"45";"23";"11";"11"
"2515971";"Sobrado (PB)";"Total";"8236";"611";"597";"601";"650";"575";"268";"237";"172";"139";"65";"40";"8";"2"
"2516003";"Solânea (PB)";"Total";"26774";"1734";"1808";"1920";"2164";"2131";"1023";"852";"677";"474";"258";"116";"41";"9"
"2516102";"Soledade (PB)";"Total";"13968";"938";"1036";"1070";"1087";"1024";"514";"392";"327";"223";"120";"50";"25";"6"
"2516151";"Sossêgo (PB)";"Total";"3345";"237";"234";"260";"306";"261";"140";"86";"75";"49";"35";"9";"4";"3"
"2516201";"Sousa (PB)";"Total";"67259";"4317";"4278";"4743";"5032";"4929";"2408";"2017";"1380";"1183";"498";"237";"82";"31"
"2516300";"Sumé (PB)";"Total";"17166";"1096";"1062";"1171";"1149";"1226";"655";"589";"431";"334";"159";"88";"27";"10"
"2516409";"Tacima (PB)";"Total";"8010";"522";"489";"602";"634";"572";"276";"295";"209";"153";"83";"37";"8";"3"
"2516508";"Taperoá (PB)";"Total";"14068";"991";"1066";"1090";"1129";"924";"541";"491";"343";"268";"141";"65";"32";"6"
"2516607";"Tavares (PB)";"Total";"14101";"935";"1014";"1116";"1184";"994";"513";"452";"334";"230";"120";"55";"13";"1"
"2516706";"Teixeira (PB)";"Total";"14631";"1088";"1109";"1223";"1304";"1158";"488";"405";"240";"177";"109";"40";"20";"3"
"2516755";"Tenório (PB)";"Total";"2966";"197";"216";"237";"238";"174";"105";"91";"55";"34";"19";"6";"3";"-"
"2516805";"Triunfo (PB)";"Total";"9892";"589";"669";"647";"777";"736";"410";"333";"242";"151";"99";"38";"14";"4"
"2516904";"Uiraúna (PB)";"Total";"14930";"940";"912";"992";"1074";"1024";"642";"535";"414";"298";"174";"76";"22";"11"
"2517001";"Umbuzeiro (PB)";"Total";"9124";"589";"677";"746";"738";"679";"321";"275";"236";"128";"95";"42";"14";"4"
"2517100";"Várzea (PB)";"Total";"2668";"137";"150";"173";"199";"184";"118";"109";"77";"71";"25";"26";"3";"1"
"2517209";"Vieirópolis (PB)";"Total";"4864";"239";"287";"323";"352";"323";"245";"224";"163";"138";"48";"19";"4";"6"
"2517407";"Zabelê (PB)";"Total";"2228";"152";"160";"179";"194";"154";"88";"70";"54";"30";"18";"5";"5";"2"
"2600054";"Abreu e Lima (PE)";"Total";"98462";"5987";"6941";"6768";"6856";"7686";"3796";"2691";"1617";"965";"496";"177";"61";"12"
"2600104";"Afogados da Ingazeira (PE)";"Total";"40241";"2702";"2771";"3036";"3137";"3101";"1501";"1224";"804";"571";"298";"124";"32";"8"
"2600203";"Afrânio (PE)";"Total";"18674";"1229";"1342";"1431";"1586";"1574";"547";"544";"390";"252";"104";"57";"13";"8"
"2600302";"Agrestina (PE)";"Total";"23779";"1593";"1641";"1746";"1837";"2013";"766";"695";"497";"343";"153";"70";"12";"5"
"2600401";"Água Preta (PE)";"Total";"26461";"1828";"2052";"2294";"2409";"2102";"877";"647";"450";"260";"120";"50";"9";"3"
"2600500";"Águas Belas (PE)";"Total";"41548";"3411";"3443";"3876";"3961";"3426";"1344";"1142";"806";"505";"267";"115";"37";"23"
"2600609";"Alagoinha (PE)";"Total";"13542";"967";"877";"993";"1077";"998";"514";"391";"320";"236";"132";"54";"21";"4"
"2600708";"Aliança (PE)";"Total";"35741";"2343";"2512";"2785";"2982";"2749";"1372";"1022";"651";"403";"213";"84";"22";"8"
"2600807";"Altinho (PE)";"Total";"20674";"1300";"1314";"1352";"1593";"1532";"816";"672";"465";"376";"214";"100";"22";"5"
"2600906";"Amaraji (PE)";"Total";"18205";"1216";"1382";"1443";"1554";"1295";"614";"464";"303";"191";"93";"44";"8";"8"
"2601003";"Angelim (PE)";"Total";"10241";"697";"755";"781";"906";"854";"380";"312";"237";"166";"92";"42";"13";"-"
"2601052";"Araçoiaba (PE)";"Total";"19243";"1432";"1585";"1620";"1609";"1659";"548";"396";"235";"156";"78";"34";"11";"6"
"2601102";"Araripina (PE)";"Total";"85088";"6848";"6799";"7416";"7556";"7394";"2318";"1929";"1508";"1100";"517";"219";"66";"20"
"2601201";"Arcoverde (PE)";"Total";"77742";"5572";"5608";"5948";"6348";"6537";"2349";"1996";"1414";"1020";"473";"211";"86";"20"
"2601300";"Barra de Guabiraba (PE)";"Total";"12263";"866";"941";"936";"1038";"1091";"372";"267";"214";"114";"72";"23";"9";"11"
"2601409";"Barreiros (PE)";"Total";"40121";"3005";"3342";"3427";"3491";"3104";"1245";"880";"629";"401";"196";"62";"31";"9"
"2601508";"Belém de Maria (PE)";"Total";"10378";"662";"780";"785";"849";"878";"376";"276";"203";"152";"68";"33";"9";"12"
"2601607";"Belém do São Francisco (PE)";"Total";"18301";"1314";"1366";"1578";"1638";"1612";"566";"465";"335";"217";"133";"61";"27";"4"
"2601706";"Belo Jardim (PE)";"Total";"79507";"5698";"5767";"5788";"6013";"6518";"2561";"2011";"1454";"989";"534";"219";"63";"8"
"2601805";"Betânia (PE)";"Total";"11232";"796";"832";"960";"953";"849";"404";"364";"291";"188";"98";"43";"10";"3"
"2601904";"Bezerros (PE)";"Total";"61694";"3806";"3907";"4078";"4440";"4513";"2292";"2031";"1436";"987";"526";"244";"69";"16"
"2602001";"Bodocó (PE)";"Total";"34478";"2543";"2562";"2966";"3117";"2864";"1082";"913";"681";"446";"216";"108";"36";"8"
"2602100";"Bom Conselho (PE)";"Total";"44294";"3112";"3285";"3611";"3774";"3476";"1598";"1303";"1024";"687";"319";"137";"40";"17"
"2602209";"Bom Jardim (PE)";"Total";"37629";"2373";"2427";"2648";"2739";"2963";"1406";"1217";"860";"559";"306";"131";"44";"8"
"2602308";"Bonito (PE)";"Total";"37474";"2768";"2771";"2843";"3078";"2974";"1329";"985";"670";"494";"251";"117";"37";"9"
"2602407";"Brejão (PE)";"Total";"9079";"693";"704";"726";"721";"788";"264";"254";"186";"110";"63";"23";"3";"2"
"2602506";"Brejinho (PE)";"Total";"7720";"494";"514";"585";"624";"534";"272";"219";"192";"127";"65";"24";"7";"2"
"2602605";"Brejo da Madre de Deus (PE)";"Total";"48648";"3839";"3790";"3740";"3928";"4048";"1381";"1136";"843";"515";"278";"115";"42";"12"
"2602704";"Buenos Aires (PE)";"Total";"12808";"874";"903";"1005";"1052";"997";"469";"377";"232";"137";"66";"30";"4";"3"
"2602803";"Buíque (PE)";"Total";"52097";"4084";"4217";"4749";"4932";"4406";"1592";"1341";"1023";"685";"332";"159";"55";"7"
"2602902";"Cabo de Santo Agostinho (PE)";"Total";"203440";"12913";"14864";"14893";"15118";"15967";"6849";"4728";"2879";"1750";"804";"297";"90";"32"
"2603009";"Cabrobó (PE)";"Total";"30294";"2254";"2439";"2461";"2740";"2475";"861";"682";"487";"331";"177";"82";"43";"10"
"2603108";"Cachoeirinha (PE)";"Total";"19899";"1439";"1332";"1464";"1538";"1599";"653";"511";"408";"366";"164";"73";"35";"5"
"2603207";"Caetés (PE)";"Total";"28827";"2298";"2295";"2599";"2365";"2385";"889";"759";"561";"395";"170";"68";"17";"5"
"2603306";"Calçado (PE)";"Total";"11093";"752";"770";"892";"1007";"864";"359";"313";"222";"169";"76";"30";"7";"1"
"2603405";"Calumbi (PE)";"Total";"5228";"360";"359";"426";"411";"365";"206";"155";"131";"83";"36";"16";"4";"1"
"2603454";"Camaragibe (PE)";"Total";"147771";"8480";"10075";"9704";"10231";"10917";"5348";"4050";"2633";"1594";"785";"284";"93";"28"
"2603504";"Camocim de São Félix (PE)";"Total";"17419";"1167";"1193";"1193";"1352";"1393";"638";"485";"351";"272";"135";"55";"15";"6"
"2603603";"Camutanga (PE)";"Total";"7750";"541";"529";"550";"623";"532";"302";"232";"158";"116";"69";"26";"8";"2"
"2603702";"Canhotinho (PE)";"Total";"24329";"1657";"1802";"1811";"1895";"2035";"837";"694";"508";"319";"162";"60";"24";"9"
"2603801";"Capoeiras (PE)";"Total";"18338";"1302";"1378";"1575";"1485";"1431";"640";"542";"421";"273";"120";"54";"15";"2"
"2603900";"Carnaíba (PE)";"Total";"18644";"1198";"1330";"1439";"1504";"1273";"673";"579";"417";"292";"157";"54";"23";"7"
"2603926";"Carnaubeira da Penha (PE)";"Total";"12239";"1010";"1022";"1257";"1234";"1101";"344";"285";"217";"136";"82";"36";"13";"7"
"2604007";"Carpina (PE)";"Total";"79293";"4845";"5334";"5502";"5563";"6043";"3044";"2138";"1332";"867";"433";"182";"61";"23"
"2604106";"Caruaru (PE)";"Total";"378048";"25766";"26613";"26660";"27791";"31584";"10817";"8345";"5754";"3852";"2016";"877";"250";"58"
"2604155";"Casinhas (PE)";"Total";"12967";"879";"911";"984";"1095";"1098";"454";"363";"262";"187";"104";"60";"32";"10"
"2604205";"Catende (PE)";"Total";"32156";"2263";"2468";"2708";"2741";"2564";"1133";"881";"547";"375";"219";"88";"21";"8"
"2604304";"Cedro (PE)";"Total";"10518";"763";"835";"882";"873";"828";"312";"248";"220";"142";"90";"30";"9";"4"
"2604403";"Chã de Alegria (PE)";"Total";"12984";"1022";"1094";"968";"1089";"1032";"419";"328";"203";"126";"74";"24";"10";"-"
"2604502";"Chã Grande (PE)";"Total";"20546";"1329";"1472";"1481";"1609";"1709";"654";"552";"416";"267";"149";"61";"22";"5"
"2604601";"Condado (PE)";"Total";"24587";"1695";"1908";"1906";"2006";"1981";"814";"695";"457";"303";"146";"60";"19";"7"
"2604700";"Correntes (PE)";"Total";"17131";"1253";"1400";"1365";"1458";"1467";"599";"494";"328";"201";"127";"51";"15";"9"
"2604809";"Cortês (PE)";"Total";"10198";"662";"761";"799";"882";"839";"352";"251";"151";"98";"41";"18";"2";"7"
"2604908";"Cumaru (PE)";"Total";"15920";"923";"1041";"1124";"1175";"1138";"663";"519";"374";"296";"123";"79";"23";"7"
"2605004";"Cupira (PE)";"Total";"23518";"1650";"1774";"1728";"1828";"1903";"866";"763";"474";"339";"158";"77";"23";"11"
"2605103";"Custódia (PE)";"Total";"37699";"2724";"2756";"2846";"2900";"2846";"1319";"1102";"777";"609";"288";"133";"40";"16"
"2605152";"Dormentes (PE)";"Total";"17188";"1168";"1216";"1375";"1365";"1310";"588";"510";"371";"217";"121";"64";"19";"9"
"2605202";"Escada (PE)";"Total";"59891";"3863";"4508";"4471";"4670";"4670";"1863";"1330";"972";"654";"312";"121";"30";"24"
"2605301";"Exu (PE)";"Total";"31843";"2320";"2230";"2641";"2754";"2603";"1054";"888";"664";"503";"272";"119";"62";"16"
"2605400";"Feira Nova (PE)";"Total";"21427";"1446";"1542";"1556";"1652";"1685";"835";"609";"416";"271";"140";"71";"22";"5"
"2605459";"Fernando de Noronha (PE)";"Total";"3167";"157";"165";"137";"127";"263";"62";"37";"21";"15";"13";"4";"3";"-"
"2605509";"Ferreiros (PE)";"Total";"15026";"922";"1036";"1122";"1192";"1077";"563";"466";"303";"243";"118";"45";"13";"5"
"2605608";"Flores (PE)";"Total";"20347";"1333";"1324";"1526";"1629";"1376";"841";"667";"504";"392";"208";"115";"31";"7"
"2605707";"Floresta (PE)";"Total";"30137";"2415";"2225";"2621";"2707";"2710";"777";"721";"506";"328";"183";"81";"33";"7"
"2605806";"Frei Miguelinho (PE)";"Total";"13636";"784";"763";"956";"888";"1007";"546";"542";"384";"266";"163";"66";"30";"15"
"2605905";"Gameleira (PE)";"Total";"18214";"1337";"1494";"1463";"1543";"1415";"601";"458";"285";"193";"87";"46";"9";"2"
"2606002";"Garanhuns (PE)";"Total";"142506";"9698";"10341";"10962";"11089";"11642";"4628";"3886";"2519";"1666";"847";"369";"108";"36"
"2606101";"Glória do Goitá (PE)";"Total";"29347";"2089";"2224";"2211";"2304";"2308";"951";"802";"531";"363";"166";"92";"29";"8"
"2606200";"Goiana (PE)";"Total";"81055";"5428";"6231";"6155";"6211";"6124";"2766";"1949";"1292";"842";"410";"214";"68";"18"
"2606309";"Granito (PE)";"Total";"6967";"495";"460";"570";"636";"599";"197";"185";"162";"125";"66";"30";"7";"1"
"2606408";"Gravatá (PE)";"Total";"86516";"5397";"5889";"5938";"6366";"6723";"3057";"2492";"1687";"1158";"650";"275";"90";"31"
"2606507";"Iati (PE)";"Total";"17165";"1316";"1295";"1511";"1593";"1352";"613";"495";"354";"242";"99";"47";"10";"8"
"2606606";"Ibimirim (PE)";"Total";"26593";"2195";"2042";"2110";"2259";"2153";"849";"688";"470";"301";"149";"56";"19";"14"
"2606705";"Ibirajuba (PE)";"Total";"7140";"500";"463";"555";"541";"528";"260";"245";"181";"148";"89";"47";"7";"2"
"2606804";"Igarassu (PE)";"Total";"115196";"7629";"8701";"8193";"8590";"8841";"3782";"2607";"1698";"1010";"528";"221";"66";"25"
"2606903";"Iguaracy (PE)";"Total";"11081";"640";"758";"842";"831";"719";"478";"394";"248";"211";"107";"48";"16";"3"
"2607000";"Inajá (PE)";"Total";"25603";"2442";"2491";"2302";"2375";"2509";"566";"462";"318";"167";"80";"34";"13";"7"
"2607109";"Ingazeira (PE)";"Total";"4765";"328";"332";"321";"395";"342";"176";"175";"107";"76";"36";"14";"3";"2"
"2607208";"Ipojuca (PE)";"Total";"98932";"7581";"7929";"7866";"8306";"8514";"2277";"1640";"1036";"609";"296";"116";"35";"11"
"2607307";"Ipubi (PE)";"Total";"29009";"2566";"2432";"2634";"2754";"2543";"736";"639";"442";"356";"179";"82";"17";"8"
"2607406";"Itacuruba (PE)";"Total";"4284";"321";"332";"383";"386";"362";"105";"108";"63";"44";"25";"11";"2";"4"
"2607505";"Itaíba (PE)";"Total";"32650";"2154";"2234";"2711";"2841";"2701";"1017";"896";"556";"361";"169";"68";"22";"14"
"2607604";"Ilha de Itamaracá (PE)";"Total";"24540";"1582";"1663";"1565";"1667";"1888";"827";"629";"339";"197";"86";"38";"14";"3"
"2607653";"Itambé (PE)";"Total";"34935";"2576";"2579";"2814";"2822";"2868";"1175";"914";"630";"413";"226";"90";"29";"4"
"2607703";"Itapetim (PE)";"Total";"13791";"810";"893";"1011";"982";"840";"620";"522";"357";"286";"141";"63";"25";"4"
"2607752";"Itapissuma (PE)";"Total";"27749";"1732";"1943";"1729";"2093";"3011";"762";"547";"324";"190";"106";"38";"10";"12"
"2607802";"Itaquitinga (PE)";"Total";"16554";"1078";"1223";"1273";"1371";"1344";"477";"374";"242";"169";"81";"36";"6";"4"
"2607901";"Jaboatão dos Guararapes (PE)";"Total";"644037";"39114";"44812";"43540";"45386";"48792";"23721";"16957";"10296";"6379";"3163";"1281";"369";"90"
"2607950";"Jaqueira (PE)";"Total";"10247";"744";"781";"790";"979";"889";"300";"243";"173";"115";"48";"22";"7";"-"
"2608008";"Jataúba (PE)";"Total";"15843";"1094";"1246";"1232";"1380";"1329";"500";"445";"358";"222";"106";"55";"13";"8"
"2608057";"Jatobá (PE)";"Total";"14020";"1065";"1144";"1112";"1126";"1032";"511";"393";"273";"183";"74";"35";"10";"3"
"2608107";"João Alfredo (PE)";"Total";"27725";"1664";"1808";"2010";"2038";"2097";"1112";"950";"632";"423";"256";"109";"43";"5"
"2608206";"Joaquim Nabuco (PE)";"Total";"13269";"952";"1082";"1106";"1177";"1071";"374";"307";"207";"120";"50";"26";"3";"4"
"2608255";"Jucati (PE)";"Total";"11517";"785";"879";"951";"1051";"890";"371";"352";"261";"134";"74";"27";"17";"1"
"2608305";"Jupi (PE)";"Total";"15329";"1227";"1263";"1209";"1242";"1226";"484";"445";"290";"193";"108";"40";"14";"4"
"2608404";"Jurema (PE)";"Total";"13648";"995";"994";"1153";"1191";"1112";"518";"408";"306";"255";"105";"53";"13";"3"
"2608453";"Lagoa do Carro (PE)";"Total";"17981";"1174";"1295";"1344";"1423";"1372";"598";"483";"299";"183";"68";"39";"10";"3"
"2608503";"Lagoa de Itaenga (PE)";"Total";"19003";"1301";"1434";"1489";"1516";"1427";"673";"526";"318";"197";"114";"35";"17";"5"
"2608602";"Lagoa do Ouro (PE)";"Total";"11933";"772";"832";"952";"1054";"962";"437";"392";"274";"162";"84";"29";"10";"5"
"2608701";"Lagoa dos Gatos (PE)";"Total";"14076";"987";"1049";"1077";"1204";"1069";"491";"445";"300";"215";"100";"59";"21";"7"
"2608750";"Lagoa Grande (PE)";"Total";"24088";"2038";"2071";"2060";"2161";"2098";"574";"505";"373";"237";"96";"43";"16";"3"
"2608800";"Lajedo (PE)";"Total";"39582";"2885";"3074";"3030";"3164";"3101";"1325";"1106";"792";"573";"315";"128";"29";"4"
"2608909";"Limoeiro (PE)";"Total";"56510";"3182";"3497";"3728";"3964";"4405";"2243";"1816";"1250";"842";"395";"206";"74";"11"
"2609006";"Macaparana (PE)";"Total";"23879";"1726";"1691";"1718";"1796";"2014";"936";"659";"433";"361";"206";"88";"30";"21"
"2609105";"Machados (PE)";"Total";"11333";"868";"826";"895";"899";"937";"352";"332";"217";"158";"94";"45";"18";"2"
"2609154";"Manari (PE)";"Total";"23763";"1605";"2236";"2476";"2556";"2195";"571";"453";"359";"177";"100";"42";"15";"7"
"2609204";"Maraial (PE)";"Total";"9359";"744";"730";"824";"849";"813";"327";"223";"146";"100";"64";"16";"7";"3"
"2609303";"Mirandiba (PE)";"Total";"14166";"1167";"1148";"1238";"1245";"1281";"450";"363";"231";"172";"96";"47";"19";"2"
"2609402";"Moreno (PE)";"Total";"55292";"3458";"3852";"3690";"4149";"4296";"2100";"1423";"983";"566";"332";"132";"44";"15"
"2609501";"Nazaré da Mata (PE)";"Total";"30648";"1829";"2120";"2130";"2180";"2200";"1327";"957";"659";"385";"218";"81";"24";"6"
"2609600";"Olinda (PE)";"Total";"349976";"19318";"22653";"21991";"23530";"25673";"14617";"11406";"7562";"4775";"2536";"1061";"316";"68"
"2609709";"Orobó (PE)";"Total";"21808";"1405";"1501";"1568";"1665";"1800";"877";"621";"486";"342";"215";"124";"31";"13"
"2609808";"Orocó (PE)";"Total";"13613";"1099";"1243";"1134";"1239";"1138";"333";"275";"204";"135";"58";"31";"17";"6"
"2609907";"Ouricuri (PE)";"Total";"65245";"4898";"5067";"5565";"6016";"5358";"1922";"1616";"1316";"862";"476";"184";"68";"12"
"2610004";"Palmares (PE)";"Total";"54584";"3509";"3892";"4172";"4468";"4439";"1868";"1413";"948";"593";"291";"112";"37";"11"
"2610103";"Palmeirina (PE)";"Total";"7031";"429";"547";"590";"605";"539";"282";"207";"181";"108";"57";"23";"8";"2"
"2610202";"Panelas (PE)";"Total";"22991";"1718";"1710";"1914";"1996";"1744";"831";"849";"575";"378";"202";"82";"19";"7"
"2610301";"Paranatama (PE)";"Total";"12199";"791";"894";"1055";"1061";"870";"441";"365";"272";"191";"103";"45";"16";"4"
"2610400";"Parnamirim (PE)";"Total";"18612";"1246";"1252";"1578";"1596";"1469";"619";"575";"422";"290";"137";"64";"34";"10"
"2610509";"Passira (PE)";"Total";"28340";"1789";"1811";"2115";"2156";"2101";"1021";"823";"579";"411";"222";"99";"34";"10"
"2610608";"Paudalho (PE)";"Total";"56665";"4100";"4411";"4406";"4382";"4557";"1843";"1320";"930";"528";"242";"82";"31";"3"
"2610707";"Paulista (PE)";"Total";"342167";"19843";"23222";"22437";"22522";"24299";"14075";"10216";"5648";"3293";"1540";"706";"212";"48"
"2610806";"Pedra (PE)";"Total";"22795";"1731";"1627";"1845";"1980";"1817";"719";"604";"499";"294";"155";"62";"15";"6"
"2610905";"Pesqueira (PE)";"Total";"62722";"4184";"4574";"4846";"5036";"5099";"2291";"1756";"1293";"904";"442";"213";"65";"16"
"2611002";"Petrolândia (PE)";"Total";"34161";"2695";"2839";"2982";"3058";"2772";"964";"738";"528";"305";"172";"90";"29";"14"
"2611101";"Petrolina (PE)";"Total";"386791";"29176";"31104";"31130";"32039";"35777";"8833";"6675";"4567";"2935";"1419";"612";"209";"54"
"2611200";"Poção (PE)";"Total";"10500";"654";"745";"897";"895";"829";"383";"338";"226";"140";"85";"27";"5";"2"
"2611309";"Pombos (PE)";"Total";"27552";"1853";"1999";"1965";"1892";"2180";"992";"698";"495";"338";"171";"63";"22";"8"
"2611408";"Primavera (PE)";"Total";"13838";"908";"1069";"1075";"1266";"1142";"417";"331";"192";"118";"60";"33";"7";"2"
"2611507";"Quipapá (PE)";"Total";"17928";"1237";"1400";"1518";"1625";"1442";"561";"485";"369";"243";"132";"56";"20";"6"
"2611533";"Quixaba (PE)";"Total";"6554";"449";"471";"525";"579";"461";"259";"202";"138";"96";"39";"20";"2";"1"
"2611606";"Recife (PE)";"Total";"1488920";"80947";"93275";"89504";"95331";"108788";"63441";"47650";"31091";"20825";"11611";"5401";"1722";"338"
"2611705";"Riacho das Almas (PE)";"Total";"20639";"1368";"1321";"1433";"1469";"1581";"687";"675";"458";"293";"167";"65";"18";"12"
"2611804";"Ribeirão (PE)";"Total";"33507";"2136";"2396";"2494";"2677";"2485";"1223";"904";"617";"417";"192";"73";"20";"11"
"2611903";"Rio Formoso (PE)";"Total";"20009";"1578";"1651";"1736";"1815";"1623";"527";"386";"236";"147";"72";"26";"5";"5"
"2612000";"Sairé (PE)";"Total";"10887";"589";"626";"679";"764";"812";"417";"376";"290";"212";"114";"32";"12";"5"
"2612109";"Salgadinho (PE)";"Total";"5727";"290";"368";"422";"421";"388";"242";"199";"203";"102";"56";"26";"4";"-"
"2612208";"Salgueiro (PE)";"Total";"62372";"4579";"4777";"5157";"5187";"5071";"1833";"1443";"980";"721";"383";"163";"57";"23"
"2612307";"Saloá (PE)";"Total";"13836";"923";"1019";"1195";"1140";"988";"537";"450";"369";"233";"128";"54";"12";"8"
"2612406";"Sanharó (PE)";"Total";"18624";"1292";"1383";"1468";"1516";"1593";"626";"525";"419";"244";"115";"42";"13";"3"
"2612455";"Santa Cruz (PE)";"Total";"13841";"947";"934";"1107";"1266";"1156";"422";"447";"334";"216";"96";"50";"13";"9"
"2612471";"Santa Cruz da Baixa Verde (PE)";"Total";"11567";"895";"858";"955";"922";"869";"405";"337";"259";"151";"86";"30";"13";"4"
"2612505";"Santa Cruz do Capibaribe (PE)";"Total";"98254";"7594";"7400";"7193";"7745";"9257";"2050";"1568";"1054";"693";"329";"149";"56";"21"
"2612554";"Santa Filomena (PE)";"Total";"12106";"834";"771";"1021";"1043";"910";"444";"384";"307";"220";"102";"42";"14";"3"
"2612604";"Santa Maria da Boa Vista (PE)";"Total";"40578";"3348";"3480";"3694";"3709";"3365";"1045";"851";"594";"369";"218";"106";"24";"8"
"2612703";"Santa Maria do Cambucá (PE)";"Total";"14013";"962";"1019";"1056";"1155";"1184";"463";"395";"306";"209";"90";"43";"12";"10"
"2612802";"Santa Terezinha (PE)";"Total";"10244";"701";"777";"802";"877";"742";"358";"330";"227";"148";"75";"23";"13";"5"
"2612901";"São Benedito do Sul (PE)";"Total";"13113";"1066";"1126";"935";"1017";"1068";"451";"354";"244";"154";"60";"19";"11";"6"
"2613008";"São Bento do Una (PE)";"Total";"49449";"3958";"3786";"4065";"4315";"4256";"1646";"1323";"967";"585";"295";"133";"41";"5"
"2613107";"São Caitano (PE)";"Total";"37126";"2571";"2726";"2762";"3000";"2923";"1164";"963";"691";"505";"263";"119";"37";"6"
"2613206";"São João (PE)";"Total";"23837";"1764";"1900";"1956";"2006";"1870";"743";"616";"457";"277";"165";"67";"23";"5"
"2613305";"São Joaquim do Monte (PE)";"Total";"20037";"1440";"1500";"1525";"1603";"1505";"704";"547";"473";"287";"142";"62";"17";"6"
"2613404";"São José da Coroa Grande (PE)";"Total";"18825";"1478";"1644";"1578";"1637";"1511";"591";"427";"275";"143";"85";"33";"10";"5"
"2613503";"São José do Belmonte (PE)";"Total";"34843";"2458";"2678";"2768";"2849";"2707";"1249";"990";"675";"566";"270";"145";"44";"12"
"2613602";"São José do Egito (PE)";"Total";"31004";"1948";"2093";"2239";"2311";"2206";"1217";"1063";"800";"556";"320";"134";"35";"15"
"2613701";"São Lourenço da Mata (PE)";"Total";"111249";"7009";"8183";"7816";"7876";"8144";"3665";"2647";"1618";"944";"500";"194";"58";"16"
"2613800";"São Vicente Férrer (PE)";"Total";"16677";"1232";"1174";"1245";"1295";"1408";"512";"401";"270";"204";"121";"46";"20";"11"
"2613909";"Serra Talhada (PE)";"Total";"92228";"6597";"6940";"7143";"7238";"7478";"2862";"2282";"1729";"1171";"597";"267";"78";"25"
"2614006";"Serrita (PE)";"Total";"18207";"1304";"1368";"1498";"1549";"1552";"625";"475";"409";"272";"146";"68";"29";"13"
"2614105";"Sertânia (PE)";"Total";"32811";"2105";"2267";"2553";"2688";"2373";"1322";"1022";"716";"488";"281";"115";"39";"12"
"2614204";"Sirinhaém (PE)";"Total";"37596";"2805";"3077";"3456";"3398";"2993";"996";"712";"451";"275";"136";"54";"15";"2"
"2614303";"Moreilândia (PE)";"Total";"10540";"705";"719";"816";"960";"822";"353";"283";"251";"208";"94";"43";"24";"8"
"2614402";"Solidão (PE)";"Total";"5210";"402";"396";"435";"422";"345";"186";"184";"118";"77";"35";"20";"2";"1"
"2614501";"Surubim (PE)";"Total";"64120";"4062";"4289";"4493";"4783";"5162";"2236";"1980";"1329";"920";"468";"208";"85";"22"
"2614600";"Tabira (PE)";"Total";"27681";"1993";"2047";"2099";"2209";"2210";"1055";"844";"655";"431";"207";"93";"30";"7"
"2614709";"Tacaimbó (PE)";"Total";"13738";"904";"931";"955";"1032";"1102";"459";"391";"289";"189";"101";"35";"16";"3"
"2614808";"Tacaratu (PE)";"Total";"23902";"1925";"1939";"2141";"2152";"1867";"741";"648";"434";"310";"151";"57";"29";"2"
"2614857";"Tamandaré (PE)";"Total";"23561";"1870";"2021";"2015";"2044";"2042";"648";"504";"294";"182";"80";"43";"7";"1"
"2615003";"Taquaritinga do Norte (PE)";"Total";"24736";"1737";"1732";"1872";"1890";"1994";"799";"633";"466";"299";"153";"78";"20";"5"
"2615102";"Terezinha (PE)";"Total";"6513";"477";"493";"576";"511";"521";"250";"204";"138";"93";"48";"20";"6";"-"
"2615201";"Terra Nova (PE)";"Total";"8920";"574";"580";"614";"722";"728";"291";"236";"177";"135";"67";"33";"13";"4"
"2615300";"Timbaúba (PE)";"Total";"46147";"2791";"3112";"3318";"3451";"3444";"1847";"1451";"912";"665";"399";"158";"49";"11"
"2615409";"Toritama (PE)";"Total";"41137";"3280";"3496";"3291";"3486";"3921";"771";"569";"393";"254";"119";"57";"14";"4"
"2615508";"Tracunhaém (PE)";"Total";"13867";"962";"1010";"1182";"1102";"1050";"429";"346";"204";"146";"58";"29";"9";"2"
"2615607";"Trindade (PE)";"Total";"30321";"2571";"2537";"2729";"2740";"2750";"752";"659";"438";"372";"146";"61";"20";"4"
"2615706";"Triunfo (PE)";"Total";"14705";"853";"892";"1015";"1044";"1081";"610";"502";"401";"323";"130";"74";"26";"8"
"2615805";"Tupanatinga (PE)";"Total";"26937";"2031";"2226";"2402";"2518";"2455";"829";"624";"465";"308";"129";"64";"27";"6"
"2615904";"Tuparetama (PE)";"Total";"8005";"498";"541";"634";"579";"497";"294";"292";"221";"153";"82";"39";"11";"2"
"2616001";"Venturosa (PE)";"Total";"17251";"1238";"1221";"1344";"1506";"1375";"549";"443";"347";"214";"116";"33";"19";"6"
"2616100";"Verdejante (PE)";"Total";"9169";"651";"673";"737";"754";"714";"355";"241";"206";"139";"77";"36";"13";"4"
"2616183";"Vertente do Lério (PE)";"Total";"7558";"491";"500";"523";"584";"553";"309";"261";"204";"115";"72";"40";"13";"7"
"2616209";"Vertentes (PE)";"Total";"21959";"1550";"1505";"1729";"1756";"1806";"664";"579";"442";"293";"158";"74";"22";"11"
"2616308";"Vicência (PE)";"Total";"26359";"1760";"1882";"1975";"2141";"2142";"850";"687";"460";"234";"138";"53";"10";"2"
"2616407";"Vitória de Santo Antão (PE)";"Total";"134084";"8424";"9145";"9264";"9825";"10590";"4592";"3555";"2245";"1608";"757";"377";"89";"48"
"2616506";"Xexéu (PE)";"Total";"11611";"837";"927";"1068";"954";"896";"357";"270";"190";"107";"44";"24";"4";"4"
"2700102";"Água Branca (AL)";"Total";"19008";"1435";"1457";"1673";"1830";"1513";"549";"552";"426";"280";"133";"58";"20";"8"
"2700201";"Anadia (AL)";"Total";"13966";"919";"1053";"1116";"1144";"1048";"512";"419";"269";"175";"108";"34";"5";"6"
"2700300";"Arapiraca (AL)";"Total";"234696";"16973";"17623";"17794";"18328";"19513";"7182";"5662";"3691";"2242";"1151";"442";"127";"21"
"2700409";"Atalaia (AL)";"Total";"37512";"2958";"3081";"3290";"3584";"3131";"1205";"940";"552";"340";"151";"61";"23";"12"
"2700508";"Barra de Santo Antônio (AL)";"Total";"16365";"1344";"1447";"1368";"1437";"1418";"503";"313";"187";"108";"48";"16";"5";"6"
"2700607";"Barra de São Miguel (AL)";"Total";"7944";"673";"649";"603";"640";"654";"200";"159";"90";"44";"13";"14";"1";"2"
"2700706";"Batalha (AL)";"Total";"16448";"1387";"1274";"1373";"1450";"1427";"482";"381";"298";"180";"86";"40";"11";"3"
"2700805";"Belém (AL)";"Total";"4722";"341";"316";"336";"379";"370";"190";"144";"114";"64";"29";"16";"5";"-"
"2700904";"Belo Monte (AL)";"Total";"5936";"459";"493";"481";"521";"462";"154";"153";"124";"64";"42";"12";"2";"1"
"2701001";"Boca da Mata (AL)";"Total";"21187";"1387";"1564";"1668";"1884";"1627";"876";"626";"377";"262";"128";"45";"10";"7"
"2701100";"Branquinha (AL)";"Total";"9603";"767";"864";"851";"892";"720";"328";"230";"173";"91";"32";"7";"6";"2"
"2701209";"Cacimbinhas (AL)";"Total";"10482";"773";"743";"925";"902";"862";"348";"304";"191";"164";"64";"24";"12";"3"
"2701308";"Cajueiro (AL)";"Total";"16024";"1279";"1372";"1488";"1566";"1225";"526";"370";"231";"146";"71";"34";"7";"4"
"2701357";"Campestre (AL)";"Total";"6665";"534";"507";"588";"618";"589";"193";"148";"99";"64";"36";"18";"4";"3"
"2701407";"Campo Alegre (AL)";"Total";"32106";"2431";"2409";"2817";"3042";"2894";"1030";"779";"483";"284";"114";"51";"12";"9"
"2701506";"Campo Grande (AL)";"Total";"8143";"599";"566";"664";"712";"680";"292";"234";"153";"112";"41";"20";"5";"5"
"2701605";"Canapi (AL)";"Total";"15559";"1247";"1323";"1532";"1476";"1216";"434";"427";"347";"204";"80";"41";"13";"5"
"2701704";"Capela (AL)";"Total";"15032";"1084";"1163";"1309";"1450";"1303";"483";"397";"244";"147";"81";"27";"8";"5"
"2701803";"Carneiros (AL)";"Total";"8999";"734";"816";"862";"903";"823";"236";"161";"156";"91";"46";"16";"5";"5"
"2701902";"Chã Preta (AL)";"Total";"5910";"444";"469";"536";"603";"425";"190";"172";"111";"77";"27";"9";"8";"2"
"2702009";"Coité do Nóia (AL)";"Total";"10810";"817";"748";"882";"878";"860";"371";"315";"225";"127";"64";"29";"8";"2"
"2702108";"Colônia Leopoldina (AL)";"Total";"15816";"1276";"1293";"1429";"1482";"1357";"491";"376";"235";"150";"80";"23";"7";"8"
"2702207";"Coqueiro Seco (AL)";"Total";"5581";"363";"413";"462";"510";"436";"189";"153";"77";"51";"34";"16";"-";"1"
"2702306";"Coruripe (AL)";"Total";"50414";"3978";"3992";"4255";"4382";"4070";"1437";"1083";"661";"384";"204";"85";"27";"6"
"2702355";"Craíbas (AL)";"Total";"25397";"2139";"2070";"2105";"2182";"2181";"799";"583";"370";"229";"104";"55";"8";"5"
"2702405";"Delmiro Gouveia (AL)";"Total";"51318";"3752";"3994";"4296";"4312";"4024";"1605";"1366";"888";"540";"281";"113";"33";"13"
"2702504";"Dois Riachos (AL)";"Total";"9805";"751";"676";"736";"913";"891";"352";"256";"190";"141";"71";"26";"9";"10"
"2702553";"Estrela de Alagoas (AL)";"Total";"15429";"966";"998";"1242";"1271";"1081";"605";"611";"426";"280";"130";"50";"22";"4"
"2702603";"Feira Grande (AL)";"Total";"22712";"1711";"1738";"1889";"1880";"1908";"686";"601";"411";"292";"104";"47";"14";"6"
"2702702";"Feliz Deserto (AL)";"Total";"3963";"325";"311";"336";"341";"305";"136";"110";"60";"35";"17";"7";"1";"3"
"2702801";"Flexeiras (AL)";"Total";"9618";"757";"760";"808";"758";"832";"284";"214";"155";"89";"38";"22";"4";"6"
"2702900";"Girau do Ponciano (AL)";"Total";"36102";"2919";"2773";"3026";"3208";"3174";"1137";"901";"553";"382";"195";"84";"21";"11"
"2703007";"Ibateguara (AL)";"Total";"13731";"1114";"1150";"1222";"1209";"1171";"487";"315";"195";"167";"82";"22";"9";"7"
"2703106";"Igaci (AL)";"Total";"23995";"1738";"1703";"1978";"1963";"1688";"941";"757";"563";"334";"134";"70";"16";"6"
"2703205";"Igreja Nova (AL)";"Total";"21372";"1509";"1725";"1774";"1730";"1597";"755";"541";"359";"236";"159";"67";"22";"17"
"2703304";"Inhapi (AL)";"Total";"15167";"1267";"1312";"1563";"1453";"1138";"456";"395";"285";"181";"94";"41";"17";"2"
"2703403";"Jacaré dos Homens (AL)";"Total";"5083";"397";"411";"438";"477";"387";"161";"123";"84";"50";"28";"10";"4";"-"
"2703502";"Jacuípe (AL)";"Total";"5352";"349";"414";"476";"504";"429";"148";"125";"103";"57";"18";"7";"4";"1"
"2703601";"Japaratinga (AL)";"Total";"9219";"804";"769";"835";"848";"816";"246";"160";"115";"57";"29";"15";"4";"4"
"2703700";"Jaramataia (AL)";"Total";"4985";"390";"407";"475";"437";"359";"161";"103";"85";"58";"24";"19";"7";"3"
"2703759";"Jequiá da Praia (AL)";"Total";"9470";"793";"719";"802";"844";"753";"276";"218";"130";"80";"50";"16";"6";"-"
"2703809";"Joaquim Gomes (AL)";"Total";"17150";"1362";"1543";"1751";"1767";"1416";"568";"356";"216";"155";"63";"28";"13";"30"
"2703908";"Jundiá (AL)";"Total";"4092";"319";"319";"338";"347";"322";"142";"107";"57";"47";"16";"2";"3";"2"
"2704005";"Junqueiro (AL)";"Total";"23907";"1730";"1796";"1797";"2052";"1863";"846";"614";"452";"289";"171";"67";"15";"15"
"2704104";"Lagoa da Canoa (AL)";"Total";"18457";"1496";"1419";"1433";"1595";"1598";"598";"532";"334";"202";"79";"30";"15";"4"
"2704203";"Limoeiro de Anadia (AL)";"Total";"24740";"1880";"1956";"1979";"2180";"2006";"770";"629";"441";"264";"153";"48";"8";"3"
"2704302";"Maceió (AL)";"Total";"957916";"63010";"65126";"65327";"69989";"79597";"32452";"23241";"13995";"8664";"4479";"1951";"652";"165"
"2704401";"Major Isidoro (AL)";"Total";"17700";"1268";"1277";"1426";"1466";"1462";"610";"501";"362";"232";"105";"48";"18";"4"
"2704500";"Maragogi (AL)";"Total";"32174";"2716";"2840";"2704";"2678";"2921";"771";"546";"350";"195";"87";"46";"10";"5"
"2704609";"Maravilha (AL)";"Total";"9534";"735";"706";"819";"819";"736";"341";"253";"199";"120";"54";"22";"4";"8"
"2704708";"Marechal Deodoro (AL)";"Total";"60370";"4457";"4661";"4710";"5057";"4934";"1901";"1260";"700";"451";"216";"78";"26";"12"
"2704807";"Maribondo (AL)";"Total";"13679";"1034";"989";"1022";"1080";"1146";"516";"380";"282";"161";"97";"29";"13";"6"
"2704906";"Mar Vermelho (AL)";"Total";"3155";"177";"196";"234";"254";"266";"122";"99";"76";"41";"32";"10";"1";"1"
"2705002";"Mata Grande (AL)";"Total";"21844";"1693";"1777";"2020";"2092";"1664";"675";"638";"499";"297";"125";"60";"23";"6"
"2705101";"Matriz de Camaragibe (AL)";"Total";"23857";"1978";"1992";"2158";"2109";"2137";"720";"509";"327";"174";"103";"44";"13";"8"
"2705200";"Messias (AL)";"Total";"15405";"1295";"1210";"1312";"1395";"1317";"511";"339";"219";"125";"48";"18";"18";"6"
"2705309";"Minador do Negrão (AL)";"Total";"4845";"315";"333";"378";"392";"360";"195";"166";"110";"75";"26";"15";"2";"2"
"2705408";"Monteirópolis (AL)";"Total";"7184";"565";"596";"627";"688";"593";"215";"168";"157";"85";"39";"21";"5";"6"
"2705507";"Murici (AL)";"Total";"25187";"2184";"2220";"2351";"2337";"2144";"726";"551";"320";"200";"93";"56";"12";"4"
"2705606";"Novo Lino (AL)";"Total";"10020";"771";"799";"888";"822";"867";"286";"202";"141";"86";"33";"18";"3";"3"
"2705705";"Olho d'Água das Flores (AL)";"Total";"20695";"1630";"1674";"1755";"1714";"1743";"676";"463";"366";"234";"124";"50";"16";"12"
"2705804";"Olho d'Água do Casado (AL)";"Total";"8349";"707";"698";"772";"775";"682";"227";"155";"151";"103";"41";"14";"6";"4"
"2705903";"Olho d'Água Grande (AL)";"Total";"4330";"335";"351";"363";"443";"354";"129";"105";"85";"54";"28";"4";"5";"3"
"2706000";"Olivença (AL)";"Total";"10812";"855";"901";"869";"908";"927";"357";"263";"201";"144";"65";"20";"8";"7"
"2706109";"Ouro Branco (AL)";"Total";"11446";"875";"839";"1013";"1039";"913";"363";"297";"218";"126";"49";"26";"13";"11"
"2706208";"Palestina (AL)";"Total";"4325";"320";"320";"382";"406";"366";"125";"100";"80";"55";"29";"11";"3";"2"
"2706307";"Palmeira dos Índios (AL)";"Total";"71574";"4933";"5152";"5458";"5692";"5529";"2575";"2083";"1541";"963";"499";"208";"83";"19"
"2706406";"Pão de Açúcar (AL)";"Total";"23823";"1847";"1933";"2077";"2042";"1925";"816";"554";"436";"293";"155";"76";"21";"7"
"2706422";"Pariconha (AL)";"Total";"10573";"724";"813";"944";"1000";"984";"290";"303";"232";"148";"63";"34";"7";"1"
"2706448";"Paripueira (AL)";"Total";"13835";"1110";"1102";"1087";"1204";"1184";"459";"302";"185";"117";"54";"16";"6";"4"
"2706505";"Passo de Camaragibe (AL)";"Total";"13804";"1076";"1117";"1203";"1463";"1208";"415";"262";"158";"109";"50";"28";"7";"6"
"2706604";"Paulo Jacinto (AL)";"Total";"6576";"406";"508";"476";"624";"513";"263";"200";"142";"85";"54";"19";"10";"6"
"2706703";"Penedo (AL)";"Total";"58650";"4258";"4573";"4776";"4657";"4600";"1987";"1429";"911";"625";"359";"162";"52";"17"
"2706802";"Piaçabuçu (AL)";"Total";"15908";"1284";"1304";"1312";"1375";"1305";"504";"358";"201";"193";"85";"31";"9";"4"
"2706901";"Pilar (AL)";"Total";"35370";"2716";"2994";"3017";"2975";"2877";"1089";"781";"499";"298";"128";"59";"14";"9"
"2707008";"Pindoba (AL)";"Total";"2731";"187";"176";"202";"234";"241";"119";"62";"33";"35";"18";"8";"1";"-"
"2707107";"Piranhas (AL)";"Total";"22609";"1836";"1879";"2179";"2091";"1922";"591";"481";"347";"172";"95";"33";"13";"11"
"2707206";"Poço das Trincheiras (AL)";"Total";"12518";"975";"977";"1241";"1109";"985";"379";"329";"189";"161";"71";"27";"10";"6"
"2707305";"Porto Calvo (AL)";"Total";"24071";"1802";"1938";"2061";"2145";"2152";"740";"491";"314";"211";"96";"40";"8";"8"
"2707404";"Porto de Pedras (AL)";"Total";"9295";"825";"785";"768";"783";"831";"251";"169";"93";"66";"27";"16";"1";"2"
"2707503";"Porto Real do Colégio (AL)";"Total";"20082";"1433";"1684";"1731";"1806";"1563";"638";"510";"353";"250";"106";"41";"14";"6"
"2707602";"Quebrangulo (AL)";"Total";"11080";"869";"924";"968";"892";"811";"384";"326";"202";"115";"69";"29";"6";"5"
"2707701";"Rio Largo (AL)";"Total";"93927";"7367";"7527";"7670";"7855";"7512";"2665";"1754";"1100";"650";"313";"138";"43";"16"
"2707800";"Roteiro (AL)";"Total";"6474";"595";"572";"596";"672";"617";"143";"113";"83";"40";"15";"5";"2";"3"
"2707909";"Santa Luzia do Norte (AL)";"Total";"6919";"566";"551";"509";"603";"619";"206";"156";"102";"46";"32";"7";"1";"1"
"2708006";"Santana do Ipanema (AL)";"Total";"46220";"3610";"3591";"4019";"4192";"4032";"1338";"1028";"789";"493";"233";"109";"33";"26"
"2708105";"Santana do Mundaú (AL)";"Total";"11323";"892";"864";"987";"1009";"990";"381";"235";"175";"104";"48";"18";"5";"1"
"2708204";"São Brás (AL)";"Total";"6555";"454";"527";"554";"537";"494";"224";"180";"116";"94";"35";"11";"6";"6"
"2708303";"São José da Laje (AL)";"Total";"20813";"1722";"1702";"1739";"1776";"1813";"651";"470";"334";"228";"106";"47";"17";"7"
"2708402";"São José da Tapera (AL)";"Total";"30604";"2596";"2676";"2883";"2985";"2856";"837";"628";"507";"336";"147";"60";"13";"10"
"2708501";"São Luís do Quitunde (AL)";"Total";"30873";"2605";"2728";"2814";"2912";"2843";"841";"573";"350";"186";"112";"39";"16";"6"
"2708600";"São Miguel dos Campos (AL)";"Total";"51990";"3824";"3819";"4127";"4545";"4355";"1667";"1101";"710";"439";"194";"80";"24";"8"
"2708709";"São Miguel dos Milagres (AL)";"Total";"8482";"681";"672";"665";"731";"748";"221";"192";"117";"56";"34";"11";"3";"1"
"2708808";"São Sebastião (AL)";"Total";"31786";"2333";"2465";"2727";"2788";"2669";"1056";"788";"538";"329";"153";"67";"21";"11"
"2708907";"Satuba (AL)";"Total";"24278";"1901";"1925";"1821";"1814";"1874";"566";"413";"250";"132";"72";"31";"5";"4"
"2708956";"Senador Rui Palmeira (AL)";"Total";"12303";"967";"1014";"1220";"1285";"1127";"328";"282";"202";"125";"70";"27";"7";"4"
"2709004";"Tanque d'Arca (AL)";"Total";"5796";"366";"397";"483";"443";"416";"212";"186";"141";"81";"42";"17";"4";"3"
"2709103";"Taquarana (AL)";"Total";"19032";"1385";"1474";"1578";"1519";"1361";"699";"598";"416";"242";"111";"46";"11";"1"
"2709152";"Teotônio Vilela (AL)";"Total";"38053";"2903";"2963";"3281";"3659";"3298";"1251";"869";"528";"320";"153";"47";"18";"6"
"2709202";"Traipu (AL)";"Total";"23565";"1829";"1815";"2072";"2303";"2017";"742";"626";"459";"285";"157";"66";"11";"5"
"2709301";"União dos Palmares (AL)";"Total";"59280";"4520";"4851";"5094";"5005";"4682";"1941";"1473";"958";"601";"300";"121";"29";"31"
"2709400";"Viçosa (AL)";"Total";"24092";"1837";"1826";"1876";"2121";"1996";"884";"627";"401";"247";"123";"52";"23";"6"
"2800100";"Amparo do São Francisco (SE)";"Total";"2170";"155";"172";"183";"175";"148";"69";"54";"35";"23";"18";"3";"1";"4"
"2800209";"Aquidabã (SE)";"Total";"20131";"1226";"1389";"1546";"1677";"1620";"788";"591";"437";"263";"163";"82";"19";"5"
"2800308";"Aracaju (SE)";"Total";"602757";"34951";"37963";"39332";"41048";"47506";"21942";"16512";"10578";"6709";"3615";"1797";"628";"124"
"2800407";"Arauá (SE)";"Total";"10318";"668";"716";"857";"915";"762";"361";"243";"164";"127";"65";"43";"11";"1"
"2800506";"Areia Branca (SE)";"Total";"18081";"1194";"1305";"1408";"1547";"1629";"515";"368";"232";"194";"111";"44";"14";"2"
"2800605";"Barra dos Coqueiros (SE)";"Total";"41511";"2993";"3185";"3136";"3023";"3070";"1073";"729";"433";"251";"150";"51";"24";"5"
"2800670";"Boquim (SE)";"Total";"24636";"1473";"1611";"1918";"1922";"1756";"860";"748";"551";"313";"166";"77";"23";"8"
"2800704";"Brejo Grande (SE)";"Total";"7841";"698";"701";"734";"758";"660";"210";"150";"70";"74";"51";"12";"9";"3"
"2801009";"Campo do Brito (SE)";"Total";"18149";"1172";"1232";"1392";"1399";"1513";"668";"473";"358";"238";"119";"72";"19";"6"
"2801108";"Canhoba (SE)";"Total";"3791";"300";"281";"323";"317";"306";"120";"106";"60";"50";"34";"4";"4";"2"
"2801207";"Canindé de São Francisco (SE)";"Total";"26834";"2388";"2344";"2360";"2570";"2441";"590";"443";"325";"194";"97";"23";"20";"18"
"2801306";"Capela (SE)";"Total";"31645";"2327";"2528";"2656";"2724";"2649";"965";"745";"513";"342";"196";"105";"39";"10"
"2801405";"Carira (SE)";"Total";"19939";"1296";"1386";"1547";"1590";"1519";"724";"598";"424";"302";"146";"90";"21";"7"
"2801504";"Carmópolis (SE)";"Total";"13853";"1048";"1144";"1199";"1266";"1151";"338";"227";"131";"79";"52";"21";"4";"3"
"2801603";"Cedro de São João (SE)";"Total";"5391";"313";"381";"378";"457";"379";"181";"160";"131";"87";"41";"19";"5";"-"
"2801702";"Cristinápolis (SE)";"Total";"17100";"1350";"1360";"1496";"1640";"1462";"471";"309";"228";"149";"76";"43";"8";"2"
"2801900";"Cumbe (SE)";"Total";"3824";"211";"289";"270";"302";"303";"117";"109";"90";"61";"32";"13";"6";"-"
"2802007";"Divina Pastora (SE)";"Total";"4340";"324";"353";"418";"366";"351";"122";"71";"65";"54";"20";"9";"2";"1"
"2802106";"Estância (SE)";"Total";"65078";"4718";"4601";"5071";"5216";"5037";"2203";"1515";"1045";"678";"339";"162";"59";"13"
"2802205";"Feira Nova (SE)";"Total";"5975";"436";"478";"463";"516";"515";"212";"118";"115";"61";"29";"12";"7";"4"
"2802304";"Frei Paulo (SE)";"Total";"14530";"1027";"1013";"1124";"1132";"1185";"446";"412";"268";"171";"111";"35";"21";"6"
"2802403";"Gararu (SE)";"Total";"11096";"742";"781";"857";"942";"852";"351";"308";"242";"142";"78";"19";"6";"7"
"2802502";"General Maynard (SE)";"Total";"3037";"201";"231";"244";"210";"231";"102";"72";"55";"29";"14";"7";"5";"2"
"2802601";"Graccho Cardoso (SE)";"Total";"5834";"363";"390";"461";"443";"417";"234";"181";"123";"67";"54";"17";"12";"4"
"2802700";"Ilha das Flores (SE)";"Total";"8321";"668";"702";"781";"745";"681";"242";"196";"121";"84";"67";"28";"8";"5"
"2802809";"Indiaroba (SE)";"Total";"16549";"1369";"1417";"1558";"1582";"1418";"479";"344";"220";"160";"90";"31";"12";"6"
"2802908";"Itabaiana (SE)";"Total";"103440";"6758";"6940";"7446";"7947";"8760";"3106";"2416";"1607";"1010";"555";"255";"91";"11"
"2803005";"Itabaianinha (SE)";"Total";"40678";"2856";"3096";"3399";"3682";"3566";"1141";"962";"623";"427";"230";"117";"29";"17"
"2803104";"Itabi (SE)";"Total";"4745";"278";"334";"310";"363";"340";"228";"172";"114";"68";"31";"15";"6";"2"
"2803203";"Itaporanga d'Ajuda (SE)";"Total";"34411";"2537";"2643";"2883";"2904";"2677";"1043";"790";"534";"313";"172";"91";"15";"7"
"2803302";"Japaratuba (SE)";"Total";"16209";"1069";"1254";"1300";"1313";"1286";"567";"415";"298";"189";"90";"44";"22";"1"
"2803401";"Japoatã (SE)";"Total";"13407";"1035";"1061";"1099";"1186";"1084";"396";"308";"230";"143";"71";"28";"10";"6"
"2803500";"Lagarto (SE)";"Total";"101579";"6822";"6888";"7026";"7759";"8492";"3480";"2616";"1857";"1230";"599";"315";"97";"21"
"2803609";"Laranjeiras (SE)";"Total";"23975";"1770";"1913";"1970";"2159";"1905";"676";"456";"278";"185";"72";"34";"14";"6"
"2803708";"Macambira (SE)";"Total";"6838";"398";"487";"476";"570";"512";"234";"212";"143";"72";"59";"29";"8";"7"
"2803807";"Malhada dos Bois (SE)";"Total";"3579";"270";"316";"305";"283";"288";"95";"74";"54";"39";"25";"9";"1";"-"
"2803906";"Malhador (SE)";"Total";"11533";"765";"867";"941";"900";"815";"397";"286";"222";"140";"71";"35";"12";"2"
"2804003";"Maruim (SE)";"Total";"15719";"1096";"1320";"1410";"1344";"1249";"444";"328";"235";"139";"61";"32";"12";"3"
"2804102";"Moita Bonita (SE)";"Total";"11050";"628";"671";"731";"804";"847";"416";"354";"273";"170";"98";"51";"21";"7"
"2804201";"Monte Alegre de Sergipe (SE)";"Total";"14336";"1166";"1117";"1187";"1321";"1279";"380";"309";"181";"123";"69";"13";"13";"4"
"2804300";"Muribeca (SE)";"Total";"7822";"580";"593";"639";"590";"639";"242";"212";"125";"90";"45";"15";"3";"-"
"2804409";"Neópolis (SE)";"Total";"16426";"1102";"1332";"1401";"1318";"1209";"572";"438";"318";"206";"84";"42";"12";"3"
"2804458";"Nossa Senhora Aparecida (SE)";"Total";"9232";"579";"552";"636";"677";"721";"332";"307";"187";"133";"70";"34";"6";"4"
"2804508";"Nossa Senhora da Glória (SE)";"Total";"41212";"3060";"3051";"2990";"3274";"3525";"1102";"873";"645";"374";"186";"81";"46";"14"
"2804607";"Nossa Senhora das Dores (SE)";"Total";"24996";"1587";"1730";"1868";"2076";"2055";"892";"628";"494";"297";"182";"75";"15";"3"
"2804706";"Nossa Senhora de Lourdes (SE)";"Total";"6268";"361";"450";"501";"530";"477";"221";"188";"129";"76";"43";"16";"4";"1"
"2804805";"Nossa Senhora do Socorro (SE)";"Total";"192330";"14683";"15332";"15072";"15486";"16100";"4490";"2802";"1648";"917";"417";"180";"51";"10"
"2804904";"Pacatuba (SE)";"Total";"12502";"1017";"1088";"1032";"1110";"997";"378";"310";"181";"138";"81";"25";"9";"6"
"2805000";"Pedra Mole (SE)";"Total";"2778";"184";"208";"195";"204";"210";"109";"99";"34";"37";"15";"4";"4";"1"
"2805109";"Pedrinhas (SE)";"Total";"7396";"471";"477";"504";"701";"570";"251";"198";"151";"85";"50";"22";"13";"6"
"2805208";"Pinhão (SE)";"Total";"5677";"367";"382";"433";"443";"453";"209";"187";"123";"74";"30";"29";"7";"-"
"2805307";"Pirambu (SE)";"Total";"7913";"590";"623";"619";"743";"558";"247";"183";"124";"73";"49";"25";"10";"2"
"2805406";"Poço Redondo (SE)";"Total";"33439";"2843";"2856";"3140";"3221";"2823";"844";"703";"492";"250";"154";"55";"31";"27"
"2805505";"Poço Verde (SE)";"Total";"21794";"1317";"1397";"1517";"1714";"1761";"789";"744";"498";"329";"170";"82";"15";"5"
"2805604";"Porto da Folha (SE)";"Total";"26576";"1925";"2034";"2265";"2308";"2040";"800";"633";"508";"283";"158";"65";"25";"11"
"2805703";"Propriá (SE)";"Total";"26618";"1856";"1937";"2133";"2084";"2007";"858";"610";"428";"314";"162";"55";"20";"9"
"2805802";"Riachão do Dantas (SE)";"Total";"18313";"1052";"1207";"1398";"1622";"1536";"551";"512";"423";"280";"142";"59";"21";"6"
"2805901";"Riachuelo (SE)";"Total";"8748";"674";"742";"757";"791";"732";"255";"157";"103";"77";"35";"13";"6";"2"
"2806008";"Ribeirópolis (SE)";"Total";"17033";"953";"1008";"1134";"1237";"1371";"619";"527";"404";"238";"168";"65";"21";"6"
"2806107";"Rosário do Catete (SE)";"Total";"9295";"684";"761";"798";"776";"751";"257";"190";"134";"65";"48";"13";"2";"2"
"2806206";"Salgado (SE)";"Total";"20279";"1288";"1483";"1524";"1589";"1574";"672";"501";"389";"244";"132";"35";"18";"8"
"2806305";"Santa Luzia do Itanhy (SE)";"Total";"13616";"1100";"1066";"1272";"1221";"1183";"427";"301";"172";"118";"47";"36";"6";"3"
"2806404";"Santana do São Francisco (SE)";"Total";"7346";"606";"630";"667";"640";"541";"181";"151";"114";"80";"28";"16";"1";"3"
"2806503";"Santa Rosa de Lima (SE)";"Total";"3937";"263";"347";"324";"408";"301";"120";"93";"80";"41";"29";"7";"1";"1"
"2806602";"Santo Amaro das Brotas (SE)";"Total";"11092";"751";"882";"911";"910";"801";"390";"279";"190";"108";"81";"32";"10";"2"
"2806701";"São Cristóvão (SE)";"Total";"95612";"6575";"6911";"7180";"7237";"8245";"2616";"1715";"1041";"621";"342";"152";"46";"15"
"2806800";"São Domingos (SE)";"Total";"10327";"669";"707";"777";"817";"862";"368";"310";"232";"109";"70";"35";"7";"2"
"2806909";"São Francisco (SE)";"Total";"3243";"210";"255";"237";"254";"273";"114";"81";"53";"33";"16";"7";"5";"1"
"2807006";"São Miguel do Aleixo (SE)";"Total";"3434";"216";"224";"247";"248";"268";"123";"113";"73";"55";"30";"12";"2";"-"
"2807105";"Simão Dias (SE)";"Total";"42578";"2894";"2868";"2875";"3325";"3609";"1314";"1149";"866";"594";"334";"147";"57";"18"
"2807204";"Siriri (SE)";"Total";"7834";"570";"586";"736";"666";"589";"234";"200";"129";"103";"47";"17";"16";"2"
"2807303";"Telha (SE)";"Total";"3274";"237";"272";"261";"245";"259";"96";"60";"52";"34";"20";"8";"1";"1"
"2807402";"Tobias Barreto (SE)";"Total";"50905";"3059";"3167";"3623";"3967";"4282";"1726";"1305";"962";"679";"326";"153";"50";"10"
"2807501";"Tomar do Geru (SE)";"Total";"12012";"806";"896";"946";"1043";"888";"372";"282";"229";"163";"62";"31";"10";"2"
"2807600";"Umbaúba (SE)";"Total";"23917";"1822";"1827";"1943";"2052";"1997";"715";"497";"320";"216";"95";"54";"15";"3"
"2900108";"Abaíra (BA)";"Total";"7301";"324";"368";"392";"447";"377";"470";"353";"242";"202";"131";"59";"23";"5"
"2900207";"Abaré (BA)";"Total";"17639";"1407";"1448";"1503";"1734";"1401";"479";"427";"310";"213";"101";"55";"18";"10"
"2900306";"Acajutiba (BA)";"Total";"13795";"862";"965";"1130";"1209";"1065";"515";"414";"304";"210";"115";"64";"18";"14"
"2900355";"Adustina (BA)";"Total";"14201";"825";"847";"973";"1167";"1197";"529";"411";"336";"205";"120";"59";"19";"4"
"2900405";"Água Fria (BA)";"Total";"14497";"828";"1014";"1021";"1111";"1044";"526";"522";"397";"268";"146";"72";"26";"16"
"2900504";"Érico Cardoso (BA)";"Total";"10604";"562";"592";"666";"771";"806";"419";"366";"285";"195";"106";"64";"17";"8"
"2900603";"Aiquara (BA)";"Total";"4447";"264";"300";"283";"356";"294";"184";"144";"89";"69";"48";"28";"6";"-"
"2900702";"Alagoinhas (BA)";"Total";"151055";"9198";"10581";"10341";"10370";"10937";"5089";"3926";"2600";"1714";"927";"476";"139";"113"
"2900801";"Alcobaça (BA)";"Total";"24530";"1827";"1885";"1980";"1903";"1724";"984";"726";"412";"260";"143";"64";"37";"9"
"2900900";"Almadina (BA)";"Total";"5218";"294";"350";"344";"338";"335";"281";"213";"159";"89";"51";"31";"12";"5"
"2901007";"Amargosa (BA)";"Total";"36521";"2270";"2374";"2409";"2933";"2969";"1248";"1058";"745";"555";"355";"243";"67";"18"
"2901106";"Amélia Rodrigues (BA)";"Total";"24138";"1358";"1599";"1768";"1857";"1787";"943";"719";"477";"306";"162";"80";"29";"6"
"2901155";"América Dourada (BA)";"Total";"15137";"1028";"1151";"1337";"1382";"1148";"510";"384";"305";"223";"111";"54";"12";"4"
"2901205";"Anagé (BA)";"Total";"25438";"1339";"1557";"1642";"2015";"1712";"1110";"1049";"702";"572";"320";"145";"53";"16"
"2901304";"Andaraí (BA)";"Total";"13080";"861";"912";"1051";"1112";"1083";"439";"363";"285";"172";"82";"41";"19";"11"
"2901353";"Andorinha (BA)";"Total";"15012";"912";"954";"1023";"1115";"1116";"488";"457";"361";"244";"122";"52";"35";"13"
"2901403";"Angical (BA)";"Total";"13732";"907";"1000";"1094";"1081";"1009";"498";"478";"310";"184";"108";"53";"13";"2"
"2901502";"Anguera (BA)";"Total";"11031";"587";"712";"734";"781";"842";"392";"343";"269";"205";"100";"49";"30";"12"
"2901601";"Antas (BA)";"Total";"14206";"748";"769";"799";"979";"1095";"497";"546";"353";"284";"154";"62";"34";"12"
"2901700";"Antônio Cardoso (BA)";"Total";"11146";"739";"802";"910";"954";"827";"322";"302";"253";"185";"90";"51";"23";"8"
"2901809";"Antônio Gonçalves (BA)";"Total";"10862";"708";"726";"839";"827";"886";"396";"327";"239";"157";"72";"39";"13";"2"
"2901908";"Aporá (BA)";"Total";"15922";"948";"1100";"1172";"1361";"1207";"620";"493";"413";"265";"129";"66";"23";"2"
"2901957";"Apuarema (BA)";"Total";"6913";"483";"449";"499";"572";"499";"329";"232";"165";"76";"58";"35";"8";"5"
"2902005";"Aracatu (BA)";"Total";"13936";"831";"839";"909";"1034";"971";"557";"493";"390";"277";"161";"75";"21";"6"
"2902054";"Araçás (BA)";"Total";"11557";"777";"862";"936";"1061";"910";"346";"275";"159";"84";"51";"26";"3";"26"
"2902104";"Araci (BA)";"Total";"48294";"3282";"3295";"3899";"4279";"4140";"1467";"1424";"1054";"716";"344";"161";"70";"27"
"2902203";"Aramari (BA)";"Total";"9833";"611";"696";"670";"762";"756";"351";"274";"189";"133";"69";"44";"13";"12"
"2902252";"Arataca (BA)";"Total";"10191";"682";"718";"804";"881";"848";"392";"304";"173";"112";"53";"36";"7";"3"
"2902302";"Aratuípe (BA)";"Total";"8677";"600";"662";"585";"713";"654";"294";"205";"147";"89";"45";"25";"7";"1"
"2902401";"Aurelino Leal (BA)";"Total";"11179";"794";"890";"945";"967";"803";"447";"336";"214";"115";"64";"41";"13";"4"
"2902500";"Baianópolis (BA)";"Total";"13614";"950";"964";"1058";"1116";"1035";"495";"366";"315";"224";"105";"55";"19";"15"
"2902609";"Baixa Grande (BA)";"Total";"18220";"1012";"1129";"1400";"1577";"1361";"763";"647";"505";"325";"183";"89";"42";"6"
"2902658";"Banzaê (BA)";"Total";"11958";"787";"900";"1052";"1032";"900";"380";"366";"315";"198";"105";"45";"19";"1"
"2902708";"Barra (BA)";"Total";"51092";"4183";"4503";"4651";"4884";"4134";"1429";"1169";"810";"524";"328";"121";"46";"13"
"2902807";"Barra da Estiva (BA)";"Total";"26026";"1848";"1851";"1927";"2034";"2347";"772";"612";"419";"307";"163";"73";"27";"7"
"2902906";"Barra do Choça (BA)";"Total";"36539";"2498";"2902";"2869";"3064";"2875";"1168";"942";"716";"492";"253";"108";"40";"7"
"2903003";"Barra do Mendes (BA)";"Total";"13836";"793";"889";"961";"1118";"993";"599";"559";"418";"281";"125";"65";"22";"7"
"2903102";"Barra do Rocha (BA)";"Total";"5775";"338";"406";"436";"464";"380";"259";"148";"136";"78";"54";"22";"9";"3"
"2903201";"Barreiras (BA)";"Total";"159734";"11756";"12173";"11930";"12771";"13985";"3869";"2789";"1768";"1136";"605";"252";"73";"27"
"2903235";"Barro Alto (BA)";"Total";"13453";"816";"862";"1014";"1149";"1068";"457";"396";"355";"201";"111";"43";"8";"3"
"2903276";"Barrocas (BA)";"Total";"15203";"966";"1100";"1213";"1227";"1164";"423";"411";"329";"197";"90";"39";"19";"2"
"2903300";"Barro Preto (BA)";"Total";"5833";"316";"382";"410";"413";"380";"259";"210";"119";"110";"45";"24";"3";"3"
"2903409";"Belmonte (BA)";"Total";"20121";"1521";"1494";"1608";"1709";"1465";"782";"549";"355";"224";"124";"60";"29";"1"
"2903508";"Belo Campo (BA)";"Total";"18412";"1143";"1177";"1237";"1498";"1330";"762";"605";"509";"356";"204";"106";"33";"11"
"2903607";"Biritinga (BA)";"Total";"15146";"947";"1053";"1155";"1157";"1179";"489";"452";"346";"248";"152";"68";"18";"10"
"2903706";"Boa Nova (BA)";"Total";"13690";"879";"873";"1000";"1153";"1015";"546";"470";"435";"300";"151";"73";"32";"12"
"2903805";"Boa Vista do Tupim (BA)";"Total";"16873";"1025";"1223";"1432";"1537";"1110";"633";"536";"404";"264";"137";"83";"27";"11"
"2903904";"Bom Jesus da Lapa (BA)";"Total";"65550";"4853";"5264";"5278";"5769";"5367";"1865";"1483";"989";"680";"376";"177";"60";"21"
"2903953";"Bom Jesus da Serra (BA)";"Total";"9730";"591";"611";"708";"850";"743";"384";"330";"222";"188";"94";"39";"15";"6"
"2904001";"Boninal (BA)";"Total";"13622";"904";"985";"950";"1041";"992";"556";"425";"386";"263";"141";"64";"15";"6"
"2904050";"Bonito (BA)";"Total";"15844";"1255";"1318";"1269";"1450";"1447";"406";"305";"214";"122";"60";"22";"7";"3"
"2904100";"Boquira (BA)";"Total";"19322";"1208";"1302";"1306";"1488";"1461";"763";"629";"600";"447";"246";"113";"44";"11"
"2904209";"Botuporã (BA)";"Total";"11024";"677";"644";"703";"832";"909";"401";"378";"298";"194";"106";"68";"28";"6"
"2904308";"Brejões (BA)";"Total";"12943";"757";"851";"980";"1089";"959";"563";"440";"269";"183";"128";"72";"34";"16"
"2904407";"Brejolândia (BA)";"Total";"9108";"551";"571";"667";"687";"556";"364";"339";"288";"154";"96";"50";"19";"-"
"2904506";"Brotas de Macaúbas (BA)";"Total";"11765";"722";"770";"836";"942";"780";"486";"443";"378";"284";"155";"88";"25";"4"
"2904605";"Brumado (BA)";"Total";"70510";"4154";"4507";"4580";"4891";"5201";"2435";"2022";"1657";"1027";"581";"277";"96";"26"
"2904704";"Buerarema (BA)";"Total";"14804";"881";"975";"1109";"1077";"934";"709";"563";"342";"276";"156";"77";"32";"6"
"2904753";"Buritirama (BA)";"Total";"19589";"1548";"1534";"1577";"1873";"1532";"533";"504";"354";"216";"125";"63";"15";"9"
"2904803";"Caatiba (BA)";"Total";"6205";"338";"382";"433";"493";"418";"258";"197";"155";"98";"60";"32";"10";"4"
"2904852";"Cabaceiras do Paraguaçu (BA)";"Total";"16559";"1184";"1239";"1319";"1673";"1369";"461";"435";"310";"227";"114";"48";"14";"17"
"2904902";"Cachoeira (BA)";"Total";"29250";"1750";"1954";"2026";"2230";"2358";"1078";"833";"597";"378";"205";"107";"39";"22"
"2905008";"Caculé (BA)";"Total";"22462";"1385";"1426";"1343";"1523";"1762";"856";"793";"618";"416";"251";"104";"45";"13"
"2905107";"Caém (BA)";"Total";"10384";"690";"714";"819";"944";"814";"337";"328";"291";"180";"88";"59";"18";"7"
"2905156";"Caetanos (BA)";"Total";"11266";"612";"710";"776";"906";"839";"401";"373";"324";"231";"124";"65";"25";"8"
"2905206";"Caetité (BA)";"Total";"52012";"3106";"3388";"3450";"3831";"4071";"1810";"1562";"1168";"820";"511";"268";"109";"29"
"2905305";"Cafarnaum (BA)";"Total";"17466";"1204";"1334";"1458";"1534";"1373";"522";"431";"315";"248";"95";"50";"21";"5"
"2905404";"Cairu (BA)";"Total";"17761";"1385";"1396";"1328";"1364";"1537";"431";"295";"204";"124";"62";"23";"7";"4"
"2905503";"Caldeirão Grande (BA)";"Total";"13080";"934";"964";"1042";"1136";"1020";"434";"410";"280";"222";"91";"41";"18";"9"
"2905602";"Camacan (BA)";"Total";"22579";"1516";"1641";"1831";"1952";"1667";"922";"755";"450";"304";"169";"94";"27";"10"
"2905701";"Camaçari (BA)";"Total";"300372";"20189";"22272";"22425";"21539";"22597";"8781";"5690";"3180";"1758";"858";"334";"135";"56"
"2905800";"Camamu (BA)";"Total";"30469";"2430";"2614";"2817";"2747";"2259";"1029";"783";"443";"329";"159";"77";"25";"13"
"2905909";"Campo Alegre de Lourdes (BA)";"Total";"30671";"2501";"2472";"2461";"2517";"2262";"1004";"933";"631";"427";"240";"107";"36";"8"
"2906006";"Campo Formoso (BA)";"Total";"71377";"5265";"5063";"5385";"5943";"6130";"2354";"1908";"1300";"878";"431";"212";"69";"26"
"2906105";"Canápolis (BA)";"Total";"10225";"674";"771";"811";"886";"783";"390";"308";"238";"181";"71";"48";"12";"4"
"2906204";"Canarana (BA)";"Total";"24206";"1614";"1815";"1879";"2142";"1919";"806";"678";"468";"334";"150";"69";"15";"4"
"2906303";"Canavieiras (BA)";"Total";"32683";"2125";"2486";"2338";"2495";"2339";"1364";"1062";"679";"434";"273";"133";"45";"13"
"2906402";"Candeal (BA)";"Total";"7772";"464";"476";"501";"562";"603";"321";"328";"253";"147";"78";"45";"18";"7"
"2906501";"Candeias (BA)";"Total";"72382";"4281";"4977";"5408";"5071";"5471";"2536";"1840";"1079";"682";"304";"134";"51";"24"
"2906600";"Candiba (BA)";"Total";"13016";"700";"761";"860";"923";"866";"574";"482";"389";"256";"161";"77";"20";"6"
"2906709";"Cândido Sales (BA)";"Total";"25247";"1481";"1699";"1950";"2043";"1718";"1004";"776";"571";"396";"259";"100";"33";"9"
"2906808";"Cansanção (BA)";"Total";"37439";"2413";"2668";"2814";"3258";"3319";"1201";"1042";"816";"509";"265";"134";"62";"19"
"2906824";"Canudos (BA)";"Total";"16105";"1189";"1230";"1286";"1354";"1223";"481";"444";"364";"224";"137";"58";"20";"9"
"2906857";"Capela do Alto Alegre (BA)";"Total";"10744";"608";"601";"629";"749";"680";"488";"433";"384";"247";"118";"58";"25";"11"
"2906873";"Capim Grosso (BA)";"Total";"33235";"2299";"2422";"2532";"2669";"2654";"982";"910";"686";"475";"232";"129";"36";"10"
"2906899";"Caraíbas (BA)";"Total";"9940";"514";"605";"674";"730";"656";"486";"426";"338";"224";"124";"79";"34";"5"
"2906907";"Caravelas (BA)";"Total";"20580";"1443";"1469";"1679";"1744";"1545";"825";"581";"405";"264";"123";"60";"16";"7"
"2907004";"Cardeal da Silva (BA)";"Total";"8365";"590";"702";"732";"746";"715";"239";"142";"119";"67";"51";"25";"9";"10"
"2907103";"Carinhanha (BA)";"Total";"28869";"2186";"2187";"2506";"2615";"2329";"890";"747";"492";"336";"190";"91";"24";"13"
"2907202";"Casa Nova (BA)";"Total";"72086";"5378";"5590";"6035";"6181";"6064";"2070";"1797";"1311";"886";"415";"184";"60";"13"
"2907301";"Castro Alves (BA)";"Total";"24712";"1493";"1577";"1694";"1962";"1830";"886";"736";"532";"346";"221";"116";"45";"11"
"2907400";"Catolândia (BA)";"Total";"3434";"244";"275";"260";"237";"210";"131";"125";"99";"60";"48";"16";"3";"2"
"2907509";"Catu (BA)";"Total";"48148";"2525";"3127";"3443";"3384";"3206";"1827";"1355";"835";"548";"267";"165";"51";"35"
"2907558";"Caturama (BA)";"Total";"8841";"474";"539";"578";"619";"633";"390";"328";"280";"165";"94";"58";"11";"5"
"2907608";"Central (BA)";"Total";"16348";"1017";"1083";"1271";"1327";"1177";"604";"559";"418";"240";"127";"67";"20";"14"
"2907707";"Chorrochó (BA)";"Total";"10579";"761";"850";"856";"896";"913";"312";"293";"240";"165";"85";"47";"19";"4"
"2907806";"Cícero Dantas (BA)";"Total";"30907";"1616";"1770";"1984";"2244";"2263";"1200";"1066";"883";"584";"303";"139";"41";"10"
"2907905";"Cipó (BA)";"Total";"17230";"1230";"1334";"1363";"1405";"1401";"538";"452";"295";"218";"117";"54";"22";"14"
"2908002";"Coaraci (BA)";"Total";"17333";"972";"1105";"1189";"1354";"1135";"895";"687";"503";"361";"207";"109";"35";"8"
"2908101";"Cocos (BA)";"Total";"19151";"1268";"1338";"1362";"1589";"1520";"708";"615";"476";"291";"165";"79";"27";"19"
"2908200";"Conceição da Feira (BA)";"Total";"20800";"1299";"1345";"1563";"1660";"1718";"685";"562";"385";"258";"129";"77";"27";"7"
"2908309";"Conceição do Almeida (BA)";"Total";"15794";"792";"864";"993";"1118";"1103";"646";"460";"366";"254";"144";"93";"32";"10"
"2908408";"Conceição do Coité (BA)";"Total";"67825";"4374";"5020";"5151";"5136";"5439";"2223";"1919";"1446";"959";"488";"205";"84";"17"
"2908507";"Conceição do Jacuípe (BA)";"Total";"35308";"2169";"2275";"2489";"2579";"2745";"1142";"937";"598";"402";"195";"111";"36";"13"
"2908606";"Conde (BA)";"Total";"23654";"1795";"1918";"1902";"2195";"2208";"678";"543";"364";"265";"146";"66";"30";"18"
"2908705";"Condeúba (BA)";"Total";"17053";"931";"1050";"1029";"1272";"1118";"737";"698";"524";"387";"209";"111";"44";"7"
"2908804";"Contendas do Sincorá (BA)";"Total";"4333";"247";"264";"296";"342";"298";"187";"162";"108";"73";"55";"27";"8";"7"
"2908903";"Coração de Maria (BA)";"Total";"26692";"1520";"1755";"1869";"2007";"2142";"964";"801";"512";"364";"178";"92";"27";"14"
"2909000";"Cordeiros (BA)";"Total";"7546";"440";"417";"448";"511";"469";"360";"330";"224";"170";"110";"37";"15";"5"
"2909109";"Coribe (BA)";"Total";"13990";"803";"871";"1037";"1043";"891";"648";"518";"396";"228";"123";"50";"14";"5"
"2909208";"Coronel João Sá (BA)";"Total";"17056";"1149";"1058";"1338";"1411";"1507";"537";"470";"302";"240";"111";"62";"18";"6"
"2909307";"Correntina (BA)";"Total";"32457";"2190";"2244";"2385";"2627";"2478";"1103";"969";"695";"452";"243";"115";"48";"13"
"2909406";"Cotegipe (BA)";"Total";"13063";"896";"969";"1019";"1130";"932";"467";"406";"251";"175";"93";"43";"12";"2"
"2909505";"Cravolândia (BA)";"Total";"4415";"277";"255";"308";"379";"278";"177";"150";"94";"67";"47";"18";"9";"7"
"2909604";"Crisópolis (BA)";"Total";"19729";"1255";"1420";"1524";"1551";"1467";"676";"623";"507";"317";"145";"70";"24";"8"
"2909703";"Cristópolis (BA)";"Total";"13993";"931";"939";"961";"1143";"1058";"502";"389";"313";"220";"126";"48";"18";"2"
"2909802";"Cruz das Almas (BA)";"Total";"60348";"3387";"3773";"4060";"4266";"4427";"2212";"1599";"994";"707";"460";"247";"77";"25"
"2909901";"Curaçá (BA)";"Total";"34180";"2663";"2687";"2800";"2917";"2809";"906";"838";"695";"446";"235";"111";"41";"14"
"2910008";"Dário Meira (BA)";"Total";"10820";"729";"772";"886";"924";"774";"456";"347";"238";"171";"89";"44";"17";"8"
"2910057";"Dias d'Ávila (BA)";"Total";"71485";"4743";"5461";"5618";"5576";"5385";"2201";"1469";"880";"533";"238";"96";"32";"17"
"2910107";"Dom Basílio (BA)";"Total";"11884";"672";"670";"743";"863";"886";"434";"366";"284";"200";"98";"55";"15";"9"
"2910206";"Dom Macedo Costa (BA)";"Total";"4407";"251";"267";"278";"325";"291";"164";"145";"101";"48";"47";"18";"5";"5"
"2910305";"Elísio Medrado (BA)";"Total";"7808";"402";"418";"570";"573";"434";"364";"284";"206";"148";"115";"55";"10";"11"
"2910404";"Encruzilhada (BA)";"Total";"19107";"1273";"1283";"1583";"1589";"1459";"764";"574";"410";"268";"133";"58";"16";"9"
"2910503";"Entre Rios (BA)";"Total";"38098";"2540";"2719";"2871";"3168";"3046";"1257";"949";"581";"412";"195";"87";"42";"33"
"2910602";"Esplanada (BA)";"Total";"32554";"2362";"2404";"2606";"3007";"2840";"979";"745";"479";"363";"185";"95";"31";"22"
"2910701";"Euclides da Cunha (BA)";"Total";"61456";"3893";"4047";"4568";"4850";"4799";"2162";"1998";"1484";"1026";"506";"241";"112";"32"
"2910727";"Eunápolis (BA)";"Total";"113710";"8115";"8474";"8951";"8865";"8962";"3673";"2678";"1632";"1093";"567";"258";"89";"33"
"2910750";"Fátima (BA)";"Total";"17895";"1045";"995";"1155";"1305";"1430";"635";"615";"457";"321";"152";"64";"15";"5"
"2910776";"Feira da Mata (BA)";"Total";"5631";"370";"379";"374";"381";"371";"228";"215";"135";"92";"52";"19";"4";"4"
"2910800";"Feira de Santana (BA)";"Total";"616272";"38381";"43104";"43647";"43729";"49790";"18837";"14127";"9301";"6190";"3156";"1671";"504";"157"
"2910859";"Filadélfia (BA)";"Total";"17897";"1183";"1227";"1365";"1453";"1499";"576";"555";"391";"239";"104";"54";"31";"4"
"2910909";"Firmino Alves (BA)";"Total";"4873";"287";"330";"370";"393";"343";"201";"176";"125";"66";"43";"25";"11";"1"
"2911006";"Floresta Azul (BA)";"Total";"11059";"514";"710";"794";"845";"756";"486";"397";"310";"200";"96";"37";"18";"9"
"2911105";"Formosa do Rio Preto (BA)";"Total";"25899";"2100";"2129";"2179";"2229";"2236";"742";"629";"393";"251";"120";"72";"32";"7"
"2911204";"Gandu (BA)";"Total";"32178";"2156";"2308";"2418";"2663";"2455";"1097";"783";"516";"340";"166";"100";"26";"11"
"2911253";"Gavião (BA)";"Total";"4360";"208";"260";"295";"329";"280";"206";"191";"118";"83";"46";"30";"8";"2"
"2911303";"Gentio do Ouro (BA)";"Total";"10884";"643";"756";"770";"878";"837";"431";"341";"288";"175";"98";"49";"12";"2"
"2911402";"Glória (BA)";"Total";"15524";"1120";"1215";"1228";"1090";"1073";"499";"456";"289";"217";"104";"49";"14";"6"
"2911501";"Gongogi (BA)";"Total";"5555";"340";"438";"400";"462";"384";"240";"186";"135";"83";"58";"25";"5";"7"
"2911600";"Governador Mangabeira (BA)";"Total";"20605";"1264";"1399";"1450";"1756";"1509";"749";"592";"376";"229";"138";"79";"32";"14"
"2911659";"Guajeru (BA)";"Total";"8050";"374";"438";"510";"583";"582";"372";"324";"271";"202";"120";"48";"29";"4"
"2911709";"Guanambi (BA)";"Total";"87817";"5523";"5798";"5826";"6242";"6693";"2983";"2506";"1739";"1185";"673";"356";"110";"29"
"2911808";"Guaratinga (BA)";"Total";"19049";"1214";"1270";"1475";"1489";"1284";"883";"742";"490";"308";"158";"69";"25";"16"
"2911857";"Heliópolis (BA)";"Total";"12309";"671";"677";"781";"957";"1057";"434";"418";"319";"214";"100";"52";"12";"3"
"2911907";"Iaçu (BA)";"Total";"24607";"1566";"1699";"1934";"2067";"1806";"924";"757";"611";"403";"201";"131";"52";"29"
"2912004";"Ibiassucê (BA)";"Total";"10429";"472";"539";"652";"686";"751";"487";"422";"306";"233";"148";"77";"24";"3"
"2912103";"Ibicaraí (BA)";"Total";"21665";"1178";"1394";"1447";"1703";"1557";"997";"815";"554";"421";"212";"113";"37";"11"
"2912202";"Ibicoara (BA)";"Total";"20785";"1641";"1671";"1761";"1867";"1788";"488";"335";"225";"134";"97";"41";"14";"5"
"2912301";"Ibicuí (BA)";"Total";"13934";"821";"846";"998";"1066";"872";"583";"506";"344";"276";"155";"72";"25";"4"
"2912400";"Ibipeba (BA)";"Total";"16603";"1058";"1182";"1186";"1321";"1143";"606";"573";"409";"279";"122";"68";"19";"15"
"2912509";"Ibipitanga (BA)";"Total";"13863";"727";"857";"860";"1106";"1137";"506";"448";"401";"290";"171";"86";"29";"7"
"2912608";"Ibiquera (BA)";"Total";"3725";"245";"247";"290";"347";"261";"126";"135";"104";"61";"24";"13";"9";"1"
"2912707";"Ibirapitanga (BA)";"Total";"25344";"1752";"1873";"2126";"2417";"2200";"940";"669";"396";"301";"162";"74";"36";"8"
"2912806";"Ibirapuã (BA)";"Total";"8896";"608";"664";"645";"680";"632";"327";"288";"199";"135";"95";"31";"8";"5"
"2912905";"Ibirataia (BA)";"Total";"18792";"1245";"1311";"1492";"1323";"1235";"835";"583";"410";"319";"161";"76";"25";"5"
"2913002";"Ibitiara (BA)";"Total";"14637";"711";"885";"916";"1114";"1076";"632";"533";"486";"345";"127";"104";"40";"7"
"2913101";"Ibititá (BA)";"Total";"16969";"1062";"1172";"1176";"1289";"1164";"655";"547";"416";"283";"138";"83";"18";"6"
"2913200";"Ibotirama (BA)";"Total";"26309";"1909";"2010";"2081";"2088";"2018";"822";"708";"502";"331";"188";"89";"23";"2"
"2913309";"Ichu (BA)";"Total";"6190";"365";"398";"396";"469";"467";"238";"204";"150";"114";"67";"36";"9";"2"
"2913408";"Igaporã (BA)";"Total";"15527";"826";"969";"1009";"1055";"1201";"554";"554";"405";"284";"142";"89";"32";"10"
"2913457";"Igrapiúna (BA)";"Total";"13151";"931";"1019";"1015";"1076";"1111";"407";"301";"204";"135";"63";"33";"10";"5"
"2913507";"Iguaí (BA)";"Total";"21491";"1357";"1417";"1620";"1766";"1471";"864";"721";"527";"387";"227";"103";"40";"19"
"2913606";"Ilhéus (BA)";"Total";"178649";"10566";"11849";"12215";"13071";"13084";"7210";"5158";"3130";"2228";"1210";"534";"177";"48"
"2913705";"Inhambupe (BA)";"Total";"33790";"2214";"2326";"2729";"2796";"2754";"1108";"904";"666";"484";"213";"146";"42";"21"
"2913804";"Ipecaetá (BA)";"Total";"13709";"837";"863";"1009";"1082";"1265";"511";"407";"294";"223";"149";"83";"28";"9"
"2913903";"Ipiaú (BA)";"Total";"40706";"2613";"2680";"2906";"2983";"2861";"1867";"1267";"836";"605";"342";"190";"79";"25"
"2914000";"Ipirá (BA)";"Total";"56876";"3439";"3753";"4101";"4632";"4396";"2232";"1882";"1483";"1008";"533";"270";"90";"42"
"2914109";"Ipupiara (BA)";"Total";"9935";"557";"641";"650";"724";"695";"381";"422";"283";"193";"87";"45";"10";"5"
"2914208";"Irajuba (BA)";"Total";"6101";"361";"397";"464";"536";"429";"274";"196";"143";"87";"74";"33";"12";"6"
"2914307";"Iramaia (BA)";"Total";"10752";"611";"675";"776";"904";"866";"430";"347";"242";"143";"72";"46";"22";"11"
"2914406";"Iraquara (BA)";"Total";"23879";"1735";"1720";"1869";"2075";"2068";"730";"594";"489";"283";"159";"89";"30";"11"
"2914505";"Irará (BA)";"Total";"28043";"1665";"1855";"2035";"2256";"1933";"1021";"884";"679";"436";"283";"112";"39";"16"
"2914604";"Irecê (BA)";"Total";"74507";"5113";"5417";"5431";"6123";"6221";"2040";"1560";"1049";"745";"358";"168";"50";"18"
"2914653";"Itabela (BA)";"Total";"28165";"2238";"2277";"2460";"2368";"2296";"888";"674";"387";"272";"166";"74";"21";"9"
"2914703";"Itaberaba (BA)";"Total";"65073";"4203";"4513";"4864";"5127";"5139";"2061";"1674";"1288";"911";"456";"253";"86";"22"
"2914802";"Itabuna (BA)";"Total";"186708";"10188";"11613";"12066";"12983";"13654";"7806";"5856";"3770";"2689";"1470";"670";"189";"69"
"2914901";"Itacaré (BA)";"Total";"27704";"2167";"2219";"2278";"2367";"2230";"783";"562";"341";"221";"102";"38";"18";"1"
"2915007";"Itaeté (BA)";"Total";"13472";"944";"1029";"1163";"1121";"1066";"479";"394";"323";"196";"107";"55";"17";"15"
"2915106";"Itagi (BA)";"Total";"13803";"905";"906";"1025";"1137";"1044";"602";"470";"283";"213";"147";"64";"24";"10"
"2915205";"Itagibá (BA)";"Total";"15310";"985";"1102";"1070";"1184";"1022";"702";"480";"346";"215";"147";"72";"22";"11"
"2915304";"Itagimirim (BA)";"Total";"6347";"420";"514";"476";"461";"430";"248";"209";"143";"116";"59";"24";"6";"6"
"2915353";"Itaguaçu da Bahia (BA)";"Total";"12311";"955";"976";"1065";"1016";"935";"408";"355";"261";"145";"72";"34";"8";"5"
"2915403";"Itaju do Colônia (BA)";"Total";"6037";"412";"492";"518";"600";"427";"217";"174";"117";"71";"57";"28";"11";"4"
"2915502";"Itajuípe (BA)";"Total";"18781";"1105";"1226";"1312";"1452";"1194";"859";"634";"399";"298";"169";"92";"24";"7"
"2915601";"Itamaraju (BA)";"Total";"59605";"4174";"4349";"4540";"4682";"4544";"2155";"1729";"1125";"721";"384";"209";"63";"17"
"2915700";"Itamari (BA)";"Total";"7051";"438";"461";"555";"603";"447";"321";"247";"159";"98";"69";"30";"10";"11"
"2915809";"Itambé (BA)";"Total";"24394";"1542";"1615";"1693";"1906";"1974";"823";"718";"477";"392";"192";"73";"24";"8"
"2915908";"Itanagra (BA)";"Total";"5914";"442";"450";"492";"499";"508";"221";"115";"77";"56";"39";"15";"7";"2"
"2916005";"Itanhém (BA)";"Total";"17813";"945";"1077";"1187";"1202";"1180";"857";"695";"549";"375";"219";"99";"35";"11"
"2916104";"Itaparica (BA)";"Total";"19789";"1188";"1238";"1352";"1391";"1535";"899";"608";"390";"233";"107";"58";"24";"9"
"2916203";"Itapé (BA)";"Total";"10341";"597";"709";"777";"807";"673";"377";"292";"214";"157";"86";"35";"13";"7"
"2916302";"Itapebi (BA)";"Total";"9174";"613";"706";"798";"753";"655";"363";"287";"155";"140";"60";"32";"9";"2"
"2916401";"Itapetinga (BA)";"Total";"65897";"4200";"4485";"4828";"5225";"4875";"2320";"1929";"1398";"949";"472";"241";"55";"28"
"2916500";"Itapicuru (BA)";"Total";"31679";"2186";"2232";"2568";"2713";"2480";"1064";"864";"637";"441";"185";"102";"25";"9"
"2916609";"Itapitanga (BA)";"Total";"10279";"780";"772";"659";"781";"797";"383";"309";"222";"130";"81";"31";"8";"2"
"2916708";"Itaquara (BA)";"Total";"8153";"454";"489";"569";"508";"612";"346";"242";"156";"109";"74";"48";"11";"8"
"2916807";"Itarantim (BA)";"Total";"17052";"1095";"1139";"1249";"1233";"1210";"678";"546";"423";"294";"191";"75";"16";"20"
"2916856";"Itatim (BA)";"Total";"15737";"1047";"1246";"1261";"1301";"1197";"455";"381";"284";"178";"99";"57";"24";"12"
"2916906";"Itiruçu (BA)";"Total";"10999";"657";"703";"706";"885";"767";"428";"359";"305";"197";"134";"71";"23";"6"
"2917003";"Itiúba (BA)";"Total";"33872";"2254";"2388";"2602";"3080";"2672";"1117";"1001";"832";"582";"273";"119";"49";"25"
"2917102";"Itororó (BA)";"Total";"16617";"986";"1103";"1225";"1313";"1132";"754";"608";"433";"320";"168";"86";"11";"10"
"2917201";"Ituaçu (BA)";"Total";"17914";"1031";"1134";"1203";"1371";"1321";"683";"575";"439";"288";"183";"100";"37";"11"
"2917300";"Ituberá (BA)";"Total";"21902";"1376";"1529";"1728";"1901";"1523";"849";"644";"388";"280";"149";"55";"15";"5"
"2917334";"Iuiu (BA)";"Total";"11118";"750";"725";"841";"938";"933";"349";"280";"176";"143";"76";"18";"9";"4"
"2917359";"Jaborandi (BA)";"Total";"9275";"665";"631";"650";"609";"617";"371";"306";"247";"151";"74";"39";"6";"5"
"2917409";"Jacaraci (BA)";"Total";"14436";"674";"754";"790";"958";"1029";"652";"588";"460";"331";"189";"89";"28";"5"
"2917508";"Jacobina (BA)";"Total";"82590";"5471";"5873";"5997";"6211";"6342";"2779";"2366";"1691";"1014";"517";"266";"90";"27"
"2917607";"Jaguaquara (BA)";"Total";"45964";"2941";"3293";"3664";"3877";"3592";"1606";"1327";"921";"609";"381";"194";"73";"25"
"2917706";"Jaguarari (BA)";"Total";"32703";"2074";"2239";"2279";"2391";"2500";"1124";"1063";"719";"521";"258";"133";"49";"13"
"2917805";"Jaguaripe (BA)";"Total";"17659";"1013";"1166";"1369";"1462";"1302";"679";"471";"284";"183";"91";"56";"19";"10"
"2917904";"Jandaíra (BA)";"Total";"9285";"669";"758";"860";"845";"778";"273";"239";"138";"101";"48";"11";"9";"8"
"2918001";"Jequié (BA)";"Total";"158813";"10009";"11330";"11114";"11739";"11631";"6041";"4466";"2919";"2014";"1264";"655";"237";"96"
"2918100";"Jeremoabo (BA)";"Total";"37626";"2495";"2487";"2873";"3266";"2821";"1297";"1098";"827";"593";"287";"158";"64";"26"
"2918209";"Jiquiriçá (BA)";"Total";"13629";"789";"863";"976";"1063";"1022";"530";"367";"245";"170";"115";"67";"24";"11"
"2918308";"Jitaúna (BA)";"Total";"14355";"903";"979";"991";"1161";"1031";"620";"460";"305";"257";"134";"69";"20";"7"
"2918357";"João Dourado (BA)";"Total";"24854";"1913";"1870";"2114";"2341";"1962";"734";"648";"412";"290";"137";"57";"25";"4"
"2918407";"Juazeiro (BA)";"Total";"237821";"18953";"19246";"18437";"19663";"20817";"6175";"4531";"3224";"2073";"1108";"461";"154";"45"
"2918456";"Jucuruçu (BA)";"Total";"9655";"620";"713";"736";"735";"636";"462";"328";"210";"141";"64";"16";"8";"5"
"2918506";"Jussara (BA)";"Total";"16354";"1055";"1168";"1352";"1372";"1166";"569";"542";"375";"223";"110";"56";"17";"4"
"2918555";"Jussari (BA)";"Total";"5888";"330";"407";"460";"437";"418";"261";"199";"133";"84";"68";"26";"4";"-"
"2918605";"Jussiape (BA)";"Total";"7379";"319";"365";"429";"432";"451";"389";"301";"251";"180";"106";"49";"25";"3"
"2918704";"Lafaiete Coutinho (BA)";"Total";"4075";"250";"223";"263";"281";"254";"217";"152";"114";"99";"26";"34";"9";"4"
"2918753";"Lagoa Real (BA)";"Total";"14105";"823";"872";"923";"1006";"1238";"450";"484";"331";"244";"126";"67";"20";"11"
"2918803";"Laje (BA)";"Total";"21052";"1247";"1334";"1572";"1694";"1533";"723";"542";"341";"287";"138";"75";"20";"16"
"2918902";"Lajedão (BA)";"Total";"3845";"260";"235";"288";"271";"243";"183";"130";"124";"72";"34";"21";"7";"1"
"2919009";"Lajedinho (BA)";"Total";"3527";"216";"232";"280";"279";"247";"130";"136";"69";"46";"24";"13";"8";"1"
"2919058";"Lajedo do Tabocal (BA)";"Total";"7494";"394";"457";"571";"585";"573";"286";"256";"166";"133";"77";"27";"11";"5"
"2919108";"Lamarão (BA)";"Total";"9015";"521";"605";"686";"767";"670";"350";"292";"220";"167";"64";"41";"26";"10"
"2919157";"Lapão (BA)";"Total";"25736";"1804";"1804";"1906";"2205";"2115";"861";"754";"532";"311";"166";"64";"30";"5"
"2919207";"Lauro de Freitas (BA)";"Total";"203331";"12356";"14071";"13524";"13594";"15094";"6609";"4731";"2676";"1622";"853";"391";"119";"44"
"2919306";"Lençóis (BA)";"Total";"10774";"745";"833";"912";"874";"866";"288";"225";"125";"101";"47";"27";"12";"5"
"2919405";"Licínio de Almeida (BA)";"Total";"11834";"631";"715";"776";"875";"740";"538";"495";"334";"274";"136";"60";"21";"7"
"2919504";"Livramento de Nossa Senhora (BA)";"Total";"43903";"2619";"2733";"2857";"3025";"3315";"1601";"1333";"1071";"686";"321";"170";"64";"22"
"2919553";"Luís Eduardo Magalhães (BA)";"Total";"107909";"9616";"9258";"8811";"8981";"10418";"1413";"909";"452";"314";"143";"38";"10";"1"
"2919603";"Macajuba (BA)";"Total";"10454";"609";"701";"941";"974";"696";"411";"359";"254";"168";"100";"52";"22";"13"
"2919702";"Macarani (BA)";"Total";"21599";"1052";"1285";"1531";"1558";"1668";"680";"597";"423";"296";"108";"64";"15";"5"
"2919801";"Macaúbas (BA)";"Total";"41859";"2548";"2612";"2856";"3386";"3290";"1627";"1282";"1167";"742";"403";"228";"51";"23"
"2919900";"Macururé (BA)";"Total";"7256";"522";"558";"572";"672";"521";"195";"221";"196";"149";"70";"36";"15";"15"
"2919926";"Madre de Deus (BA)";"Total";"18504";"1112";"1207";"1281";"1288";"1432";"656";"436";"288";"171";"89";"39";"10";"5"
"2919959";"Maetinga (BA)";"Total";"6973";"370";"417";"398";"569";"453";"301";"326";"250";"155";"77";"39";"14";"4"
"2920007";"Maiquinique (BA)";"Total";"8731";"535";"563";"657";"760";"659";"342";"257";"181";"125";"60";"28";"6";"4"
"2920106";"Mairi (BA)";"Total";"17674";"985";"1045";"1220";"1289";"1379";"745";"699";"517";"329";"150";"107";"32";"8"
"2920205";"Malhada (BA)";"Total";"15398";"1138";"1232";"1230";"1440";"1203";"464";"389";"257";"169";"96";"38";"11";"4"
"2920304";"Malhada de Pedras (BA)";"Total";"8670";"489";"541";"511";"656";"644";"329";"293";"239";"184";"99";"32";"9";"4"
"2920403";"Manoel Vitorino (BA)";"Total";"13860";"861";"909";"1031";"1114";"1043";"617";"456";"383";"231";"138";"61";"26";"16"
"2920452";"Mansidão (BA)";"Total";"13919";"880";"978";"980";"1177";"1170";"414";"354";"253";"169";"84";"39";"13";"2"
"2920502";"Maracás (BA)";"Total";"27620";"1676";"1922";"1864";"2103";"2102";"1013";"777";"559";"412";"231";"131";"46";"15"
"2920601";"Maragogipe (BA)";"Total";"35859";"2064";"2135";"2584";"2894";"2695";"1279";"980";"628";"462";"254";"125";"42";"16"
"2920700";"Maraú (BA)";"Total";"24527";"1856";"2327";"1710";"2016";"2244";"650";"448";"283";"172";"80";"43";"10";"5"
"2920809";"Marcionílio Souza (BA)";"Total";"9267";"586";"637";"774";"795";"676";"326";"261";"201";"141";"79";"36";"23";"9"
"2920908";"Mascote (BA)";"Total";"13544";"778";"989";"1042";"1189";"1082";"582";"521";"267";"173";"114";"50";"15";"4"
"2921005";"Mata de São João (BA)";"Total";"42566";"2800";"3171";"3167";"3427";"3150";"1399";"986";"623";"346";"184";"112";"32";"14"
"2921054";"Matina (BA)";"Total";"10330";"637";"694";"777";"931";"821";"324";"298";"241";"131";"93";"45";"15";"8"
"2921104";"Medeiros Neto (BA)";"Total";"22194";"1420";"1479";"1594";"1612";"1504";"927";"733";"575";"391";"243";"106";"35";"6"
"2921203";"Miguel Calmon (BA)";"Total";"24661";"1559";"1660";"1906";"1813";"1691";"995";"799";"623";"411";"220";"109";"47";"11"
"2921302";"Milagres (BA)";"Total";"11071";"714";"765";"819";"884";"901";"376";"344";"263";"175";"78";"47";"22";"6"
"2921401";"Mirangaba (BA)";"Total";"15734";"1020";"1120";"1217";"1283";"1200";"554";"506";"358";"238";"111";"45";"17";"6"
"2921450";"Mirante (BA)";"Total";"10187";"596";"614";"711";"797";"774";"398";"334";"286";"221";"116";"28";"29";"14"
"2921500";"Monte Santo (BA)";"Total";"47780";"2893";"3205";"3632";"3985";"3525";"1634";"1630";"1329";"844";"489";"173";"78";"21"
"2921609";"Morpará (BA)";"Total";"7996";"510";"604";"633";"650";"557";"325";"281";"223";"135";"77";"36";"11";"2"
"2921708";"Morro do Chapéu (BA)";"Total";"33594";"2318";"2530";"2896";"2730";"2410";"1164";"938";"647";"440";"241";"121";"37";"11"
"2921807";"Mortugaba (BA)";"Total";"11143";"613";"681";"762";"691";"629";"515";"472";"375";"270";"145";"80";"25";"10"
"2921906";"Mucugê (BA)";"Total";"12137";"810";"894";"969";"932";"962";"355";"307";"229";"140";"98";"47";"14";"5"
"2922003";"Mucuri (BA)";"Total";"37977";"2789";"3115";"3108";"2939";"2846";"1231";"835";"529";"334";"155";"91";"30";"12"
"2922052";"Mulungu do Morro (BA)";"Total";"13152";"943";"1039";"1100";"1207";"1215";"365";"268";"217";"146";"61";"24";"5";"5"
"2922102";"Mundo Novo (BA)";"Total";"17305";"989";"1166";"1410";"1419";"1244";"659";"545";"437";"284";"193";"106";"25";"10"
"2922201";"Muniz Ferreira (BA)";"Total";"7190";"332";"413";"507";"450";"462";"277";"224";"150";"103";"59";"21";"15";"1"
"2922250";"Muquém do São Francisco (BA)";"Total";"10443";"808";"836";"912";"1013";"918";"280";"247";"190";"117";"46";"23";"4";"2"
"2922300";"Muritiba (BA)";"Total";"28707";"1644";"1865";"1955";"2176";"2090";"1046";"784";"559";"411";"208";"116";"48";"17"
"2922409";"Mutuípe (BA)";"Total";"20037";"1243";"1331";"1370";"1505";"1531";"761";"574";"362";"248";"187";"77";"36";"10"
"2922508";"Nazaré (BA)";"Total";"27060";"1571";"1711";"2035";"1919";"2034";"945";"645";"430";"350";"201";"99";"38";"11"
"2922607";"Nilo Peçanha (BA)";"Total";"12063";"874";"891";"959";"975";"891";"395";"312";"208";"128";"76";"29";"15";"4"
"2922656";"Nordestina (BA)";"Total";"18523";"1316";"1343";"1345";"1535";"1694";"556";"494";"310";"205";"95";"59";"21";"8"
"2922706";"Nova Canaã (BA)";"Total";"13715";"767";"870";"980";"1174";"895";"578";"476";"370";"243";"165";"76";"31";"10"
"2922730";"Nova Fátima (BA)";"Total";"7967";"391";"492";"503";"563";"545";"340";"312";"211";"163";"63";"38";"17";"3"
"2922755";"Nova Ibiá (BA)";"Total";"6501";"388";"480";"503";"507";"440";"258";"205";"109";"73";"54";"27";"6";"3"
"2922805";"Nova Itarana (BA)";"Total";"7780";"547";"558";"666";"683";"637";"250";"203";"164";"101";"55";"33";"10";"6"
"2922854";"Nova Redenção (BA)";"Total";"7538";"465";"523";"587";"676";"613";"277";"257";"194";"117";"63";"30";"13";"7"
"2922904";"Nova Soure (BA)";"Total";"24236";"1462";"1656";"1887";"2123";"1946";"926";"817";"623";"400";"181";"107";"39";"16"
"2923001";"Nova Viçosa (BA)";"Total";"39509";"2918";"3229";"3300";"3346";"2987";"1419";"980";"666";"366";"225";"97";"34";"15"
"2923035";"Novo Horizonte (BA)";"Total";"11162";"720";"719";"773";"887";"843";"389";"337";"273";"179";"83";"53";"20";"1"
"2923050";"Novo Triunfo (BA)";"Total";"10660";"573";"620";"820";"893";"861";"347";"357";"226";"162";"100";"39";"15";"10"
"2923100";"Olindina (BA)";"Total";"22633";"1416";"1615";"1755";"1998";"1694";"794";"647";"488";"370";"175";"87";"30";"9"
"2923209";"Oliveira dos Brejinhos (BA)";"Total";"20715";"1342";"1400";"1353";"1577";"1571";"790";"731";"643";"442";"271";"113";"32";"13"
"2923308";"Ouriçangas (BA)";"Total";"7716";"452";"555";"533";"514";"514";"297";"241";"169";"136";"75";"48";"22";"7"
"2923357";"Ourolândia (BA)";"Total";"19243";"1412";"1704";"1548";"1620";"1556";"528";"432";"306";"193";"85";"41";"15";"2"
"2923407";"Palmas de Monte Alto (BA)";"Total";"20078";"1187";"1320";"1358";"1459";"1476";"816";"672";"494";"342";"171";"76";"20";"12"
"2923506";"Palmeiras (BA)";"Total";"10339";"737";"783";"775";"818";"822";"330";"267";"210";"136";"72";"57";"11";"3"
"2923605";"Paramirim (BA)";"Total";"20351";"1068";"1180";"1266";"1343";"1506";"819";"710";"553";"392";"213";"119";"62";"27"
"2923704";"Paratinga (BA)";"Total";"29252";"2071";"2372";"2571";"2580";"2032";"973";"836";"647";"413";"204";"121";"21";"10"
"2923803";"Paripiranga (BA)";"Total";"26604";"1571";"1570";"1875";"1997";"2144";"956";"833";"636";"491";"224";"106";"44";"15"
"2923902";"Pau Brasil (BA)";"Total";"9370";"729";"739";"802";"862";"663";"331";"280";"202";"142";"71";"37";"6";"-"
"2924009";"Paulo Afonso (BA)";"Total";"112870";"7560";"8009";"8605";"8418";"8939";"3756";"3108";"2123";"1394";"708";"344";"100";"21"
"2924058";"Pé de Serra (BA)";"Total";"13243";"752";"870";"983";"986";"918";"478";"454";"356";"277";"148";"51";"25";"7"
"2924108";"Pedrão (BA)";"Total";"6235";"375";"424";"442";"496";"501";"263";"185";"158";"130";"76";"47";"11";"9"
"2924207";"Pedro Alexandre (BA)";"Total";"13954";"1026";"1074";"1258";"1238";"1176";"363";"292";"203";"117";"62";"31";"11";"1"
"2924306";"Piatã (BA)";"Total";"20086";"1192";"1436";"1491";"1598";"1404";"854";"736";"560";"386";"220";"107";"39";"10"
"2924405";"Pilão Arcado (BA)";"Total";"35357";"2864";"2986";"3308";"3214";"2673";"1035";"955";"653";"457";"243";"87";"34";"13"
"2924504";"Pindaí (BA)";"Total";"14731";"900";"951";"985";"978";"1022";"597";"542";"424";"272";"159";"88";"24";"13"
"2924603";"Pindobaçu (BA)";"Total";"19083";"1312";"1411";"1526";"1716";"1372";"621";"576";"419";"256";"125";"69";"23";"7"
"2924652";"Pintadas (BA)";"Total";"10325";"558";"585";"702";"789";"872";"408";"407";"311";"191";"90";"42";"16";"7"
"2924678";"Piraí do Norte (BA)";"Total";"10974";"724";"781";"785";"863";"1018";"325";"213";"108";"97";"57";"20";"8";"5"
"2924702";"Piripá (BA)";"Total";"9152";"516";"577";"620";"614";"568";"430";"381";"299";"207";"113";"45";"17";"6"
"2924801";"Piritiba (BA)";"Total";"17566";"1071";"1143";"1403";"1373";"1250";"740";"623";"440";"315";"164";"86";"33";"13"
"2924900";"Planaltino (BA)";"Total";"8022";"411";"481";"620";"606";"547";"355";"263";"219";"141";"89";"42";"10";"4"
"2925006";"Planalto (BA)";"Total";"23334";"1391";"1543";"1814";"1908";"1721";"880";"688";"536";"406";"219";"119";"33";"14"
"2925105";"Poções (BA)";"Total";"48293";"3040";"3227";"3683";"4078";"3850";"1945";"1513";"1119";"842";"462";"267";"82";"22"
"2925204";"Pojuca (BA)";"Total";"32136";"1843";"2205";"2314";"2459";"2312";"1092";"809";"456";"288";"170";"62";"24";"13"
"2925253";"Ponto Novo (BA)";"Total";"17938";"1323";"1387";"1352";"1456";"1471";"583";"544";"373";"279";"107";"63";"13";"3"
"2925303";"Porto Seguro (BA)";"Total";"168326";"12931";"13459";"13697";"14194";"14821";"3999";"2748";"1532";"917";"459";"217";"63";"26"
"2925402";"Potiraguá (BA)";"Total";"10274";"700";"761";"819";"832";"815";"344";"291";"194";"121";"66";"36";"12";"8"
"2925501";"Prado (BA)";"Total";"35003";"2889";"2838";"2902";"2878";"2820";"1215";"830";"545";"324";"158";"77";"23";"7"
"2925600";"Presidente Dutra (BA)";"Total";"15130";"838";"911";"1067";"1160";"1072";"591";"438";"362";"234";"108";"42";"15";"1"
"2925709";"Presidente Jânio Quadros (BA)";"Total";"12621";"690";"767";"811";"918";"911";"539";"505";"378";"259";"164";"63";"22";"8"
"2925758";"Presidente Tancredo Neves (BA)";"Total";"27734";"2062";"2106";"2239";"2426";"2375";"844";"602";"365";"242";"148";"54";"23";"12"
"2925808";"Queimadas (BA)";"Total";"25988";"1653";"1935";"1766";"2059";"2015";"961";"828";"605";"446";"221";"108";"37";"9"
"2925907";"Quijingue (BA)";"Total";"25272";"1609";"1615";"1824";"2094";"1855";"949";"905";"679";"451";"250";"127";"67";"26"
"2925931";"Quixabeira (BA)";"Total";"9461";"560";"576";"639";"722";"692";"372";"373";"283";"179";"76";"38";"16";"7"
"2925956";"Rafael Jambeiro (BA)";"Total";"19662";"1228";"1352";"1360";"1760";"1534";"846";"700";"478";"375";"208";"120";"34";"11"
"2926004";"Remanso (BA)";"Total";"40586";"2784";"2946";"3184";"3339";"3091";"1370";"1312";"907";"584";"275";"115";"45";"10"
"2926103";"Retirolândia (BA)";"Total";"13651";"884";"931";"1049";"1017";"1019";"447";"437";"347";"193";"105";"60";"12";"4"
"2926202";"Riachão das Neves (BA)";"Total";"21642";"1519";"1605";"1880";"1712";"1546";"759";"612";"470";"266";"153";"76";"18";"4"
"2926301";"Riachão do Jacuípe (BA)";"Total";"33386";"1908";"2107";"2204";"2446";"2402";"1389";"1141";"876";"625";"304";"163";"67";"18"
"2926400";"Riacho de Santana (BA)";"Total";"30711";"1749";"2093";"2233";"2421";"2328";"1008";"1004";"723";"545";"271";"160";"44";"11"
"2926509";"Ribeira do Amparo (BA)";"Total";"13841";"918";"961";"1061";"1100";"1152";"470";"395";"328";"212";"107";"63";"17";"11"
"2926608";"Ribeira do Pombal (BA)";"Total";"54010";"3373";"3602";"3982";"4329";"4384";"1773";"1660";"1158";"852";"403";"187";"62";"18"
"2926657";"Ribeirão do Largo (BA)";"Total";"9740";"673";"651";"708";"849";"701";"351";"301";"239";"126";"62";"30";"8";"3"
"2926707";"Rio de Contas (BA)";"Total";"13184";"674";"810";"778";"803";"787";"615";"580";"429";"280";"162";"78";"34";"13"
"2926806";"Rio do Antônio (BA)";"Total";"13146";"650";"730";"840";"989";"954";"544";"505";"356";"285";"132";"62";"29";"3"
"2926905";"Rio do Pires (BA)";"Total";"10497";"535";"594";"691";"705";"739";"485";"434";"320";"236";"128";"58";"18";"4"
"2927002";"Rio Real (BA)";"Total";"35362";"2459";"2534";"2740";"2917";"2628";"1144";"875";"676";"461";"242";"119";"30";"18"
"2927101";"Rodelas (BA)";"Total";"10308";"935";"933";"926";"941";"899";"202";"213";"155";"106";"47";"23";"15";"3"
"2927200";"Ruy Barbosa (BA)";"Total";"28282";"1856";"1973";"2067";"2329";"2305";"1029";"854";"709";"467";"248";"154";"48";"9"
"2927309";"Salinas da Margarida (BA)";"Total";"14987";"937";"1059";"1183";"1220";"984";"583";"444";"266";"152";"96";"38";"13";"1"
"2927408";"Salvador (BA)";"Total";"2417678";"122445";"141324";"141898";"150329";"176681";"98972";"71342";"43751";"28965";"15639";"7684";"2504";"516"
"2927507";"Santa Bárbara (BA)";"Total";"20952";"1277";"1391";"1517";"1749";"1790";"663";"601";"467";"306";"161";"72";"36";"17"
"2927606";"Santa Brígida (BA)";"Total";"14965";"1005";"1029";"1279";"1241";"1156";"464";"423";"299";"230";"117";"46";"22";"8"
"2927705";"Santa Cruz Cabrália (BA)";"Total";"29185";"2158";"2256";"2403";"2401";"2227";"931";"700";"425";"229";"105";"46";"18";"5"
"2927804";"Santa Cruz da Vitória (BA)";"Total";"4681";"301";"322";"361";"398";"316";"192";"166";"114";"92";"54";"15";"3";"6"
"2927903";"Santa Inês (BA)";"Total";"10300";"591";"747";"710";"711";"770";"432";"340";"254";"145";"106";"69";"32";"16"
"2928000";"Santaluz (BA)";"Total";"37834";"2522";"2691";"2820";"3149";"3032";"1212";"1060";"825";"590";"265";"152";"60";"17"
"2928059";"Santa Luzia (BA)";"Total";"13896";"1015";"1216";"924";"986";"1083";"497";"369";"191";"114";"87";"35";"15";"10"
"2928109";"Santa Maria da Vitória (BA)";"Total";"38604";"2459";"2638";"3016";"3037";"2821";"1336";"1101";"843";"580";"306";"143";"46";"18"
"2928208";"Santana (BA)";"Total";"24755";"1528";"1551";"1829";"2014";"1840";"988";"874";"655";"439";"223";"127";"38";"9"
"2928307";"Santanópolis (BA)";"Total";"8716";"487";"571";"682";"716";"671";"314";"304";"224";"170";"90";"55";"18";"6"
"2928406";"Santa Rita de Cássia (BA)";"Total";"27390";"1969";"2230";"2335";"2207";"2010";"1002";"799";"565";"411";"211";"110";"35";"7"
"2928505";"Santa Terezinha (BA)";"Total";"10441";"640";"621";"741";"771";"752";"425";"338";"235";"205";"111";"64";"19";"13"
"2928604";"Santo Amaro (BA)";"Total";"56012";"3182";"3565";"3855";"3841";"3987";"2296";"1722";"1174";"757";"378";"219";"80";"22"
"2928703";"Santo Antônio de Jesus (BA)";"Total";"103055";"6161";"6697";"7036";"6956";"8315";"2942";"2261";"1378";"940";"560";"326";"91";"43"
"2928802";"Santo Estêvão (BA)";"Total";"52276";"3816";"4102";"4029";"3999";"4275";"1657";"1322";"927";"669";"390";"164";"56";"33"
"2928901";"São Desidério (BA)";"Total";"32828";"2752";"2764";"2721";"2899";"2868";"814";"639";"397";"274";"136";"66";"35";"12"
"2928950";"São Domingos (BA)";"Total";"8426";"424";"497";"539";"653";"577";"373";"350";"279";"154";"80";"40";"20";"4"
"2929008";"São Félix (BA)";"Total";"11026";"615";"702";"729";"800";"806";"430";"290";"218";"134";"68";"37";"15";"12"
"2929057";"São Félix do Coribe (BA)";"Total";"15194";"1044";"1119";"1221";"1251";"1185";"501";"376";"266";"171";"88";"44";"10";"5"
"2929107";"São Felipe (BA)";"Total";"20283";"1119";"1216";"1298";"1455";"1399";"775";"590";"405";"306";"195";"121";"31";"15"
"2929206";"São Francisco do Conde (BA)";"Total";"38733";"2539";"2830";"3013";"3048";"3074";"1132";"728";"474";"297";"144";"68";"19";"8"
"2929255";"São Gabriel (BA)";"Total";"18600";"1180";"1241";"1454";"1582";"1411";"669";"558";"389";"271";"131";"55";"16";"5"
"2929305";"São Gonçalo dos Campos (BA)";"Total";"39513";"2595";"2848";"2907";"2960";"3014";"1161";"912";"583";"465";"246";"156";"45";"13"
"2929354";"São José da Vitória (BA)";"Total";"5315";"367";"379";"384";"429";"334";"225";"163";"118";"68";"51";"19";"5";"3"
"2929370";"São José do Jacuípe (BA)";"Total";"10187";"703";"651";"811";"833";"745";"347";"314";"263";"181";"85";"60";"15";"11"
"2929404";"São Miguel das Matas (BA)";"Total";"10334";"542";"620";"725";"782";"819";"393";"290";"222";"164";"110";"50";"18";"6"
"2929503";"São Sebastião do Passé (BA)";"Total";"40958";"2421";"2742";"2856";"2795";"3019";"1636";"1109";"642";"458";"258";"118";"38";"31"
"2929602";"Sapeaçu (BA)";"Total";"17963";"1011";"1147";"1228";"1370";"1344";"646";"493";"321";"238";"141";"70";"27";"12"
"2929701";"Sátiro Dias (BA)";"Total";"16008";"1092";"1133";"1292";"1384";"1333";"511";"472";"383";"269";"118";"57";"21";"5"
"2929750";"Saubara (BA)";"Total";"11438";"665";"707";"806";"813";"742";"527";"378";"218";"157";"102";"44";"10";"2"
"2929800";"Saúde (BA)";"Total";"10478";"574";"663";"854";"920";"694";"454";"410";"276";"193";"95";"51";"26";"1"
"2929909";"Seabra (BA)";"Total";"46160";"3205";"3255";"3476";"3871";"3910";"1490";"1180";"908";"564";"323";"185";"55";"24"
"2930006";"Sebastião Laranjeiras (BA)";"Total";"9360";"579";"616";"688";"654";"590";"388";"314";"203";"150";"78";"31";"8";"5"
"2930105";"Senhor do Bonfim (BA)";"Total";"74523";"4874";"5143";"5295";"5776";"5615";"2711";"2080";"1522";"1049";"541";"277";"135";"25"
"2930154";"Serra do Ramalho (BA)";"Total";"34222";"2924";"2922";"3013";"2879";"2633";"1014";"830";"671";"404";"227";"89";"34";"3"
"2930204";"Sento Sé (BA)";"Total";"38154";"3001";"3180";"3354";"3406";"3076";"1204";"956";"561";"374";"182";"84";"30";"9"
"2930303";"Serra Dourada (BA)";"Total";"17066";"1071";"1171";"1197";"1215";"1173";"629";"591";"491";"283";"160";"78";"34";"8"
"2930402";"Serra Preta (BA)";"Total";"17996";"909";"1127";"1254";"1398";"1460";"700";"620";"511";"354";"193";"100";"51";"14"
"2930501";"Serrinha (BA)";"Total";"80435";"5285";"5567";"5942";"6194";"6254";"2430";"2061";"1495";"1022";"518";"286";"102";"26"
"2930600";"Serrolândia (BA)";"Total";"13335";"870";"839";"979";"961";"897";"542";"478";"347";"239";"127";"50";"20";"6"
"2930709";"Simões Filho (BA)";"Total";"114559";"7608";"8360";"8810";"8839";"9146";"3381";"2391";"1406";"813";"393";"167";"72";"16"
"2930758";"Sítio do Mato (BA)";"Total";"13408";"1177";"1137";"1175";"1288";"1069";"369";"279";"204";"138";"67";"33";"10";"5"
"2930766";"Sítio do Quinto (BA)";"Total";"14773";"825";"798";"1029";"1165";"1253";"548";"488";"412";"224";"138";"56";"24";"9"
"2930774";"Sobradinho (BA)";"Total";"25475";"2043";"2014";"2004";"2163";"2138";"822";"686";"464";"319";"113";"58";"29";"5"
"2930808";"Souto Soares (BA)";"Total";"17054";"1152";"1178";"1352";"1512";"1599";"498";"411";"343";"223";"103";"44";"20";"6"
"2930907";"Tabocas do Brejo Velho (BA)";"Total";"11979";"777";"773";"919";"1006";"855";"403";"370";"268";"187";"125";"59";"18";"5"
"2931004";"Tanhaçu (BA)";"Total";"21006";"1237";"1310";"1404";"1501";"1477";"777";"712";"548";"360";"210";"104";"29";"12"
"2931053";"Tanque Novo (BA)";"Total";"17158";"1133";"1174";"1192";"1391";"1392";"575";"555";"404";"287";"125";"65";"19";"12"
"2931103";"Tanquinho (BA)";"Total";"7717";"471";"487";"472";"621";"606";"306";"262";"204";"129";"76";"42";"10";"6"
"2931202";"Taperoá (BA)";"Total";"18044";"1319";"1355";"1542";"1557";"1462";"573";"439";"264";"216";"107";"52";"21";"6"
"2931301";"Tapiramutá (BA)";"Total";"15818";"1117";"1111";"1420";"1437";"1322";"479";"359";"234";"176";"93";"55";"17";"6"
"2931350";"Teixeira de Freitas (BA)";"Total";"145216";"10046";"10577";"10915";"11219";"11424";"4832";"3607";"2330";"1552";"809";"376";"132";"42"
"2931400";"Teodoro Sampaio (BA)";"Total";"7110";"361";"394";"437";"607";"511";"289";"207";"175";"120";"57";"38";"19";"6"
"2931509";"Teofilândia (BA)";"Total";"21176";"1339";"1457";"1669";"1866";"1730";"609";"635";"503";"306";"119";"82";"25";"2"
"2931608";"Teolândia (BA)";"Total";"15332";"1132";"1190";"1215";"1235";"1357";"505";"321";"228";"139";"68";"41";"14";"5"
"2931707";"Terra Nova (BA)";"Total";"10798";"621";"714";"775";"826";"849";"426";"334";"229";"150";"87";"48";"16";"-"
"2931806";"Tremedal (BA)";"Total";"16296";"844";"916";"1099";"1133";"1075";"812";"662";"545";"377";"213";"81";"38";"10"
"2931905";"Tucano (BA)";"Total";"48736";"2895";"3248";"3370";"3664";"3576";"1779";"1579";"1063";"767";"388";"181";"68";"30"
"2932002";"Uauá (BA)";"Total";"24665";"1561";"1612";"1740";"1855";"1667";"930";"809";"706";"482";"274";"153";"70";"9"
"2932101";"Ubaíra (BA)";"Total";"18626";"1098";"1223";"1366";"1438";"1208";"774";"617";"403";"283";"168";"94";"37";"11"
"2932200";"Ubaitaba (BA)";"Total";"17596";"1276";"1278";"1370";"1420";"1180";"694";"526";"359";"230";"141";"66";"27";"15"
"2932309";"Ubatã (BA)";"Total";"16094";"1023";"1122";"1273";"1339";"1053";"699";"550";"396";"258";"160";"78";"17";"8"
"2932408";"Uibaí (BA)";"Total";"13432";"763";"797";"900";"955";"958";"522";"416";"340";"227";"118";"47";"12";"4"
"2932457";"Umburanas (BA)";"Total";"13642";"1085";"1055";"1076";"1182";"1022";"401";"305";"231";"175";"78";"43";"13";"3"
"2932507";"Una (BA)";"Total";"18131";"1102";"1274";"1392";"1434";"1227";"815";"621";"364";"253";"118";"65";"27";"3"
"2932606";"Urandi (BA)";"Total";"15355";"845";"992";"1008";"1153";"1131";"579";"542";"361";"283";"148";"69";"32";"13"
"2932705";"Uruçuca (BA)";"Total";"21420";"1489";"1638";"1655";"1764";"1509";"856";"582";"430";"245";"127";"62";"25";"8"
"2932804";"Utinga (BA)";"Total";"16277";"1130";"1186";"1257";"1351";"1354";"553";"422";"311";"199";"127";"55";"26";"6"
"2932903";"Valença (BA)";"Total";"85655";"5850";"5925";"5827";"6761";"6683";"3066";"2171";"1307";"866";"501";"250";"78";"43"
"2933000";"Valente (BA)";"Total";"24362";"1430";"1525";"1689";"1844";"1811";"884";"769";"580";"363";"176";"107";"34";"6"
"2933059";"Várzea da Roça (BA)";"Total";"13800";"821";"829";"933";"1029";"1064";"519";"523";"368";"265";"134";"73";"15";"4"
"2933109";"Várzea do Poço (BA)";"Total";"8101";"442";"462";"557";"585";"512";"363";"313";"219";"161";"69";"46";"25";"6"
"2933158";"Várzea Nova (BA)";"Total";"13377";"979";"975";"1090";"1002";"944";"470";"435";"302";"187";"100";"51";"8";"2"
"2933174";"Varzedo (BA)";"Total";"9913";"584";"599";"694";"686";"763";"361";"289";"243";"144";"115";"48";"12";"4"
"2933208";"Vera Cruz (BA)";"Total";"42529";"2387";"2607";"2812";"3125";"2987";"2050";"1498";"853";"486";"229";"111";"46";"10"
"2933257";"Vereda (BA)";"Total";"6003";"381";"386";"417";"463";"387";"258";"201";"152";"99";"61";"37";"9";"2"
"2933307";"Vitória da Conquista (BA)";"Total";"370879";"23845";"25091";"25778";"28506";"31329";"11722";"8913";"6532";"4375";"2326";"1106";"377";"91"
"2933406";"Wagner (BA)";"Total";"9503";"565";"636";"708";"722";"810";"330";"304";"220";"125";"76";"38";"14";"6"
"2933455";"Wanderley (BA)";"Total";"12968";"856";"987";"989";"1093";"1051";"447";"380";"249";"179";"82";"28";"9";"1"
"2933505";"Wenceslau Guimarães (BA)";"Total";"24474";"1876";"1917";"2024";"2107";"1856";"816";"561";"353";"217";"102";"66";"22";"14"
"2933604";"Xique-Xique (BA)";"Total";"44757";"3744";"3714";"3746";"4138";"3439";"1395";"1154";"787";"559";"284";"138";"53";"13"
"3100104";"Abadia dos Dourados (MG)";"Total";"6272";"301";"323";"324";"391";"362";"381";"270";"209";"116";"51";"18";"6";"2"
"3100203";"Abaeté (MG)";"Total";"22675";"1130";"1196";"1152";"1398";"1493";"1218";"931";"654";"410";"215";"97";"30";"5"
"3100302";"Abre Campo (MG)";"Total";"13927";"812";"746";"817";"959";"1030";"677";"518";"340";"237";"139";"61";"22";"2"
"3100401";"Acaiaca (MG)";"Total";"3909";"211";"204";"267";"260";"257";"184";"145";"118";"75";"42";"19";"10";"1"
"3100500";"Açucena (MG)";"Total";"8943";"483";"522";"523";"589";"597";"501";"349";"252";"231";"126";"65";"18";"8"
"3100609";"Água Boa (MG)";"Total";"12589";"782";"817";"910";"1013";"974";"523";"361";"264";"214";"94";"32";"15";"9"
"3100708";"Água Comprida (MG)";"Total";"2108";"124";"138";"122";"115";"116";"115";"93";"56";"33";"14";"7";"1";"-"
"3100807";"Aguanil (MG)";"Total";"4357";"220";"269";"281";"255";"279";"264";"182";"123";"57";"36";"11";"4";"2"
"3100906";"Águas Formosas (MG)";"Total";"18448";"1254";"1261";"1291";"1337";"1337";"726";"618";"499";"343";"193";"76";"28";"7"
"3101003";"Águas Vermelhas (MG)";"Total";"14037";"971";"936";"1030";"1171";"1223";"512";"412";"279";"202";"90";"54";"13";"3"
"3101102";"Aimorés (MG)";"Total";"25269";"1537";"1571";"1574";"1729";"1629";"1226";"975";"646";"444";"276";"120";"28";"11"
"3101201";"Aiuruoca (MG)";"Total";"6233";"261";"290";"326";"365";"385";"368";"261";"208";"133";"69";"36";"7";"1"
"3101300";"Alagoa (MG)";"Total";"2749";"135";"135";"174";"157";"192";"170";"115";"69";"45";"32";"12";"1";"1"
"3101409";"Albertina (MG)";"Total";"2952";"172";"190";"200";"176";"194";"133";"95";"81";"35";"23";"14";"3";"-"
"3101508";"Além Paraíba (MG)";"Total";"30717";"1671";"1899";"1888";"1872";"2015";"1649";"1203";"776";"565";"371";"157";"52";"7"
"3101607";"Alfenas (MG)";"Total";"78970";"4375";"4793";"4693";"5045";"5914";"3578";"2753";"1779";"1133";"619";"232";"58";"12"
"3101631";"Alfredo Vasconcelos (MG)";"Total";"6931";"382";"397";"418";"528";"531";"308";"190";"138";"79";"40";"18";"4";"1"
"3101706";"Almenara (MG)";"Total";"40364";"2633";"2842";"2866";"3036";"2645";"1553";"1302";"933";"694";"384";"212";"42";"22"
"3101805";"Alpercata (MG)";"Total";"6903";"400";"398";"411";"442";"482";"307";"303";"185";"146";"74";"39";"3";"2"
"3101904";"Alpinópolis (MG)";"Total";"18300";"1008";"1110";"1069";"1270";"1400";"893";"606";"416";"247";"145";"41";"11";"-"
"3102001";"Alterosa (MG)";"Total";"13915";"782";"841";"822";"935";"974";"705";"518";"383";"244";"140";"58";"17";"3"
"3102050";"Alto Caparaó (MG)";"Total";"5795";"399";"361";"401";"411";"457";"236";"172";"134";"73";"39";"21";"4";"2"
"3102100";"Alto Rio Doce (MG)";"Total";"10891";"541";"542";"649";"677";"701";"602";"479";"343";"207";"132";"58";"10";"3"
"3102209";"Alvarenga (MG)";"Total";"3975";"242";"238";"260";"241";"200";"216";"156";"99";"97";"43";"22";"5";"3"
"3102308";"Alvinópolis (MG)";"Total";"15059";"770";"762";"893";"935";"1012";"750";"626";"431";"279";"187";"81";"24";"9"
"3102407";"Alvorada de Minas (MG)";"Total";"4159";"268";"297";"327";"369";"366";"140";"89";"60";"51";"27";"9";"5";"2"
"3102506";"Amparo do Serra (MG)";"Total";"4541";"227";"259";"268";"312";"310";"239";"198";"140";"91";"61";"24";"10";"-"
"3102605";"Andradas (MG)";"Total";"40553";"2198";"2317";"2287";"2516";"2968";"1949";"1402";"934";"584";"351";"138";"33";"4"
"3102704";"Cachoeira de Pajeú (MG)";"Total";"9110";"477";"509";"606";"736";"794";"418";"298";"231";"157";"99";"44";"10";"1"
"3102803";"Andrelândia (MG)";"Total";"11927";"623";"600";"686";"727";"806";"675";"482";"340";"229";"116";"53";"8";"1"
"3102852";"Angelândia (MG)";"Total";"7718";"569";"574";"590";"724";"659";"271";"182";"150";"102";"49";"23";"8";"-"
"3102902";"Antônio Carlos (MG)";"Total";"11095";"601";"602";"569";"706";"783";"556";"401";"280";"155";"70";"35";"7";"4"
"3103009";"Antônio Dias (MG)";"Total";"9219";"541";"579";"601";"631";"698";"416";"262";"176";"146";"73";"23";"12";"2"
"3103108";"Antônio Prado de Minas (MG)";"Total";"1538";"58";"66";"69";"103";"87";"88";"71";"68";"55";"25";"9";"2";"-"
"3103207";"Araçaí (MG)";"Total";"2181";"104";"103";"138";"148";"138";"113";"92";"64";"42";"33";"7";"1";"-"
"3103306";"Aracitaba (MG)";"Total";"2049";"111";"92";"92";"113";"116";"143";"104";"69";"43";"28";"9";"3";"1"
"3103405";"Araçuaí (MG)";"Total";"34297";"1914";"2126";"2385";"2578";"2539";"1313";"1068";"805";"598";"401";"179";"60";"18"
"3103504";"Araguari (MG)";"Total";"117808";"6613";"7278";"7073";"7569";"8174";"5302";"4048";"2743";"1791";"965";"389";"95";"17"
"3103603";"Arantina (MG)";"Total";"2915";"149";"167";"167";"169";"182";"158";"120";"75";"50";"30";"6";"3";"-"
"3103702";"Araponga (MG)";"Total";"8048";"513";"473";"511";"599";"613";"344";"189";"151";"109";"67";"21";"10";"-"
"3103751";"Araporã (MG)";"Total";"8479";"632";"630";"597";"573";"636";"274";"197";"151";"92";"45";"16";"2";"2"
"3103801";"Arapuá (MG)";"Total";"2631";"115";"126";"138";"156";"138";"155";"133";"86";"63";"22";"18";"3";"1"
"3103900";"Araújos (MG)";"Total";"9199";"596";"597";"605";"648";"715";"367";"258";"201";"121";"66";"31";"10";"1"
"3104007";"Araxá (MG)";"Total";"111691";"6941";"7379";"6799";"7311";"7857";"4764";"3149";"2143";"1304";"685";"269";"70";"14"
"3104106";"Arceburgo (MG)";"Total";"9177";"417";"510";"601";"620";"622";"487";"338";"236";"165";"75";"34";"7";"1"
"3104205";"Arcos (MG)";"Total";"41416";"2400";"2486";"2351";"2514";"2739";"1917";"1297";"881";"557";"291";"121";"27";"5"
"3104304";"Areado (MG)";"Total";"13881";"702";"857";"902";"956";"902";"650";"449";"363";"251";"129";"52";"20";"2"
"3104403";"Argirita (MG)";"Total";"2688";"153";"164";"154";"157";"173";"148";"125";"82";"64";"34";"16";"13";"-"
"3104452";"Aricanduva (MG)";"Total";"4719";"308";"322";"353";"418";"316";"192";"142";"93";"65";"41";"24";"7";"-"
"3104502";"Arinos (MG)";"Total";"17272";"1108";"1239";"1266";"1515";"1225";"743";"524";"356";"268";"130";"59";"19";"2"
"3104601";"Astolfo Dutra (MG)";"Total";"14138";"694";"802";"787";"814";"901";"683";"538";"360";"244";"123";"55";"17";"1"
"3104700";"Ataléia (MG)";"Total";"13736";"795";"847";"864";"989";"951";"668";"488";"415";"277";"151";"80";"29";"8"
"3104809";"Augusto de Lima (MG)";"Total";"4538";"234";"266";"317";"329";"262";"218";"170";"130";"95";"58";"22";"7";"3"
"3104908";"Baependi (MG)";"Total";"18366";"1008";"970";"994";"1143";"1259";"987";"690";"462";"325";"173";"67";"22";"3"
"3105004";"Baldim (MG)";"Total";"7492";"343";"433";"434";"490";"429";"443";"298";"236";"149";"126";"40";"12";"2"
"3105103";"Bambuí (MG)";"Total";"23546";"1137";"1111";"1159";"1363";"1470";"1276";"965";"704";"494";"273";"102";"22";"5"
"3105202";"Bandeira (MG)";"Total";"4741";"248";"202";"274";"354";"296";"230";"202";"151";"108";"61";"24";"7";"2"
"3105301";"Bandeira do Sul (MG)";"Total";"5943";"362";"337";"355";"369";"436";"287";"210";"150";"93";"38";"15";"2";"2"
"3105400";"Barão de Cocais (MG)";"Total";"30778";"1857";"2008";"2050";"2051";"2309";"1258";"831";"489";"326";"198";"91";"29";"3"
"3105509";"Barão do Monte Alto (MG)";"Total";"4964";"242";"278";"300";"318";"309";"296";"231";"189";"114";"78";"32";"6";"3"
"3105608";"Barbacena (MG)";"Total";"125317";"6247";"6821";"6973";"7813";"8747";"6199";"4447";"2921";"1914";"1088";"461";"126";"18"
"3105707";"Barra Longa (MG)";"Total";"5666";"259";"303";"320";"306";"344";"387";"278";"196";"129";"81";"36";"12";"3"
"3105905";"Barroso (MG)";"Total";"20080";"1095";"1143";"1241";"1370";"1479";"857";"666";"438";"276";"144";"52";"7";"1"
"3106002";"Bela Vista de Minas (MG)";"Total";"10167";"570";"652";"697";"712";"757";"402";"314";"227";"157";"110";"38";"8";"3"
"3106101";"Belmiro Braga (MG)";"Total";"3244";"144";"202";"202";"214";"204";"177";"140";"126";"64";"38";"7";"4";"1"
"3106200";"Belo Horizonte (MG)";"Total";"2315560";"111703";"124644";"122943";"134631";"169064";"108787";"82861";"57775";"39304";"23447";"11173";"3385";"652"
"3106309";"Belo Oriente (MG)";"Total";"23928";"1606";"1634";"1638";"1647";"1783";"1017";"682";"435";"292";"181";"100";"12";"5"
"3106408";"Belo Vale (MG)";"Total";"8627";"485";"522";"503";"487";"555";"452";"334";"208";"166";"82";"45";"8";"2"
"3106507";"Berilo (MG)";"Total";"9826";"437";"517";"655";"774";"760";"405";"351";"211";"162";"72";"55";"13";"3"
"3106606";"Bertópolis (MG)";"Total";"4451";"338";"362";"384";"347";"285";"170";"155";"119";"90";"46";"14";"4";"2"
"3106655";"Berizal (MG)";"Total";"4201";"265";"259";"319";"322";"283";"158";"131";"93";"65";"34";"12";"3";"-"
"3106705";"Betim (MG)";"Total";"411846";"26400";"28644";"28010";"28274";"32574";"14287";"8745";"5159";"3300";"1691";"752";"212";"35"
"3106804";"Bias Fortes (MG)";"Total";"3361";"167";"184";"193";"206";"203";"216";"161";"100";"71";"27";"13";"6";"1"
"3106903";"Bicas (MG)";"Total";"13978";"702";"798";"813";"851";"859";"758";"641";"422";"265";"180";"88";"10";"4"
"3107000";"Biquinhas (MG)";"Total";"2383";"102";"114";"116";"101";"122";"176";"121";"107";"66";"39";"12";"1";"-"
"3107109";"Boa Esperança (MG)";"Total";"39848";"2433";"2528";"2483";"2699";"3053";"1923";"1365";"880";"593";"327";"128";"45";"6"
"3107208";"Bocaina de Minas (MG)";"Total";"5348";"248";"312";"253";"317";"304";"286";"211";"118";"91";"38";"17";"6";"1"
"3107307";"Bocaiúva (MG)";"Total";"48032";"3075";"3251";"3373";"3649";"3782";"1743";"1284";"906";"569";"309";"137";"39";"6"
"3107406";"Bom Despacho (MG)";"Total";"51737";"3236";"3114";"3088";"3231";"3843";"2306";"1583";"1205";"737";"426";"169";"44";"11"
"3107505";"Bom Jardim de Minas (MG)";"Total";"6783";"294";"387";"382";"427";"462";"372";"260";"196";"136";"58";"24";"8";"-"
"3107604";"Bom Jesus da Penha (MG)";"Total";"4474";"285";"250";"276";"305";"327";"208";"162";"127";"68";"33";"11";"6";"1"
"3107703";"Bom Jesus do Amparo (MG)";"Total";"5631";"341";"375";"341";"390";"373";"262";"217";"141";"88";"64";"32";"7";"1"
"3107802";"Bom Jesus do Galho (MG)";"Total";"14536";"799";"847";"913";"947";"861";"769";"611";"431";"273";"174";"71";"13";"6"
"3107901";"Bom Repouso (MG)";"Total";"12649";"806";"811";"758";"968";"1017";"476";"390";"248";"125";"55";"15";"6";"2"
"3108008";"Bom Sucesso (MG)";"Total";"17151";"876";"862";"956";"1072";"1182";"936";"776";"465";"332";"173";"72";"27";"7"
"3108107";"Bonfim (MG)";"Total";"7434";"291";"309";"361";"399";"460";"485";"385";"267";"177";"96";"43";"11";"3"
"3108206";"Bonfinópolis de Minas (MG)";"Total";"5528";"341";"346";"361";"390";"347";"253";"195";"145";"92";"46";"21";"10";"1"
"3108255";"Bonito de Minas (MG)";"Total";"10204";"813";"720";"831";"1008";"900";"365";"318";"208";"173";"96";"47";"14";"3"
"3108305";"Borda da Mata (MG)";"Total";"17404";"824";"904";"996";"1056";"1154";"941";"708";"449";"334";"170";"78";"17";"-"
"3108404";"Botelhos (MG)";"Total";"14828";"762";"853";"896";"891";"946";"782";"571";"389";"284";"165";"63";"16";"4"
"3108503";"Botumirim (MG)";"Total";"5790";"354";"364";"481";"488";"388";"243";"196";"115";"76";"45";"16";"2";"2"
"3108552";"Brasilândia de Minas (MG)";"Total";"15020";"1112";"1172";"1111";"1242";"1221";"483";"327";"223";"130";"78";"40";"13";"-"
"3108602";"Brasília de Minas (MG)";"Total";"32025";"2037";"1999";"2229";"2361";"2336";"1257";"1083";"773";"557";"325";"166";"40";"7"
"3108701";"Brás Pires (MG)";"Total";"4260";"202";"213";"245";"284";"242";"216";"187";"137";"114";"49";"30";"7";"2"
"3108800";"Braúnas (MG)";"Total";"4441";"239";"221";"243";"293";"288";"204";"208";"143";"130";"91";"34";"7";"5"
"3108909";"Brazópolis (MG)";"Total";"14246";"759";"788";"787";"905";"879";"837";"653";"424";"288";"154";"68";"21";"4"
"3109006";"Brumadinho (MG)";"Total";"38915";"2138";"2289";"2352";"2415";"2913";"1792";"1265";"827";"488";"291";"124";"32";"7"
"3109105";"Bueno Brandão (MG)";"Total";"10911";"525";"484";"613";"652";"692";"578";"491";"308";"205";"99";"30";"12";"-"
"3109204";"Buenópolis (MG)";"Total";"9150";"500";"612";"597";"610";"628";"404";"362";"282";"181";"93";"46";"14";"3"
"3109253";"Bugre (MG)";"Total";"4041";"232";"231";"257";"274";"278";"193";"151";"96";"90";"58";"23";"3";"-"
"3109303";"Buritis (MG)";"Total";"24030";"1729";"1780";"1803";"1972";"1945";"866";"615";"459";"264";"140";"51";"16";"3"
"3109402";"Buritizeiro (MG)";"Total";"23910";"1688";"1739";"1768";"1972";"1804";"966";"652";"410";"241";"129";"65";"18";"7"
"3109451";"Cabeceira Grande (MG)";"Total";"6627";"430";"423";"466";"478";"448";"305";"209";"130";"75";"33";"16";"1";"5"
"3109501";"Cabo Verde (MG)";"Total";"11410";"614";"655";"728";"756";"736";"590";"425";"289";"181";"84";"39";"10";"-"
"3109600";"Cachoeira da Prata (MG)";"Total";"3693";"190";"207";"205";"209";"200";"217";"156";"135";"67";"49";"20";"3";"1"
"3109709";"Cachoeira de Minas (MG)";"Total";"11883";"673";"677";"720";"764";"765";"635";"485";"339";"206";"123";"49";"14";"2"
"3109808";"Cachoeira Dourada (MG)";"Total";"2315";"91";"133";"146";"194";"137";"98";"77";"53";"24";"21";"10";"5";"-"
"3109907";"Caetanópolis (MG)";"Total";"11435";"630";"651";"675";"688";"712";"588";"425";"236";"165";"89";"39";"10";"5"
"3110004";"Caeté (MG)";"Total";"38776";"2163";"2391";"2399";"2486";"2732";"1879";"1400";"976";"661";"394";"135";"44";"-"
"3110103";"Caiana (MG)";"Total";"5304";"338";"326";"344";"372";"421";"227";"156";"90";"64";"39";"12";"2";"2"
"3110202";"Cajuri (MG)";"Total";"4088";"245";"230";"242";"267";"296";"214";"125";"121";"76";"40";"16";"1";"2"
"3110301";"Caldas (MG)";"Total";"14217";"726";"761";"772";"805";"832";"866";"607";"431";"283";"131";"55";"13";"4"
"3110400";"Camacho (MG)";"Total";"2838";"150";"134";"148";"173";"164";"149";"116";"87";"50";"19";"10";"2";"-"
"3110509";"Camanducaia (MG)";"Total";"26097";"1651";"1723";"1658";"1699";"2063";"1096";"833";"498";"291";"143";"59";"16";"1"
"3110608";"Cambuí (MG)";"Total";"29536";"1615";"1691";"1594";"1806";"2143";"1476";"1128";"735";"491";"260";"93";"17";"6"
"3110707";"Cambuquira (MG)";"Total";"12313";"663";"726";"721";"792";"869";"709";"528";"342";"213";"142";"42";"12";"4"
"3110806";"Campanário (MG)";"Total";"2923";"148";"176";"187";"212";"200";"134";"100";"80";"81";"34";"11";"2";"5"
"3110905";"Campanha (MG)";"Total";"15935";"972";"1005";"998";"1141";"1179";"742";"577";"388";"247";"134";"63";"17";"4"
"3111002";"Campestre (MG)";"Total";"20696";"1062";"1053";"1112";"1314";"1465";"1117";"813";"564";"320";"173";"70";"19";"4"
"3111101";"Campina Verde (MG)";"Total";"18011";"889";"956";"1022";"1116";"1006";"1011";"779";"574";"383";"192";"83";"24";"8"
"3111150";"Campo Azul (MG)";"Total";"3714";"228";"244";"263";"295";"234";"180";"144";"108";"86";"46";"22";"5";"3"
"3111200";"Campo Belo (MG)";"Total";"52277";"2773";"2815";"3047";"3187";"3649";"2871";"2021";"1375";"869";"487";"217";"46";"16"
"3111309";"Campo do Meio (MG)";"Total";"11377";"647";"653";"660";"809";"762";"669";"413";"265";"178";"94";"48";"6";"1"
"3111408";"Campo Florido (MG)";"Total";"8466";"638";"649";"622";"659";"653";"290";"172";"139";"84";"36";"16";"5";"-"
"3111507";"Campos Altos (MG)";"Total";"12979";"830";"950";"947";"969";"939";"579";"367";"268";"155";"88";"40";"12";"2"
"3111606";"Campos Gerais (MG)";"Total";"26105";"1495";"1599";"1671";"1809";"1887";"1213";"853";"582";"357";"181";"65";"18";"2"
"3111705";"Canaã (MG)";"Total";"4715";"252";"291";"250";"293";"291";"268";"171";"132";"88";"54";"26";"10";"-"
"3111804";"Canápolis (MG)";"Total";"10608";"573";"642";"619";"629";"660";"495";"398";"275";"160";"92";"42";"15";"5"
"3111903";"Cana Verde (MG)";"Total";"5272";"245";"279";"336";"361";"330";"313";"248";"152";"88";"56";"23";"4";"3"
"3112000";"Candeias (MG)";"Total";"14001";"640";"722";"742";"763";"867";"813";"593";"410";"255";"165";"80";"20";"7"
"3112059";"Cantagalo (MG)";"Total";"3974";"257";"282";"283";"323";"236";"183";"139";"100";"60";"38";"15";"7";"1"
"3112109";"Caparaó (MG)";"Total";"5048";"382";"320";"302";"381";"445";"181";"133";"75";"42";"30";"6";"2";"-"
"3112208";"Capela Nova (MG)";"Total";"4362";"177";"198";"226";"300";"246";"254";"202";"147";"109";"62";"34";"7";"1"
"3112307";"Capelinha (MG)";"Total";"39626";"2709";"2779";"2842";"3233";"3419";"1201";"885";"601";"409";"234";"90";"20";"8"
"3112406";"Capetinga (MG)";"Total";"6562";"392";"444";"402";"468";"450";"374";"274";"189";"110";"66";"13";"5";"-"
"3112505";"Capim Branco (MG)";"Total";"10663";"598";"663";"673";"676";"771";"503";"360";"229";"151";"98";"45";"14";"1"
"3112604";"Capinópolis (MG)";"Total";"14655";"826";"891";"936";"1034";"1021";"654";"496";"343";"233";"140";"43";"13";"1"
"3112653";"Capitão Andrade (MG)";"Total";"4585";"247";"303";"321";"321";"300";"233";"207";"131";"104";"43";"31";"9";"3"
"3112703";"Capitão Enéas (MG)";"Total";"14108";"1099";"997";"1089";"1173";"1236";"463";"379";"227";"163";"78";"26";"7";"5"
"3112802";"Capitólio (MG)";"Total";"10380";"586";"600";"591";"688";"757";"484";"349";"229";"144";"85";"35";"8";"3"
"3112901";"Caputira (MG)";"Total";"8936";"565";"590";"633";"687";"671";"367";"283";"206";"136";"74";"48";"13";"2"
"3113008";"Caraí (MG)";"Total";"19548";"1237";"1354";"1667";"1768";"1348";"812";"677";"450";"357";"208";"94";"29";"6"
"3113107";"Caranaíba (MG)";"Total";"2933";"136";"142";"187";"191";"176";"163";"119";"75";"66";"28";"15";"4";"2"
"3113206";"Carandaí (MG)";"Total";"23812";"1318";"1401";"1436";"1525";"1807";"1106";"839";"498";"340";"157";"63";"14";"1"
"3113305";"Carangola (MG)";"Total";"31240";"1762";"1849";"1871";"1963";"2148";"1639";"1261";"792";"539";"293";"144";"44";"5"
"3113404";"Caratinga (MG)";"Total";"87360";"5361";"5278";"5549";"5964";"6717";"3928";"2757";"1857";"1328";"754";"320";"99";"17"
"3113503";"Carbonita (MG)";"Total";"8512";"499";"520";"542";"630";"578";"336";"249";"206";"125";"65";"27";"11";"2"
"3113602";"Careaçu (MG)";"Total";"6816";"379";"448";"428";"463";"447";"356";"219";"172";"100";"56";"18";"11";"-"
"3113701";"Carlos Chagas (MG)";"Total";"18615";"1079";"1087";"1200";"1227";"1144";"877";"742";"504";"362";"203";"108";"21";"8"
"3113800";"Carmésia (MG)";"Total";"2605";"183";"204";"207";"200";"170";"112";"89";"61";"47";"19";"8";"8";"1"
"3113909";"Carmo da Cachoeira (MG)";"Total";"11547";"753";"758";"752";"858";"848";"531";"380";"223";"149";"64";"40";"10";"1"
"3114006";"Carmo da Mata (MG)";"Total";"11019";"538";"511";"572";"742";"775";"559";"413";"337";"210";"123";"48";"26";"3"
"3114105";"Carmo de Minas (MG)";"Total";"13797";"836";"852";"890";"1038";"1081";"593";"388";"286";"159";"97";"38";"10";"3"
"3114204";"Carmo do Cajuru (MG)";"Total";"23479";"1440";"1407";"1497";"1512";"1831";"957";"723";"534";"304";"147";"67";"23";"1"
"3114303";"Carmo do Paranaíba (MG)";"Total";"29011";"1432";"1683";"1719";"1771";"2055";"1480";"1099";"775";"508";"290";"115";"44";"6"
"3114402";"Carmo do Rio Claro (MG)";"Total";"20954";"1124";"1204";"1248";"1333";"1393";"1043";"755";"500";"330";"172";"70";"14";"7"
"3114501";"Carmópolis de Minas (MG)";"Total";"18003";"1027";"1142";"1008";"1260";"1431";"766";"586";"411";"260";"153";"54";"7";"2"
"3114550";"Carneirinho (MG)";"Total";"9422";"507";"545";"563";"591";"608";"433";"349";"252";"132";"71";"44";"11";"2"
"3114600";"Carrancas (MG)";"Total";"4049";"259";"242";"231";"261";"229";"213";"154";"113";"70";"27";"23";"2";"-"
"3114709";"Carvalhópolis (MG)";"Total";"3341";"154";"167";"187";"236";"238";"208";"133";"101";"63";"40";"23";"5";"1"
"3114808";"Carvalhos (MG)";"Total";"4422";"196";"251";"225";"239";"284";"271";"187";"113";"79";"41";"25";"3";"1"
"3114907";"Casa Grande (MG)";"Total";"2214";"107";"119";"113";"153";"159";"93";"98";"69";"46";"24";"4";"2";"-"
"3115003";"Cascalho Rico (MG)";"Total";"2712";"143";"154";"143";"170";"156";"157";"125";"92";"68";"23";"13";"2";"-"
"3115102";"Cássia (MG)";"Total";"17155";"1025";"1035";"1024";"1150";"1157";"952";"712";"464";"300";"140";"73";"18";"6"
"3115201";"Conceição da Barra de Minas (MG)";"Total";"3560";"175";"162";"198";"215";"234";"194";"148";"104";"65";"31";"6";"2";"-"
"3115300";"Cataguases (MG)";"Total";"66261";"3374";"3718";"3727";"3858";"4120";"3589";"2607";"1780";"1199";"692";"290";"96";"12"
"3115359";"Catas Altas (MG)";"Total";"5473";"372";"339";"328";"387";"383";"191";"150";"129";"63";"37";"15";"6";"-"
"3115409";"Catas Altas da Noruega (MG)";"Total";"3110";"172";"162";"219";"230";"247";"151";"108";"82";"58";"20";"19";"-";"1"
"3115458";"Catuji (MG)";"Total";"7030";"485";"533";"600";"581";"454";"252";"198";"138";"109";"50";"27";"6";"2"
"3115474";"Catuti (MG)";"Total";"4739";"288";"278";"337";"329";"278";"198";"155";"121";"83";"51";"9";"5";"-"
"3115508";"Caxambu (MG)";"Total";"21056";"1044";"1159";"1250";"1280";"1216";"1224";"943";"673";"428";"228";"93";"39";"3"
"3115607";"Cedro do Abaeté (MG)";"Total";"1081";"39";"57";"57";"69";"64";"82";"46";"33";"31";"20";"6";"1";"1"
"3115706";"Central de Minas (MG)";"Total";"6171";"339";"318";"377";"376";"373";"373";"254";"204";"135";"64";"34";"9";"1"
"3115805";"Centralina (MG)";"Total";"10207";"795";"752";"590";"602";"633";"457";"372";"243";"190";"94";"24";"12";"-"
"3115904";"Chácara (MG)";"Total";"3075";"180";"195";"183";"191";"171";"182";"116";"66";"59";"34";"12";"3";"3"
"3116001";"Chalé (MG)";"Total";"6075";"431";"375";"404";"373";"431";"285";"213";"121";"79";"52";"38";"10";"5"
"3116100";"Chapada do Norte (MG)";"Total";"10337";"563";"619";"783";"959";"817";"402";"333";"222";"165";"79";"35";"13";"4"
"3116159";"Chapada Gaúcha (MG)";"Total";"12355";"1033";"1083";"1032";"1130";"1157";"372";"284";"185";"132";"67";"20";"8";"2"
"3116209";"Chiador (MG)";"Total";"2800";"153";"178";"186";"197";"168";"128";"127";"87";"59";"23";"12";"6";"-"
"3116308";"Cipotânea (MG)";"Total";"5581";"259";"295";"365";"392";"333";"253";"211";"178";"130";"55";"33";"3";"-"
"3116407";"Claraval (MG)";"Total";"4658";"253";"297";"268";"317";"333";"283";"183";"115";"60";"20";"12";"2";"-"
"3116506";"Claro dos Poções (MG)";"Total";"7166";"378";"439";"474";"486";"399";"355";"268";"220";"135";"85";"36";"4";"1"
"3116605";"Cláudio (MG)";"Total";"30159";"1944";"1893";"1808";"2155";"2326";"1126";"848";"529";"356";"188";"82";"26";"9"
"3116704";"Coimbra (MG)";"Total";"7117";"326";"361";"379";"457";"538";"392";"279";"206";"114";"86";"28";"9";"1"
"3116803";"Coluna (MG)";"Total";"8163";"458";"507";"609";"655";"573";"357";"279";"245";"146";"80";"35";"10";"3"
"3116902";"Comendador Gomes (MG)";"Total";"2773";"150";"173";"212";"184";"165";"125";"87";"66";"31";"19";"9";"1";"-"
"3117009";"Comercinho (MG)";"Total";"6660";"284";"386";"453";"489";"372";"342";"294";"230";"158";"90";"51";"9";"6"
"3117108";"Conceição da Aparecida (MG)";"Total";"10371";"586";"598";"662";"747";"731";"498";"375";"245";"142";"86";"31";"11";"2"
"3117207";"Conceição das Pedras (MG)";"Total";"2772";"133";"156";"140";"168";"170";"134";"98";"71";"52";"25";"14";"3";"-"
"3117306";"Conceição das Alagoas (MG)";"Total";"28381";"1932";"2119";"2007";"2061";"2284";"919";"662";"396";"240";"118";"43";"8";"1"
"3117405";"Conceição de Ipanema (MG)";"Total";"4409";"249";"246";"264";"297";"251";"234";"187";"120";"95";"51";"24";"1";"2"
"3117504";"Conceição do Mato Dentro (MG)";"Total";"23163";"1551";"1664";"1642";"1679";"1891";"837";"556";"419";"324";"194";"81";"34";"8"
"3117603";"Conceição do Pará (MG)";"Total";"5415";"296";"324";"325";"332";"333";"298";"222";"147";"92";"53";"18";"5";"1"
"3117702";"Conceição do Rio Verde (MG)";"Total";"12541";"797";"765";"845";"901";"937";"581";"437";"303";"211";"85";"41";"8";"1"
"3117801";"Conceição dos Ouros (MG)";"Total";"10880";"604";"670";"681";"755";"843";"481";"361";"248";"147";"66";"21";"6";"2"
"3117836";"Cônego Marinho (MG)";"Total";"7237";"464";"520";"566";"546";"492";"300";"260";"209";"128";"63";"37";"10";"-"
"3117876";"Confins (MG)";"Total";"7350";"436";"434";"423";"475";"569";"299";"204";"135";"103";"44";"25";"9";"3"
"3117900";"Congonhal (MG)";"Total";"11083";"564";"623";"611";"686";"722";"603";"411";"296";"205";"86";"53";"6";"2"
"3118007";"Congonhas (MG)";"Total";"52890";"3275";"3466";"3539";"3519";"3794";"2105";"1435";"877";"525";"328";"139";"23";"6"
"3118106";"Congonhas do Norte (MG)";"Total";"4831";"267";"310";"289";"432";"373";"185";"168";"120";"94";"57";"32";"2";"1"
"3118205";"Conquista (MG)";"Total";"6694";"403";"407";"404";"450";"454";"359";"252";"154";"93";"36";"26";"5";"-"
"3118304";"Conselheiro Lafaiete (MG)";"Total";"131621";"7618";"7825";"7791";"8071";"9228";"5965";"4163";"2668";"1726";"947";"401";"104";"13"
"3118403";"Conselheiro Pena (MG)";"Total";"20824";"1272";"1349";"1362";"1336";"1388";"1039";"821";"525";"368";"223";"110";"23";"7"
"3118502";"Consolação (MG)";"Total";"1563";"81";"85";"87";"87";"107";"84";"76";"53";"30";"21";"8";"2";"-"
"3118601";"Contagem (MG)";"Total";"621863";"34870";"38036";"37325";"39312";"47095";"24785";"17276";"11213";"6772";"3761";"1531";"379";"51"
"3118700";"Coqueiral (MG)";"Total";"9023";"522";"520";"522";"613";"663";"504";"350";"228";"149";"82";"38";"10";"-"
"3118809";"Coração de Jesus (MG)";"Total";"25377";"1521";"1745";"1813";"1865";"1676";"1078";"880";"614";"379";"228";"99";"35";"12"
"3118908";"Cordisburgo (MG)";"Total";"7547";"352";"381";"438";"454";"437";"450";"334";"238";"180";"94";"31";"15";"1"
"3119005";"Cordislândia (MG)";"Total";"3200";"201";"201";"214";"230";"207";"168";"125";"92";"55";"23";"11";"2";"1"
"3119104";"Corinto (MG)";"Total";"23532";"1505";"1483";"1481";"1679";"1703";"1163";"819";"547";"433";"230";"103";"28";"4"
"3119203";"Coroaci (MG)";"Total";"10884";"495";"547";"608";"729";"862";"496";"354";"281";"193";"114";"69";"16";"6"
"3119302";"Coromandel (MG)";"Total";"28894";"1593";"1666";"1668";"1815";"1957";"1397";"1092";"710";"395";"228";"98";"19";"4"
"3119401";"Coronel Fabriciano (MG)";"Total";"104736";"6213";"6541";"6686";"6872";"7569";"4761";"3254";"2197";"1538";"821";"372";"92";"12"
"3119500";"Coronel Murta (MG)";"Total";"8200";"491";"468";"554";"589";"628";"375";"284";"223";"159";"84";"40";"25";"3"
"3119609";"Coronel Pacheco (MG)";"Total";"2762";"130";"175";"151";"156";"154";"152";"110";"69";"57";"34";"14";"3";"-"
"3119708";"Coronel Xavier Chaves (MG)";"Total";"3486";"156";"209";"231";"211";"209";"175";"146";"105";"67";"31";"8";"3";"-"
"3119807";"Córrego Danta (MG)";"Total";"2960";"124";"146";"139";"188";"179";"183";"167";"121";"69";"42";"14";"5";"-"
"3119906";"Córrego do Bom Jesus (MG)";"Total";"4272";"180";"231";"219";"215";"199";"294";"222";"153";"95";"50";"15";"4";"1"
"3119955";"Córrego Fundo (MG)";"Total";"6133";"329";"352";"333";"388";"411";"302";"202";"124";"105";"49";"19";"9";"1"
"3120003";"Córrego Novo (MG)";"Total";"2875";"150";"169";"183";"221";"146";"158";"137";"75";"47";"37";"18";"4";"1"
"3120102";"Couto de Magalhães de Minas (MG)";"Total";"4245";"255";"291";"301";"292";"294";"176";"123";"119";"77";"36";"16";"5";"-"
"3120151";"Crisólita (MG)";"Total";"5265";"420";"379";"363";"445";"369";"218";"148";"142";"93";"60";"27";"9";"-"
"3120201";"Cristais (MG)";"Total";"12197";"730";"748";"740";"829";"958";"560";"419";"281";"182";"106";"35";"8";"2"
"3120300";"Cristália (MG)";"Total";"5121";"357";"358";"461";"476";"433";"158";"117";"85";"40";"26";"11";"9";"1"
"3120409";"Cristiano Otoni (MG)";"Total";"4667";"274";"286";"281";"338";"360";"222";"189";"87";"71";"42";"6";"3";"1"
"3120508";"Cristina (MG)";"Total";"10374";"577";"597";"618";"648";"767";"457";"408";"250";"160";"96";"37";"12";"4"
"3120607";"Crucilândia (MG)";"Total";"5434";"238";"283";"338";"329";"371";"303";"235";"159";"105";"53";"23";"5";"2"
"3120706";"Cruzeiro da Fortaleza (MG)";"Total";"3521";"228";"238";"219";"250";"273";"128";"123";"85";"56";"25";"12";"5";"4"
"3120805";"Cruzília (MG)";"Total";"15362";"892";"892";"813";"978";"1145";"751";"567";"398";"283";"141";"60";"11";"1"
"3120839";"Cuparaque (MG)";"Total";"3983";"263";"252";"276";"265";"243";"214";"149";"95";"63";"34";"13";"4";"2"
"3120870";"Curral de Dentro (MG)";"Total";"7406";"545";"529";"543";"644";"600";"242";"221";"145";"126";"62";"28";"10";"2"
"3120904";"Curvelo (MG)";"Total";"80665";"4530";"4856";"4873";"5529";"6029";"3423";"2471";"1737";"1212";"737";"309";"92";"21"
"3121001";"Datas (MG)";"Total";"5465";"360";"408";"397";"435";"385";"233";"148";"127";"73";"52";"21";"5";"-"
"3121100";"Delfim Moreira (MG)";"Total";"7952";"422";"446";"472";"486";"499";"460";"309";"188";"108";"58";"32";"8";"-"
"3121209";"Delfinópolis (MG)";"Total";"8393";"517";"551";"539";"555";"655";"371";"279";"176";"107";"54";"16";"10";"1"
"3121258";"Delta (MG)";"Total";"10494";"831";"841";"830";"947";"904";"270";"192";"139";"70";"22";"9";"1";"1"
"3121308";"Descoberto (MG)";"Total";"4928";"275";"247";"280";"282";"316";"275";"202";"135";"101";"62";"31";"7";"3"
"3121407";"Desterro de Entre Rios (MG)";"Total";"7653";"391";"406";"458";"440";"473";"393";"312";"214";"147";"85";"22";"2";"2"
"3121506";"Desterro do Melo (MG)";"Total";"2994";"135";"145";"171";"197";"164";"163";"159";"93";"42";"31";"15";"1";"-"
"3121605";"Diamantina (MG)";"Total";"47702";"2873";"3041";"2878";"3266";"3987";"1806";"1297";"923";"695";"374";"188";"58";"13"
"3121704";"Diogo de Vasconcelos (MG)";"Total";"3549";"178";"194";"202";"232";"192";"230";"167";"114";"95";"51";"32";"6";"2"
"3121803";"Dionísio (MG)";"Total";"6847";"305";"338";"372";"428";"426";"413";"333";"218";"151";"90";"40";"10";"1"
"3121902";"Divinésia (MG)";"Total";"4226";"251";"280";"309";"290";"259";"172";"144";"80";"52";"42";"14";"3";"-"
"3122009";"Divino (MG)";"Total";"20706";"1407";"1302";"1353";"1607";"1598";"927";"694";"419";"305";"163";"54";"13";"8"
"3122108";"Divino das Laranjeiras (MG)";"Total";"4178";"229";"249";"275";"259";"262";"243";"181";"136";"72";"47";"29";"8";"4"
"3122207";"Divinolândia de Minas (MG)";"Total";"6516";"430";"435";"456";"465";"460";"297";"227";"150";"112";"53";"27";"8";"2"
"3122306";"Divinópolis (MG)";"Total";"231091";"12643";"12802";"12729";"13911";"16653";"10269";"7549";"4865";"3173";"1723";"663";"173";"29"
"3122355";"Divisa Alegre (MG)";"Total";"6321";"424";"478";"476";"580";"553";"177";"158";"109";"80";"30";"14";"8";"3"
"3122405";"Divisa Nova (MG)";"Total";"5851";"355";"377";"383";"422";"432";"270";"202";"138";"100";"63";"20";"1";"1"
"3122454";"Divisópolis (MG)";"Total";"10213";"561";"573";"653";"752";"875";"386";"314";"211";"164";"76";"40";"20";"5"
"3122470";"Dom Bosco (MG)";"Total";"3697";"255";"231";"249";"273";"194";"182";"135";"71";"46";"18";"7";"6";"1"
"3122504";"Dom Cavati (MG)";"Total";"4904";"252";"259";"280";"344";"334";"296";"206";"182";"124";"77";"47";"7";"1"
"3122603";"Dom Joaquim (MG)";"Total";"4899";"314";"320";"284";"412";"370";"215";"155";"111";"84";"54";"20";"12";"3"
"3122702";"Dom Silvério (MG)";"Total";"5228";"219";"263";"268";"302";"336";"252";"241";"178";"145";"99";"47";"9";"5"
"3122801";"Dom Viçoso (MG)";"Total";"3095";"138";"156";"192";"194";"178";"158";"118";"77";"53";"35";"8";"4";"-"
"3122900";"Dona Euzébia (MG)";"Total";"6093";"351";"357";"330";"427";"454";"252";"182";"134";"90";"56";"16";"6";"2"
"3123007";"Dores de Campos (MG)";"Total";"10007";"529";"535";"606";"625";"706";"459";"332";"254";"103";"55";"14";"6";"-"
"3123106";"Dores de Guanhães (MG)";"Total";"5029";"294";"318";"324";"361";"356";"220";"169";"123";"112";"69";"28";"3";"3"
"3123205";"Dores do Indaiá (MG)";"Total";"12630";"509";"582";"611";"781";"783";"777";"588";"489";"344";"192";"94";"21";"3"
"3123304";"Dores do Turvo (MG)";"Total";"4987";"276";"252";"305";"340";"357";"231";"171";"151";"84";"37";"23";"8";"1"
"3123403";"Doresópolis (MG)";"Total";"1461";"75";"86";"86";"100";"103";"77";"64";"44";"20";"8";"4";"1";"-"
"3123502";"Douradoquara (MG)";"Total";"1829";"108";"99";"116";"112";"93";"98";"87";"67";"33";"11";"8";"1";"2"
"3123528";"Durandé (MG)";"Total";"7817";"607";"539";"491";"594";"636";"298";"195";"133";"99";"55";"25";"7";"2"
"3123601";"Elói Mendes (MG)";"Total";"26336";"1600";"1606";"1725";"1809";"1875";"1280";"915";"557";"370";"176";"77";"20";"3"
"3123700";"Engenheiro Caldas (MG)";"Total";"13622";"893";"1333";"1023";"935";"973";"401";"332";"211";"151";"112";"49";"10";"7"
"3123809";"Engenheiro Navarro (MG)";"Total";"6354";"393";"414";"448";"464";"449";"319";"222";"122";"92";"49";"12";"6";"-"
"3123858";"Entre Folhas (MG)";"Total";"5179";"313";"321";"323";"354";"311";"260";"208";"134";"110";"51";"25";"8";"1"
"3123908";"Entre Rios de Minas (MG)";"Total";"14746";"776";"819";"885";"967";"1026";"693";"516";"371";"268";"146";"58";"16";"3"
"3124005";"Ervália (MG)";"Total";"20255";"1120";"1097";"1309";"1381";"1474";"878";"636";"425";"336";"197";"99";"27";"4"
"3124104";"Esmeraldas (MG)";"Total";"85598";"6122";"6433";"6118";"5959";"6215";"3029";"2135";"1238";"782";"411";"189";"51";"11"
"3124203";"Espera Feliz (MG)";"Total";"24102";"1527";"1564";"1523";"1672";"1813";"1108";"753";"463";"298";"170";"65";"25";"6"
"3124302";"Espinosa (MG)";"Total";"30443";"2003";"2107";"2074";"2251";"2192";"1198";"967";"744";"491";"285";"125";"50";"18"
"3124401";"Espírito Santo do Dourado (MG)";"Total";"6611";"504";"463";"442";"480";"555";"269";"207";"142";"78";"47";"16";"5";"4"
"3124500";"Estiva (MG)";"Total";"11502";"611";"633";"669";"687";"758";"581";"445";"313";"202";"89";"39";"7";"1"
"3124609";"Estrela Dalva (MG)";"Total";"2186";"104";"114";"133";"136";"111";"155";"86";"88";"48";"23";"13";"4";"1"
"3124708";"Estrela do Indaiá (MG)";"Total";"2772";"103";"115";"133";"154";"147";"213";"144";"128";"64";"41";"17";"6";"4"
"3124807";"Estrela do Sul (MG)";"Total";"6840";"422";"395";"404";"397";"452";"331";"224";"166";"110";"65";"25";"14";"3"
"3124906";"Eugenópolis (MG)";"Total";"10801";"564";"557";"653";"639";"703";"553";"445";"300";"202";"97";"52";"23";"4"
"3125002";"Ewbank da Câmara (MG)";"Total";"3875";"263";"276";"250";"257";"288";"180";"99";"70";"40";"30";"13";"1";"-"
"3125101";"Extrema (MG)";"Total";"53482";"3531";"3730";"3355";"3658";"5021";"1804";"1343";"788";"490";"246";"104";"15";"4"
"3125200";"Fama (MG)";"Total";"2578";"113";"139";"142";"145";"145";"192";"125";"99";"47";"34";"11";"2";"-"
"3125309";"Faria Lemos (MG)";"Total";"3188";"181";"210";"209";"217";"207";"160";"134";"84";"63";"45";"19";"2";"1"
"3125408";"Felício dos Santos (MG)";"Total";"5133";"272";"321";"361";"379";"353";"243";"156";"145";"93";"80";"26";"7";"3"
"3125507";"São Gonçalo do Rio Preto (MG)";"Total";"3032";"130";"151";"191";"211";"229";"138";"111";"98";"59";"21";"5";"4";"1"
"3125606";"Felisburgo (MG)";"Total";"6489";"451";"496";"445";"488";"421";"257";"238";"183";"140";"75";"23";"10";"5"
"3125705";"Felixlândia (MG)";"Total";"13978";"662";"732";"835";"879";"887";"851";"609";"372";"239";"138";"58";"17";"3"
"3125804";"Fernandes Tourinho (MG)";"Total";"2789";"152";"143";"165";"179";"183";"154";"108";"76";"69";"42";"15";"2";"-"
"3125903";"Ferros (MG)";"Total";"9590";"476";"493";"582";"622";"580";"473";"409";"278";"260";"170";"63";"19";"3"
"3125952";"Fervedouro (MG)";"Total";"10445";"638";"654";"755";"796";"812";"429";"300";"205";"116";"72";"29";"9";"5"
"3126000";"Florestal (MG)";"Total";"8045";"430";"447";"447";"498";"569";"381";"296";"230";"136";"81";"36";"9";"1"
"3126109";"Formiga (MG)";"Total";"68248";"3345";"3524";"3679";"3968";"4663";"3543";"2501";"1698";"1109";"616";"230";"57";"12"
"3126208";"Formoso (MG)";"Total";"7949";"616";"575";"669";"665";"585";"300";"217";"142";"97";"46";"23";"8";"3"
"3126307";"Fortaleza de Minas (MG)";"Total";"3477";"178";"212";"208";"202";"224";"202";"147";"104";"58";"28";"10";"1";"-"
"3126406";"Fortuna de Minas (MG)";"Total";"3093";"165";"170";"194";"188";"193";"135";"114";"73";"67";"28";"8";"2";"-"
"3126505";"Francisco Badaró (MG)";"Total";"7366";"326";"353";"400";"516";"533";"362";"312";"229";"189";"90";"51";"8";"7"
"3126604";"Francisco Dumont (MG)";"Total";"4503";"282";"299";"328";"344";"302";"184";"156";"97";"47";"37";"15";"4";"3"
"3126703";"Francisco Sá (MG)";"Total";"23476";"1333";"1429";"1658";"1723";"1681";"927";"797";"569";"335";"189";"77";"20";"9"
"3126752";"Franciscópolis (MG)";"Total";"5034";"257";"269";"361";"392";"382";"244";"155";"132";"78";"51";"28";"7";"-"
"3126802";"Frei Gaspar (MG)";"Total";"5640";"406";"373";"402";"464";"375";"218";"184";"122";"95";"57";"30";"10";"2"
"3126901";"Frei Inocêncio (MG)";"Total";"8226";"493";"510";"537";"635";"612";"408";"295";"227";"124";"91";"29";"11";"4"
"3126950";"Frei Lagonegro (MG)";"Total";"3391";"205";"200";"252";"268";"207";"136";"131";"83";"43";"29";"11";"5";"-"
"3127008";"Fronteira (MG)";"Total";"14540";"878";"953";"1019";"1029";"971";"658";"416";"285";"154";"86";"27";"9";"1"
"3127057";"Fronteira dos Vales (MG)";"Total";"4345";"257";"269";"312";"341";"281";"182";"184";"130";"94";"42";"18";"6";"1"
"3127073";"Fruta de Leite (MG)";"Total";"4647";"290";"293";"427";"473";"326";"201";"178";"108";"76";"42";"11";"12";"3"
"3127107";"Frutal (MG)";"Total";"58588";"3620";"3671";"3760";"3805";"4145";"2384";"1795";"1280";"762";"401";"131";"43";"6"
"3127206";"Funilândia (MG)";"Total";"4686";"244";"289";"309";"321";"354";"255";"154";"104";"72";"30";"16";"4";"-"
"3127305";"Galiléia (MG)";"Total";"6222";"425";"421";"408";"405";"436";"323";"254";"183";"105";"42";"26";"11";"2"
"3127339";"Gameleiras (MG)";"Total";"4793";"302";"309";"364";"351";"296";"195";"173";"117";"71";"29";"12";"5";"4"
"3127354";"Glaucilândia (MG)";"Total";"2928";"160";"165";"171";"228";"168";"146";"104";"99";"60";"27";"17";"3";"-"
"3127370";"Goiabeira (MG)";"Total";"2830";"174";"178";"191";"179";"177";"158";"120";"67";"51";"18";"7";"3";"1"
"3127388";"Goianá (MG)";"Total";"4053";"196";"199";"255";"254";"241";"231";"190";"110";"82";"45";"15";"6";"-"
"3127404";"Gonçalves (MG)";"Total";"4727";"239";"257";"250";"263";"308";"252";"202";"146";"77";"33";"12";"-";"1"
"3127503";"Gonzaga (MG)";"Total";"5230";"270";"355";"364";"391";"400";"267";"218";"131";"93";"50";"19";"6";"1"
"3127602";"Gouveia (MG)";"Total";"11331";"626";"700";"713";"760";"754";"547";"410";"279";"169";"113";"49";"15";"6"
"3127701";"Governador Valadares (MG)";"Total";"257171";"14948";"15310";"15471";"17449";"20086";"11159";"8353";"5679";"3969";"2215";"945";"237";"57"
"3127800";"Grão Mogol (MG)";"Total";"13901";"874";"904";"1020";"1141";"998";"562";"397";"293";"161";"95";"47";"20";"10"
"3127909";"Grupiara (MG)";"Total";"1392";"60";"70";"75";"80";"84";"84";"54";"53";"38";"13";"8";"4";"-"
"3128006";"Guanhães (MG)";"Total";"32244";"2039";"2061";"1934";"2161";"2589";"1332";"975";"699";"434";"286";"131";"43";"11"
"3128105";"Guapé (MG)";"Total";"13772";"771";"820";"823";"880";"993";"695";"471";"311";"179";"95";"33";"11";"1"
"3128204";"Guaraciaba (MG)";"Total";"9753";"448";"490";"545";"553";"620";"575";"422";"299";"225";"131";"63";"15";"6"
"3128253";"Guaraciama (MG)";"Total";"5051";"287";"338";"329";"343";"326";"241";"181";"126";"68";"45";"12";"4";"1"
"3128303";"Guaranésia (MG)";"Total";"19150";"1175";"1083";"1074";"1132";"1385";"929";"708";"419";"280";"140";"52";"16";"2"
"3128402";"Guarani (MG)";"Total";"7714";"445";"457";"453";"434";"501";"376";"302";"222";"153";"92";"47";"9";"1"
"3128501";"Guarará (MG)";"Total";"3149";"166";"201";"195";"208";"213";"151";"141";"79";"45";"27";"17";"3";"-"
"3128600";"Guarda-Mor (MG)";"Total";"6539";"409";"457";"436";"446";"375";"266";"192";"132";"74";"41";"20";"7";"-"
"3128709";"Guaxupé (MG)";"Total";"50911";"2676";"2968";"2937";"3049";"3533";"2587";"1845";"1227";"799";"389";"162";"38";"10"
"3128808";"Guidoval (MG)";"Total";"7131";"399";"401";"383";"420";"495";"374";"274";"171";"106";"80";"39";"10";"-"
"3128907";"Guimarânia (MG)";"Total";"8478";"585";"548";"554";"629";"734";"351";"262";"205";"120";"65";"22";"8";"-"
"3129004";"Guiricema (MG)";"Total";"7778";"351";"337";"436";"495";"509";"488";"348";"262";"162";"107";"33";"8";"5"
"3129103";"Gurinhatã (MG)";"Total";"5192";"241";"274";"286";"283";"222";"288";"283";"181";"139";"67";"32";"3";"1"
"3129202";"Heliodora (MG)";"Total";"6134";"312";"333";"370";"374";"417";"340";"255";"181";"78";"53";"24";"2";"-"
"3129301";"Iapu (MG)";"Total";"12030";"697";"638";"682";"739";"879";"558";"398";"287";"206";"109";"46";"8";"2"
"3129400";"Ibertioga (MG)";"Total";"5198";"276";"296";"312";"361";"318";"262";"194";"166";"83";"39";"14";"2";"2"
"3129509";"Ibiá (MG)";"Total";"22229";"1470";"1469";"1421";"1525";"1515";"1008";"713";"446";"274";"136";"66";"15";"1"
"3129608";"Ibiaí (MG)";"Total";"6286";"443";"412";"501";"469";"440";"270";"199";"131";"83";"47";"18";"6";"4"
"3129657";"Ibiracatu (MG)";"Total";"5081";"302";"353";"397";"384";"336";"217";"196";"117";"88";"55";"24";"2";"3"
"3129707";"Ibiraci (MG)";"Total";"10948";"803";"763";"783";"783";"784";"470";"340";"233";"162";"70";"31";"5";"-"
"3129806";"Ibirité (MG)";"Total";"170537";"10934";"12036";"12038";"12507";"14733";"5524";"3569";"2125";"1320";"669";"244";"76";"20"
"3129905";"Ibitiúra de Minas (MG)";"Total";"3365";"176";"176";"176";"179";"210";"222";"162";"110";"63";"34";"14";"2";"-"
"3130002";"Ibituruna (MG)";"Total";"2698";"127";"153";"153";"203";"221";"137";"101";"87";"52";"30";"10";"3";"-"
"3130051";"Icaraí de Minas (MG)";"Total";"10677";"663";"736";"783";"850";"896";"346";"309";"180";"117";"77";"33";"9";"4"
"3130101";"Igarapé (MG)";"Total";"45847";"3055";"3371";"3294";"3320";"3445";"1612";"1103";"713";"427";"217";"98";"18";"4"
"3130200";"Igaratinga (MG)";"Total";"10830";"720";"703";"706";"761";"940";"379";"301";"187";"91";"59";"18";"4";"-"
"3130309";"Iguatama (MG)";"Total";"6826";"358";"423";"367";"361";"366";"396";"293";"179";"125";"58";"24";"6";"1"
"3130408";"Ijaci (MG)";"Total";"7003";"432";"414";"421";"468";"484";"324";"246";"142";"91";"44";"16";"5";"4"
"3130507";"Ilicínea (MG)";"Total";"12741";"759";"752";"748";"904";"1072";"595";"391";"254";"195";"83";"37";"3";"4"
"3130556";"Imbé de Minas (MG)";"Total";"6986";"453";"451";"512";"549";"469";"316";"182";"156";"105";"54";"18";"8";"-"
"3130606";"Inconfidentes (MG)";"Total";"7301";"332";"353";"409";"427";"474";"408";"304";"182";"102";"53";"22";"5";"-"
"3130655";"Indaiabira (MG)";"Total";"6346";"374";"387";"417";"485";"448";"300";"237";"181";"105";"60";"27";"17";"3"
"3130705";"Indianópolis (MG)";"Total";"6171";"424";"413";"411";"402";"453";"243";"182";"109";"82";"39";"18";"7";"-"
"3130804";"Ingaí (MG)";"Total";"2580";"138";"123";"163";"158";"194";"135";"101";"59";"44";"23";"10";"2";"-"
"3130903";"Inhapim (MG)";"Total";"22692";"1183";"1191";"1329";"1507";"1499";"1164";"884";"573";"468";"270";"134";"34";"9"
"3131000";"Inhaúma (MG)";"Total";"6239";"301";"399";"353";"432";"469";"323";"211";"136";"83";"45";"18";"3";"-"
"3131109";"Inimutaba (MG)";"Total";"7371";"392";"433";"418";"555";"513";"361";"291";"200";"102";"73";"28";"9";"2"
"3131158";"Ipaba (MG)";"Total";"17136";"1073";"1025";"1085";"1170";"1431";"680";"465";"286";"226";"119";"53";"10";"2"
"3131208";"Ipanema (MG)";"Total";"19522";"1103";"1210";"1178";"1284";"1300";"997";"809";"527";"382";"207";"96";"31";"9"
"3131307";"Ipatinga (MG)";"Total";"227731";"13065";"13447";"14028";"14855";"16765";"11400";"7538";"4384";"2885";"1655";"692";"182";"33"
"3131406";"Ipiaçu (MG)";"Total";"3775";"212";"202";"223";"228";"221";"191";"159";"124";"87";"39";"12";"3";"1"
"3131505";"Ipuiúna (MG)";"Total";"9135";"471";"478";"547";"583";"617";"423";"343";"261";"146";"67";"31";"8";"2"
"3131604";"Iraí de Minas (MG)";"Total";"7180";"526";"523";"511";"510";"565";"258";"194";"136";"75";"29";"21";"1";"1"
"3131703";"Itabira (MG)";"Total";"113343";"6285";"7301";"6997";"7004";"8185";"4888";"3446";"2298";"1543";"915";"396";"114";"21"
"3131802";"Itabirinha (MG)";"Total";"10362";"616";"637";"706";"781";"762";"466";"358";"256";"174";"134";"50";"13";"-"
"3131901";"Itabirito (MG)";"Total";"53365";"3246";"3481";"3419";"3426";"3906";"2147";"1491";"955";"666";"340";"170";"44";"5"
"3132008";"Itacambira (MG)";"Total";"4252";"209";"257";"277";"310";"333";"195";"160";"122";"76";"41";"14";"3";"2"
"3132107";"Itacarambi (MG)";"Total";"17208";"1249";"1221";"1379";"1466";"1482";"601";"467";"368";"216";"123";"58";"11";"9"
"3132206";"Itaguara (MG)";"Total";"13846";"765";"817";"782";"854";"1019";"688";"439";"317";"216";"121";"52";"14";"2"
"3132305";"Itaipé (MG)";"Total";"10463";"811";"795";"868";"934";"866";"370";"249";"206";"138";"82";"38";"12";"4"
"3132404";"Itajubá (MG)";"Total";"93073";"5195";"5753";"5407";"5703";"7024";"4237";"3102";"2106";"1310";"757";"330";"93";"17"
"3132503";"Itamarandiba (MG)";"Total";"32948";"2153";"2245";"2392";"2734";"2723";"1106";"811";"630";"389";"196";"127";"29";"7"
"3132602";"Itamarati de Minas (MG)";"Total";"3690";"203";"211";"226";"201";"225";"214";"158";"97";"79";"53";"23";"3";"2"
"3132701";"Itambacuri (MG)";"Total";"21042";"1332";"1431";"1501";"1579";"1600";"894";"640";"507";"432";"282";"130";"44";"10"
"3132800";"Itambé do Mato Dentro (MG)";"Total";"2142";"104";"103";"136";"132";"98";"126";"95";"75";"51";"34";"14";"3";"1"
"3132909";"Itamogi (MG)";"Total";"10770";"621";"637";"657";"604";"707";"612";"430";"253";"164";"72";"35";"6";"1"
"3133006";"Itamonte (MG)";"Total";"14786";"864";"840";"888";"966";"1013";"748";"540";"282";"190";"95";"30";"12";"-"
"3133105";"Itanhandu (MG)";"Total";"15236";"780";"879";"974";"971";"968";"700";"529";"362";"226";"111";"56";"9";"1"
"3133204";"Itanhomi (MG)";"Total";"11128";"624";"695";"721";"697";"700";"601";"452";"303";"239";"135";"55";"20";"2"
"3133303";"Itaobim (MG)";"Total";"19151";"1116";"1186";"1284";"1451";"1445";"800";"696";"520";"354";"216";"96";"25";"12"
"3133402";"Itapagipe (MG)";"Total";"13690";"674";"762";"833";"824";"919";"675";"469";"315";"234";"147";"48";"20";"3"
"3133501";"Itapecerica (MG)";"Total";"21046";"957";"994";"1106";"1197";"1380";"1237";"964";"690";"433";"260";"115";"34";"3"
"3133600";"Itapeva (MG)";"Total";"12692";"834";"809";"791";"858";"1014";"566";"392";"281";"139";"60";"28";"7";"-"
"3133709";"Itatiaiuçu (MG)";"Total";"12966";"756";"879";"834";"855";"925";"603";"429";"271";"156";"81";"23";"3";"3"
"3133758";"Itaú de Minas (MG)";"Total";"14406";"771";"820";"820";"853";"951";"792";"582";"382";"247";"120";"55";"16";"1"
"3133808";"Itaúna (MG)";"Total";"97669";"5289";"5517";"5354";"5841";"7296";"4279";"3085";"1961";"1200";"658";"304";"71";"9"
"3133907";"Itaverava (MG)";"Total";"5642";"283";"327";"330";"400";"391";"312";"207";"162";"88";"53";"23";"5";"-"
"3134004";"Itinga (MG)";"Total";"13745";"778";"897";"958";"1192";"1079";"589";"496";"369";"237";"133";"66";"26";"5"
"3134103";"Itueta (MG)";"Total";"6055";"382";"407";"365";"355";"329";"315";"244";"187";"124";"70";"38";"5";"2"
"3134202";"Ituiutaba (MG)";"Total";"102217";"5677";"6402";"6179";"6412";"6902";"4580";"3724";"2587";"1750";"968";"394";"129";"19"
"3134301";"Itumirim (MG)";"Total";"6638";"371";"383";"369";"428";"444";"341";"233";"187";"103";"68";"31";"5";"-"
"3134400";"Iturama (MG)";"Total";"38295";"2399";"2514";"2365";"2587";"3134";"1386";"1019";"684";"429";"218";"100";"21";"7"
"3134509";"Itutinga (MG)";"Total";"4217";"233";"223";"222";"263";"244";"233";"146";"124";"63";"37";"12";"1";"2"
"3134608";"Jaboticatubas (MG)";"Total";"20406";"1083";"1222";"1174";"1276";"1264";"1136";"821";"563";"337";"190";"88";"20";"4"
"3134707";"Jacinto (MG)";"Total";"11042";"585";"658";"801";"856";"718";"504";"421";"322";"233";"125";"71";"22";"23"
"3134806";"Jacuí (MG)";"Total";"7495";"447";"432";"461";"474";"510";"430";"343";"220";"126";"52";"28";"6";"-"
"3134905";"Jacutinga (MG)";"Total";"25525";"1483";"1532";"1624";"1735";"1791";"1106";"832";"529";"357";"184";"93";"17";"3"
"3135001";"Jaguaraçu (MG)";"Total";"3092";"175";"184";"184";"200";"182";"175";"120";"63";"44";"23";"15";"2";"1"
"3135050";"Jaíba (MG)";"Total";"37660";"3214";"3194";"3111";"3069";"3058";"1020";"801";"475";"288";"139";"43";"23";"2"
"3135076";"Jampruca (MG)";"Total";"4296";"260";"254";"313";"317";"265";"199";"142";"121";"86";"52";"29";"8";"5"
"3135100";"Janaúba (MG)";"Total";"70699";"4868";"4827";"4815";"5250";"5867";"2326";"1887";"1250";"760";"443";"201";"58";"18"
"3135209";"Januária (MG)";"Total";"65150";"4695";"4904";"5030";"5288";"4963";"2579";"1906";"1393";"920";"539";"255";"109";"19"
"3135308";"Japaraíba (MG)";"Total";"4506";"302";"310";"312";"324";"295";"199";"145";"78";"48";"21";"9";"8";"1"
"3135357";"Japonvar (MG)";"Total";"8127";"512";"524";"561";"628";"584";"333";"280";"166";"148";"60";"24";"8";"2"
"3135407";"Jeceaba (MG)";"Total";"6197";"328";"360";"357";"392";"427";"300";"260";"139";"103";"54";"19";"5";"-"
"3135456";"Jenipapo de Minas (MG)";"Total";"6100";"358";"430";"457";"543";"452";"201";"185";"118";"95";"55";"26";"5";"-"
"3135506";"Jequeri (MG)";"Total";"12419";"697";"706";"760";"830";"837";"627";"466";"354";"233";"142";"62";"18";"2"
"3135605";"Jequitaí (MG)";"Total";"6484";"348";"422";"433";"437";"326";"341";"223";"161";"121";"83";"24";"13";"-"
"3135704";"Jequitibá (MG)";"Total";"5883";"312";"322";"366";"367";"373";"355";"225";"149";"99";"69";"26";"13";"1"
"3135803";"Jequitinhonha (MG)";"Total";"24007";"1500";"1488";"1698";"1912";"1800";"1045";"847";"629";"479";"303";"139";"43";"13"
"3135902";"Jesuânia (MG)";"Total";"5138";"282";"345";"265";"275";"357";"265";"197";"133";"77";"37";"10";"5";"-"
"3136009";"Joaíma (MG)";"Total";"13888";"979";"984";"1050";"1209";"975";"575";"464";"383";"278";"146";"50";"13";"13"
"3136108";"Joanésia (MG)";"Total";"4329";"181";"209";"231";"241";"253";"263";"201";"153";"118";"73";"47";"11";"-"
"3136207";"João Monlevade (MG)";"Total";"80187";"4501";"4759";"4741";"5017";"5917";"3645";"2760";"1897";"1208";"685";"330";"88";"21"
"3136306";"João Pinheiro (MG)";"Total";"46801";"3096";"2989";"2989";"3442";"3690";"1762";"1259";"834";"513";"241";"80";"33";"8"
"3136405";"Joaquim Felício (MG)";"Total";"3854";"213";"254";"255";"280";"240";"179";"176";"101";"65";"38";"16";"9";"4"
"3136504";"Jordânia (MG)";"Total";"10304";"641";"654";"654";"830";"805";"392";"350";"242";"221";"128";"57";"12";"6"
"3136520";"José Gonçalves de Minas (MG)";"Total";"3969";"228";"269";"276";"317";"312";"153";"113";"71";"40";"18";"12";"2";"-"
"3136553";"José Raydan (MG)";"Total";"4268";"233";"294";"302";"296";"258";"199";"154";"112";"80";"65";"17";"8";"1"
"3136579";"Josenópolis (MG)";"Total";"3630";"221";"223";"324";"365";"324";"134";"96";"63";"49";"26";"9";"7";"2"
"3136603";"Nova União (MG)";"Total";"5909";"363";"382";"389";"379";"366";"280";"195";"136";"97";"48";"22";"5";"1"
"3136652";"Juatuba (MG)";"Total";"30716";"1968";"2193";"2083";"2284";"2395";"1159";"832";"488";"287";"148";"58";"9";"7"
"3136702";"Juiz de Fora (MG)";"Total";"540756";"26886";"29623";"29363";"32398";"40547";"26795";"20326";"13149";"8319";"4953";"2338";"627";"93"
"3136801";"Juramento (MG)";"Total";"3768";"218";"218";"248";"254";"258";"169";"162";"86";"55";"14";"7";"4";"-"
"3136900";"Juruaia (MG)";"Total";"11084";"660";"714";"640";"797";"851";"504";"340";"191";"142";"85";"26";"4";"2"
"3136959";"Juvenília (MG)";"Total";"5789";"391";"393";"472";"537";"452";"251";"162";"122";"67";"45";"24";"3";"2"
"3137007";"Ladainha (MG)";"Total";"14383";"885";"995";"1156";"1401";"1118";"567";"459";"304";"222";"137";"63";"18";"5"
"3137106";"Lagamar (MG)";"Total";"6631";"297";"333";"369";"400";"354";"414";"322";"224";"131";"62";"22";"8";"2"
"3137205";"Lagoa da Prata (MG)";"Total";"51412";"3074";"2947";"3011";"3428";"4098";"2113";"1418";"946";"587";"345";"134";"41";"4"
"3137304";"Lagoa dos Patos (MG)";"Total";"3313";"225";"211";"249";"254";"186";"127";"130";"62";"50";"23";"16";"5";"2"
"3137403";"Lagoa Dourada (MG)";"Total";"12769";"758";"824";"804";"944";"995";"491";"373";"270";"164";"87";"34";"6";"2"
"3137502";"Lagoa Formosa (MG)";"Total";"18904";"1029";"1034";"1091";"1309";"1387";"915";"687";"472";"305";"176";"66";"17";"-"
"3137536";"Lagoa Grande (MG)";"Total";"8969";"546";"563";"557";"676";"685";"327";"256";"171";"112";"50";"27";"4";"3"
"3137601";"Lagoa Santa (MG)";"Total";"75145";"4369";"4930";"4592";"4588";"5133";"2936";"2140";"1379";"882";"532";"222";"71";"14"
"3137700";"Lajinha (MG)";"Total";"20835";"1438";"1407";"1502";"1446";"1597";"849";"603";"395";"279";"159";"79";"27";"2"
"3137809";"Lambari (MG)";"Total";"20414";"1049";"1102";"1187";"1402";"1367";"1062";"837";"560";"320";"186";"81";"19";"4"
"3137908";"Lamim (MG)";"Total";"3184";"132";"157";"193";"228";"246";"166";"141";"95";"71";"38";"9";"1";"-"
"3138005";"Laranjal (MG)";"Total";"5963";"280";"306";"339";"329";"362";"375";"299";"208";"112";"79";"37";"9";"1"
"3138104";"Lassance (MG)";"Total";"7124";"461";"423";"481";"559";"556";"333";"229";"153";"112";"74";"20";"3";"1"
"3138203";"Lavras (MG)";"Total";"104761";"5780";"6287";"5571";"6889";"8837";"4777";"3280";"2198";"1363";"808";"315";"95";"10"
"3138302";"Leandro Ferreira (MG)";"Total";"3199";"182";"193";"192";"210";"230";"147";"124";"85";"62";"29";"17";"7";"1"
"3138351";"Leme do Prado (MG)";"Total";"4341";"231";"288";"317";"370";"322";"177";"112";"73";"61";"30";"14";"5";"-"
"3138401";"Leopoldina (MG)";"Total";"51145";"2786";"3095";"3144";"3319";"3449";"2567";"2020";"1427";"951";"520";"215";"67";"9"
"3138500";"Liberdade (MG)";"Total";"4737";"190";"216";"248";"316";"296";"261";"234";"172";"93";"56";"23";"7";"-"
"3138609";"Lima Duarte (MG)";"Total";"17221";"899";"1020";"977";"1041";"1206";"922";"674";"421";"301";"171";"69";"18";"3"
"3138625";"Limeira do Oeste (MG)";"Total";"8687";"560";"623";"521";"566";"634";"287";"217";"141";"102";"48";"20";"6";"-"
"3138658";"Lontra (MG)";"Total";"8790";"598";"607";"618";"674";"664";"390";"300";"220";"127";"72";"28";"9";"3"
"3138674";"Luisburgo (MG)";"Total";"6956";"482";"514";"458";"532";"538";"240";"183";"119";"92";"61";"19";"1";"3"
"3138682";"Luislândia (MG)";"Total";"6210";"408";"423";"503";"554";"495";"226";"170";"137";"81";"39";"25";"7";"2"
"3138708";"Luminárias (MG)";"Total";"5586";"290";"321";"310";"356";"387";"280";"208";"152";"84";"37";"15";"4";"-"
"3138807";"Luz (MG)";"Total";"17875";"922";"972";"1011";"1100";"1239";"927";"702";"493";"316";"178";"64";"18";"3"
"3138906";"Machacalis (MG)";"Total";"6487";"375";"402";"398";"491";"436";"310";"234";"191";"120";"81";"42";"18";"3"
"3139003";"Machado (MG)";"Total";"37684";"2243";"2185";"2358";"2625";"2894";"1703";"1262";"781";"540";"270";"107";"29";"9"
"3139102";"Madre de Deus de Minas (MG)";"Total";"5191";"278";"286";"321";"321";"397";"245";"170";"112";"75";"52";"16";"5";"1"
"3139201";"Malacacheta (MG)";"Total";"17516";"1025";"1111";"1188";"1265";"1315";"747";"612";"461";"304";"188";"79";"25";"10"
"3139250";"Mamonas (MG)";"Total";"5997";"301";"313";"337";"357";"335";"304";"263";"240";"156";"86";"35";"15";"3"
"3139300";"Manga (MG)";"Total";"18886";"1320";"1339";"1457";"1642";"1509";"710";"528";"381";"266";"144";"60";"19";"9"
"3139409";"Manhuaçu (MG)";"Total";"91886";"6355";"6181";"6276";"6815";"7667";"3391";"2417";"1498";"1043";"573";"273";"91";"11"
"3139508";"Manhumirim (MG)";"Total";"20613";"1261";"1286";"1292";"1558";"1534";"920";"677";"459";"311";"184";"67";"21";"3"
"3139607";"Mantena (MG)";"Total";"26535";"1614";"1676";"1670";"1759";"1681";"1293";"986";"648";"463";"279";"134";"33";"7"
"3139706";"Maravilhas (MG)";"Total";"7333";"403";"403";"478";"556";"527";"299";"206";"150";"104";"47";"17";"9";"-"
"3139805";"Mar de Espanha (MG)";"Total";"12721";"775";"774";"701";"825";"920";"604";"464";"308";"229";"115";"38";"13";"1"
"3139904";"Maria da Fé (MG)";"Total";"14247";"882";"902";"906";"907";"1014";"713";"481";"338";"185";"78";"43";"9";"-"
"3140001";"Mariana (MG)";"Total";"61387";"3808";"4166";"3872";"4225";"5040";"2214";"1582";"953";"645";"336";"157";"49";"5"
"3140100";"Marilac (MG)";"Total";"4224";"272";"256";"294";"319";"337";"189";"124";"110";"71";"52";"27";"3";"1"
"3140159";"Mário Campos (MG)";"Total";"15900";"1090";"1173";"1074";"1104";"1279";"553";"360";"227";"126";"84";"33";"6";"1"
"3140209";"Maripá de Minas (MG)";"Total";"3387";"194";"186";"211";"196";"220";"172";"153";"77";"56";"49";"18";"6";"1"
"3140308";"Marliéria (MG)";"Total";"4592";"253";"298";"299";"290";"285";"242";"181";"125";"79";"46";"25";"7";"-"
"3140407";"Marmelópolis (MG)";"Total";"3200";"199";"206";"187";"183";"184";"152";"118";"72";"46";"27";"7";"2";"-"
"3140506";"Martinho Campos (MG)";"Total";"14003";"821";"846";"838";"918";"966";"663";"553";"345";"209";"142";"48";"12";"2"
"3140530";"Martins Soares (MG)";"Total";"8396";"616";"588";"565";"669";"632";"337";"272";"159";"99";"60";"20";"7";"2"
"3140555";"Mata Verde (MG)";"Total";"9112";"529";"535";"610";"681";"822";"342";"261";"230";"141";"77";"40";"13";"5"
"3140605";"Materlândia (MG)";"Total";"3963";"229";"231";"268";"300";"255";"183";"148";"104";"99";"48";"28";"7";"2"
"3140704";"Mateus Leme (MG)";"Total";"37841";"2471";"2583";"2586";"2664";"2800";"1542";"1109";"676";"424";"235";"105";"24";"2"
"3140803";"Matias Barbosa (MG)";"Total";"14121";"707";"790";"806";"877";"1085";"715";"527";"354";"236";"141";"54";"18";"3"
"3140852";"Matias Cardoso (MG)";"Total";"8895";"692";"702";"771";"833";"708";"280";"225";"140";"105";"53";"20";"8";"2"
"3140902";"Matipó (MG)";"Total";"18552";"1349";"1347";"1346";"1523";"1553";"707";"452";"333";"218";"118";"63";"13";"4"
"3141009";"Mato Verde (MG)";"Total";"12038";"685";"731";"752";"770";"791";"548";"436";"314";"199";"104";"57";"25";"5"
"3141108";"Matozinhos (MG)";"Total";"37618";"2187";"2477";"2489";"2499";"2761";"1411";"1054";"667";"468";"255";"83";"22";"7"
"3141207";"Matutina (MG)";"Total";"3814";"213";"208";"215";"203";"243";"228";"171";"138";"113";"48";"24";"6";"1"
"3141306";"Medeiros (MG)";"Total";"3900";"235";"266";"237";"251";"288";"180";"105";"82";"50";"23";"7";"2";"2"
"3141405";"Medina (MG)";"Total";"20156";"1296";"1220";"1463";"1520";"1478";"868";"735";"580";"424";"229";"92";"40";"10"
"3141504";"Mendes Pimentel (MG)";"Total";"5606";"294";"291";"339";"353";"298";"299";"258";"184";"143";"69";"25";"10";"1"
"3141603";"Mercês (MG)";"Total";"10373";"462";"544";"624";"671";"714";"566";"413";"288";"202";"126";"49";"9";"-"
"3141702";"Mesquita (MG)";"Total";"5040";"255";"320";"309";"306";"308";"281";"227";"172";"91";"60";"39";"5";"3"
"3141801";"Minas Novas (MG)";"Total";"24405";"1400";"1593";"1789";"2143";"1900";"975";"683";"448";"342";"160";"60";"19";"7"
"3141900";"Minduri (MG)";"Total";"3741";"183";"204";"229";"254";"260";"204";"159";"83";"61";"28";"18";"1";"-"
"3142007";"Mirabela (MG)";"Total";"13651";"881";"840";"850";"960";"1048";"557";"473";"323";"218";"120";"55";"15";"8"
"3142106";"Miradouro (MG)";"Total";"8968";"478";"468";"543";"608";"581";"494";"313";"203";"158";"85";"42";"11";"3"
"3142205";"Miraí (MG)";"Total";"13633";"835";"733";"838";"873";"1012";"691";"545";"319";"210";"136";"47";"14";"4"
"3142254";"Miravânia (MG)";"Total";"3985";"262";"272";"305";"340";"273";"159";"121";"109";"71";"33";"10";"5";"1"
"3142304";"Moeda (MG)";"Total";"5125";"294";"279";"299";"290";"342";"262";"219";"138";"104";"56";"35";"11";"2"
"3142403";"Moema (MG)";"Total";"7548";"405";"399";"458";"518";"571";"324";"271";"180";"120";"53";"25";"9";"1"
"3142502";"Monjolos (MG)";"Total";"2169";"89";"127";"125";"163";"149";"117";"87";"75";"57";"27";"5";"2";"-"
"3142601";"Monsenhor Paulo (MG)";"Total";"8340";"465";"468";"516";"538";"584";"442";"305";"198";"124";"53";"27";"9";"1"
"3142700";"Montalvânia (MG)";"Total";"14060";"885";"920";"1041";"1104";"996";"580";"507";"437";"237";"132";"56";"12";"8"
"3142809";"Monte Alegre de Minas (MG)";"Total";"20170";"1155";"1292";"1272";"1284";"1349";"929";"728";"500";"348";"211";"96";"19";"10"
"3142908";"Monte Azul (MG)";"Total";"20328";"1121";"1187";"1227";"1242";"1138";"974";"825";"623";"431";"228";"92";"23";"8"
"3143005";"Monte Belo (MG)";"Total";"13046";"670";"679";"716";"803";"955";"659";"502";"337";"212";"118";"53";"17";"2"
"3143104";"Monte Carmelo (MG)";"Total";"47692";"2770";"2843";"2888";"3126";"3651";"1904";"1475";"905";"560";"293";"124";"29";"6"
"3143153";"Monte Formoso (MG)";"Total";"4381";"286";"290";"347";"449";"386";"175";"130";"105";"71";"45";"20";"5";"2"
"3143203";"Monte Santo de Minas (MG)";"Total";"20890";"1191";"1181";"1133";"1267";"1430";"1165";"846";"570";"389";"191";"93";"22";"4"
"3143302";"Montes Claros (MG)";"Total";"414240";"27416";"27234";"26309";"29400";"35434";"14038";"10600";"7078";"4262";"2317";"1012";"298";"80"
"3143401";"Monte Sião (MG)";"Total";"24089";"1312";"1355";"1461";"1585";"1644";"1091";"751";"477";"315";"151";"71";"16";"1"
"3143450";"Montezuma (MG)";"Total";"6888";"416";"450";"474";"589";"500";"268";"217";"154";"93";"70";"33";"5";"5"
"3143500";"Morada Nova de Minas (MG)";"Total";"9067";"529";"583";"555";"591";"627";"417";"300";"201";"130";"80";"25";"4";"1"
"3143609";"Morro da Garça (MG)";"Total";"2411";"143";"134";"142";"190";"157";"130";"90";"71";"39";"18";"11";"3";"1"
"3143708";"Morro do Pilar (MG)";"Total";"3133";"155";"185";"175";"214";"195";"150";"119";"96";"64";"46";"22";"9";"2"
"3143807";"Munhoz (MG)";"Total";"7451";"465";"510";"463";"488";"548";"352";"243";"153";"71";"39";"16";"-";"-"
"3143906";"Muriaé (MG)";"Total";"104108";"5866";"6297";"5954";"6671";"7333";"4937";"3645";"2275";"1492";"898";"376";"121";"19"
"3144003";"Mutum (MG)";"Total";"27635";"1839";"1759";"1797";"1934";"1939";"1230";"949";"684";"438";"261";"106";"24";"8"
"3144102";"Muzambinho (MG)";"Total";"21891";"1203";"1248";"1230";"1341";"1431";"1132";"846";"570";"327";"227";"78";"19";"1"
"3144201";"Nacip Raydan (MG)";"Total";"2459";"132";"145";"168";"173";"152";"113";"88";"92";"61";"38";"16";"6";"1"
"3144300";"Nanuque (MG)";"Total";"35038";"2105";"2236";"2387";"2393";"2255";"1561";"1221";"968";"644";"346";"172";"52";"20"
"3144359";"Naque (MG)";"Total";"6303";"499";"447";"461";"443";"419";"253";"198";"117";"77";"48";"16";"3";"1"
"3144375";"Natalândia (MG)";"Total";"3520";"230";"233";"240";"272";"294";"113";"83";"65";"57";"13";"6";"3";"1"
"3144409";"Natércia (MG)";"Total";"4691";"202";"225";"261";"258";"271";"271";"243";"154";"108";"58";"29";"9";"-"
"3144508";"Nazareno (MG)";"Total";"8179";"472";"434";"497";"553";"629";"398";"257";"212";"129";"69";"31";"4";"2"
"3144607";"Nepomuceno (MG)";"Total";"25018";"1348";"1528";"1509";"1686";"1861";"1379";"914";"632";"405";"223";"91";"28";"6"
"3144656";"Ninheira (MG)";"Total";"10588";"617";"600";"675";"835";"893";"402";"394";"223";"155";"89";"33";"18";"6"
"3144672";"Nova Belém (MG)";"Total";"3151";"203";"193";"225";"203";"185";"147";"117";"67";"48";"24";"5";"4";"1"
"3144706";"Nova Era (MG)";"Total";"17438";"967";"1163";"1087";"1251";"1129";"834";"567";"410";"272";"175";"77";"35";"2"
"3144805";"Nova Lima (MG)";"Total";"111697";"6640";"7271";"6906";"6634";"7378";"4534";"3357";"2111";"1262";"658";"297";"80";"17"
"3144904";"Nova Módica (MG)";"Total";"3663";"218";"225";"256";"219";"255";"176";"128";"134";"73";"35";"19";"4";"3"
"3145000";"Nova Ponte (MG)";"Total";"14598";"968";"1012";"1078";"1077";"1176";"447";"359";"187";"124";"49";"28";"5";"3"
"3145059";"Nova Porteirinha (MG)";"Total";"6706";"466";"467";"485";"478";"525";"210";"210";"145";"87";"33";"22";"5";"1"
"3145109";"Nova Resende (MG)";"Total";"16387";"1037";"1050";"1084";"1097";"1204";"764";"540";"322";"194";"103";"40";"11";"-"
"3145208";"Nova Serrana (MG)";"Total";"105552";"8703";"7911";"7433";"8287";"10365";"2119";"1305";"801";"513";"261";"71";"11";"6"
"3145307";"Novo Cruzeiro (MG)";"Total";"26975";"1714";"1834";"2216";"2404";"1988";"1039";"786";"591";"401";"246";"125";"29";"12"
"3145356";"Novo Oriente de Minas (MG)";"Total";"10275";"704";"704";"689";"808";"733";"462";"394";"305";"225";"102";"47";"13";"3"
"3145372";"Novorizonte (MG)";"Total";"4571";"292";"274";"333";"374";"303";"204";"161";"133";"126";"50";"33";"10";"2"
"3145406";"Olaria (MG)";"Total";"1945";"86";"109";"117";"116";"124";"114";"92";"58";"37";"16";"2";"1";"-"
"3145455";"Olhos-d'Água (MG)";"Total";"5385";"379";"400";"404";"455";"402";"180";"137";"80";"58";"23";"15";"1";"1"
"3145505";"Olímpio Noronha (MG)";"Total";"2555";"138";"145";"145";"147";"187";"156";"113";"68";"40";"23";"11";"1";"-"
"3145604";"Oliveira (MG)";"Total";"39262";"1977";"2022";"2227";"2451";"2756";"1994";"1371";"960";"673";"396";"182";"46";"12"
"3145703";"Oliveira Fortes (MG)";"Total";"2027";"122";"129";"112";"132";"112";"115";"96";"59";"35";"16";"4";"1";"-"
"3145802";"Onça de Pitangui (MG)";"Total";"2969";"174";"171";"178";"182";"203";"161";"86";"81";"52";"16";"13";"2";"1"
"3145851";"Oratórios (MG)";"Total";"4917";"288";"303";"357";"354";"358";"218";"140";"120";"76";"30";"20";"2";"1"
"3145877";"Orizânia (MG)";"Total";"8437";"597";"622";"580";"644";"646";"306";"232";"147";"102";"56";"31";"11";"1"
"3145901";"Ouro Branco (MG)";"Total";"38724";"2445";"2605";"2479";"2323";"2874";"1770";"1093";"584";"318";"170";"70";"17";"5"
"3146008";"Ouro Fino (MG)";"Total";"32094";"1647";"1648";"1837";"1901";"2114";"1735";"1295";"918";"542";"302";"113";"26";"6"
"3146107";"Ouro Preto (MG)";"Total";"74821";"3960";"4346";"4369";"4815";"5843";"3208";"2391";"1538";"1060";"583";"257";"94";"13"
"3146206";"Ouro Verde de Minas (MG)";"Total";"5757";"395";"377";"419";"448";"419";"255";"185";"143";"109";"58";"28";"5";"2"
"3146255";"Padre Carvalho (MG)";"Total";"5058";"312";"396";"434";"521";"389";"183";"132";"94";"50";"21";"11";"5";"8"
"3146305";"Padre Paraíso (MG)";"Total";"17334";"1234";"1243";"1213";"1461";"1390";"678";"504";"438";"330";"148";"91";"27";"7"
"3146404";"Paineiras (MG)";"Total";"4224";"180";"201";"225";"238";"204";"270";"212";"158";"109";"56";"16";"8";"1"
"3146503";"Pains (MG)";"Total";"8142";"419";"405";"446";"498";"507";"381";"295";"228";"138";"90";"23";"4";"-"
"3146552";"Pai Pedro (MG)";"Total";"5551";"337";"359";"407";"453";"376";"207";"169";"127";"87";"44";"18";"8";"2"
"3146602";"Paiva (MG)";"Total";"1474";"64";"82";"73";"74";"81";"91";"62";"52";"31";"23";"10";"6";"-"
"3146701";"Palma (MG)";"Total";"5707";"292";"303";"293";"359";"390";"310";"276";"202";"116";"62";"26";"4";"1"
"3146750";"Palmópolis (MG)";"Total";"6301";"400";"350";"408";"457";"396";"327";"262";"168";"117";"72";"41";"7";"2"
"3146909";"Papagaios (MG)";"Total";"13920";"856";"890";"927";"1078";"1166";"496";"338";"221";"138";"88";"27";"7";"1"
"3147006";"Paracatu (MG)";"Total";"94023";"6547";"6496";"6210";"6913";"7808";"2993";"2038";"1201";"821";"462";"231";"85";"14"
"3147105";"Pará de Minas (MG)";"Total";"97139";"5595";"5844";"5687";"6253";"7689";"3922";"2734";"1838";"1116";"676";"271";"78";"17"
"3147204";"Paraguaçu (MG)";"Total";"21723";"1289";"1309";"1283";"1345";"1538";"1015";"838";"587";"378";"198";"86";"25";"7"
"3147303";"Paraisópolis (MG)";"Total";"20445";"1055";"1106";"1230";"1280";"1451";"1014";"719";"536";"324";"165";"65";"16";"1"
"3147402";"Paraopeba (MG)";"Total";"24107";"1418";"1512";"1526";"1674";"1884";"992";"677";"436";"276";"139";"64";"20";"4"
"3147501";"Passabém (MG)";"Total";"1600";"74";"94";"78";"96";"75";"96";"77";"63";"49";"27";"17";"4";"1"
"3147600";"Passa Quatro (MG)";"Total";"15515";"820";"882";"882";"943";"1071";"828";"546";"354";"213";"104";"43";"16";"-"
"3147709";"Passa Tempo (MG)";"Total";"8473";"366";"418";"458";"480";"569";"449";"363";"260";"183";"97";"34";"8";"1"
"3147808";"Passa Vinte (MG)";"Total";"2233";"108";"126";"131";"123";"128";"120";"87";"67";"38";"24";"8";"7";"-"
"3147907";"Passos (MG)";"Total";"111939";"6632";"6882";"6756";"7078";"8546";"5181";"3772";"2541";"1537";"779";"280";"91";"12"
"3147956";"Patis (MG)";"Total";"4837";"276";"322";"364";"387";"317";"183";"180";"135";"65";"37";"17";"5";"3"
"3148004";"Patos de Minas (MG)";"Total";"159235";"8869";"9074";"8942";"10181";"12480";"6846";"4896";"3262";"2201";"1043";"449";"123";"24"
"3148103";"Patrocínio (MG)";"Total";"89826";"5554";"5882";"5538";"6001";"7062";"3534";"2471";"1622";"1096";"515";"236";"62";"10"
"3148202";"Patrocínio do Muriaé (MG)";"Total";"5576";"316";"329";"303";"329";"391";"311";"246";"182";"126";"50";"25";"4";"3"
"3148301";"Paula Cândido (MG)";"Total";"8659";"471";"450";"560";"586";"614";"426";"336";"204";"157";"98";"44";"18";"3"
"3148400";"Paulistas (MG)";"Total";"4389";"256";"279";"295";"365";"299";"210";"159";"143";"85";"56";"37";"8";"-"
"3148509";"Pavão (MG)";"Total";"8047";"499";"524";"536";"600";"552";"326";"311";"255";"175";"97";"47";"22";"4"
"3148608";"Peçanha (MG)";"Total";"17446";"996";"1031";"1198";"1299";"1382";"732";"533";"399";"326";"204";"76";"27";"3"
"3148707";"Pedra Azul (MG)";"Total";"24410";"1470";"1633";"1760";"1821";"1971";"908";"782";"553";"402";"226";"95";"36";"5"
"3148756";"Pedra Bonita (MG)";"Total";"7320";"548";"502";"524";"628";"632";"283";"156";"101";"65";"48";"14";"5";"1"
"3148806";"Pedra do Anta (MG)";"Total";"3311";"134";"169";"163";"217";"209";"224";"159";"135";"81";"42";"17";"5";"1"
"3148905";"Pedra do Indaiá (MG)";"Total";"4112";"196";"209";"228";"262";"258";"232";"170";"105";"77";"52";"18";"-";"-"
"3149002";"Pedra Dourada (MG)";"Total";"2757";"137";"182";"189";"201";"228";"109";"102";"49";"44";"13";"10";"1";"1"
"3149101";"Pedralva (MG)";"Total";"10760";"582";"605";"640";"680";"778";"564";"452";"268";"192";"88";"49";"9";"-"
"3149150";"Pedras de Maria da Cruz (MG)";"Total";"10433";"709";"776";"778";"820";"744";"420";"313";"197";"122";"72";"35";"8";"4"
"3149200";"Pedrinópolis (MG)";"Total";"3344";"186";"200";"221";"216";"244";"167";"138";"84";"46";"18";"9";"2";"-"
"3149309";"Pedro Leopoldo (MG)";"Total";"62580";"3534";"3782";"3626";"3932";"4286";"2909";"2052";"1235";"798";"503";"236";"70";"11"
"3149408";"Pedro Teixeira (MG)";"Total";"1810";"84";"75";"109";"117";"124";"88";"74";"56";"27";"12";"6";"2";"-"
"3149507";"Pequeri (MG)";"Total";"3351";"160";"222";"206";"217";"241";"163";"129";"93";"44";"30";"10";"3";"-"
"3149606";"Pequi (MG)";"Total";"4155";"231";"287";"236";"262";"249";"239";"141";"116";"66";"47";"15";"8";"1"
"3149705";"Perdigão (MG)";"Total";"12268";"916";"876";"888";"843";"981";"385";"279";"197";"143";"76";"22";"7";"1"
"3149804";"Perdizes (MG)";"Total";"17151";"1232";"1219";"1207";"1265";"1457";"620";"418";"238";"143";"72";"17";"7";"2"
"3149903";"Perdões (MG)";"Total";"21384";"1204";"1268";"1224";"1306";"1503";"1082";"787";"532";"341";"243";"98";"25";"5"
"3149952";"Periquito (MG)";"Total";"6553";"456";"484";"469";"501";"475";"288";"205";"130";"109";"53";"17";"4";"5"
"3150000";"Pescador (MG)";"Total";"3570";"205";"241";"248";"267";"234";"177";"137";"121";"80";"47";"24";"4";"6"
"3150109";"Piau (MG)";"Total";"2796";"119";"150";"172";"141";"146";"173";"131";"94";"74";"30";"19";"1";"-"
"3150158";"Piedade de Caratinga (MG)";"Total";"8529";"587";"559";"597";"659";"692";"330";"236";"144";"102";"49";"21";"5";"3"
"3150208";"Piedade de Ponte Nova (MG)";"Total";"3976";"265";"244";"277";"297";"283";"169";"113";"90";"67";"27";"23";"4";"-"
"3150307";"Piedade do Rio Grande (MG)";"Total";"4604";"251";"241";"239";"250";"294";"290";"198";"129";"102";"52";"26";"7";"2"
"3150406";"Piedade dos Gerais (MG)";"Total";"5019";"227";"270";"274";"324";"300";"273";"211";"147";"98";"46";"18";"6";"1"
"3150505";"Pimenta (MG)";"Total";"8563";"393";"407";"492";"507";"615";"467";"285";"172";"127";"64";"27";"6";"1"
"3150539";"Pingo-d'Água (MG)";"Total";"4706";"302";"309";"343";"368";"288";"210";"160";"115";"68";"35";"6";"4";"2"
"3150570";"Pintópolis (MG)";"Total";"7084";"488";"514";"557";"682";"502";"301";"248";"179";"112";"57";"37";"4";"2"
"3150604";"Piracema (MG)";"Total";"6700";"314";"330";"355";"394";"452";"378";"258";"183";"114";"62";"31";"4";"1"
"3150703";"Pirajuba (MG)";"Total";"5537";"365";"394";"378";"411";"362";"217";"131";"92";"52";"37";"18";"4";"1"
"3150802";"Piranga (MG)";"Total";"17018";"897";"922";"1135";"1221";"1298";"809";"598";"426";"319";"167";"90";"31";"6"
"3150901";"Piranguçu (MG)";"Total";"6041";"313";"340";"417";"353";"385";"350";"219";"136";"91";"46";"30";"4";"2"
"3151008";"Piranguinho (MG)";"Total";"9120";"573";"585";"560";"602";"570";"439";"261";"196";"141";"83";"23";"5";"2"
"3151107";"Pirapetinga (MG)";"Total";"11077";"655";"675";"652";"663";"772";"542";"416";"270";"146";"84";"32";"11";"3"
"3151206";"Pirapora (MG)";"Total";"55606";"3716";"4050";"3920";"4018";"3856";"2209";"1538";"942";"634";"330";"161";"47";"10"
"3151305";"Piraúba (MG)";"Total";"11610";"569";"647";"700";"770";"729";"598";"464";"313";"207";"126";"50";"12";"-"
"3151404";"Pitangui (MG)";"Total";"26685";"1618";"1652";"1638";"1924";"2068";"1104";"806";"552";"353";"196";"78";"34";"8"
"3151503";"Piumhi (MG)";"Total";"36062";"2037";"2046";"1920";"2368";"2641";"1664";"1219";"828";"552";"304";"122";"41";"4"
"3151602";"Planura (MG)";"Total";"11145";"707";"761";"849";"780";"824";"448";"322";"208";"114";"62";"25";"11";"-"
"3151701";"Poço Fundo (MG)";"Total";"16390";"774";"850";"949";"1019";"1124";"886";"725";"459";"274";"158";"55";"13";"1"
"3151800";"Poços de Caldas (MG)";"Total";"163742";"8332";"9045";"9362";"9620";"11981";"8125";"6149";"4076";"2612";"1322";"533";"153";"23"
"3151909";"Pocrane (MG)";"Total";"8350";"463";"468";"476";"517";"446";"463";"384";"272";"208";"115";"60";"16";"1"
"3152006";"Pompéu (MG)";"Total";"31047";"2045";"2065";"2071";"2273";"2375";"1185";"909";"612";"389";"221";"89";"23";"3"
"3152105";"Ponte Nova (MG)";"Total";"57776";"3003";"3170";"3215";"3780";"4006";"2831";"2070";"1344";"855";"548";"247";"82";"6"
"3152131";"Ponto Chique (MG)";"Total";"3747";"255";"299";"289";"285";"233";"143";"117";"71";"51";"25";"11";"1";"2"
"3152170";"Ponto dos Volantes (MG)";"Total";"10883";"682";"756";"888";"1006";"835";"406";"366";"289";"225";"126";"57";"9";"4"
"3152204";"Porteirinha (MG)";"Total";"37438";"2206";"2316";"2473";"2530";"2504";"1521";"1347";"886";"572";"301";"155";"62";"14"
"3152303";"Porto Firme (MG)";"Total";"10569";"516";"497";"655";"681";"812";"584";"385";"287";"210";"121";"50";"12";"5"
"3152402";"Poté (MG)";"Total";"13666";"809";"821";"903";"1072";"929";"625";"508";"369";"301";"176";"104";"29";"5"
"3152501";"Pouso Alegre (MG)";"Total";"152217";"8912";"9313";"8906";"9363";"11471";"6320";"4486";"2823";"1784";"988";"433";"100";"24"
"3152600";"Pouso Alto (MG)";"Total";"6566";"332";"353";"366";"350";"357";"370";"257";"162";"115";"72";"17";"6";"1"
"3152709";"Prados (MG)";"Total";"9048";"437";"497";"553";"635";"672";"424";"292";"186";"151";"58";"28";"8";"2"
"3152808";"Prata (MG)";"Total";"28342";"1739";"1920";"1913";"1956";"2048";"1090";"873";"552";"338";"161";"84";"24";"3"
"3152907";"Pratápolis (MG)";"Total";"8406";"394";"435";"446";"494";"571";"575";"403";"264";"170";"93";"49";"8";"-"
"3153004";"Pratinha (MG)";"Total";"3559";"229";"217";"202";"218";"262";"166";"139";"67";"53";"27";"15";"1";"-"
"3153103";"Presidente Bernardes (MG)";"Total";"4850";"202";"224";"290";"352";"321";"277";"194";"152";"113";"63";"27";"3";"2"
"3153202";"Presidente Juscelino (MG)";"Total";"3465";"176";"182";"199";"241";"188";"185";"133";"107";"66";"50";"14";"-";"3"
"3153301";"Presidente Kubitschek (MG)";"Total";"3071";"186";"216";"268";"270";"225";"113";"89";"65";"57";"28";"14";"4";"1"
"3153400";"Presidente Olegário (MG)";"Total";"18765";"1016";"1071";"1179";"1271";"1280";"880";"643";"446";"279";"144";"64";"14";"3"
"3153509";"Alto Jequitibá (MG)";"Total";"8397";"503";"477";"503";"557";"600";"461";"292";"163";"138";"85";"41";"13";"2"
"3153608";"Prudente de Morais (MG)";"Total";"11466";"748";"791";"774";"792";"855";"419";"278";"195";"117";"60";"23";"7";"2"
"3153707";"Quartel Geral (MG)";"Total";"3179";"140";"168";"195";"205";"211";"205";"147";"110";"57";"26";"15";"4";"-"
"3153806";"Queluzito (MG)";"Total";"1770";"82";"88";"78";"97";"99";"114";"87";"70";"27";"10";"8";"-";"1"
"3153905";"Raposos (MG)";"Total";"16279";"934";"1018";"1037";"1033";"1176";"686";"503";"302";"155";"95";"40";"6";"1"
"3154002";"Raul Soares (MG)";"Total";"23423";"1199";"1305";"1355";"1551";"1459";"1203";"951";"648";"484";"293";"149";"40";"11"
"3154101";"Recreio (MG)";"Total";"11007";"462";"487";"512";"627";"751";"690";"553";"343";"254";"125";"64";"12";"5"
"3154150";"Reduto (MG)";"Total";"7848";"585";"522";"555";"564";"600";"275";"209";"136";"83";"56";"18";"8";"2"
"3154200";"Resende Costa (MG)";"Total";"11230";"497";"643";"658";"722";"786";"622";"398";"300";"190";"95";"44";"6";"-"
"3154309";"Resplendor (MG)";"Total";"17226";"1054";"1108";"1080";"1110";"1151";"835";"722";"508";"332";"171";"85";"22";"4"
"3154408";"Ressaquinha (MG)";"Total";"4548";"235";"255";"284";"269";"319";"227";"154";"124";"76";"35";"17";"2";"-"
"3154457";"Riachinho (MG)";"Total";"6863";"433";"446";"482";"487";"497";"316";"233";"145";"100";"48";"25";"9";"-"
"3154507";"Riacho dos Machados (MG)";"Total";"8756";"616";"580";"663";"750";"691";"312";"269";"181";"101";"66";"24";"13";"4"
"3154606";"Ribeirão das Neves (MG)";"Total";"329794";"21248";"23364";"22606";"23929";"28131";"11428";"7460";"4376";"2535";"1226";"504";"138";"36"
"3154705";"Ribeirão Vermelho (MG)";"Total";"4080";"227";"241";"224";"247";"256";"232";"155";"96";"71";"39";"27";"5";"-"
"3154804";"Rio Acima (MG)";"Total";"10261";"601";"626";"631";"622";"840";"450";"281";"197";"120";"69";"18";"7";"-"
"3154903";"Rio Casca (MG)";"Total";"12789";"699";"747";"767";"881";"874";"670";"502";"326";"236";"138";"80";"22";"2"
"3155009";"Rio Doce (MG)";"Total";"2484";"124";"100";"120";"152";"179";"143";"90";"70";"43";"28";"12";"7";"1"
"3155108";"Rio do Prado (MG)";"Total";"4639";"263";"289";"322";"316";"289";"193";"170";"141";"82";"52";"41";"9";"2"
"3155207";"Rio Espera (MG)";"Total";"5429";"237";"228";"277";"367";"389";"288";"243";"197";"132";"84";"33";"7";"1"
"3155306";"Rio Manso (MG)";"Total";"5568";"260";"280";"277";"308";"367";"350";"268";"158";"97";"54";"21";"4";"-"
"3155405";"Rio Novo (MG)";"Total";"8518";"470";"472";"451";"578";"540";"423";"374";"244";"169";"93";"32";"18";"2"
"3155504";"Rio Paranaíba (MG)";"Total";"14532";"884";"880";"883";"1019";"1212";"548";"354";"254";"171";"82";"35";"11";"4"
"3155603";"Rio Pardo de Minas (MG)";"Total";"28271";"1866";"1913";"1933";"2260";"2285";"1020";"805";"582";"356";"195";"87";"32";"8"
"3155702";"Rio Piracicaba (MG)";"Total";"14631";"756";"864";"887";"966";"941";"749";"561";"405";"251";"126";"57";"18";"5"
"3155801";"Rio Pomba (MG)";"Total";"17443";"938";"1009";"962";"968";"1207";"861";"673";"459";"353";"212";"89";"31";"9"
"3155900";"Rio Preto (MG)";"Total";"5141";"245";"238";"300";"339";"350";"291";"191";"163";"101";"64";"32";"8";"4"
"3156007";"Rio Vermelho (MG)";"Total";"12641";"664";"751";"921";"1032";"1020";"548";"458";"311";"257";"144";"62";"17";"3"
"3156106";"Ritápolis (MG)";"Total";"4994";"211";"250";"261";"271";"273";"313";"237";"161";"104";"54";"24";"7";"1"
"3156205";"Rochedo de Minas (MG)";"Total";"2291";"132";"144";"153";"134";"170";"109";"78";"59";"44";"19";"6";"2";"1"
"3156304";"Rodeiro (MG)";"Total";"8664";"552";"610";"589";"577";"695";"295";"216";"155";"101";"60";"21";"3";"-"
"3156403";"Romaria (MG)";"Total";"3386";"203";"212";"215";"202";"213";"152";"131";"66";"58";"24";"9";"1";"1"
"3156452";"Rosário da Limeira (MG)";"Total";"4734";"272";"257";"253";"324";"311";"246";"169";"124";"73";"34";"25";"7";"1"
"3156502";"Rubelita (MG)";"Total";"5679";"271";"292";"414";"459";"359";"321";"262";"184";"114";"75";"25";"13";"2"
"3156601";"Rubim (MG)";"Total";"10298";"559";"546";"633";"736";"787";"371";"371";"273";"216";"121";"58";"14";"5"
"3156700";"Sabará (MG)";"Total";"129380";"7579";"8324";"8286";"8662";"9867";"5217";"3715";"2318";"1544";"820";"406";"111";"22"
"3156809";"Sabinópolis (MG)";"Total";"14240";"767";"899";"963";"1066";"1004";"604";"531";"396";"267";"182";"86";"31";"11"
"3156908";"Sacramento (MG)";"Total";"26670";"1609";"1747";"1630";"1690";"1939";"1112";"801";"581";"366";"191";"101";"30";"5"
"3157005";"Salinas (MG)";"Total";"40178";"2308";"2452";"2512";"2829";"2931";"1735";"1427";"1077";"764";"444";"182";"52";"20"
"3157104";"Salto da Divisa (MG)";"Total";"6110";"339";"445";"481";"510";"431";"233";"222";"125";"119";"64";"30";"15";"4"
"3157203";"Santa Bárbara (MG)";"Total";"30466";"1840";"2066";"2031";"1968";"2138";"1200";"841";"504";"355";"186";"88";"24";"7"
"3157252";"Santa Bárbara do Leste (MG)";"Total";"8458";"568";"531";"519";"620";"581";"345";"252";"190";"134";"70";"34";"3";"1"
"3157278";"Santa Bárbara do Monte Verde (MG)";"Total";"3095";"190";"208";"213";"227";"189";"164";"119";"78";"49";"19";"11";"4";"1"
"3157302";"Santa Bárbara do Tugúrio (MG)";"Total";"4208";"216";"218";"258";"253";"291";"227";"175";"130";"52";"30";"17";"3";"1"
"3157336";"Santa Cruz de Minas (MG)";"Total";"8109";"465";"509";"501";"532";"617";"359";"218";"126";"79";"41";"13";"3";"2"
"3157377";"Santa Cruz de Salinas (MG)";"Total";"3910";"208";"209";"265";"344";"274";"195";"170";"128";"88";"58";"22";"12";"1"
"3157401";"Santa Cruz do Escalvado (MG)";"Total";"4673";"234";"232";"244";"299";"281";"290";"179";"153";"112";"62";"25";"13";"1"
"3157500";"Santa Efigênia de Minas (MG)";"Total";"4039";"229";"281";"281";"308";"253";"210";"169";"131";"84";"32";"16";"7";"-"
"3157609";"Santa Fé de Minas (MG)";"Total";"3522";"244";"267";"243";"288";"239";"154";"104";"57";"53";"30";"15";"2";"-"
"3157658";"Santa Helena de Minas (MG)";"Total";"5938";"459";"548";"524";"514";"409";"218";"185";"137";"103";"40";"28";"7";"2"
"3157708";"Santa Juliana (MG)";"Total";"15734";"1184";"1104";"1127";"1219";"1441";"441";"321";"222";"91";"51";"16";"7";"1"
"3157807";"Santa Luzia (MG)";"Total";"219132";"13585";"14949";"14145";"15233";"17499";"8191";"5734";"3509";"2189";"1060";"442";"138";"18"
"3157906";"Santa Margarida (MG)";"Total";"16395";"1182";"1158";"1180";"1320";"1297";"614";"450";"276";"184";"109";"49";"4";"1"
"3158003";"Santa Maria de Itabira (MG)";"Total";"10485";"656";"719";"633";"764";"811";"432";"328";"215";"173";"105";"59";"16";"2"
"3158102";"Santa Maria do Salto (MG)";"Total";"4755";"283";"288";"314";"362";"263";"228";"211";"128";"104";"58";"25";"13";"9"
"3158201";"Santa Maria do Suaçuí (MG)";"Total";"12788";"748";"808";"901";"994";"970";"532";"448";"306";"241";"127";"65";"18";"4"
"3158300";"Santana da Vargem (MG)";"Total";"6691";"352";"357";"388";"453";"524";"337";"243";"178";"79";"48";"20";"4";"1"
"3158409";"Santana de Cataguases (MG)";"Total";"3489";"161";"161";"225";"212";"209";"201";"158";"107";"69";"46";"18";"4";"-"
"3158508";"Santana de Pirapama (MG)";"Total";"7030";"316";"334";"374";"459";"399";"419";"337";"234";"180";"96";"30";"12";"1"
"3158607";"Santana do Deserto (MG)";"Total";"3747";"187";"267";"222";"228";"256";"186";"158";"101";"64";"33";"19";"2";"-"
"3158706";"Santana do Garambéu (MG)";"Total";"2137";"104";"120";"115";"173";"137";"104";"96";"79";"27";"17";"6";"1";"3"
"3158805";"Santana do Jacaré (MG)";"Total";"4214";"222";"220";"195";"258";"307";"243";"163";"121";"86";"47";"19";"6";"-"
"3158904";"Santana do Manhuaçu (MG)";"Total";"8987";"690";"572";"562";"718";"669";"371";"265";"188";"117";"67";"34";"7";"1"
"3158953";"Santana do Paraíso (MG)";"Total";"44800";"3421";"3118";"2803";"2679";"3237";"1411";"848";"490";"295";"190";"88";"18";"3"
"3159001";"Santana do Riacho (MG)";"Total";"5313";"292";"329";"313";"326";"374";"253";"188";"114";"53";"35";"20";"8";"3"
"3159100";"Santana dos Montes (MG)";"Total";"3469";"156";"196";"190";"249";"227";"199";"135";"115";"75";"35";"12";"6";"-"
"3159209";"Santa Rita de Caldas (MG)";"Total";"8460";"394";"397";"477";"438";"525";"523";"434";"296";"142";"92";"28";"7";"-"
"3159308";"Santa Rita de Jacutinga (MG)";"Total";"4755";"231";"274";"266";"269";"290";"278";"204";"168";"106";"49";"32";"5";"2"
"3159357";"Santa Rita de Minas (MG)";"Total";"6773";"457";"460";"436";"467";"466";"286";"210";"147";"96";"61";"27";"5";"3"
"3159407";"Santa Rita de Ibitipoca (MG)";"Total";"3301";"169";"190";"193";"217";"218";"179";"128";"84";"68";"36";"12";"3";"1"
"3159506";"Santa Rita do Itueto (MG)";"Total";"5826";"405";"364";"363";"400";"381";"280";"205";"155";"84";"51";"21";"5";"1"
"3159605";"Santa Rita do Sapucaí (MG)";"Total";"40635";"2322";"2525";"2431";"2708";"3068";"1700";"1238";"853";"486";"260";"128";"40";"4"
"3159704";"Santa Rosa da Serra (MG)";"Total";"3382";"215";"201";"227";"253";"264";"159";"120";"94";"45";"20";"12";"3";"3"
"3159803";"Santa Vitória (MG)";"Total";"20973";"1217";"1323";"1314";"1331";"1296";"909";"698";"534";"321";"173";"79";"12";"4"
"3159902";"Santo Antônio do Amparo (MG)";"Total";"17285";"998";"996";"1111";"1188";"1293";"860";"594";"374";"256";"126";"57";"16";"3"
"3160009";"Santo Antônio do Aventureiro (MG)";"Total";"3769";"197";"188";"219";"214";"265";"205";"168";"105";"68";"46";"28";"5";"-"
"3160108";"Santo Antônio do Grama (MG)";"Total";"4229";"256";"294";"255";"252";"276";"173";"161";"95";"105";"48";"21";"6";"-"
"3160207";"Santo Antônio do Itambé (MG)";"Total";"3915";"187";"216";"284";"363";"296";"183";"144";"78";"70";"39";"15";"9";"-"
"3160306";"Santo Antônio do Jacinto (MG)";"Total";"10327";"603";"682";"744";"819";"636";"459";"438";"294";"204";"109";"65";"18";"5"
"3160405";"Santo Antônio do Monte (MG)";"Total";"27295";"1637";"1692";"1714";"1792";"2141";"1170";"838";"545";"362";"230";"106";"24";"4"
"3160454";"Santo Antônio do Retiro (MG)";"Total";"6629";"454";"410";"526";"577";"447";"287";"209";"149";"87";"65";"21";"7";"4"
"3160504";"Santo Antônio do Rio Abaixo (MG)";"Total";"1808";"81";"93";"126";"140";"116";"100";"59";"47";"22";"19";"12";"1";"-"
"3160603";"Santo Hipólito (MG)";"Total";"2717";"139";"133";"159";"182";"152";"175";"107";"86";"65";"33";"15";"2";"-"
"3160702";"Santos Dumont (MG)";"Total";"42406";"2135";"2334";"2475";"2646";"2903";"2223";"1560";"1085";"699";"391";"178";"49";"11"
"3160801";"São Bento Abade (MG)";"Total";"4713";"345";"327";"310";"412";"368";"179";"111";"77";"58";"31";"10";"4";"-"
"3160900";"São Brás do Suaçuí (MG)";"Total";"3989";"180";"245";"239";"248";"238";"186";"139";"101";"69";"32";"20";"6";"-"
"3160959";"São Domingos das Dores (MG)";"Total";"5626";"383";"373";"395";"438";"430";"213";"133";"92";"75";"38";"20";"6";"1"
"3161007";"São Domingos do Prata (MG)";"Total";"17392";"835";"960";"983";"1106";"1009";"1043";"728";"581";"397";"213";"99";"40";"6"
"3161056";"São Félix de Minas (MG)";"Total";"3200";"176";"183";"192";"231";"205";"130";"117";"94";"66";"30";"18";"5";"6"
"3161106";"São Francisco (MG)";"Total";"52762";"3830";"4075";"4098";"4565";"4580";"1871";"1470";"1018";"646";"361";"175";"39";"8"
"3161205";"São Francisco de Paula (MG)";"Total";"6187";"312";"324";"332";"336";"462";"325";"228";"157";"103";"58";"39";"10";"-"
"3161304";"São Francisco de Sales (MG)";"Total";"5732";"303";"400";"390";"337";"369";"255";"146";"101";"66";"30";"17";"2";"1"
"3161403";"São Francisco do Glória (MG)";"Total";"4800";"258";"261";"284";"321";"354";"244";"187";"127";"96";"39";"21";"4";"2"
"3161502";"São Geraldo (MG)";"Total";"10282";"617";"589";"623";"691";"708";"480";"354";"238";"153";"98";"37";"16";"2"
"3161601";"São Geraldo da Piedade (MG)";"Total";"3305";"154";"202";"242";"254";"170";"179";"145";"98";"69";"53";"16";"1";"-"
"3161650";"São Geraldo do Baixio (MG)";"Total";"3143";"181";"190";"220";"197";"191";"156";"115";"74";"58";"29";"17";"8";"1"
"3161700";"São Gonçalo do Abaeté (MG)";"Total";"7375";"477";"521";"532";"613";"534";"302";"190";"141";"87";"37";"22";"7";"1"
"3161809";"São Gonçalo do Pará (MG)";"Total";"11770";"691";"735";"747";"798";"786";"537";"386";"279";"204";"109";"38";"9";"3"
"3161908";"São Gonçalo do Rio Abaixo (MG)";"Total";"11850";"741";"785";"828";"794";"920";"439";"311";"240";"143";"78";"42";"14";"-"
"3162005";"São Gonçalo do Sapucaí (MG)";"Total";"23959";"1553";"1581";"1525";"1648";"1716";"1108";"799";"527";"352";"175";"86";"16";"-"
"3162104";"São Gotardo (MG)";"Total";"40910";"2903";"2778";"2633";"3008";"3984";"1245";"882";"606";"379";"200";"98";"27";"9"
"3162203";"São João Batista do Glória (MG)";"Total";"7652";"431";"455";"433";"447";"532";"384";"318";"188";"107";"49";"17";"6";"5"
"3162252";"São João da Lagoa (MG)";"Total";"4822";"369";"303";"296";"318";"315";"236";"160";"89";"57";"47";"14";"4";"-"
"3162302";"São João da Mata (MG)";"Total";"2914";"152";"146";"170";"186";"163";"174";"101";"90";"34";"21";"6";"1";"-"
"3162401";"São João da Ponte (MG)";"Total";"23930";"1539";"1541";"1617";"1830";"1780";"1022";"804";"549";"346";"191";"90";"16";"9"
"3162450";"São João das Missões (MG)";"Total";"13024";"1247";"1218";"1305";"1374";"1288";"284";"242";"173";"113";"54";"14";"14";"6"
"3162500";"São João del Rei (MG)";"Total";"90225";"4366";"4677";"4611";"5202";"6594";"4608";"3222";"2082";"1373";"743";"330";"73";"17"
"3162559";"São João do Manhuaçu (MG)";"Total";"11246";"869";"852";"832";"870";"915";"382";"245";"159";"117";"69";"21";"6";"3"
"3162575";"São João do Manteninha (MG)";"Total";"5331";"323";"326";"330";"385";"346";"231";"175";"142";"94";"53";"29";"8";"1"
"3162609";"São João do Oriente (MG)";"Total";"7070";"422";"386";"418";"462";"409";"379";"293";"187";"161";"69";"26";"15";"1"
"3162658";"São João do Pacuí (MG)";"Total";"3972";"233";"265";"303";"291";"227";"181";"151";"104";"72";"42";"19";"4";"-"
"3162708";"São João do Paraíso (MG)";"Total";"23910";"1458";"1506";"1523";"1847";"1909";"867";"784";"534";"343";"197";"103";"22";"6"
"3162807";"São João Evangelista (MG)";"Total";"15315";"1005";"932";"1039";"1074";"1124";"690";"544";"377";"316";"162";"74";"24";"5"
"3162906";"São João Nepomuceno (MG)";"Total";"25565";"1500";"1513";"1417";"1615";"1647";"1340";"996";"654";"428";"259";"126";"32";"3"
"3162922";"São Joaquim de Bicas (MG)";"Total";"34348";"2222";"2362";"2394";"2447";"2959";"1039";"785";"466";"292";"136";"53";"17";"2"
"3162948";"São José da Barra (MG)";"Total";"7793";"523";"521";"558";"500";"491";"370";"256";"168";"88";"43";"15";"7";"-"
"3162955";"São José da Lapa (MG)";"Total";"26090";"1636";"1805";"1631";"1727";"2044";"980";"645";"389";"266";"138";"57";"19";"3"
"3163003";"São José da Safira (MG)";"Total";"3806";"272";"255";"295";"345";"284";"147";"101";"62";"49";"33";"9";"4";"-"
"3163102";"São José da Varginha (MG)";"Total";"4536";"236";"317";"310";"326";"335";"202";"128";"99";"53";"40";"12";"4";"-"
"3163201";"São José do Alegre (MG)";"Total";"4133";"247";"250";"247";"241";"298";"217";"161";"119";"64";"38";"7";"2";"-"
"3163300";"São José do Divino (MG)";"Total";"3464";"199";"239";"251";"231";"241";"163";"126";"88";"60";"34";"14";"5";"3"
"3163409";"São José do Goiabal (MG)";"Total";"5396";"257";"307";"344";"347";"315";"279";"226";"148";"97";"66";"22";"11";"2"
"3163508";"São José do Jacuri (MG)";"Total";"6197";"364";"371";"434";"518";"432";"245";"232";"162";"116";"70";"27";"5";"-"
"3163607";"São José do Mantimento (MG)";"Total";"2753";"176";"197";"161";"163";"219";"104";"103";"74";"45";"29";"9";"5";"1"
"3163706";"São Lourenço (MG)";"Total";"44798";"2261";"2497";"2607";"2738";"2969";"2356";"1741";"1214";"807";"421";"208";"45";"9"
"3163805";"São Miguel do Anta (MG)";"Total";"6334";"288";"347";"385";"444";"402";"356";"234";"157";"121";"72";"45";"10";"3"
"3163904";"São Pedro da União (MG)";"Total";"4885";"262";"282";"256";"273";"288";"259";"221";"147";"85";"51";"16";"4";"-"
"3164001";"São Pedro dos Ferros (MG)";"Total";"7166";"405";"393";"425";"522";"483";"396";"302";"196";"145";"93";"50";"9";"2"
"3164100";"São Pedro do Suaçuí (MG)";"Total";"5103";"273";"308";"309";"388";"335";"235";"223";"179";"112";"59";"34";"8";"1"
"3164209";"São Romão (MG)";"Total";"10315";"679";"716";"768";"855";"935";"375";"264";"153";"118";"65";"28";"14";"1"
"3164308";"São Roque de Minas (MG)";"Total";"7129";"388";"349";"422";"453";"494";"342";"251";"177";"109";"52";"20";"4";"2"
"3164407";"São Sebastião da Bela Vista (MG)";"Total";"6387";"429";"458";"429";"409";"452";"297";"228";"140";"76";"33";"19";"4";"-"
"3164431";"São Sebastião da Vargem Alegre (MG)";"Total";"3113";"164";"176";"210";"208";"204";"155";"106";"64";"44";"23";"7";"5";"-"
"3164472";"São Sebastião do Anta (MG)";"Total";"6194";"424";"405";"472";"470";"448";"248";"168";"131";"76";"49";"27";"3";"5"
"3164506";"São Sebastião do Maranhão (MG)";"Total";"10079";"577";"568";"667";"862";"834";"433";"385";"249";"183";"125";"51";"9";"5"
"3164605";"São Sebastião do Oeste (MG)";"Total";"8815";"712";"590";"589";"617";"860";"336";"227";"165";"102";"54";"21";"2";"3"
"3164704";"São Sebastião do Paraíso (MG)";"Total";"71796";"4291";"4301";"4309";"4542";"5322";"3283";"2453";"1687";"1132";"570";"238";"60";"7"
"3164803";"São Sebastião do Rio Preto (MG)";"Total";"1259";"50";"78";"74";"92";"78";"76";"55";"41";"32";"19";"10";"3";"-"
"3164902";"São Sebastião do Rio Verde (MG)";"Total";"2300";"120";"130";"124";"128";"134";"125";"99";"59";"33";"25";"12";"6";"-"
"3165008";"São Tiago (MG)";"Total";"11192";"641";"645";"669";"712";"811";"530";"420";"305";"207";"89";"45";"14";"-"
"3165107";"São Tomás de Aquino (MG)";"Total";"6740";"415";"379";"451";"490";"501";"298";"278";"201";"142";"66";"20";"6";"-"
"3165206";"São Tomé das Letras (MG)";"Total";"6904";"402";"429";"365";"429";"488";"287";"190";"105";"60";"31";"14";"4";"-"
"3165305";"São Vicente de Minas (MG)";"Total";"6804";"373";"398";"414";"456";"525";"350";"256";"162";"106";"58";"29";"5";"2"
"3165404";"Sapucaí-Mirim (MG)";"Total";"6311";"378";"400";"416";"433";"453";"296";"227";"141";"80";"36";"18";"3";"-"
"3165503";"Sardoá (MG)";"Total";"5104";"312";"303";"335";"365";"422";"211";"165";"118";"125";"40";"13";"2";"3"
"3165537";"Sarzedo (MG)";"Total";"36844";"2372";"2742";"2472";"2532";"2969";"1020";"725";"401";"225";"135";"55";"8";"5"
"3165552";"Setubinha (MG)";"Total";"9917";"721";"804";"954";"1151";"797";"352";"256";"209";"114";"76";"28";"6";"2"
"3165560";"Sem-Peixe (MG)";"Total";"2433";"90";"101";"137";"146";"114";"142";"120";"117";"89";"51";"14";"5";"1"
"3165578";"Senador Amaral (MG)";"Total";"6206";"460";"433";"455";"506";"528";"192";"141";"86";"47";"18";"10";"4";"-"
"3165602";"Senador Cortes (MG)";"Total";"2240";"128";"178";"165";"165";"169";"101";"69";"47";"32";"11";"7";"3";"-"
"3165701";"Senador Firmino (MG)";"Total";"7716";"393";"458";"493";"495";"509";"372";"311";"221";"161";"92";"30";"13";"-"
"3165800";"Senador José Bento (MG)";"Total";"2068";"83";"79";"103";"120";"106";"164";"97";"79";"55";"30";"7";"2";"1"
"3165909";"Senador Modestino Gonçalves (MG)";"Total";"4008";"190";"219";"265";"301";"256";"186";"147";"126";"97";"38";"21";"6";"-"
"3166006";"Senhora de Oliveira (MG)";"Total";"5483";"230";"258";"338";"355";"395";"244";"189";"121";"123";"70";"33";"5";"1"
"3166105";"Senhora do Porto (MG)";"Total";"3067";"165";"207";"228";"258";"186";"145";"105";"99";"71";"65";"9";"4";"4"
"3166204";"Senhora dos Remédios (MG)";"Total";"10384";"535";"520";"535";"704";"759";"502";"413";"290";"181";"83";"42";"3";"3"
"3166303";"Sericita (MG)";"Total";"7345";"458";"463";"492";"558";"611";"283";"225";"140";"85";"51";"19";"6";"1"
"3166402";"Seritinga (MG)";"Total";"1819";"100";"98";"89";"109";"110";"103";"73";"46";"29";"22";"6";"-";"1"
"3166501";"Serra Azul de Minas (MG)";"Total";"3792";"225";"263";"265";"329";"342";"148";"101";"74";"74";"30";"12";"4";"-"
"3166600";"Serra da Saudade (MG)";"Total";"833";"29";"52";"38";"47";"42";"51";"44";"22";"12";"8";"3";"2";"-"
"3166709";"Serra dos Aimorés (MG)";"Total";"6944";"453";"438";"539";"594";"483";"288";"215";"176";"122";"84";"29";"9";"3"
"3166808";"Serra do Salitre (MG)";"Total";"11801";"860";"893";"795";"899";"940";"370";"257";"133";"89";"41";"17";"4";"-"
"3166907";"Serrania (MG)";"Total";"7621";"445";"433";"481";"567";"567";"349";"264";"177";"104";"70";"23";"6";"-"
"3166956";"Serranópolis de Minas (MG)";"Total";"4399";"237";"271";"311";"317";"297";"176";"172";"122";"73";"34";"17";"4";"2"
"3167004";"Serranos (MG)";"Total";"1990";"113";"100";"113";"112";"145";"90";"81";"58";"32";"23";"6";"1";"-"
"3167103";"Serro (MG)";"Total";"21952";"1340";"1300";"1381";"1794";"1939";"857";"565";"437";"319";"186";"100";"35";"12"
"3167202";"Sete Lagoas (MG)";"Total";"227397";"12561";"13241";"12945";"14817";"17054";"9627";"6617";"4397";"2775";"1616";"623";"202";"29"
"3167301";"Silveirânia (MG)";"Total";"2323";"144";"125";"123";"139";"148";"105";"80";"68";"51";"30";"11";"1";"1"
"3167400";"Silvianópolis (MG)";"Total";"6179";"324";"342";"337";"369";"386";"352";"332";"207";"146";"61";"19";"9";"3"
"3167509";"Simão Pereira (MG)";"Total";"2947";"168";"157";"143";"196";"186";"177";"117";"85";"53";"31";"12";"2";"-"
"3167608";"Simonésia (MG)";"Total";"19750";"1532";"1356";"1394";"1471";"1532";"729";"521";"376";"240";"135";"52";"14";"4"
"3167707";"Sobrália (MG)";"Total";"5137";"290";"283";"330";"355";"314";"269";"219";"144";"88";"62";"35";"14";"1"
"3167806";"Soledade de Minas (MG)";"Total";"5613";"275";"345";"365";"359";"330";"315";"226";"160";"84";"56";"16";"5";"-"
"3167905";"Tabuleiro (MG)";"Total";"4014";"193";"212";"221";"245";"228";"227";"181";"124";"112";"52";"22";"2";"1"
"3168002";"Taiobeiras (MG)";"Total";"33050";"2119";"2161";"2197";"2367";"2562";"1247";"1012";"714";"481";"320";"170";"43";"13"
"3168051";"Taparuba (MG)";"Total";"3387";"160";"216";"254";"226";"164";"195";"150";"116";"77";"47";"20";"4";"-"
"3168101";"Tapira (MG)";"Total";"4118";"278";"299";"310";"262";"252";"210";"120";"74";"42";"19";"7";"2";"1"
"3168200";"Tapiraí (MG)";"Total";"1690";"101";"96";"79";"118";"118";"101";"73";"45";"34";"20";"4";"1";"1"
"3168309";"Taquaraçu de Minas (MG)";"Total";"4224";"215";"251";"281";"246";"225";"274";"169";"125";"73";"34";"14";"4";"2"
"3168408";"Tarumirim (MG)";"Total";"14709";"809";"951";"948";"968";"1020";"744";"610";"454";"284";"155";"78";"20";"6"
"3168507";"Teixeiras (MG)";"Total";"12255";"604";"667";"675";"729";"770";"706";"471";"336";"239";"170";"72";"21";"-"
"3168606";"Teófilo Otoni (MG)";"Total";"137418";"8290";"8476";"8951";"9660";"10671";"5719";"4292";"3061";"2151";"1359";"617";"226";"54"
"3168705";"Timóteo (MG)";"Total";"81579";"4657";"4871";"4928";"5288";"5560";"3697";"2557";"1667";"1149";"669";"278";"78";"14"
"3168804";"Tiradentes (MG)";"Total";"7744";"400";"484";"429";"460";"546";"396";"230";"155";"95";"41";"26";"2";"2"
"3168903";"Tiros (MG)";"Total";"7883";"487";"426";"459";"490";"546";"436";"287";"228";"135";"62";"45";"8";"4"
"3169000";"Tocantins (MG)";"Total";"16185";"872";"929";"920";"1021";"1087";"699";"621";"412";"258";"164";"66";"12";"1"
"3169059";"Tocos do Moji (MG)";"Total";"3826";"151";"182";"166";"166";"220";"221";"197";"114";"74";"36";"22";"4";"-"
"3169109";"Toledo (MG)";"Total";"7214";"443";"466";"431";"443";"505";"364";"257";"190";"112";"38";"28";"1";"-"
"3169208";"Tombos (MG)";"Total";"8609";"419";"506";"537";"518";"547";"529";"376";"250";"184";"121";"54";"22";"3"
"3169307";"Três Corações (MG)";"Total";"75485";"4714";"4789";"4724";"4976";"5855";"3386";"2291";"1525";"937";"497";"187";"53";"11"
"3169356";"Três Marias (MG)";"Total";"28895";"1745";"1827";"1871";"2012";"1963";"1295";"921";"545";"349";"158";"61";"19";"2"
"3169406";"Três Pontas (MG)";"Total";"55255";"3268";"3377";"3439";"3624";"4337";"2615";"1770";"1138";"711";"383";"162";"32";"8"
"3169505";"Tumiritinga (MG)";"Total";"5886";"354";"375";"468";"451";"440";"248";"170";"157";"102";"42";"22";"8";"-"
"3169604";"Tupaciguara (MG)";"Total";"25470";"1412";"1496";"1616";"1620";"1664";"1134";"987";"647";"447";"257";"113";"26";"6"
"3169703";"Turmalina (MG)";"Total";"20000";"1257";"1244";"1338";"1452";"1638";"690";"560";"343";"279";"161";"74";"20";"2"
"3169802";"Turvolândia (MG)";"Total";"4935";"328";"301";"313";"346";"348";"232";"171";"120";"90";"40";"9";"5";"-"
"3169901";"Ubá (MG)";"Total";"103365";"6101";"6196";"6336";"6630";"7899";"4260";"3054";"1990";"1240";"699";"328";"92";"6"
"3170008";"Ubaí (MG)";"Total";"11708";"749";"778";"851";"1053";"994";"413";"350";"214";"167";"86";"36";"12";"6"
"3170057";"Ubaporanga (MG)";"Total";"13017";"821";"870";"847";"946";"827";"613";"448";"279";"190";"116";"37";"19";"4"
"3170107";"Uberaba (MG)";"Total";"337836";"19283";"21065";"20830";"21713";"25500";"14262";"10538";"6918";"4465";"2523";"1076";"315";"49"
"3170206";"Uberlândia (MG)";"Total";"713224";"41275";"45240";"43944";"47409";"57203";"26992";"19249";"12228";"7979";"4274";"1838";"512";"99"
"3170305";"Umburatiba (MG)";"Total";"2684";"156";"176";"172";"236";"157";"112";"97";"72";"46";"36";"15";"3";"-"
"3170404";"Unaí (MG)";"Total";"86619";"5703";"5671";"5429";"6092";"6962";"3203";"2204";"1343";"866";"437";"173";"49";"13"
"3170438";"União de Minas (MG)";"Total";"3828";"204";"251";"268";"242";"233";"177";"114";"95";"51";"15";"10";"1";"2"
"3170479";"Uruana de Minas (MG)";"Total";"3282";"177";"237";"225";"225";"207";"165";"122";"78";"44";"27";"9";"5";"1"
"3170503";"Urucânia (MG)";"Total";"10600";"718";"644";"651";"743";"828";"428";"282";"229";"155";"82";"32";"9";"4"
"3170529";"Urucuia (MG)";"Total";"17479";"1324";"1557";"1404";"1621";"1617";"509";"431";"267";"198";"74";"31";"11";"4"
"3170578";"Vargem Alegre (MG)";"Total";"5780";"331";"339";"351";"388";"406";"325";"231";"159";"120";"72";"29";"5";"2"
"3170602";"Vargem Bonita (MG)";"Total";"2158";"116";"130";"139";"133";"113";"116";"93";"64";"40";"15";"5";"1";"-"
"3170651";"Vargem Grande do Rio Pardo (MG)";"Total";"4633";"346";"284";"304";"356";"421";"180";"130";"83";"65";"36";"20";"11";"-"
"3170701";"Varginha (MG)";"Total";"136467";"8233";"8212";"8063";"8579";"9949";"6171";"4195";"2501";"1571";"844";"368";"84";"12"
"3170750";"Varjão de Minas (MG)";"Total";"6969";"467";"510";"518";"516";"588";"205";"147";"100";"55";"32";"10";"2";"2"
"3170800";"Várzea da Palma (MG)";"Total";"33744";"2064";"2031";"2041";"2501";"2455";"1368";"914";"594";"382";"197";"82";"37";"6"
"3170909";"Varzelândia (MG)";"Total";"18840";"1319";"1339";"1588";"1625";"1322";"706";"591";"389";"255";"151";"58";"24";"4"
"3171006";"Vazante (MG)";"Total";"19975";"1146";"1275";"1225";"1325";"1375";"782";"562";"394";"251";"116";"48";"11";"4"
"3171030";"Verdelândia (MG)";"Total";"7672";"607";"623";"643";"711";"682";"211";"177";"97";"62";"33";"13";"7";"2"
"3171071";"Veredinha (MG)";"Total";"5181";"306";"329";"301";"389";"407";"227";"176";"103";"75";"32";"20";"5";"2"
"3171105";"Veríssimo (MG)";"Total";"3411";"186";"216";"234";"206";"201";"202";"169";"104";"42";"21";"8";"4";"-"
"3171154";"Vermelho Novo (MG)";"Total";"4899";"273";"303";"344";"328";"294";"208";"180";"130";"81";"44";"27";"6";"2"
"3171204";"Vespasiano (MG)";"Total";"129246";"8699";"9310";"8973";"9192";"10726";"3886";"2496";"1481";"888";"507";"192";"54";"9"
"3171303";"Viçosa (MG)";"Total";"76430";"4139";"4120";"4020";"4842";"6200";"3570";"2488";"1528";"1071";"660";"298";"85";"16"
"3171402";"Vieiras (MG)";"Total";"3700";"179";"211";"228";"218";"234";"226";"157";"90";"62";"33";"12";"6";"-"
"3171501";"Mathias Lobato (MG)";"Total";"3038";"183";"214";"256";"275";"224";"125";"103";"60";"27";"15";"10";"4";"-"
"3171600";"Virgem da Lapa (MG)";"Total";"11804";"643";"643";"759";"892";"884";"512";"434";"331";"216";"141";"82";"17";"3"
"3171709";"Virgínia (MG)";"Total";"8908";"478";"456";"534";"570";"666";"471";"355";"219";"139";"67";"32";"10";"1"
"3171808";"Virginópolis (MG)";"Total";"10314";"577";"676";"659";"718";"705";"522";"343";"251";"186";"117";"63";"13";"4"
"3171907";"Virgolândia (MG)";"Total";"4552";"237";"269";"313";"297";"281";"221";"188";"140";"105";"78";"44";"10";"4"
"3172004";"Visconde do Rio Branco (MG)";"Total";"39160";"2418";"2461";"2455";"2382";"2768";"1656";"1255";"811";"558";"322";"149";"36";"6"
"3172103";"Volta Grande (MG)";"Total";"4443";"250";"267";"260";"302";"318";"240";"173";"107";"86";"43";"20";"10";"5"
"3172202";"Wenceslau Braz (MG)";"Total";"2356";"118";"117";"134";"166";"142";"141";"97";"74";"49";"23";"6";"1";"-"
"3200102";"Afonso Cláudio (ES)";"Total";"30684";"1933";"1885";"1987";"2044";"1946";"1450";"1113";"726";"517";"271";"116";"27";"6"
"3200136";"Águia Branca (ES)";"Total";"9711";"630";"634";"605";"653";"631";"432";"331";"206";"126";"76";"26";"4";"2"
"3200169";"Água Doce do Norte (ES)";"Total";"12042";"760";"793";"819";"826";"785";"601";"397";"281";"187";"117";"46";"25";"7"
"3200201";"Alegre (ES)";"Total";"29177";"1712";"1702";"1706";"1855";"2206";"1457";"1093";"694";"510";"286";"136";"43";"11"
"3200300";"Alfredo Chaves (ES)";"Total";"13836";"712";"786";"781";"833";"806";"727";"548";"368";"263";"158";"68";"20";"6"
"3200359";"Alto Rio Novo (ES)";"Total";"7434";"463";"489";"503";"518";"453";"366";"246";"171";"108";"61";"25";"4";"1"
"3200409";"Anchieta (ES)";"Total";"29984";"1872";"2107";"1875";"2060";"1886";"1331";"874";"569";"349";"211";"105";"29";"4"
"3200508";"Apiacá (ES)";"Total";"7223";"391";"442";"452";"467";"468";"396";"282";"184";"121";"84";"35";"11";"1"
"3200607";"Aracruz (ES)";"Total";"94765";"6759";"7016";"6737";"6818";"6996";"3470";"2261";"1325";"825";"473";"210";"57";"9"
"3200706";"Atílio Vivácqua (ES)";"Total";"10540";"727";"735";"646";"746";"688";"454";"351";"212";"122";"67";"38";"5";"4"
"3200805";"Baixo Guandu (ES)";"Total";"30674";"2049";"1999";"1916";"2088";"2105";"1361";"967";"697";"527";"303";"96";"36";"5"
"3200904";"Barra de São Francisco (ES)";"Total";"42498";"2871";"2905";"2900";"2883";"2926";"1761";"1284";"878";"605";"307";"124";"36";"10"
"3201001";"Boa Esperança (ES)";"Total";"13608";"887";"931";"882";"1042";"927";"592";"402";"287";"170";"93";"48";"16";"4"
"3201100";"Bom Jesus do Norte (ES)";"Total";"10254";"608";"612";"649";"645";"745";"534";"342";"199";"182";"83";"61";"13";"1"
"3201159";"Brejetuba (ES)";"Total";"12985";"1012";"938";"924";"1035";"1043";"433";"279";"165";"108";"50";"25";"4";"2"
"3201209";"Cachoeiro de Itapemirim (ES)";"Total";"185786";"11033";"11808";"11366";"11529";"12452";"8383";"5765";"3534";"2516";"1402";"608";"191";"29"
"3201308";"Cariacica (ES)";"Total";"353491";"22966";"25494";"24648";"24762";"26053";"14188";"9488";"5811";"3629";"1937";"820";"243";"41"
"3201407";"Castelo (ES)";"Total";"36930";"2128";"2138";"1979";"2253";"2489";"1707";"1240";"864";"606";"355";"159";"52";"5"
"3201506";"Colatina (ES)";"Total";"120033";"7098";"7317";"6926";"7193";"8455";"5306";"3744";"2455";"1723";"990";"426";"136";"24"
"3201605";"Conceição da Barra (ES)";"Total";"27458";"1933";"1996";"2137";"2034";"1816";"1137";"801";"495";"318";"164";"78";"8";"9"
"3201704";"Conceição do Castelo (ES)";"Total";"11937";"735";"799";"734";"845";"812";"527";"400";"248";"174";"104";"52";"7";"1"
"3201803";"Divino de São Lourenço (ES)";"Total";"5083";"347";"314";"331";"366";"368";"227";"150";"90";"53";"31";"13";"3";"-"
"3201902";"Domingos Martins (ES)";"Total";"35416";"2015";"2176";"2134";"2267";"2261";"1522";"1143";"711";"493";"265";"119";"36";"3"
"3202009";"Dores do Rio Preto (ES)";"Total";"6596";"399";"401";"464";"471";"489";"278";"214";"116";"84";"58";"22";"6";"-"
"3202108";"Ecoporanga (ES)";"Total";"21992";"1406";"1357";"1386";"1483";"1434";"1094";"770";"490";"335";"190";"71";"24";"9"
"3202207";"Fundão (ES)";"Total";"18014";"1087";"1166";"1188";"1151";"1205";"865";"594";"333";"265";"167";"78";"24";"3"
"3202256";"Governador Lindenberg (ES)";"Total";"11009";"707";"669";"672";"744";"755";"476";"319";"238";"153";"97";"42";"12";"-"
"3202306";"Guaçuí (ES)";"Total";"29358";"1971";"2017";"1888";"1957";"2146";"1438";"1029";"600";"442";"254";"127";"38";"5"
"3202405";"Guarapari (ES)";"Total";"124656";"7420";"8351";"8184";"8225";"8558";"5657";"3910";"2336";"1446";"797";"334";"92";"16"
"3202454";"Ibatiba (ES)";"Total";"25380";"1792";"1711";"1738";"1865";"1971";"981";"724";"444";"293";"172";"79";"15";"4"
"3202504";"Ibiraçu (ES)";"Total";"11723";"738";"781";"735";"733";"794";"549";"375";"229";"146";"112";"54";"16";"3"
"3202553";"Ibitirama (ES)";"Total";"9520";"724";"718";"700";"739";"747";"372";"222";"156";"94";"66";"12";"5";"2"
"3202603";"Iconha (ES)";"Total";"12326";"639";"672";"644";"681";"752";"673";"413";"267";"231";"117";"50";"16";"2"
"3202652";"Irupi (ES)";"Total";"13710";"1015";"929";"933";"1066";"1044";"495";"382";"250";"153";"82";"38";"10";"1"
"3202702";"Itaguaçu (ES)";"Total";"13589";"729";"699";"763";"817";"836";"787";"558";"376";"269";"199";"84";"29";"5"
"3202801";"Itapemirim (ES)";"Total";"39832";"2640";"2891";"2900";"2942";"2820";"1709";"1215";"702";"451";"232";"101";"30";"8"
"3202900";"Itarana (ES)";"Total";"10597";"586";"547";"535";"598";"722";"580";"434";"306";"210";"143";"62";"13";"1"
"3203007";"Iúna (ES)";"Total";"28590";"2041";"2059";"1916";"2027";"2163";"1117";"767";"524";"314";"178";"81";"20";"1"
"3203056";"Jaguaré (ES)";"Total";"28931";"2213";"2254";"2237";"2192";"2202";"986";"653";"405";"264";"149";"54";"17";"4"
"3203106";"Jerônimo Monteiro (ES)";"Total";"11575";"734";"701";"702";"746";"809";"560";"404";"318";"212";"124";"64";"17";"9"
"3203130";"João Neiva (ES)";"Total";"14079";"774";"857";"808";"836";"896";"739";"515";"366";"245";"165";"80";"19";"6"
"3203163";"Laranja da Terra (ES)";"Total";"11094";"557";"570";"617";"602";"651";"600";"457";"371";"203";"115";"32";"15";"2"
"3203205";"Linhares (ES)";"Total";"166786";"11615";"12247";"11616";"12371";"13238";"5664";"3728";"2414";"1520";"876";"390";"119";"21"
"3203304";"Mantenópolis (ES)";"Total";"12770";"796";"856";"880";"833";"751";"629";"419";"295";"202";"134";"42";"17";"4"
"3203320";"Marataízes (ES)";"Total";"41929";"2672";"2864";"2782";"2994";"2948";"2022";"1407";"863";"517";"275";"114";"30";"8"
"3203346";"Marechal Floriano (ES)";"Total";"17641";"1118";"1203";"1127";"1155";"1245";"743";"511";"318";"231";"125";"42";"14";"2"
"3203353";"Marilândia (ES)";"Total";"12387";"715";"695";"673";"737";"834";"584";"403";"339";"217";"138";"46";"13";"1"
"3203403";"Mimoso do Sul (ES)";"Total";"24475";"1376";"1398";"1399";"1558";"1550";"1280";"925";"554";"404";"208";"101";"27";"2"
"3203502";"Montanha (ES)";"Total";"18900";"1282";"1282";"1316";"1388";"1241";"763";"575";"412";"301";"169";"88";"23";"7"
"3203601";"Mucurici (ES)";"Total";"5466";"360";"342";"312";"373";"333";"261";"171";"145";"107";"51";"16";"6";"3"
"3203700";"Muniz Freire (ES)";"Total";"18153";"1221";"1209";"1140";"1261";"1219";"824";"559";"404";"266";"180";"67";"16";"8"
"3203809";"Muqui (ES)";"Total";"13745";"781";"876";"844";"878";"856";"655";"496";"302";"226";"164";"80";"16";"3"
"3203908";"Nova Venécia (ES)";"Total";"49065";"3151";"3072";"3044";"3205";"3500";"2115";"1415";"890";"662";"344";"181";"44";"15"
"3204005";"Pancas (ES)";"Total";"18893";"1150";"1157";"1188";"1312";"1171";"903";"672";"454";"286";"153";"68";"27";"4"
"3204054";"Pedro Canário (ES)";"Total";"21522";"1609";"1648";"1545";"1676";"1501";"799";"563";"390";"225";"146";"47";"12";"6"
"3204104";"Pinheiros (ES)";"Total";"23915";"1684";"1688";"1757";"1844";"1744";"922";"652";"480";"319";"162";"75";"20";"5"
"3204203";"Piúma (ES)";"Total";"22300";"1508";"1561";"1385";"1425";"1504";"1045";"664";"423";"251";"159";"71";"8";"3"
"3204252";"Ponto Belo (ES)";"Total";"6497";"432";"423";"476";"440";"400";"325";"240";"182";"120";"71";"28";"12";"3"
"3204302";"Presidente Kennedy (ES)";"Total";"13696";"1031";"1008";"939";"999";"955";"575";"399";"283";"152";"78";"39";"9";"2"
"3204351";"Rio Bananal (ES)";"Total";"19274";"1312";"1297";"1246";"1291";"1366";"790";"537";"357";"219";"139";"62";"18";"5"
"3204401";"Rio Novo do Sul (ES)";"Total";"11069";"678";"697";"647";"668";"708";"577";"396";"249";"184";"97";"51";"15";"1"
"3204500";"Santa Leopoldina (ES)";"Total";"13106";"778";"804";"787";"836";"825";"646";"488";"276";"208";"105";"50";"14";"1"
"3204559";"Santa Maria de Jetibá (ES)";"Total";"41636";"3018";"2674";"2632";"2872";"3375";"1496";"977";"695";"407";"167";"65";"11";"3"
"3204609";"Santa Teresa (ES)";"Total";"22808";"1269";"1234";"1292";"1385";"1397";"1131";"871";"606";"385";"238";"129";"28";"4"
"3204658";"São Domingos do Norte (ES)";"Total";"8589";"514";"513";"516";"537";"661";"409";"244";"182";"105";"67";"31";"13";"-"
"3204708";"São Gabriel da Palha (ES)";"Total";"32252";"2006";"2000";"1977";"2043";"2139";"1404";"927";"626";"402";"257";"110";"30";"7"
"3204807";"São José do Calçado (ES)";"Total";"10878";"638";"683";"691";"657";"707";"596";"466";"312";"185";"123";"64";"15";"3"
"3204906";"São Mateus (ES)";"Total";"123752";"8379";"8621";"8277";"9359";"9749";"4566";"3125";"1788";"1217";"661";"298";"91";"27"
"3204955";"São Roque do Canaã (ES)";"Total";"10886";"541";"527";"600";"693";"718";"571";"412";"283";"229";"128";"62";"11";"2"
"3205002";"Serra (ES)";"Total";"520653";"35057";"38285";"36482";"36490";"39738";"18306";"11385";"6462";"3945";"2015";"910";"264";"69"
"3205010";"Sooretama (ES)";"Total";"26502";"2097";"2187";"2138";"2172";"2216";"811";"557";"343";"204";"101";"44";"14";"3"
"3205036";"Vargem Alta (ES)";"Total";"19563";"1246";"1248";"1247";"1305";"1455";"806";"607";"347";"259";"175";"71";"19";"8"
"3205069";"Venda Nova do Imigrante (ES)";"Total";"23831";"1506";"1401";"1375";"1574";"1745";"910";"670";"446";"320";"167";"79";"19";"7"
"3205101";"Viana (ES)";"Total";"73423";"4733";"5336";"4928";"5184";"5629";"2598";"1712";"919";"602";"291";"140";"35";"8"
"3205150";"Vila Pavão (ES)";"Total";"8911";"563";"565";"566";"576";"528";"373";"249";"185";"107";"60";"28";"7";"1"
"3205176";"Vila Valério (ES)";"Total";"13728";"913";"889";"817";"917";"993";"532";"403";"240";"147";"86";"44";"13";"2"
"3205200";"Vila Velha (ES)";"Total";"467722";"25925";"28005";"27506";"28769";"34117";"20643";"14310";"9116";"5888";"3412";"1586";"414";"79"
"3205309";"Vitória (ES)";"Total";"322869";"17078";"18419";"17857";"18615";"22666";"16196";"11644";"7493";"4930";"3162";"1501";"445";"85"
"3300100";"Angra dos Reis (RJ)";"Total";"167434";"10806";"11912";"11142";"11667";"12282";"6855";"4589";"2613";"1484";"724";"257";"71";"13"
"3300159";"Aperibé (RJ)";"Total";"11034";"613";"672";"599";"692";"729";"583";"391";"270";"207";"90";"28";"9";"2"
"3300209";"Araruama (RJ)";"Total";"129671";"7335";"8515";"8172";"8611";"8514";"6796";"5197";"3292";"2013";"1121";"471";"137";"25"
"3300225";"Areal (RJ)";"Total";"11828";"750";"777";"730";"763";"873";"538";"402";"276";"156";"88";"40";"10";"4"
"3300233";"Armação dos Búzios (RJ)";"Total";"40006";"2331";"2755";"2670";"2620";"2763";"1566";"1004";"545";"320";"182";"68";"12";"5"
"3300258";"Arraial do Cabo (RJ)";"Total";"30986";"1664";"1878";"1977";"2008";"2152";"1659";"1103";"684";"424";"203";"104";"18";"-"
"3300308";"Barra do Piraí (RJ)";"Total";"92883";"5219";"5862";"5603";"6066";"6462";"4866";"3463";"2225";"1391";"793";"339";"115";"10"
"3300407";"Barra Mansa (RJ)";"Total";"169894";"9054";"10142";"10103";"10533";"11946";"8695";"6119";"3925";"2427";"1284";"526";"132";"19"
"3300456";"Belford Roxo (RJ)";"Total";"483087";"30103";"35404";"31940";"33084";"37645";"18596";"12877";"7336";"4361";"2046";"801";"210";"23"
"3300506";"Bom Jardim (RJ)";"Total";"28102";"1632";"1729";"1728";"1809";"2003";"1350";"1007";"602";"408";"195";"82";"25";"1"
"3300605";"Bom Jesus do Itabapoana (RJ)";"Total";"35173";"2106";"2197";"2054";"2187";"2428";"1799";"1284";"904";"625";"346";"176";"50";"16"
"3300704";"Cabo Frio (RJ)";"Total";"222161";"13306";"14933";"14691";"14846";"15466";"10715";"7548";"4467";"2686";"1376";"600";"140";"22"
"3300803";"Cachoeiras de Macacu (RJ)";"Total";"56943";"3359";"3642";"3508";"3666";"3963";"2661";"2017";"1209";"755";"381";"167";"44";"12"
"3300902";"Cambuci (RJ)";"Total";"14616";"727";"769";"801";"901";"957";"819";"646";"440";"281";"133";"87";"29";"3"
"3300936";"Carapebus (RJ)";"Total";"13847";"781";"1013";"995";"988";"872";"563";"468";"275";"172";"92";"39";"11";"4"
"3300951";"Comendador Levy Gasparian (RJ)";"Total";"8741";"529";"580";"569";"596";"597";"395";"309";"204";"139";"53";"26";"7";"-"
"3301009";"Campos dos Goytacazes (RJ)";"Total";"483540";"30196";"33762";"31149";"33327";"36775";"20127";"15215";"9386";"6334";"3167";"1469";"374";"69"
"3301108";"Cantagalo (RJ)";"Total";"19390";"1098";"1226";"1238";"1269";"1313";"908";"761";"545";"351";"168";"93";"26";"3"
"3301157";"Cardoso Moreira (RJ)";"Total";"12958";"738";"782";"865";"841";"840";"673";"530";"378";"261";"139";"52";"18";"1"
"3301207";"Carmo (RJ)";"Total";"17198";"928";"992";"1076";"1116";"1184";"944";"636";"435";"269";"145";"77";"24";"1"
"3301306";"Casimiro de Abreu (RJ)";"Total";"46110";"2903";"3378";"3244";"3155";"3119";"2024";"1407";"866";"540";"246";"122";"29";"8"
"3301405";"Conceição de Macabu (RJ)";"Total";"21104";"1334";"1469";"1322";"1466";"1378";"953";"680";"477";"299";"163";"83";"25";"2"
"3301504";"Cordeiro (RJ)";"Total";"20783";"1186";"1333";"1201";"1316";"1399";"1025";"815";"519";"360";"187";"81";"24";"3"
"3301603";"Duas Barras (RJ)";"Total";"10980";"629";"695";"720";"751";"757";"515";"398";"257";"133";"87";"35";"14";"2"
"3301702";"Duque de Caxias (RJ)";"Total";"808161";"49627";"57901";"53339";"56238";"62105";"34015";"23458";"13711";"8368";"4195";"1710";"429";"79"
"3301801";"Engenheiro Paulo de Frontin (RJ)";"Total";"12242";"642";"673";"643";"720";"820";"714";"477";"329";"207";"128";"55";"7";"3"
"3301850";"Guapimirim (RJ)";"Total";"51696";"3193";"3673";"3483";"3657";"3883";"2187";"1565";"940";"562";"267";"124";"39";"10"
"3301876";"Iguaba Grande (RJ)";"Total";"27920";"1450";"1694";"1678";"1757";"1793";"1735";"1305";"818";"486";"274";"111";"25";"5"
"3301900";"Itaboraí (RJ)";"Total";"224267";"13269";"15318";"14127";"14651";"15788";"9737";"6954";"4063";"2367";"1136";"478";"156";"27"
"3302007";"Itaguaí (RJ)";"Total";"116841";"7625";"8713";"8168";"8270";"8911";"4711";"3432";"1928";"1174";"573";"226";"54";"5"
"3302056";"Italva (RJ)";"Total";"14073";"707";"821";"767";"780";"814";"841";"623";"435";"303";"142";"67";"17";"6"
"3302106";"Itaocara (RJ)";"Total";"22919";"1159";"1309";"1162";"1350";"1396";"1279";"1031";"751";"442";"275";"92";"30";"2"
"3302205";"Itaperuna (RJ)";"Total";"101041";"5455";"5842";"5788";"6058";"7003";"4889";"3628";"2504";"1575";"939";"426";"117";"22"
"3302254";"Itatiaia (RJ)";"Total";"30908";"1841";"2049";"1912";"1987";"2294";"1298";"973";"586";"391";"181";"60";"21";"8"
"3302270";"Japeri (RJ)";"Total";"96289";"6024";"7097";"6650";"7313";"8517";"3029";"2136";"1256";"699";"364";"123";"41";"7"
"3302304";"Laje do Muriaé (RJ)";"Total";"7336";"425";"427";"415";"487";"554";"382";"264";"195";"109";"68";"35";"6";"1"
"3302403";"Macaé (RJ)";"Total";"246391";"16251";"18653";"17051";"16527";"17517";"8300";"5506";"3393";"2096";"1149";"482";"133";"25"
"3302452";"Macuco (RJ)";"Total";"5415";"280";"361";"389";"419";"416";"229";"218";"143";"68";"41";"20";"3";"3"
"3302502";"Magé (RJ)";"Total";"228127";"14589";"16112";"15571";"16486";"17082";"9556";"6893";"4191";"2533";"1219";"490";"115";"20"
"3302601";"Mangaratiba (RJ)";"Total";"41220";"2209";"2563";"2532";"2633";"2716";"2160";"1518";"844";"579";"263";"93";"37";"1"
"3302700";"Maricá (RJ)";"Total";"197277";"10412";"12666";"12235";"12522";"12808";"10154";"6921";"4082";"2403";"1318";"565";"153";"23"
"3302809";"Mendes (RJ)";"Total";"17502";"921";"994";"967";"967";"1107";"1002";"716";"431";"296";"176";"87";"23";"6"
"3302858";"Mesquita (RJ)";"Total";"167127";"9510";"11062";"10472";"11028";"12755";"7537";"5350";"3285";"2062";"1008";"391";"124";"19"
"3302908";"Miguel Pereira (RJ)";"Total";"26582";"1315";"1474";"1456";"1538";"1695";"1527";"1255";"871";"520";"321";"137";"50";"8"
"3303005";"Miracema (RJ)";"Total";"26881";"1671";"1586";"1747";"1810";"1922";"1283";"939";"655";"472";"283";"109";"30";"6"
"3303104";"Natividade (RJ)";"Total";"15074";"822";"928";"872";"944";"1058";"843";"608";"400";"261";"190";"83";"25";"9"
"3303203";"Nilópolis (RJ)";"Total";"146774";"7511";"9071";"7895";"8983";"9927";"7441";"5565";"3369";"2170";"1126";"480";"121";"13"
"3303302";"Niterói (RJ)";"Total";"481749";"21643";"25012";"23616";"25087";"31177";"27087";"21056";"14783";"10057";"6098";"2954";"831";"162"
"3303401";"Nova Friburgo (RJ)";"Total";"189939";"9321";"10485";"10758";"11293";"12684";"9772";"7589";"4943";"3234";"1740";"799";"189";"31"
"3303500";"Nova Iguaçu (RJ)";"Total";"785867";"47372";"54146";"51377";"54253";"61418";"32611";"23239";"14149";"8567";"4421";"1801";"456";"68"
"3303609";"Paracambi (RJ)";"Total";"41375";"2152";"2419";"2362";"2454";"2925";"1947";"1395";"880";"585";"314";"109";"25";"8"
"3303708";"Paraíba do Sul (RJ)";"Total";"42063";"2429";"2769";"2800";"2704";"3032";"2034";"1483";"935";"655";"355";"198";"33";"8"
"3303807";"Paraty (RJ)";"Total";"45243";"2984";"3116";"3019";"3224";"3225";"1678";"1121";"616";"347";"200";"83";"18";"3"
"3303856";"Paty do Alferes (RJ)";"Total";"29619";"1861";"2011";"1868";"1948";"2140";"1367";"946";"676";"409";"225";"105";"20";"7"
"3303906";"Petrópolis (RJ)";"Total";"278881";"14400";"16083";"15553";"16577";"19103";"14247";"11496";"7621";"4960";"2831";"1243";"319";"54"
"3303955";"Pinheiral (RJ)";"Total";"24298";"1431";"1625";"1565";"1590";"1662";"1214";"792";"494";"248";"152";"64";"17";"4"
"3304003";"Piraí (RJ)";"Total";"27474";"1645";"1787";"1721";"1697";"1921";"1286";"1022";"580";"377";"194";"80";"21";"6"
"3304102";"Porciúncula (RJ)";"Total";"17288";"1077";"1083";"1124";"1171";"1231";"801";"613";"419";"264";"151";"86";"26";"8"
"3304110";"Porto Real (RJ)";"Total";"20373";"1296";"1429";"1464";"1383";"1568";"746";"496";"298";"199";"92";"36";"9";"1"
"3304128";"Quatis (RJ)";"Total";"13682";"793";"888";"939";"896";"1002";"616";"458";"312";"141";"97";"57";"10";"1"
"3304144";"Queimados (RJ)";"Total";"140523";"9061";"10253";"9618";"10231";"11005";"5345";"3773";"2151";"1324";"612";"268";"67";"14"
"3304151";"Quissamã (RJ)";"Total";"22393";"1391";"1697";"1538";"1562";"1566";"984";"733";"421";"289";"164";"53";"23";"6"
"3304201";"Resende (RJ)";"Total";"129612";"7195";"8078";"8129";"8247";"9261";"5609";"4057";"2527";"1590";"879";"345";"109";"19"
"3304300";"Rio Bonito (RJ)";"Total";"56276";"3226";"3429";"3370";"3664";"3967";"2647";"2010";"1234";"760";"437";"204";"59";"9"
"3304409";"Rio Claro (RJ)";"Total";"17401";"921";"1046";"1119";"1171";"1255";"865";"632";"400";"276";"147";"53";"16";"5"
"3304508";"Rio das Flores (RJ)";"Total";"8954";"515";"612";"590";"626";"665";"352";"290";"224";"152";"61";"35";"10";"2"
"3304524";"Rio das Ostras (RJ)";"Total";"156491";"9397";"11319";"10881";"10544";"10765";"6334";"4294";"2438";"1437";"716";"278";"70";"20"
"3304557";"Rio de Janeiro (RJ)";"Total";"6211223";"310648";"367196";"354457";"371931";"439660";"304598";"233160";"151529";"102752";"61497";"29295";"8132";"1390"
"3304607";"Santa Maria Madalena (RJ)";"Total";"10232";"537";"613";"616";"659";"620";"608";"438";"286";"213";"107";"41";"18";"3"
"3304706";"Santo Antônio de Pádua (RJ)";"Total";"41325";"2462";"2394";"2337";"2502";"2818";"2073";"1569";"1133";"695";"357";"167";"45";"10"
"3304755";"São Francisco de Itabapoana (RJ)";"Total";"45059";"2976";"3132";"3047";"3113";"3166";"1997";"1584";"919";"536";"311";"110";"45";"26"
"3304805";"São Fidélis (RJ)";"Total";"38961";"2173";"2454";"2358";"2339";"2623";"1934";"1531";"1070";"685";"373";"162";"48";"6"
"3304904";"São Gonçalo (RJ)";"Total";"896744";"46231";"54374";"49123";"52492";"61873";"43571";"31876";"19756";"12417";"6138";"2499";"673";"97"
"3305000";"São João da Barra (RJ)";"Total";"36573";"2074";"2397";"2270";"2176";"2324";"1715";"1208";"814";"533";"256";"116";"16";"4"
"3305109";"São João de Meriti (RJ)";"Total";"440962";"24463";"31704";"26998";"29036";"32533";"20410";"13732";"7711";"4880";"2485";"1074";"270";"42"
"3305133";"São José de Ubá (RJ)";"Total";"7070";"399";"403";"403";"410";"458";"332";"274";"212";"139";"71";"25";"10";"1"
"3305158";"São José do Vale do Rio Preto (RJ)";"Total";"22080";"1493";"1455";"1315";"1498";"1693";"925";"699";"372";"259";"109";"44";"7";"1"
"3305208";"São Pedro da Aldeia (RJ)";"Total";"104029";"6563";"7063";"6723";"6907";"7186";"4508";"3228";"1980";"1166";"569";"213";"53";"12"
"3305307";"São Sebastião do Alto (RJ)";"Total";"7750";"455";"473";"476";"447";"432";"422";"290";"207";"148";"88";"31";"7";"2"
"3305406";"Sapucaia (RJ)";"Total";"17729";"968";"1042";"1128";"1148";"1248";"936";"657";"415";"261";"140";"64";"14";"2"
"3305505";"Saquarema (RJ)";"Total";"89559";"4950";"5785";"5387";"5561";"5717";"5137";"3767";"2279";"1339";"666";"254";"78";"10"
"3305554";"Seropédica (RJ)";"Total";"80596";"5126";"5810";"5397";"5620";"6445";"3359";"2367";"1385";"836";"400";"198";"50";"8"
"3305604";"Silva Jardim (RJ)";"Total";"21352";"1358";"1511";"1452";"1505";"1611";"939";"679";"416";"272";"151";"70";"19";"4"
"3305703";"Sumidouro (RJ)";"Total";"15206";"970";"969";"948";"958";"1069";"651";"444";"269";"142";"99";"23";"10";"2"
"3305752";"Tanguá (RJ)";"Total";"31086";"1926";"2231";"1995";"2027";"2342";"1319";"947";"581";"354";"183";"68";"14";"3"
"3305802";"Teresópolis (RJ)";"Total";"165123";"9087";"10171";"9931";"10740";"12011";"7996";"5871";"3940";"2491";"1332";"608";"204";"21"
"3305901";"Trajano de Moraes (RJ)";"Total";"10302";"561";"586";"652";"683";"655";"533";"376";"275";"183";"101";"39";"4";"4"
"3306008";"Três Rios (RJ)";"Total";"78346";"4533";"5197";"5010";"5109";"5445";"3698";"2734";"1809";"1099";"600";"265";"76";"13"
"3306107";"Valença (RJ)";"Total";"68088";"3553";"3973";"4118";"4564";"4943";"3511";"2729";"1919";"1226";"722";"353";"84";"13"
"3306156";"Varre-Sai (RJ)";"Total";"10207";"701";"685";"723";"905";"756";"456";"264";"195";"119";"60";"32";"8";"-"
"3306206";"Vassouras (RJ)";"Total";"33976";"2021";"2073";"2003";"2275";"2512";"1632";"1279";"844";"529";"280";"141";"31";"5"
"3306305";"Volta Redonda (RJ)";"Total";"261563";"13196";"15359";"14942";"15648";"18001";"14541";"10233";"5929";"3692";"2187";"975";"246";"41"
"3500105";"Adamantina (SP)";"Total";"34687";"1763";"1739";"1766";"1916";"2188";"1838";"1424";"1074";"751";"403";"169";"41";"5"
"3500204";"Adolfo (SP)";"Total";"4351";"242";"291";"248";"271";"254";"247";"178";"135";"65";"24";"19";"5";"-"
"3500303";"Aguaí (SP)";"Total";"32072";"1970";"2061";"2124";"2180";"2360";"1409";"1071";"622";"380";"207";"102";"25";"1"
"3500402";"Águas da Prata (SP)";"Total";"7369";"343";"422";"383";"380";"395";"515";"352";"252";"185";"119";"65";"14";"2"
"3500501";"Águas de Lindóia (SP)";"Total";"17930";"803";"943";"1025";"1045";"1076";"991";"792";"502";"335";"200";"98";"20";"-"
"3500550";"Águas de Santa Bárbara (SP)";"Total";"7177";"377";"460";"497";"484";"423";"394";"321";"182";"130";"58";"29";"6";"1"
"3500600";"Águas de São Pedro (SP)";"Total";"2780";"97";"120";"149";"132";"159";"212";"171";"119";"108";"55";"20";"6";"1"
"3500709";"Agudos (SP)";"Total";"37680";"2338";"2525";"2556";"2396";"2613";"1624";"1165";"758";"511";"265";"101";"25";"-"
"3500758";"Alambari (SP)";"Total";"6141";"367";"418";"436";"403";"435";"316";"224";"111";"62";"34";"10";"2";"2"
"3500808";"Alfredo Marcondes (SP)";"Total";"4445";"243";"250";"261";"247";"276";"219";"185";"182";"95";"50";"31";"5";"-"
"3500907";"Altair (SP)";"Total";"3451";"199";"236";"224";"227";"245";"142";"113";"93";"48";"20";"13";"1";"-"
"3501004";"Altinópolis (SP)";"Total";"16818";"986";"1068";"1039";"1032";"1168";"844";"602";"437";"282";"154";"73";"12";"1"
"3501103";"Alto Alegre (SP)";"Total";"3841";"167";"190";"221";"200";"205";"226";"226";"149";"99";"43";"19";"5";"-"
"3501152";"Alumínio (SP)";"Total";"17301";"1068";"1187";"1162";"1291";"1308";"638";"488";"321";"196";"78";"33";"6";"1"
"3501202";"Álvares Florence (SP)";"Total";"3915";"169";"187";"216";"223";"219";"286";"211";"152";"100";"55";"9";"4";"-"
"3501301";"Álvares Machado (SP)";"Total";"27255";"1696";"1842";"1639";"1755";"1922";"1176";"875";"645";"401";"172";"89";"26";"3"
"3501400";"Álvaro de Carvalho (SP)";"Total";"4808";"191";"202";"227";"215";"405";"176";"120";"86";"50";"23";"5";"1";"-"
"3501509";"Alvinlândia (SP)";"Total";"2885";"168";"188";"198";"191";"211";"128";"110";"56";"47";"19";"10";"1";"-"
"3501608";"Americana (SP)";"Total";"237240";"12301";"13280";"13142";"13758";"15112";"11176";"8030";"5364";"3471";"1923";"812";"180";"24"
"3501707";"Américo Brasiliense (SP)";"Total";"33019";"1926";"2149";"2193";"2313";"2591";"1158";"819";"531";"321";"134";"41";"13";"3"
"3501806";"Américo de Campos (SP)";"Total";"5870";"281";"291";"350";"329";"413";"349";"247";"193";"132";"57";"24";"4";"-"
"3501905";"Amparo (SP)";"Total";"68008";"3398";"3928";"3555";"3903";"4661";"3428";"2501";"1707";"1210";"671";"290";"59";"13"
"3502002";"Analândia (SP)";"Total";"4589";"283";"309";"293";"299";"297";"193";"141";"111";"80";"39";"16";"4";"1"
"3502101";"Andradina (SP)";"Total";"59783";"3167";"3500";"3430";"3506";"3873";"2829";"2194";"1623";"1010";"514";"188";"54";"10"
"3502200";"Angatuba (SP)";"Total";"24022";"1536";"1636";"1593";"1609";"1749";"1061";"760";"495";"295";"147";"52";"11";"1"
"3502309";"Anhembi (SP)";"Total";"5674";"367";"371";"432";"444";"371";"270";"204";"116";"53";"40";"17";"2";"1"
"3502408";"Anhumas (SP)";"Total";"4023";"241";"263";"239";"264";"253";"170";"148";"109";"72";"42";"15";"5";"-"
"3502507";"Aparecida (SP)";"Total";"32569";"1781";"1988";"1866";"2066";"2236";"1651";"1125";"751";"443";"248";"83";"24";"3"
"3502606";"Aparecida d'Oeste (SP)";"Total";"4086";"189";"220";"207";"229";"260";"262";"210";"132";"95";"52";"14";"5";"1"
"3502705";"Apiaí (SP)";"Total";"24585";"1489";"1715";"1706";"1818";"1781";"984";"758";"512";"272";"155";"53";"13";"2"
"3502754";"Araçariguama (SP)";"Total";"21522";"1576";"1589";"1548";"1662";"1775";"691";"530";"319";"160";"83";"31";"6";"2"
"3502804";"Araçatuba (SP)";"Total";"200124";"10442";"11718";"11583";"11201";"13495";"9593";"7197";"4951";"3144";"1717";"686";"186";"27"
"3502903";"Araçoiaba da Serra (SP)";"Total";"32443";"1541";"1961";"1962";"2020";"2057";"1916";"1279";"747";"420";"221";"92";"25";"8"
"3503000";"Aramina (SP)";"Total";"5420";"274";"347";"347";"335";"313";"268";"181";"152";"109";"47";"22";"8";"-"
"3503109";"Arandu (SP)";"Total";"6885";"465";"469";"465";"448";"515";"328";"228";"143";"81";"53";"20";"4";"-"
"3503158";"Arapeí (SP)";"Total";"2330";"117";"129";"158";"165";"147";"143";"84";"56";"33";"26";"7";"2";"-"
"3503208";"Araraquara (SP)";"Total";"242228";"12597";"14387";"13964";"14185";"16370";"11137";"8267";"5481";"3566";"2073";"902";"218";"39"
"3503307";"Araras (SP)";"Total";"130866";"7122";"7838";"7631";"7841";"8774";"5937";"4368";"2909";"1926";"1046";"445";"90";"13"
"3503356";"Arco-Íris (SP)";"Total";"2044";"122";"148";"124";"125";"132";"91";"79";"68";"39";"18";"6";"2";"-"
"3503406";"Arealva (SP)";"Total";"8130";"433";"468";"456";"487";"475";"507";"388";"279";"169";"77";"44";"10";"1"
"3503505";"Areias (SP)";"Total";"3577";"225";"231";"233";"255";"240";"172";"108";"82";"59";"25";"20";"6";"2"
"3503604";"Areiópolis (SP)";"Total";"10130";"639";"681";"725";"728";"824";"333";"243";"155";"109";"50";"18";"4";"-"
"3503703";"Ariranha (SP)";"Total";"7602";"372";"411";"425";"501";"470";"408";"303";"197";"111";"81";"27";"5";"-"
"3503802";"Artur Nogueira (SP)";"Total";"51456";"3117";"3350";"3385";"3577";"3952";"2021";"1386";"861";"528";"283";"98";"26";"4"
"3503901";"Arujá (SP)";"Total";"86678";"5204";"5967";"5925";"6265";"6897";"3426";"2263";"1320";"752";"415";"169";"45";"2"
"3503950";"Aspásia (SP)";"Total";"1842";"104";"115";"100";"107";"101";"97";"97";"63";"39";"13";"12";"-";"-"
"3504008";"Assis (SP)";"Total";"101409";"5207";"6248";"6058";"6066";"6936";"4743";"3515";"2404";"1476";"894";"371";"80";"19"
"3504107";"Atibaia (SP)";"Total";"158647";"9060";"10241";"9867";"9607";"10711";"7080";"5274";"3469";"2212";"1309";"575";"157";"16"
"3504206";"Auriflama (SP)";"Total";"13692";"686";"793";"752";"807";"814";"694";"555";"401";"231";"145";"67";"11";"-"
"3504305";"Avaí (SP)";"Total";"4483";"291";"315";"275";"294";"299";"219";"152";"108";"51";"28";"11";"5";"-"
"3504404";"Avanhandava (SP)";"Total";"11263";"619";"703";"729";"733";"1037";"420";"294";"209";"121";"66";"26";"6";"-"
"3504503";"Avaré (SP)";"Total";"92805";"5551";"6086";"5766";"5984";"6646";"4029";"3070";"1967";"1246";"678";"304";"59";"15"
"3504602";"Bady Bassitt (SP)";"Total";"27260";"1811";"1787";"1744";"1575";"1851";"969";"667";"435";"284";"163";"50";"11";"1"
"3504701";"Balbinos (SP)";"Total";"3887";"72";"82";"85";"94";"235";"102";"66";"37";"28";"10";"9";"-";"-"
"3504800";"Bálsamo (SP)";"Total";"9596";"482";"513";"574";"565";"609";"462";"375";"255";"172";"73";"31";"12";"-"
"3504909";"Bananal (SP)";"Total";"9969";"596";"557";"597";"695";"701";"480";"385";"274";"148";"98";"30";"10";"2"
"3505005";"Barão de Antonina (SP)";"Total";"3531";"229";"235";"262";"242";"236";"208";"134";"86";"58";"27";"13";"5";"-"
"3505104";"Barbosa (SP)";"Total";"5640";"341";"388";"358";"392";"389";"278";"204";"151";"71";"50";"18";"4";"-"
"3505203";"Bariri (SP)";"Total";"31595";"1836";"1899";"1865";"1981";"2215";"1590";"1138";"820";"561";"301";"100";"28";"3"
"3505302";"Barra Bonita (SP)";"Total";"34346";"1586";"1693";"1831";"1903";"2014";"1807";"1304";"902";"594";"313";"157";"35";"3"
"3505351";"Barra do Chapéu (SP)";"Total";"5179";"369";"332";"382";"413";"389";"200";"136";"114";"59";"32";"8";"6";"-"
"3505401";"Barra do Turvo (SP)";"Total";"6876";"467";"439";"559";"536";"431";"383";"227";"187";"117";"58";"21";"1";"2"
"3505500";"Barretos (SP)";"Total";"122485";"6746";"7665";"7120";"7241";"8506";"5363";"4030";"2775";"1686";"899";"376";"104";"15"
"3505609";"Barrinha (SP)";"Total";"32092";"2184";"2263";"2357";"2415";"2605";"1019";"654";"407";"245";"125";"57";"14";"-"
"3505708";"Barueri (SP)";"Total";"316473";"18562";"23880";"21855";"22309";"23392";"10269";"6870";"3795";"2118";"1036";"479";"115";"16"
"3505807";"Bastos (SP)";"Total";"21503";"1214";"1320";"1347";"1443";"1479";"997";"763";"492";"349";"163";"71";"16";"1"
"3505906";"Batatais (SP)";"Total";"58402";"3213";"3402";"3473";"3620";"3978";"2885";"2186";"1471";"984";"531";"238";"61";"10"
"3506003";"Bauru (SP)";"Total";"379146";"20905";"22807";"22219";"23716";"28220";"16634";"12223";"8518";"5406";"3149";"1411";"321";"36"
"3506102";"Bebedouro (SP)";"Total";"76373";"4340";"4455";"4453";"4553";"4988";"3625";"2864";"1897";"1244";"676";"314";"85";"8"
"3506201";"Bento de Abreu (SP)";"Total";"2606";"166";"183";"169";"155";"175";"109";"79";"61";"46";"19";"6";"1";"-"
"3506300";"Bernardino de Campos (SP)";"Total";"11607";"617";"662";"625";"649";"799";"536";"421";"323";"226";"117";"60";"19";"1"
"3506359";"Bertioga (SP)";"Total";"64188";"4308";"4670";"4660";"4740";"5100";"2322";"1590";"869";"456";"212";"92";"27";"6"
"3506409";"Bilac (SP)";"Total";"7319";"358";"447";"415";"407";"452";"401";"324";"218";"128";"83";"37";"12";"1"
"3506508";"Birigui (SP)";"Total";"118979";"6381";"7246";"7168";"7120";"7876";"5361";"3978";"2743";"1694";"864";"337";"78";"12"
"3506607";"Biritiba Mirim (SP)";"Total";"29683";"1770";"1968";"2033";"2198";"2307";"1259";"998";"660";"347";"193";"75";"18";"2"
"3506706";"Boa Esperança do Sul (SP)";"Total";"12978";"856";"918";"878";"874";"972";"532";"415";"263";"142";"72";"34";"6";"1"
"3506805";"Bocaina (SP)";"Total";"11259";"614";"732";"712";"734";"754";"494";"396";"229";"166";"94";"29";"10";"1"
"3506904";"Bofete (SP)";"Total";"10460";"579";"677";"657";"717";"678";"618";"433";"273";"172";"100";"29";"8";"-"
"3507001";"Boituva (SP)";"Total";"61081";"3591";"4069";"4055";"3986";"4313";"2549";"1819";"1209";"688";"340";"137";"29";"5"
"3507100";"Bom Jesus dos Perdões (SP)";"Total";"22006";"1359";"1427";"1481";"1496";"1664";"836";"608";"437";"237";"118";"59";"16";"1"
"3507159";"Bom Sucesso de Itararé (SP)";"Total";"3555";"276";"280";"268";"299";"290";"107";"80";"54";"24";"7";"8";"1";"-"
"3507209";"Borá (SP)";"Total";"907";"64";"55";"61";"53";"48";"50";"41";"20";"10";"5";"1";"1";"1"
"3507308";"Boracéia (SP)";"Total";"4715";"314";"323";"340";"334";"352";"197";"135";"96";"61";"35";"11";"3";"-"
"3507407";"Borborema (SP)";"Total";"14226";"682";"812";"791";"885";"877";"760";"575";"376";"283";"146";"54";"4";"1"
"3507456";"Borebi (SP)";"Total";"2713";"177";"225";"190";"230";"181";"108";"69";"47";"23";"19";"9";"2";"1"
"3507506";"Botucatu (SP)";"Total";"145155";"7803";"9057";"8866";"9515";"10703";"6537";"4847";"3240";"2092";"1267";"580";"142";"24"
"3507605";"Bragança Paulista (SP)";"Total";"176811";"9537";"10693";"10393";"10970";"12868";"7481";"5766";"3837";"2331";"1230";"567";"130";"18"
"3507704";"Braúna (SP)";"Total";"5356";"357";"334";"333";"341";"370";"245";"188";"140";"128";"70";"23";"13";"2"
"3507753";"Brejo Alegre (SP)";"Total";"2565";"131";"156";"159";"162";"160";"130";"101";"73";"29";"19";"7";"1";"1"
"3507803";"Brodowski (SP)";"Total";"25201";"1518";"1604";"1534";"1674";"1779";"1066";"850";"511";"372";"185";"86";"17";"5"
"3507902";"Brotas (SP)";"Total";"23898";"1358";"1427";"1438";"1654";"1629";"1018";"865";"538";"375";"228";"88";"22";"1"
"3508009";"Buri (SP)";"Total";"20250";"1483";"1554";"1602";"1650";"1599";"700";"542";"312";"189";"99";"45";"10";"-"
"3508108";"Buritama (SP)";"Total";"17210";"874";"1035";"1117";"1027";"1019";"941";"667";"492";"276";"132";"43";"11";"1"
"3508207";"Buritizal (SP)";"Total";"4356";"244";"259";"258";"297";"259";"214";"157";"123";"96";"44";"15";"6";"1"
"3508306";"Cabrália Paulista (SP)";"Total";"4299";"258";"278";"271";"309";"300";"186";"137";"102";"53";"34";"15";"1";"-"
"3508405";"Cabreúva (SP)";"Total";"47011";"3107";"3302";"3330";"3446";"3811";"1546";"1091";"677";"383";"198";"94";"27";"4"
"3508504";"Caçapava (SP)";"Total";"96202";"5756";"6178";"6220";"6114";"6585";"4196";"3046";"1982";"1246";"628";"261";"59";"13"
"3508603";"Cachoeira Paulista (SP)";"Total";"31564";"1882";"2058";"2028";"2147";"2114";"1470";"1119";"755";"423";"225";"101";"26";"3"
"3508702";"Caconde (SP)";"Total";"17101";"985";"981";"989";"1175";"1216";"934";"708";"499";"321";"178";"66";"13";"3"
"3508801";"Cafelândia (SP)";"Total";"16654";"983";"1042";"1093";"1076";"1025";"826";"640";"395";"250";"165";"75";"13";"4"
"3508900";"Caiabu (SP)";"Total";"3712";"195";"206";"239";"192";"205";"185";"145";"109";"76";"36";"15";"4";"-"
"3509007";"Caieiras (SP)";"Total";"95032";"5495";"6237";"6520";"6746";"7136";"3625";"2504";"1446";"811";"389";"172";"48";"10"
"3509106";"Caiuá (SP)";"Total";"5466";"214";"224";"278";"317";"565";"230";"175";"112";"82";"37";"10";"6";"-"
"3509205";"Cajamar (SP)";"Total";"92689";"6322";"6808";"6579";"6518";"7263";"2560";"1746";"1019";"568";"268";"100";"28";"8"
"3509254";"Cajati (SP)";"Total";"28515";"1955";"2162";"2181";"2154";"2127";"1081";"757";"534";"353";"191";"72";"15";"7"
"3509304";"Cajobi (SP)";"Total";"9133";"472";"517";"518";"577";"570";"458";"396";"268";"156";"87";"31";"8";"-"
"3509403";"Cajuru (SP)";"Total";"23830";"1376";"1520";"1641";"1631";"1683";"1046";"775";"505";"343";"177";"87";"21";"4"
"3509452";"Campina do Monte Alegre (SP)";"Total";"5954";"385";"339";"391";"389";"455";"291";"221";"123";"88";"30";"19";"2";"-"
"3509502";"Campinas (SP)";"Total";"1139047";"59317";"66300";"65265";"67617";"82049";"51258";"38469";"25459";"16822";"9381";"4119";"1172";"169"
"3509601";"Campo Limpo Paulista (SP)";"Total";"77632";"4487";"5342";"5273";"5321";"5710";"3285";"2284";"1330";"824";"403";"178";"50";"8"
"3509700";"Campos do Jordão (SP)";"Total";"46974";"2816";"3101";"3064";"3248";"3663";"1879";"1309";"777";"476";"247";"94";"28";"5"
"3509809";"Campos Novos Paulista (SP)";"Total";"4888";"333";"335";"281";"351";"384";"219";"179";"125";"72";"31";"14";"1";"-"
"3509908";"Cananéia (SP)";"Total";"12289";"746";"819";"835";"901";"833";"559";"464";"289";"166";"118";"46";"7";"8"
"3509957";"Canas (SP)";"Total";"4931";"349";"366";"378";"355";"385";"203";"116";"73";"36";"14";"8";"4";"-"
"3510005";"Cândido Mota (SP)";"Total";"29449";"1618";"1728";"1859";"1815";"1940";"1505";"1064";"737";"455";"297";"104";"23";"10"
"3510104";"Cândido Rodrigues (SP)";"Total";"2889";"134";"135";"141";"166";"191";"148";"120";"102";"78";"39";"17";"3";"-"
"3510153";"Canitar (SP)";"Total";"6283";"491";"463";"456";"497";"568";"179";"133";"82";"59";"28";"9";"-";"1"
"3510203";"Capão Bonito (SP)";"Total";"46337";"2829";"3145";"3101";"3551";"3417";"1859";"1436";"958";"592";"282";"116";"23";"5"
"3510302";"Capela do Alto (SP)";"Total";"22866";"1438";"1531";"1409";"1429";"2003";"838";"608";"373";"203";"116";"49";"8";"2"
"3510401";"Capivari (SP)";"Total";"50068";"2973";"3190";"3206";"3458";"3534";"2046";"1455";"1014";"633";"330";"108";"24";"4"
"3510500";"Caraguatatuba (SP)";"Total";"134873";"8306";"9457";"9282";"9208";"9161";"6004";"4240";"2608";"1547";"781";"335";"89";"18"
"3510609";"Carapicuíba (SP)";"Total";"386984";"23464";"27556";"26282";"28129";"30978";"14192";"10067";"5834";"3189";"1450";"618";"153";"32"
"3510708";"Cardoso (SP)";"Total";"11345";"520";"625";"678";"704";"636";"719";"528";"408";"246";"112";"42";"11";"-"
"3510807";"Casa Branca (SP)";"Total";"28083";"1522";"1566";"1768";"1737";"1943";"1354";"1019";"680";"417";"208";"92";"30";"3"
"3510906";"Cássia dos Coqueiros (SP)";"Total";"2799";"120";"158";"158";"161";"181";"165";"108";"77";"58";"40";"19";"6";"1"
"3511003";"Castilho (SP)";"Total";"19977";"1152";"1336";"1377";"1290";"1299";"1007";"686";"468";"276";"129";"80";"16";"3"
"3511102";"Catanduva (SP)";"Total";"115791";"5951";"6612";"6672";"6633";"7190";"5658";"4236";"2962";"2037";"1155";"476";"123";"15"
"3511201";"Catiguá (SP)";"Total";"7003";"349";"435";"447";"461";"427";"326";"275";"133";"87";"59";"17";"4";"-"
"3511300";"Cedral (SP)";"Total";"12618";"729";"750";"802";"783";"761";"522";"425";"302";"189";"103";"51";"10";"2"
"3511409";"Cerqueira César (SP)";"Total";"21469";"1283";"1404";"1407";"1483";"1525";"867";"658";"441";"290";"143";"75";"14";"5"
"3511508";"Cerquilho (SP)";"Total";"44695";"2401";"2733";"2752";"2763";"3128";"1989";"1537";"1011";"540";"324";"127";"37";"3"
"3511607";"Cesário Lange (SP)";"Total";"19048";"1110";"1274";"1249";"1252";"1483";"740";"602";"386";"236";"115";"45";"10";"-"
"3511706";"Charqueada (SP)";"Total";"15535";"952";"1031";"1005";"1004";"1122";"673";"492";"309";"180";"109";"37";"11";"1"
"3511904";"Clementina (SP)";"Total";"6982";"449";"469";"502";"504";"472";"305";"221";"133";"92";"56";"15";"6";"-"
"3512001";"Colina (SP)";"Total";"18486";"1074";"1276";"1064";"1180";"1281";"808";"610";"459";"225";"153";"75";"8";"2"
"3512100";"Colômbia (SP)";"Total";"6629";"415";"480";"485";"461";"406";"279";"197";"153";"71";"38";"13";"1";"-"
"3512209";"Conchal (SP)";"Total";"28101";"1945";"1886";"1839";"2010";"2297";"990";"751";"510";"317";"183";"74";"15";"2"
"3512308";"Conchas (SP)";"Total";"15232";"809";"944";"982";"977";"1017";"806";"601";"390";"262";"148";"52";"19";"4"
"3512407";"Cordeirópolis (SP)";"Total";"24514";"1491";"1674";"1577";"1620";"1842";"892";"699";"450";"285";"161";"70";"10";"3"
"3512506";"Coroados (SP)";"Total";"5400";"281";"379";"333";"319";"295";"273";"202";"114";"81";"49";"19";"1";"-"
"3512605";"Coronel Macedo (SP)";"Total";"4280";"222";"246";"269";"280";"283";"238";"171";"125";"71";"29";"9";"7";"-"
"3512704";"Corumbataí (SP)";"Total";"4195";"257";"283";"269";"283";"313";"164";"143";"90";"49";"22";"9";"3";"-"
"3512803";"Cosmópolis (SP)";"Total";"59773";"3470";"3717";"4020";"3942";"4293";"2387";"1714";"1040";"612";"362";"131";"31";"7"
"3512902";"Cosmorama (SP)";"Total";"8719";"499";"526";"495";"534";"622";"447";"383";"238";"185";"81";"25";"17";"2"
"3513009";"Cotia (SP)";"Total";"274413";"17476";"20535";"19544";"19160";"19722";"9395";"6300";"3646";"2118";"1109";"455";"118";"16"
"3513108";"Cravinhos (SP)";"Total";"33281";"1787";"2006";"1993";"2304";"2429";"1468";"1037";"687";"419";"213";"106";"36";"2"
"3513207";"Cristais Paulista (SP)";"Total";"9272";"597";"633";"589";"614";"623";"399";"273";"188";"113";"66";"28";"9";"1"
"3513306";"Cruzália (SP)";"Total";"2108";"103";"107";"131";"108";"109";"119";"84";"54";"57";"22";"9";"3";"-"
"3513405";"Cruzeiro (SP)";"Total";"74961";"4171";"4537";"4827";"4840";"5073";"3710";"2694";"1694";"1066";"572";"262";"50";"10"
"3513504";"Cubatão (SP)";"Total";"112476";"7045";"7914";"7822";"8306";"8911";"4046";"2747";"1712";"1119";"459";"205";"61";"12"
"3513603";"Cunha (SP)";"Total";"22110";"1232";"1235";"1236";"1394";"1469";"1125";"819";"561";"363";"172";"60";"9";"2"
"3513702";"Descalvado (SP)";"Total";"31756";"1614";"1886";"1807";"1906";"2080";"1539";"1173";"787";"536";"300";"152";"26";"1"
"3513801";"Diadema (SP)";"Total";"393237";"21257";"25229";"25151";"27032";"30924";"14091";"10137";"5917";"3285";"1672";"670";"190";"36"
"3513850";"Dirce Reis (SP)";"Total";"1620";"78";"83";"90";"101";"81";"98";"73";"55";"40";"21";"7";"2";"-"
"3513900";"Divinolândia (SP)";"Total";"11158";"574";"554";"558";"600";"714";"712";"502";"310";"168";"89";"35";"4";"-"
"3514007";"Dobrada (SP)";"Total";"8759";"522";"611";"663";"602";"667";"305";"217";"141";"91";"37";"13";"3";"1"
"3514106";"Dois Córregos (SP)";"Total";"24510";"1461";"1572";"1701";"1644";"1581";"1139";"801";"572";"368";"225";"92";"21";"2"
"3514205";"Dolcinópolis (SP)";"Total";"2207";"99";"124";"119";"155";"112";"106";"81";"72";"61";"17";"5";"1";"1"
"3514304";"Dourado (SP)";"Total";"8096";"362";"436";"434";"488";"525";"432";"329";"226";"133";"75";"38";"6";"2"
"3514403";"Dracena (SP)";"Total";"45474";"2260";"2441";"2440";"2485";"2858";"2427";"1770";"1269";"863";"528";"174";"51";"4"
"3514502";"Duartina (SP)";"Total";"12328";"626";"669";"676";"713";"762";"696";"531";"391";"258";"123";"43";"16";"3"
"3514601";"Dumont (SP)";"Total";"9471";"569";"558";"565";"671";"836";"367";"261";"160";"94";"58";"25";"4";"1"
"3514700";"Echaporã (SP)";"Total";"6205";"407";"391";"393";"366";"426";"290";"244";"154";"100";"69";"19";"9";"-"
"3514809";"Eldorado (SP)";"Total";"13069";"944";"1001";"1005";"1021";"881";"546";"412";"311";"209";"102";"47";"14";"4"
"3514908";"Elias Fausto (SP)";"Total";"17699";"1122";"1209";"1174";"1237";"1342";"699";"488";"293";"193";"90";"39";"13";"-"
"3514924";"Elisiário (SP)";"Total";"3138";"145";"214";"187";"182";"171";"166";"112";"78";"48";"32";"9";"1";"-"
"3514957";"Embaúba (SP)";"Total";"2323";"108";"123";"154";"143";"111";"129";"97";"57";"44";"22";"15";"1";"-"
"3515004";"Embu das Artes (SP)";"Total";"250691";"15755";"18540";"18047";"18738";"20513";"8443";"5927";"3334";"1770";"758";"318";"94";"11"
"3515103";"Embu-Guaçu (SP)";"Total";"66970";"4079";"4879";"4740";"4868";"5061";"2678";"1859";"1155";"632";"311";"129";"43";"6"
"3515129";"Emilianópolis (SP)";"Total";"3014";"161";"164";"153";"193";"193";"153";"149";"106";"69";"33";"14";"2";"-"
"3515152";"Engenheiro Coelho (SP)";"Total";"19566";"1361";"1362";"1299";"1490";"1928";"533";"396";"295";"180";"94";"34";"13";"6"
"3515186";"Espírito Santo do Pinhal (SP)";"Total";"39816";"1880";"2081";"2206";"2329";"2787";"2038";"1530";"1030";"690";"362";"156";"40";"3"
"3515194";"Espírito Santo do Turvo (SP)";"Total";"4157";"298";"301";"309";"296";"334";"155";"118";"79";"30";"16";"5";"2";"1"
"3515202";"Estrela d'Oeste (SP)";"Total";"9417";"463";"546";"524";"589";"688";"467";"361";"229";"177";"83";"31";"6";"2"
"3515301";"Estrela do Norte (SP)";"Total";"2703";"149";"172";"193";"179";"175";"104";"90";"56";"49";"19";"12";"5";"1"
"3515350";"Euclides da Cunha Paulista (SP)";"Total";"7924";"463";"501";"576";"586";"438";"351";"239";"201";"147";"64";"16";"6";"-"
"3515400";"Fartura (SP)";"Total";"16641";"947";"999";"1050";"1045";"1105";"848";"639";"448";"280";"122";"67";"11";"-"
"3515509";"Fernandópolis (SP)";"Total";"71186";"3697";"4129";"3826";"4119";"4867";"3643";"2772";"1959";"1304";"733";"296";"77";"9"
"3515608";"Fernando Prestes (SP)";"Total";"5942";"289";"315";"327";"365";"369";"267";"274";"198";"125";"75";"34";"7";"-"
"3515657";"Fernão (SP)";"Total";"1656";"101";"116";"92";"125";"90";"73";"81";"49";"34";"10";"5";"2";"-"
"3515707";"Ferraz de Vasconcelos (SP)";"Total";"179198";"11681";"13003";"12612";"13187";"14513";"6196";"4093";"2305";"1265";"600";"250";"54";"10"
"3515806";"Flora Rica (SP)";"Total";"1487";"65";"82";"81";"90";"73";"86";"88";"63";"34";"19";"11";"2";"-"
"3515905";"Floreal (SP)";"Total";"2733";"97";"134";"120";"161";"130";"200";"162";"116";"73";"49";"21";"4";"1"
"3516002";"Flórida Paulista (SP)";"Total";"12958";"624";"662";"686";"724";"982";"568";"460";"337";"197";"124";"39";"5";"5"
"3516101";"Florínea (SP)";"Total";"3851";"143";"192";"171";"169";"234";"158";"117";"77";"36";"18";"8";"3";"-"
"3516200";"Franca (SP)";"Total";"352536";"20456";"22486";"21121";"23408";"26509";"15097";"11077";"7190";"4607";"2396";"1001";"242";"47"
"3516309";"Francisco Morato (SP)";"Total";"165139";"12224";"12296";"12119";"12949";"13935";"5784";"3752";"1754";"949";"403";"165";"45";"9"
"3516408";"Franco da Rocha (SP)";"Total";"144849";"9013";"10210";"9780";"10495";"11967";"5087";"3594";"1873";"1033";"439";"182";"52";"10"
"3516507";"Gabriel Monteiro (SP)";"Total";"2763";"133";"163";"161";"156";"144";"155";"134";"91";"62";"30";"11";"1";"-"
"3516606";"Gália (SP)";"Total";"6380";"316";"359";"375";"370";"342";"371";"305";"198";"113";"81";"26";"7";"1"
"3516705";"Garça (SP)";"Total";"42110";"2272";"2367";"2468";"2657";"2912";"2191";"1668";"1093";"671";"378";"161";"47";"7"
"3516804";"Gastão Vidigal (SP)";"Total";"3252";"146";"214";"205";"238";"190";"166";"152";"114";"58";"33";"12";"2";"-"
"3516853";"Gavião Peixoto (SP)";"Total";"4702";"325";"330";"318";"328";"328";"170";"126";"89";"51";"36";"14";"3";"-"
"3516903";"General Salgado (SP)";"Total";"10312";"494";"622";"587";"592";"619";"594";"456";"320";"201";"87";"36";"13";"1"
"3517000";"Getulina (SP)";"Total";"10232";"450";"518";"548";"598";"713";"458";"361";"255";"149";"94";"39";"8";"1"
"3517109";"Glicério (SP)";"Total";"4138";"243";"251";"264";"236";"265";"253";"172";"102";"73";"41";"17";"2";"-"
"3517208";"Guaiçara (SP)";"Total";"11239";"713";"771";"808";"766";"784";"499";"304";"224";"142";"61";"31";"6";"2"
"3517307";"Guaimbê (SP)";"Total";"5512";"316";"367";"365";"388";"379";"275";"188";"154";"90";"45";"20";"8";"-"
"3517406";"Guaíra (SP)";"Total";"39279";"2162";"2256";"2419";"2711";"2679";"1738";"1297";"881";"533";"220";"89";"25";"2"
"3517505";"Guapiaçu (SP)";"Total";"21711";"1286";"1429";"1343";"1408";"1669";"880";"673";"443";"255";"188";"48";"6";"2"
"3517604";"Guapiara (SP)";"Total";"17071";"1012";"1130";"1171";"1217";"1157";"780";"590";"369";"228";"106";"45";"19";"-"
"3517703";"Guará (SP)";"Total";"18606";"1089";"1187";"1196";"1430";"1487";"818";"649";"394";"225";"105";"50";"25";"1"
"3517802";"Guaraçaí (SP)";"Total";"7441";"325";"356";"403";"435";"433";"456";"343";"262";"169";"117";"34";"10";"4"
"3517901";"Guaraci (SP)";"Total";"10350";"539";"609";"718";"705";"687";"481";"388";"256";"143";"101";"36";"7";"2"
"3518008";"Guarani d'Oeste (SP)";"Total";"1968";"96";"113";"120";"118";"91";"103";"89";"60";"42";"24";"9";"1";"1"
"3518107";"Guarantã (SP)";"Total";"6427";"405";"404";"493";"436";"479";"311";"236";"133";"88";"44";"19";"5";"-"
"3518206";"Guararapes (SP)";"Total";"31043";"1575";"1912";"1890";"1835";"1887";"1453";"1120";"859";"573";"334";"111";"32";"4"
"3518305";"Guararema (SP)";"Total";"31236";"1762";"2116";"2070";"2134";"2221";"1427";"1098";"717";"387";"184";"65";"23";"6"
"3518404";"Guaratinguetá (SP)";"Total";"118044";"6472";"7066";"6977";"7239";"7819";"5513";"4147";"2785";"1704";"879";"383";"118";"16"
"3518503";"Guareí (SP)";"Total";"15013";"756";"798";"730";"834";"1231";"588";"403";"274";"195";"95";"30";"5";"-"
"3518602";"Guariba (SP)";"Total";"37498";"2199";"2426";"2582";"2710";"2782";"1391";"894";"600";"392";"214";"78";"20";"2"
"3518701";"Guarujá (SP)";"Total";"287634";"17334";"19953";"19293";"20340";"22220";"11152";"7679";"4625";"2720";"1459";"583";"149";"37"
"3518800";"Guarulhos (SP)";"Total";"1291771";"78452";"89942";"86180";"91005";"101087";"46423";"32351";"19261";"11268";"5533";"2255";"597";"102"
"3518859";"Guatapará (SP)";"Total";"7320";"442";"501";"516";"520";"477";"368";"273";"165";"88";"39";"18";"8";"1"
"3518909";"Guzolândia (SP)";"Total";"4246";"235";"257";"285";"288";"254";"227";"126";"111";"65";"37";"12";"4";"1"
"3519006";"Herculândia (SP)";"Total";"9125";"568";"559";"557";"673";"634";"401";"287";"212";"142";"70";"32";"4";"-"
"3519055";"Holambra (SP)";"Total";"15094";"919";"984";"955";"1069";"1051";"606";"420";"252";"170";"98";"49";"6";"-"
"3519071";"Hortolândia (SP)";"Total";"236641";"14388";"16233";"15486";"16089";"18759";"8002";"5185";"3024";"1819";"862";"381";"105";"13"
"3519105";"Iacanga (SP)";"Total";"10437";"612";"644";"671";"647";"651";"501";"350";"260";"147";"76";"29";"5";"2"
"3519204";"Iacri (SP)";"Total";"6131";"320";"362";"360";"379";"408";"305";"258";"183";"113";"61";"26";"1";"-"
"3519253";"Iaras (SP)";"Total";"8010";"391";"397";"462";"494";"457";"333";"225";"115";"51";"32";"16";"2";"1"
"3519303";"Ibaté (SP)";"Total";"32178";"2069";"2222";"2127";"2363";"2474";"1106";"746";"493";"342";"158";"51";"10";"3"
"3519402";"Ibirá (SP)";"Total";"11690";"639";"712";"660";"707";"695";"602";"431";"347";"224";"121";"58";"9";"2"
"3519501";"Ibirarema (SP)";"Total";"6385";"347";"421";"386";"433";"426";"286";"241";"171";"124";"75";"16";"7";"1"
"3519600";"Ibitinga (SP)";"Total";"60033";"3718";"3686";"3697";"3749";"4246";"2571";"1835";"1281";"829";"400";"190";"37";"6"
"3519709";"Ibiúna (SP)";"Total";"75605";"4807";"5194";"5086";"5246";"5442";"3427";"2478";"1522";"877";"437";"183";"33";"11"
"3519808";"Icém (SP)";"Total";"7819";"360";"458";"427";"454";"684";"369";"264";"180";"93";"60";"20";"6";"-"
"3519907";"Iepê (SP)";"Total";"7619";"407";"477";"461";"475";"483";"401";"284";"209";"131";"78";"38";"7";"1"
"3520004";"Igaraçu do Tietê (SP)";"Total";"23106";"1302";"1378";"1478";"1531";"1518";"915";"630";"426";"235";"138";"47";"15";"-"
"3520103";"Igarapava (SP)";"Total";"26212";"1449";"1584";"1628";"1673";"1709";"1211";"916";"654";"469";"246";"112";"29";"5"
"3520202";"Igaratá (SP)";"Total";"10605";"643";"698";"652";"732";"748";"502";"380";"222";"143";"69";"21";"7";"1"
"3520301";"Iguape (SP)";"Total";"29115";"1630";"1888";"2011";"2076";"1832";"1592";"1178";"799";"506";"263";"99";"29";"9"
"3520400";"Ilhabela (SP)";"Total";"34934";"2045";"2372";"2389";"2419";"2594";"1159";"873";"529";"298";"140";"74";"22";"3"
"3520426";"Ilha Comprida (SP)";"Total";"13419";"684";"827";"817";"799";"691";"1110";"780";"371";"214";"83";"36";"7";"-"
"3520442";"Ilha Solteira (SP)";"Total";"25549";"1173";"1392";"1457";"1520";"1684";"1358";"1042";"790";"449";"214";"88";"20";"2"
"3520509";"Indaiatuba (SP)";"Total";"255748";"14487";"16149";"15348";"15560";"17227";"10467";"7629";"4945";"2998";"1474";"674";"153";"19"
"3520608";"Indiana (SP)";"Total";"5090";"291";"304";"300";"300";"349";"250";"193";"133";"86";"33";"19";"3";"-"
"3520707";"Indiaporã (SP)";"Total";"4035";"183";"225";"246";"221";"199";"242";"201";"153";"84";"37";"27";"5";"-"
"3520806";"Inúbia Paulista (SP)";"Total";"3615";"186";"192";"205";"228";"252";"187";"133";"86";"65";"37";"22";"1";"-"
"3520905";"Ipaussu (SP)";"Total";"13712";"831";"883";"961";"965";"978";"576";"452";"338";"209";"89";"40";"9";"2"
"3521002";"Iperó (SP)";"Total";"36459";"2348";"2594";"2456";"2435";"2796";"1347";"871";"567";"283";"139";"48";"9";"3"
"3521101";"Ipeúna (SP)";"Total";"6831";"407";"475";"431";"474";"536";"288";"208";"139";"95";"44";"18";"4";"-"
"3521150";"Ipiguá (SP)";"Total";"6761";"402";"459";"502";"385";"417";"315";"232";"145";"93";"49";"20";"2";"1"
"3521200";"Iporanga (SP)";"Total";"4046";"254";"302";"323";"315";"249";"175";"102";"80";"57";"32";"13";"2";"-"
"3521309";"Ipuã (SP)";"Total";"14454";"856";"917";"868";"1083";"1133";"543";"417";"257";"152";"69";"22";"6";"1"
"3521408";"Iracemápolis (SP)";"Total";"21967";"1279";"1343";"1339";"1446";"1649";"864";"592";"420";"229";"144";"61";"15";"-"
"3521507";"Irapuã (SP)";"Total";"6867";"374";"440";"434";"468";"484";"359";"271";"164";"103";"50";"24";"7";"1"
"3521606";"Irapuru (SP)";"Total";"7085";"293";"311";"321";"391";"499";"360";"299";"212";"125";"104";"31";"7";"-"
"3521705";"Itaberá (SP)";"Total";"17983";"1111";"1147";"1144";"1212";"1287";"813";"581";"369";"258";"116";"43";"12";"2"
"3521804";"Itaí (SP)";"Total";"25180";"1650";"1732";"1716";"1742";"1686";"1084";"727";"452";"259";"139";"56";"21";"2"
"3521903";"Itajobi (SP)";"Total";"16989";"971";"953";"952";"1082";"1244";"857";"718";"450";"290";"170";"67";"18";"2"
"3522000";"Itaju (SP)";"Total";"3618";"235";"249";"218";"257";"241";"201";"134";"98";"57";"23";"15";"1";"-"
"3522109";"Itanhaém (SP)";"Total";"112476";"6148";"7539";"8074";"7865";"6979";"6743";"4850";"2804";"1524";"776";"302";"90";"8"
"3522158";"Itaoca (SP)";"Total";"3422";"215";"248";"216";"247";"217";"155";"130";"85";"52";"28";"13";"4";"1"
"3522208";"Itapecerica da Serra (SP)";"Total";"158522";"9899";"11689";"11696";"11805";"12588";"5568";"3885";"2152";"1185";"599";"236";"60";"6"
"3522307";"Itapetininga (SP)";"Total";"157790";"9533";"10330";"10221";"11081";"12448";"6412";"4750";"3038";"1831";"1007";"423";"116";"20"
"3522406";"Itapeva (SP)";"Total";"89728";"5656";"6137";"5952";"6540";"6981";"3327";"2674";"1674";"990";"516";"172";"45";"6"
"3522505";"Itapevi (SP)";"Total";"232297";"15839";"18611";"16654";"17444";"18905";"7003";"4581";"2443";"1339";"611";"205";"65";"12"
"3522604";"Itapira (SP)";"Total";"72022";"3683";"4064";"3875";"4197";"4877";"3543";"2704";"1712";"1104";"600";"287";"72";"6"
"3522653";"Itapirapuã Paulista (SP)";"Total";"4306";"318";"313";"273";"387";"397";"114";"114";"93";"44";"17";"8";"1";"1"
"3522703";"Itápolis (SP)";"Total";"39493";"2115";"2265";"2208";"2386";"2552";"1886";"1448";"1061";"679";"382";"151";"33";"5"
"3522802";"Itaporanga (SP)";"Total";"14085";"768";"928";"1011";"984";"889";"757";"538";"348";"196";"108";"54";"11";"1"
"3522901";"Itapuí (SP)";"Total";"13659";"967";"906";"942";"970";"999";"575";"415";"215";"177";"72";"42";"9";"2"
"3523008";"Itapura (SP)";"Total";"3979";"223";"250";"261";"256";"262";"203";"159";"90";"65";"28";"8";"1";"-"
"3523107";"Itaquaquecetuba (SP)";"Total";"369275";"25694";"28890";"27627";"28740";"30985";"11577";"7473";"4120";"2178";"1006";"388";"107";"12"
"3523206";"Itararé (SP)";"Total";"44438";"2754";"2994";"2810";"3227";"3163";"1942";"1499";"962";"551";"315";"139";"32";"5"
"3523305";"Itariri (SP)";"Total";"15528";"1062";"1135";"1224";"1202";"1089";"677";"512";"326";"233";"128";"41";"4";"-"
"3523404";"Itatiba (SP)";"Total";"121590";"6746";"7363";"7162";"7363";"8479";"5066";"3870";"2338";"1451";"818";"339";"76";"7"
"3523503";"Itatinga (SP)";"Total";"19070";"1179";"1239";"1321";"1453";"1643";"655";"483";"317";"191";"96";"35";"15";"4"
"3523602";"Itirapina (SP)";"Total";"16148";"827";"866";"879";"877";"1365";"602";"438";"268";"186";"108";"25";"7";"5"
"3523701";"Itirapuã (SP)";"Total";"5779";"386";"389";"412";"419";"427";"281";"218";"157";"86";"46";"24";"4";"1"
"3523800";"Itobi (SP)";"Total";"8046";"472";"476";"479";"517";"592";"366";"280";"180";"117";"48";"29";"8";"-"
"3523909";"Itu (SP)";"Total";"168240";"10032";"10849";"10861";"11147";"12211";"6829";"4893";"3075";"1872";"1074";"444";"112";"17"
"3524006";"Itupeva (SP)";"Total";"70616";"4712";"5222";"4959";"4823";"5443";"2140";"1596";"871";"542";"274";"136";"25";"6"
"3524105";"Ituverava (SP)";"Total";"37571";"2091";"2051";"2198";"2436";"2529";"1889";"1427";"1012";"627";"363";"126";"36";"4"
"3524204";"Jaborandi (SP)";"Total";"6221";"308";"353";"408";"415";"419";"284";"213";"137";"102";"46";"17";"4";"1"
"3524303";"Jaboticabal (SP)";"Total";"71821";"3551";"3993";"4093";"4412";"4946";"3484";"2731";"1850";"1173";"629";"261";"73";"17"
"3524402";"Jacareí (SP)";"Total";"240275";"13300";"15621";"15597";"15631";"16400";"10355";"7835";"4950";"2812";"1428";"606";"135";"17"
"3524501";"Jaci (SP)";"Total";"7613";"496";"540";"478";"511";"593";"266";"194";"136";"81";"36";"17";"4";"-"
"3524600";"Jacupiranga (SP)";"Total";"16097";"1052";"1162";"1071";"1213";"1064";"708";"544";"353";"245";"123";"56";"15";"1"
"3524709";"Jaguariúna (SP)";"Total";"59347";"3501";"3649";"3569";"3814";"4471";"2230";"1598";"1074";"676";"338";"152";"33";"6"
"3524808";"Jales (SP)";"Total";"48776";"2464";"2608";"2660";"2677";"2950";"2588";"1934";"1456";"943";"479";"191";"46";"3"
"3524907";"Jambeiro (SP)";"Total";"6397";"401";"428";"415";"406";"412";"312";"242";"134";"84";"43";"18";"7";"-"
"3525003";"Jandira (SP)";"Total";"118045";"7267";"8310";"8024";"8117";"9682";"3981";"2575";"1522";"840";"405";"126";"32";"2"
"3525102";"Jardinópolis (SP)";"Total";"45282";"2746";"3048";"2920";"3134";"3389";"1756";"1357";"823";"484";"283";"113";"32";"4"
"3525201";"Jarinu (SP)";"Total";"37535";"2514";"2672";"2590";"2526";"2694";"1436";"1050";"642";"340";"201";"89";"24";"3"
"3525300";"Jaú (SP)";"Total";"133497";"6991";"7718";"7780";"8412";"9001";"6435";"4619";"3079";"1983";"1103";"471";"112";"9"
"3525409";"Jeriquara (SP)";"Total";"3863";"266";"301";"281";"284";"323";"138";"85";"61";"40";"25";"9";"3";"1"
"3525508";"Joanópolis (SP)";"Total";"12815";"716";"793";"827";"850";"755";"605";"509";"323";"214";"96";"48";"13";"-"
"3525607";"João Ramalho (SP)";"Total";"4371";"267";"327";"330";"295";"276";"192";"125";"86";"52";"28";"13";"-";"-"
"3525706";"José Bonifácio (SP)";"Total";"36633";"2168";"2253";"2229";"2379";"2636";"1614";"1145";"830";"493";"240";"112";"20";"4"
"3525805";"Júlio Mesquita (SP)";"Total";"4254";"285";"283";"265";"270";"334";"196";"140";"125";"53";"34";"17";"1";"-"
"3525854";"Jumirim (SP)";"Total";"3056";"210";"233";"176";"219";"242";"119";"79";"68";"44";"33";"10";"1";"-"
"3525904";"Jundiaí (SP)";"Total";"443221";"23748";"25949";"25548";"25660";"28638";"19455";"14799";"10109";"6639";"3872";"1557";"398";"46"
"3526001";"Junqueirópolis (SP)";"Total";"20448";"1020";"1166";"1232";"1186";"1197";"993";"759";"535";"353";"199";"77";"21";"2"
"3526100";"Juquiá (SP)";"Total";"17154";"1057";"1186";"1163";"1242";"1206";"852";"633";"461";"282";"138";"72";"11";"2"
"3526209";"Juquitiba (SP)";"Total";"27404";"1735";"1994";"1904";"1954";"2050";"1229";"892";"521";"295";"137";"54";"17";"3"
"3526308";"Lagoinha (SP)";"Total";"5083";"235";"253";"274";"313";"282";"283";"211";"177";"105";"70";"21";"7";"2"
"3526407";"Laranjal Paulista (SP)";"Total";"26261";"1539";"1590";"1593";"1729";"1938";"1189";"934";"640";"401";"256";"102";"21";"6"
"3526506";"Lavínia (SP)";"Total";"9689";"237";"261";"290";"305";"891";"262";"203";"166";"107";"51";"17";"7";"-"
"3526605";"Lavrinhas (SP)";"Total";"7171";"472";"541";"522";"514";"512";"266";"170";"124";"63";"33";"11";"4";"-"
"3526704";"Leme (SP)";"Total";"98161";"5607";"6096";"6288";"6665";"7202";"3997";"2982";"1895";"1144";"607";"265";"68";"11"
"3526803";"Lençóis Paulista (SP)";"Total";"66505";"3904";"4180";"4211";"4336";"4828";"2713";"2006";"1299";"759";"401";"150";"34";"7"
"3526902";"Limeira (SP)";"Total";"291869";"15503";"16835";"16865";"18323";"20916";"13578";"9417";"5983";"3744";"2019";"846";"163";"21"
"3527009";"Lindóia (SP)";"Total";"7014";"395";"417";"422";"418";"453";"338";"271";"170";"123";"53";"26";"2";"-"
"3527108";"Lins (SP)";"Total";"74779";"4110";"4454";"4401";"4385";"5251";"3615";"2732";"1750";"1210";"724";"292";"75";"9"
"3527207";"Lorena (SP)";"Total";"84855";"4906";"5254";"5242";"5633";"5944";"3924";"2982";"2033";"1163";"637";"303";"68";"4"
"3527256";"Lourdes (SP)";"Total";"1950";"100";"116";"104";"118";"121";"127";"103";"79";"44";"15";"7";"3";"-"
"3527306";"Louveira (SP)";"Total";"51847";"3493";"3822";"3447";"3391";"4283";"1637";"1110";"676";"455";"231";"99";"31";"2"
"3527405";"Lucélia (SP)";"Total";"20061";"965";"978";"1073";"1103";"1240";"970";"736";"539";"335";"151";"84";"23";"6"
"3527504";"Lucianópolis (SP)";"Total";"2372";"124";"132";"148";"153";"175";"142";"126";"61";"41";"16";"11";"2";"-"
"3527603";"Luís Antônio (SP)";"Total";"12265";"798";"819";"912";"936";"887";"428";"302";"174";"125";"64";"19";"6";"3"
"3527702";"Luiziânia (SP)";"Total";"4701";"299";"342";"297";"320";"293";"197";"153";"105";"78";"42";"15";"5";"2"
"3527801";"Lupércio (SP)";"Total";"3981";"233";"277";"275";"272";"234";"212";"139";"104";"69";"31";"13";"2";"1"
"3527900";"Lutécia (SP)";"Total";"2661";"148";"180";"180";"158";"161";"134";"87";"73";"48";"25";"8";"3";"2"
"3528007";"Macatuba (SP)";"Total";"16829";"1021";"1057";"1134";"1123";"1172";"662";"489";"315";"234";"137";"57";"12";"-"
"3528106";"Macaubal (SP)";"Total";"7481";"378";"386";"393";"438";"421";"442";"334";"250";"212";"98";"36";"5";"1"
"3528205";"Macedônia (SP)";"Total";"3963";"201";"201";"207";"268";"228";"218";"188";"121";"71";"50";"21";"2";"1"
"3528304";"Magda (SP)";"Total";"3165";"124";"180";"190";"155";"187";"192";"147";"116";"78";"40";"16";"1";"-"
"3528403";"Mairinque (SP)";"Total";"50027";"2966";"3227";"3297";"3267";"3661";"2086";"1553";"924";"517";"247";"98";"18";"7"
"3528502";"Mairiporã (SP)";"Total";"93853";"5548";"6420";"6235";"6201";"6594";"4069";"2794";"1741";"950";"512";"208";"50";"8"
"3528601";"Manduri (SP)";"Total";"9871";"565";"575";"634";"632";"651";"437";"397";"263";"169";"85";"42";"5";"1"
"3528700";"Marabá Paulista (SP)";"Total";"4573";"198";"209";"225";"209";"508";"190";"135";"81";"57";"18";"7";"1";"-"
"3528809";"Maracaí (SP)";"Total";"12673";"727";"798";"769";"803";"851";"608";"452";"318";"173";"81";"42";"6";"-"
"3528858";"Marapoama (SP)";"Total";"3292";"199";"189";"178";"198";"222";"155";"118";"86";"46";"19";"13";"-";"2"
"3528908";"Mariápolis (SP)";"Total";"3513";"190";"201";"208";"209";"205";"191";"138";"101";"65";"37";"11";"-";"-"
"3529005";"Marília (SP)";"Total";"237627";"13817";"14664";"13990";"14106";"16467";"10924";"8237";"5516";"3647";"2049";"902";"213";"32"
"3529104";"Marinópolis (SP)";"Total";"1860";"77";"87";"93";"110";"114";"107";"75";"45";"27";"17";"6";"2";"1"
"3529203";"Martinópolis (SP)";"Total";"24881";"1337";"1442";"1467";"1540";"1715";"1170";"852";"560";"383";"223";"95";"18";"3"
"3529302";"Matão (SP)";"Total";"79033";"3955";"4627";"4514";"4819";"5268";"3799";"2709";"1640";"1018";"549";"249";"46";"6"
"3529401";"Mauá (SP)";"Total";"418261";"24433";"26611";"26605";"27976";"32726";"15687";"10913";"6491";"3913";"1891";"714";"171";"19"
"3529500";"Mendonça (SP)";"Total";"6159";"374";"355";"378";"371";"393";"297";"238";"175";"101";"48";"19";"6";"1"
"3529609";"Meridiano (SP)";"Total";"4572";"220";"277";"277";"292";"295";"234";"157";"126";"77";"40";"21";"3";"-"
"3529658";"Mesópolis (SP)";"Total";"1952";"107";"117";"142";"122";"144";"98";"66";"46";"31";"15";"14";"1";"-"
"3529708";"Miguelópolis (SP)";"Total";"19441";"1209";"1181";"1274";"1375";"1446";"835";"625";"413";"221";"110";"29";"9";"4"
"3529807";"Mineiros do Tietê (SP)";"Total";"11230";"632";"674";"707";"737";"711";"590";"415";"213";"149";"82";"34";"8";"1"
"3529906";"Miracatu (SP)";"Total";"18553";"1226";"1364";"1353";"1326";"1258";"874";"664";"419";"246";"132";"56";"16";"3"
"3530003";"Mira Estrela (SP)";"Total";"3126";"161";"180";"171";"152";"154";"230";"179";"84";"47";"19";"14";"2";"-"
"3530102";"Mirandópolis (SP)";"Total";"27983";"1102";"1344";"1394";"1423";"1479";"1265";"1049";"778";"532";"264";"127";"24";"7"
"3530201";"Mirante do Paranapanema (SP)";"Total";"15917";"848";"1004";"1022";"1039";"928";"832";"617";"442";"284";"157";"68";"22";"3"
"3530300";"Mirassol (SP)";"Total";"63337";"3745";"3862";"3669";"3789";"4065";"2822";"2151";"1342";"881";"490";"203";"61";"7"
"3530409";"Mirassolândia (SP)";"Total";"4669";"280";"282";"301";"298";"314";"221";"172";"132";"89";"38";"20";"5";"-"
"3530508";"Mococa (SP)";"Total";"67681";"3469";"3940";"3912";"4215";"4485";"3491";"2726";"1737";"1050";"556";"235";"67";"7"
"3530607";"Mogi das Cruzes (SP)";"Total";"451505";"27214";"30359";"30713";"31322";"33828";"17970";"12711";"8084";"5093";"2652";"1037";"274";"37"
"3530706";"Mogi Guaçu (SP)";"Total";"153658";"8655";"9387";"9227";"9379";"10620";"6997";"4919";"3324";"1962";"941";"372";"81";"14"
"3530805";"Mogi Mirim (SP)";"Total";"92558";"4831";"5404";"5375";"5596";"6008";"4564";"3365";"2161";"1316";"724";"308";"69";"9"
"3530904";"Mombuca (SP)";"Total";"3722";"292";"294";"252";"252";"259";"133";"92";"74";"43";"16";"8";"3";"-"
"3531001";"Monções (SP)";"Total";"1937";"88";"114";"109";"113";"81";"130";"92";"76";"41";"24";"15";"3";"-"
"3531100";"Mongaguá (SP)";"Total";"61951";"3138";"4255";"3965";"3947";"3973";"3766";"3232";"1386";"742";"322";"117";"40";"3"
"3531209";"Monte Alegre do Sul (SP)";"Total";"8627";"403";"490";"459";"458";"506";"493";"345";"262";"151";"91";"33";"8";"1"
"3531308";"Monte Alto (SP)";"Total";"47574";"2419";"2607";"2505";"2698";"3032";"2424";"1847";"1234";"815";"482";"204";"37";"6"
"3531407";"Monte Aprazível (SP)";"Total";"22280";"1149";"1238";"1294";"1372";"1423";"1142";"902";"633";"428";"219";"82";"17";"8"
"3531506";"Monte Azul Paulista (SP)";"Total";"18151";"918";"969";"1006";"1106";"1113";"847";"720";"498";"324";"174";"75";"23";"3"
"3531605";"Monte Castelo (SP)";"Total";"4222";"252";"258";"239";"259";"250";"239";"163";"125";"84";"42";"8";"11";"3"
"3531704";"Monteiro Lobato (SP)";"Total";"4138";"229";"289";"312";"244";"233";"235";"140";"120";"65";"24";"16";"5";"-"
"3531803";"Monte Mor (SP)";"Total";"64662";"4249";"4698";"4593";"4458";"4822";"2248";"1548";"873";"548";"270";"91";"32";"3"
"3531902";"Morro Agudo (SP)";"Total";"27933";"1713";"1864";"1912";"2013";"2023";"1068";"811";"534";"324";"154";"48";"9";"3"
"3532009";"Morungaba (SP)";"Total";"13720";"858";"893";"858";"939";"1004";"566";"464";"267";"155";"82";"29";"10";"1"
"3532058";"Motuca (SP)";"Total";"4034";"214";"272";"246";"267";"246";"178";"142";"82";"57";"23";"14";"4";"-"
"3532108";"Murutinga do Sul (SP)";"Total";"3737";"170";"200";"184";"209";"223";"229";"176";"148";"69";"56";"23";"9";"-"
"3532157";"Nantes (SP)";"Total";"2660";"169";"187";"194";"183";"172";"96";"68";"53";"35";"16";"5";"2";"1"
"3532207";"Narandiba (SP)";"Total";"5713";"398";"467";"440";"376";"436";"177";"152";"100";"52";"36";"15";"4";"-"
"3532306";"Natividade da Serra (SP)";"Total";"6999";"388";"439";"464";"383";"401";"436";"321";"221";"127";"67";"24";"7";"2"
"3532405";"Nazaré Paulista (SP)";"Total";"18217";"1087";"1112";"1161";"1151";"1222";"813";"647";"406";"296";"141";"66";"7";"1"
"3532504";"Neves Paulista (SP)";"Total";"9699";"526";"492";"517";"523";"511";"533";"430";"301";"233";"127";"49";"6";"1"
"3532603";"Nhandeara (SP)";"Total";"9852";"418";"511";"561";"561";"525";"617";"490";"381";"245";"130";"50";"6";"2"
"3532702";"Nipoã (SP)";"Total";"4750";"313";"356";"301";"311";"320";"161";"132";"110";"67";"31";"11";"2";"-"
"3532801";"Nova Aliança (SP)";"Total";"6693";"399";"402";"408";"436";"487";"353";"219";"155";"122";"64";"21";"8";"-"
"3532827";"Nova Campina (SP)";"Total";"8497";"605";"663";"615";"668";"749";"258";"188";"133";"57";"42";"17";"1";"-"
"3532843";"Nova Canaã Paulista (SP)";"Total";"2032";"80";"85";"102";"124";"113";"153";"138";"81";"57";"25";"6";"5";"-"
"3532868";"Nova Castilho (SP)";"Total";"1062";"57";"79";"72";"71";"56";"55";"35";"29";"20";"10";"-";"-";"-"
"3532900";"Nova Europa (SP)";"Total";"9311";"559";"592";"648";"623";"613";"401";"271";"204";"114";"61";"17";"8";"-"
"3533007";"Nova Granada (SP)";"Total";"19419";"1145";"1233";"1224";"1140";"1376";"878";"697";"484";"299";"181";"78";"18";"4"
"3533106";"Nova Guataporanga (SP)";"Total";"2156";"130";"126";"117";"124";"140";"137";"94";"68";"44";"30";"14";"-";"-"
"3533205";"Nova Independência (SP)";"Total";"4609";"263";"283";"273";"302";"415";"144";"108";"81";"45";"24";"5";"1";"-"
"3533254";"Novais (SP)";"Total";"4412";"289";"339";"312";"314";"313";"132";"117";"81";"62";"30";"9";"3";"-"
"3533304";"Nova Luzitânia (SP)";"Total";"2837";"154";"156";"161";"200";"175";"156";"113";"74";"47";"18";"12";"4";"-"
"3533403";"Nova Odessa (SP)";"Total";"62019";"3424";"3844";"3754";"3801";"4255";"2603";"1913";"1128";"745";"351";"136";"26";"6"
"3533502";"Novo Horizonte (SP)";"Total";"38324";"2089";"2312";"2376";"2422";"2435";"1877";"1374";"961";"630";"306";"127";"26";"4"
"3533601";"Nuporanga (SP)";"Total";"7391";"444";"474";"472";"451";"462";"356";"253";"152";"90";"63";"28";"6";"-"
"3533700";"Ocauçu (SP)";"Total";"4331";"282";"286";"294";"253";"310";"246";"168";"103";"73";"59";"14";"5";"-"
"3533809";"Óleo (SP)";"Total";"2512";"116";"150";"166";"143";"161";"153";"116";"69";"50";"27";"8";"2";"-"
"3533908";"Olímpia (SP)";"Total";"55074";"3151";"3425";"3416";"3466";"3605";"2405";"2047";"1365";"851";"500";"205";"43";"5"
"3534005";"Onda Verde (SP)";"Total";"4771";"289";"332";"316";"359";"322";"182";"148";"96";"56";"26";"7";"3";"2"
"3534104";"Oriente (SP)";"Total";"6085";"324";"359";"345";"363";"403";"328";"219";"164";"123";"56";"30";"10";"1"
"3534203";"Orindiúva (SP)";"Total";"6024";"399";"404";"416";"386";"414";"227";"163";"93";"69";"35";"15";"4";"-"
"3534302";"Orlândia (SP)";"Total";"38319";"1985";"2235";"2241";"2497";"2625";"1736";"1346";"861";"571";"273";"129";"33";"1"
"3534401";"Osasco (SP)";"Total";"728615";"41299";"48512";"45942";"48662";"54061";"27792";"20185";"12638";"7776";"4021";"1569";"432";"74"
"3534500";"Oscar Bressane (SP)";"Total";"2470";"98";"124";"171";"131";"132";"145";"155";"104";"68";"29";"12";"3";"-"
"3534609";"Osvaldo Cruz (SP)";"Total";"31272";"1441";"1707";"1648";"1736";"2206";"1726";"1289";"934";"646";"360";"156";"28";"7"
"3534708";"Ourinhos (SP)";"Total";"103970";"5774";"6368";"6636";"6692";"7043";"4945";"3811";"2550";"1558";"760";"326";"79";"12"
"3534757";"Ouroeste (SP)";"Total";"10294";"577";"633";"658";"652";"653";"484";"367";"242";"143";"82";"33";"11";"-"
"3534807";"Ouro Verde (SP)";"Total";"7779";"539";"509";"516";"552";"497";"321";"253";"172";"118";"70";"30";"8";"-"
"3534906";"Pacaembu (SP)";"Total";"14877";"487";"546";"555";"563";"1204";"573";"437";"330";"239";"145";"59";"13";"2"
"3535002";"Palestina (SP)";"Total";"11476";"676";"665";"712";"696";"695";"550";"468";"324";"213";"108";"49";"13";"2"
"3535101";"Palmares Paulista (SP)";"Total";"9650";"585";"627";"656";"678";"734";"307";"221";"149";"103";"54";"18";"2";"-"
"3535200";"Palmeira d'Oeste (SP)";"Total";"8903";"393";"411";"463";"517";"510";"514";"402";"332";"246";"113";"32";"4";"-"
"3535309";"Palmital (SP)";"Total";"19594";"966";"1082";"1124";"1253";"1210";"1116";"881";"646";"368";"213";"94";"11";"3"
"3535408";"Panorama (SP)";"Total";"14964";"969";"1069";"1051";"1058";"1037";"668";"525";"325";"186";"89";"31";"14";"2"
"3535507";"Paraguaçu Paulista (SP)";"Total";"41120";"2363";"2654";"2556";"2538";"2805";"1819";"1439";"976";"599";"336";"130";"34";"7"
"3535606";"Paraibuna (SP)";"Total";"17667";"1068";"1084";"1098";"1087";"1188";"897";"652";"441";"301";"127";"60";"13";"1"
"3535705";"Paraíso (SP)";"Total";"6099";"320";"328";"364";"365";"379";"308";"218";"161";"102";"55";"27";"5";"1"
"3535804";"Paranapanema (SP)";"Total";"19395";"1347";"1378";"1248";"1323";"1503";"795";"515";"338";"179";"100";"27";"8";"2"
"3535903";"Paranapuã (SP)";"Total";"4031";"244";"261";"203";"299";"273";"199";"167";"87";"77";"32";"15";"4";"2"
"3536000";"Parapuã (SP)";"Total";"10580";"521";"583";"577";"637";"640";"587";"466";"315";"228";"140";"39";"15";"-"
"3536109";"Pardinho (SP)";"Total";"7153";"437";"482";"518";"537";"572";"307";"209";"158";"93";"42";"26";"2";"-"
"3536208";"Pariquera-Açu (SP)";"Total";"19233";"1159";"1315";"1305";"1387";"1346";"829";"644";"438";"322";"151";"65";"16";"3"
"3536257";"Parisi (SP)";"Total";"2892";"151";"186";"173";"179";"182";"169";"119";"95";"50";"23";"11";"3";"-"
"3536307";"Patrocínio Paulista (SP)";"Total";"14512";"920";"1015";"1030";"1047";"1075";"630";"446";"271";"173";"101";"37";"12";"2"
"3536406";"Paulicéia (SP)";"Total";"7955";"493";"620";"571";"540";"535";"363";"240";"166";"88";"37";"11";"4";"-"
"3536505";"Paulínia (SP)";"Total";"110537";"6183";"7503";"7428";"7517";"7527";"4040";"2931";"1733";"997";"524";"233";"54";"8"
"3536570";"Paulistânia (SP)";"Total";"2090";"142";"130";"121";"151";"139";"96";"56";"59";"40";"14";"6";"2";"2"
"3536604";"Paulo de Faria (SP)";"Total";"7400";"371";"393";"444";"446";"507";"360";"302";"200";"149";"66";"26";"12";"3"
"3536703";"Pederneiras (SP)";"Total";"44827";"2554";"2915";"2936";"3053";"3153";"1881";"1381";"900";"567";"306";"129";"33";"6"
"3536802";"Pedra Bela (SP)";"Total";"6557";"349";"373";"356";"401";"362";"385";"285";"176";"110";"46";"18";"5";"-"
"3536901";"Pedranópolis (SP)";"Total";"2787";"119";"143";"158";"167";"147";"199";"134";"86";"60";"27";"14";"5";"3"
"3537008";"Pedregulho (SP)";"Total";"15525";"919";"990";"1007";"1115";"1134";"739";"508";"326";"223";"120";"48";"13";"2"
"3537107";"Pedreira (SP)";"Total";"43112";"2203";"2425";"2380";"2646";"3103";"1920";"1347";"922";"605";"321";"116";"35";"1"
"3537156";"Pedrinhas Paulista (SP)";"Total";"2804";"134";"156";"139";"162";"165";"157";"110";"84";"54";"26";"11";"1";"-"
"3537206";"Pedro de Toledo (SP)";"Total";"11281";"611";"899";"766";"757";"651";"608";"432";"271";"144";"60";"30";"9";"2"
"3537305";"Penápolis (SP)";"Total";"61679";"3425";"3777";"3817";"3709";"4048";"3071";"2282";"1632";"1087";"579";"218";"52";"12"
"3537404";"Pereira Barreto (SP)";"Total";"24095";"1262";"1448";"1495";"1397";"1417";"1180";"938";"702";"427";"230";"73";"26";"3"
"3537503";"Pereiras (SP)";"Total";"8737";"520";"615";"584";"582";"573";"405";"322";"213";"107";"66";"23";"10";"-"
"3537602";"Peruíbe (SP)";"Total";"68352";"3817";"4392";"4795";"4690";"4374";"3974";"3001";"1838";"1052";"533";"247";"67";"6"
"3537701";"Piacatu (SP)";"Total";"5519";"275";"314";"350";"314";"370";"299";"191";"152";"113";"44";"20";"5";"1"
"3537800";"Piedade (SP)";"Total";"52970";"2934";"3285";"3256";"3391";"3637";"2461";"1758";"1130";"761";"400";"136";"43";"4"
"3537909";"Pilar do Sul (SP)";"Total";"27619";"1726";"1799";"1870";"1892";"2030";"1228";"951";"641";"372";"176";"58";"15";"1"
"3538006";"Pindamonhangaba (SP)";"Total";"165428";"10222";"11030";"10740";"11044";"11632";"7283";"5252";"3042";"1773";"918";"377";"98";"10"
"3538105";"Pindorama (SP)";"Total";"14542";"688";"801";"852";"864";"886";"729";"638";"410";"260";"166";"67";"10";"4"
"3538204";"Pinhalzinho (SP)";"Total";"15224";"763";"894";"891";"933";"965";"873";"685";"414";"268";"115";"51";"8";"2"
"3538303";"Piquerobi (SP)";"Total";"3264";"156";"181";"188";"216";"189";"157";"116";"95";"73";"24";"10";"-";"-"
"3538501";"Piquete (SP)";"Total";"12490";"578";"734";"759";"829";"749";"721";"510";"354";"194";"129";"53";"18";"-"
"3538600";"Piracaia (SP)";"Total";"26029";"1321";"1477";"1426";"1505";"1791";"1337";"1113";"649";"407";"193";"92";"18";"3"
"3538709";"Piracicaba (SP)";"Total";"423323";"22733";"25979";"24897";"26263";"30032";"18340";"13931";"9063";"5637";"3137";"1449";"350";"45"
"3538808";"Piraju (SP)";"Total";"29436";"1598";"1764";"1817";"1929";"1932";"1571";"1208";"735";"473";"270";"118";"18";"3"
"3538907";"Pirajuí (SP)";"Total";"22431";"1037";"1106";"1184";"1220";"1616";"1046";"734";"488";"335";"192";"84";"19";"2"
"3539004";"Pirangi (SP)";"Total";"10885";"570";"605";"599";"660";"676";"541";"423";"297";"202";"129";"44";"11";"1"
"3539103";"Pirapora do Bom Jesus (SP)";"Total";"18370";"1361";"1465";"1350";"1462";"1498";"524";"365";"223";"138";"65";"27";"4";"1"
"3539202";"Pirapozinho (SP)";"Total";"25348";"1445";"1501";"1572";"1540";"1839";"1143";"820";"556";"395";"210";"84";"22";"1"
"3539301";"Pirassununga (SP)";"Total";"73545";"3997";"4325";"4478";"4420";"4800";"3499";"2794";"1979";"1196";"679";"312";"78";"9"
"3539400";"Piratininga (SP)";"Total";"15108";"896";"1032";"962";"889";"935";"744";"525";"327";"201";"131";"64";"11";"1"
"3539509";"Pitangueiras (SP)";"Total";"33674";"2134";"2158";"2226";"2467";"2740";"1203";"887";"604";"386";"208";"84";"16";"-"
"3539608";"Planalto (SP)";"Total";"4389";"243";"278";"280";"320";"297";"203";"134";"95";"62";"37";"12";"-";"1"
"3539707";"Platina (SP)";"Total";"3025";"194";"199";"218";"195";"189";"148";"117";"71";"53";"25";"6";"1";"-"
"3539806";"Poá (SP)";"Total";"103765";"5862";"6894";"7126";"7306";"8061";"4233";"3036";"1747";"1022";"449";"224";"51";"10"
"3539905";"Poloni (SP)";"Total";"5592";"313";"320";"350";"330";"353";"291";"224";"183";"129";"78";"40";"12";"-"
"3540002";"Pompéia (SP)";"Total";"20196";"1068";"1265";"1164";"1205";"1380";"1046";"729";"530";"312";"153";"61";"23";"6"
"3540101";"Pongaí (SP)";"Total";"3395";"148";"191";"181";"213";"196";"234";"142";"104";"69";"35";"13";"2";"-"
"3540200";"Pontal (SP)";"Total";"37607";"2431";"2507";"2580";"2811";"3190";"1227";"753";"506";"293";"192";"69";"11";"3"
"3540259";"Pontalinda (SP)";"Total";"4127";"261";"269";"290";"265";"288";"181";"149";"92";"50";"31";"11";"2";"3"
"3540309";"Pontes Gestal (SP)";"Total";"2387";"127";"154";"158";"118";"122";"125";"102";"95";"45";"22";"12";"5";"-"
"3540408";"Populina (SP)";"Total";"4127";"180";"242";"280";"254";"228";"226";"185";"130";"96";"38";"16";"2";"-"
"3540507";"Porangaba (SP)";"Total";"10451";"556";"584";"621";"620";"610";"710";"535";"319";"175";"105";"37";"5";"1"
"3540606";"Porto Feliz (SP)";"Total";"56497";"3167";"3605";"3416";"3482";"4208";"2480";"1762";"1150";"659";"397";"148";"36";"6"
"3540705";"Porto Ferreira (SP)";"Total";"52649";"2709";"3114";"3150";"3612";"3621";"2328";"1757";"1202";"811";"447";"184";"38";"4"
"3540754";"Potim (SP)";"Total";"20392";"1239";"1307";"1271";"1313";"1881";"601";"425";"251";"139";"47";"27";"8";"4"
"3540804";"Potirendaba (SP)";"Total";"18496";"1073";"1208";"1133";"1131";"1226";"845";"648";"451";"304";"176";"79";"21";"2"
"3540853";"Pracinha (SP)";"Total";"2578";"70";"92";"81";"118";"351";"79";"68";"41";"20";"9";"4";"-";"-"
"3540903";"Pradópolis (SP)";"Total";"17078";"933";"1075";"1145";"1187";"1159";"699";"513";"356";"174";"87";"46";"13";"-"
"3541000";"Praia Grande (SP)";"Total";"349935";"20143";"23424";"23720";"23446";"23830";"16587";"12228";"7239";"4194";"2015";"811";"199";"35"
"3541059";"Pratânia (SP)";"Total";"5126";"327";"399";"363";"405";"430";"186";"113";"70";"42";"28";"5";"2";"1"
"3541109";"Presidente Alves (SP)";"Total";"3804";"210";"227";"258";"216";"227";"234";"155";"108";"64";"32";"22";"5";"-"
"3541208";"Presidente Bernardes (SP)";"Total";"14490";"568";"659";"674";"717";"928";"684";"575";"458";"269";"147";"68";"22";"5"
"3541307";"Presidente Epitácio (SP)";"Total";"39505";"2141";"2480";"2440";"2698";"2530";"1947";"1416";"947";"590";"272";"130";"33";"4"
"3541406";"Presidente Prudente (SP)";"Total";"225668";"12259";"13040";"12736";"13661";"15811";"10685";"8056";"5668";"3659";"2037";"791";"185";"22"
"3541505";"Presidente Venceslau (SP)";"Total";"35201";"1687";"1860";"1958";"1969";"2068";"1856";"1456";"996";"695";"384";"178";"43";"4"
"3541604";"Promissão (SP)";"Total";"35131";"1993";"2186";"2267";"2458";"2356";"1525";"1207";"856";"543";"287";"106";"21";"3"
"3541653";"Quadra (SP)";"Total";"3405";"176";"235";"234";"220";"218";"181";"129";"93";"45";"17";"9";"1";"-"
"3541703";"Quatá (SP)";"Total";"13163";"785";"911";"880";"852";"888";"600";"384";"271";"175";"105";"23";"7";"4"
"3541802";"Queiroz (SP)";"Total";"3265";"207";"247";"234";"237";"238";"104";"63";"65";"45";"17";"7";"6";"-"
"3541901";"Queluz (SP)";"Total";"9159";"597";"604";"593";"624";"692";"388";"307";"169";"117";"61";"24";"9";"2"
"3542008";"Quintana (SP)";"Total";"7038";"484";"452";"428";"451";"524";"305";"217";"173";"109";"56";"15";"10";"-"
"3542107";"Rafard (SP)";"Total";"8965";"573";"533";"591";"587";"619";"346";"267";"209";"131";"75";"35";"7";"-"
"3542206";"Rancharia (SP)";"Total";"28588";"1634";"1826";"1720";"1813";"1889";"1355";"954";"701";"460";"247";"111";"33";"3"
"3542305";"Redenção da Serra (SP)";"Total";"4494";"233";"264";"295";"277";"262";"307";"197";"131";"76";"33";"9";"4";"-"
"3542404";"Regente Feijó (SP)";"Total";"20145";"1105";"1224";"1211";"1266";"1346";"951";"678";"497";"344";"160";"68";"16";"2"
"3542503";"Reginópolis (SP)";"Total";"7662";"276";"367";"379";"412";"1094";"305";"230";"150";"123";"46";"22";"6";"1"
"3542602";"Registro (SP)";"Total";"59947";"3543";"4126";"4048";"4096";"4227";"2507";"1864";"1291";"827";"425";"210";"51";"8"
"3542701";"Restinga (SP)";"Total";"6404";"383";"488";"458";"493";"471";"247";"168";"104";"78";"34";"10";"2";"-"
"3542800";"Ribeira (SP)";"Total";"3132";"194";"196";"226";"231";"189";"155";"126";"82";"62";"23";"11";"1";"1"
"3542909";"Ribeirão Bonito (SP)";"Total";"10989";"621";"701";"713";"704";"750";"510";"355";"257";"184";"101";"47";"11";"-"
"3543006";"Ribeirão Branco (SP)";"Total";"18627";"1396";"1384";"1357";"1479";"1476";"637";"451";"314";"153";"72";"21";"8";"2"
"3543105";"Ribeirão Corrente (SP)";"Total";"4608";"299";"353";"346";"317";"377";"175";"142";"104";"55";"29";"6";"6";"-"
"3543204";"Ribeirão do Sul (SP)";"Total";"4677";"263";"269";"267";"290";"276";"255";"204";"155";"88";"45";"10";"5";"1"
"3543238";"Ribeirão dos Índios (SP)";"Total";"2025";"96";"94";"106";"123";"131";"122";"90";"82";"47";"27";"11";"3";"-"
"3543253";"Ribeirão Grande (SP)";"Total";"7450";"426";"448";"506";"561";"463";"316";"276";"173";"109";"59";"21";"6";"1"
"3543303";"Ribeirão Pires (SP)";"Total";"115559";"5865";"6902";"6870";"7150";"8048";"5497";"4033";"2586";"1391";"741";"319";"74";"12"
"3543402";"Ribeirão Preto (SP)";"Total";"698642";"37203";"40348";"40156";"42065";"51815";"29787";"22086";"14787";"9752";"5464";"2433";"618";"90"
"3543501";"Riversul (SP)";"Total";"5599";"359";"363";"384";"401";"364";"275";"190";"142";"96";"40";"17";"4";"1"
"3543600";"Rifaina (SP)";"Total";"4049";"224";"255";"232";"283";"298";"188";"144";"110";"66";"32";"17";"2";"-"
"3543709";"Rincão (SP)";"Total";"9098";"517";"567";"586";"597";"622";"402";"315";"219";"130";"66";"32";"6";"-"
"3543808";"Rinópolis (SP)";"Total";"9259";"472";"511";"502";"581";"602";"520";"389";"279";"225";"127";"53";"8";"3"
"3543907";"Rio Claro (SP)";"Total";"201418";"10761";"11902";"11984";"12179";"14436";"8820";"6673";"4649";"2978";"1613";"765";"202";"18"
"3544004";"Rio das Pedras (SP)";"Total";"31328";"1933";"2100";"2075";"2172";"2385";"1132";"847";"491";"321";"154";"49";"6";"1"
"3544103";"Rio Grande da Serra (SP)";"Total";"44170";"2643";"3012";"3109";"3280";"3516";"1665";"1081";"670";"387";"169";"67";"21";"3"
"3544202";"Riolândia (SP)";"Total";"10309";"503";"494";"523";"588";"1022";"348";"269";"194";"97";"55";"27";"5";"-"
"3544251";"Rosana (SP)";"Total";"17440";"940";"1059";"1122";"1192";"1098";"871";"686";"450";"230";"112";"37";"5";"2"
"3544301";"Roseira (SP)";"Total";"10832";"656";"789";"747";"721";"732";"479";"303";"201";"85";"57";"16";"4";"-"
"3544400";"Rubiácea (SP)";"Total";"2700";"173";"208";"186";"174";"154";"110";"74";"44";"38";"16";"6";"3";"-"
"3544509";"Rubinéia (SP)";"Total";"3833";"210";"183";"226";"195";"204";"295";"214";"136";"83";"40";"14";"3";"1"
"3544608";"Sabino (SP)";"Total";"5112";"244";"281";"337";"311";"258";"334";"221";"172";"119";"53";"25";"7";"-"
"3544707";"Sagres (SP)";"Total";"2474";"155";"152";"175";"140";"149";"123";"115";"65";"35";"25";"11";"4";"1"
"3544806";"Sales (SP)";"Total";"6437";"306";"389";"419";"372";"387";"396";"264";"176";"99";"56";"16";"3";"1"
"3544905";"Sales Oliveira (SP)";"Total";"11411";"613";"682";"680";"704";"761";"531";"399";"301";"167";"92";"49";"6";"1"
"3545001";"Salesópolis (SP)";"Total";"15202";"912";"944";"992";"1076";"1091";"709";"530";"345";"195";"101";"44";"8";"-"
"3545100";"Salmourão (SP)";"Total";"4808";"296";"313";"271";"335";"344";"233";"189";"136";"93";"37";"19";"3";"-"
"3545159";"Saltinho (SP)";"Total";"8161";"433";"444";"443";"514";"525";"422";"345";"191";"131";"69";"34";"3";"-"
"3545209";"Salto (SP)";"Total";"134319";"8277";"8759";"8266";"8465";"9337";"5335";"3670";"2304";"1442";"773";"326";"82";"16"
"3545308";"Salto de Pirapora (SP)";"Total";"43748";"2436";"2907";"2884";"2863";"3289";"1917";"1348";"957";"495";"273";"100";"15";"3"
"3545407";"Salto Grande (SP)";"Total";"9050";"527";"586";"551";"602";"618";"490";"360";"256";"154";"85";"28";"11";"-"
"3545506";"Sandovalina (SP)";"Total";"3645";"235";"266";"285";"231";"242";"150";"124";"74";"40";"20";"9";"1";"-"
"3545605";"Santa Adélia (SP)";"Total";"14018";"723";"837";"811";"899";"959";"649";"532";"352";"238";"129";"51";"10";"1"
"3545704";"Santa Albertina (SP)";"Total";"6393";"367";"399";"355";"348";"327";"391";"303";"206";"104";"77";"26";"3";"2"
"3545803";"Santa Bárbara d'Oeste (SP)";"Total";"183347";"9706";"10898";"10329";"10826";"12225";"8846";"5963";"3496";"2195";"1160";"505";"113";"13"
"3546009";"Santa Branca (SP)";"Total";"13975";"740";"773";"844";"911";"931";"734";"523";"370";"207";"118";"42";"7";"1"
"3546108";"Santa Clara d'Oeste (SP)";"Total";"2598";"180";"152";"174";"140";"162";"144";"101";"77";"51";"17";"5";"1";"1"
"3546207";"Santa Cruz da Conceição (SP)";"Total";"4277";"169";"234";"237";"243";"250";"267";"211";"136";"86";"50";"22";"6";"1"
"3546256";"Santa Cruz da Esperança (SP)";"Total";"2116";"116";"143";"148";"137";"123";"106";"97";"65";"42";"22";"5";"-";"-"
"3546306";"Santa Cruz das Palmeiras (SP)";"Total";"28864";"1648";"1805";"1775";"1977";"2034";"1217";"877";"612";"388";"200";"77";"20";"3"
"3546405";"Santa Cruz do Rio Pardo (SP)";"Total";"46442";"2715";"2884";"2985";"3072";"3225";"2187";"1736";"1145";"805";"399";"179";"54";"2"
"3546504";"Santa Ernestina (SP)";"Total";"6118";"403";"335";"399";"417";"463";"236";"144";"122";"68";"25";"9";"7";"-"
"3546603";"Santa Fé do Sul (SP)";"Total";"34794";"1969";"1990";"1954";"1985";"2326";"1763";"1337";"1016";"618";"312";"130";"29";"8"
"3546702";"Santa Gertrudes (SP)";"Total";"23611";"1516";"1630";"1612";"1685";"2120";"685";"529";"356";"214";"128";"57";"12";"2"
"3546801";"Santa Isabel (SP)";"Total";"53174";"3040";"3465";"3532";"3594";"4003";"2268";"1700";"969";"625";"312";"118";"38";"4"
"3546900";"Santa Lúcia (SP)";"Total";"7149";"385";"487";"414";"462";"503";"308";"195";"169";"100";"41";"12";"4";"1"
"3547007";"Santa Maria da Serra (SP)";"Total";"5243";"341";"353";"381";"378";"328";"194";"143";"115";"71";"42";"10";"5";"2"
"3547106";"Santa Mercedes (SP)";"Total";"2956";"172";"207";"183";"196";"161";"133";"91";"77";"56";"26";"12";"1";"1"
"3547205";"Santana da Ponte Pensa (SP)";"Total";"1670";"55";"84";"87";"90";"75";"117";"93";"72";"51";"27";"7";"2";"1"
"3547304";"Santana de Parnaíba (SP)";"Total";"154105";"9801";"11394";"11472";"11055";"11101";"5573";"3917";"2120";"1245";"712";"294";"81";"14"
"3547403";"Santa Rita d'Oeste (SP)";"Total";"2733";"132";"139";"119";"152";"163";"194";"145";"114";"65";"36";"21";"1";"1"
"3547502";"Santa Rita do Passa Quatro (SP)";"Total";"24833";"1108";"1289";"1323";"1398";"1419";"1497";"1178";"821";"604";"319";"153";"34";"4"
"3547601";"Santa Rosa de Viterbo (SP)";"Total";"23411";"1202";"1433";"1418";"1439";"1464";"1149";"912";"609";"401";"227";"100";"26";"3"
"3547650";"Santa Salete (SP)";"Total";"1645";"77";"88";"94";"99";"94";"98";"88";"52";"41";"17";"10";"1";"1"
"3547700";"Santo Anastácio (SP)";"Total";"17963";"918";"943";"1011";"1103";"1127";"884";"732";"565";"376";"238";"78";"24";"1"
"3547809";"Santo André (SP)";"Total";"748919";"36797";"42132";"42120";"44263";"49561";"34764";"26257";"17795";"12145";"6707";"2975";"751";"90"
"3547908";"Santo Antônio da Alegria (SP)";"Total";"6775";"427";"408";"418";"405";"467";"374";"282";"186";"102";"57";"22";"3";"-"
"3548005";"Santo Antônio de Posse (SP)";"Total";"23244";"1411";"1535";"1468";"1567";"1874";"932";"646";"402";"269";"143";"55";"11";"-"
"3548054";"Santo Antônio do Aracanguá (SP)";"Total";"8379";"453";"546";"562";"492";"458";"431";"284";"185";"117";"43";"21";"2";"-"
"3548104";"Santo Antônio do Jardim (SP)";"Total";"6126";"322";"338";"354";"438";"395";"313";"278";"162";"90";"63";"20";"4";"-"
"3548203";"Santo Antônio do Pinhal (SP)";"Total";"7133";"383";"441";"426";"456";"507";"338";"222";"148";"103";"65";"14";"2";"1"
"3548302";"Santo Expedito (SP)";"Total";"3000";"169";"171";"148";"214";"176";"171";"136";"104";"68";"24";"12";"5";"1"
"3548401";"Santópolis do Aguapeí (SP)";"Total";"3899";"236";"269";"251";"260";"282";"162";"111";"78";"49";"31";"21";"6";"-"
"3548500";"Santos (SP)";"Total";"418608";"17452";"21045";"21873";"22979";"24963";"24368";"19477";"14332";"10097";"6304";"2965";"770";"107"
"3548609";"São Bento do Sapucaí (SP)";"Total";"11674";"582";"691";"699";"710";"723";"616";"441";"327";"217";"104";"41";"10";"2"
"3548708";"São Bernardo do Campo (SP)";"Total";"810729";"41002";"48852";"49236";"50482";"57601";"35243";"25725";"16359";"10083";"4951";"2021";"520";"68"
"3548807";"São Caetano do Sul (SP)";"Total";"165655";"7320";"8993";"9026";"8912";"9049";"9253";"7462";"5284";"3852";"2308";"1145";"312";"39"
"3548906";"São Carlos (SP)";"Total";"254857";"13749";"15186";"14344";"15959";"19843";"11310";"8473";"5597";"3624";"2051";"921";"238";"33"
"3549003";"São Francisco (SP)";"Total";"2602";"116";"126";"140";"150";"158";"152";"141";"92";"79";"34";"17";"2";"1"
"3549102";"São João da Boa Vista (SP)";"Total";"92547";"4783";"5227";"5014";"5382";"6173";"4679";"3430";"2243";"1499";"862";"387";"108";"16"
"3549201";"São João das Duas Pontes (SP)";"Total";"2580";"139";"135";"144";"167";"173";"135";"100";"64";"55";"26";"7";"2";"-"
"3549250";"São João de Iracema (SP)";"Total";"1846";"114";"108";"117";"120";"122";"99";"82";"52";"34";"18";"4";"1";"-"
"3549300";"São João do Pau d'Alho (SP)";"Total";"2242";"111";"113";"119";"113";"127";"167";"117";"82";"63";"34";"10";"6";"-"
"3549409";"São Joaquim da Barra (SP)";"Total";"48558";"2571";"2931";"3017";"3232";"3216";"2109";"1679";"1071";"705";"356";"167";"46";"3"
"3549508";"São José da Bela Vista (SP)";"Total";"7626";"489";"517";"567";"618";"609";"295";"252";"153";"84";"49";"22";"5";"1"
"3549607";"São José do Barreiro (SP)";"Total";"3853";"242";"239";"268";"254";"262";"206";"126";"96";"69";"34";"14";"4";"-"
"3549706";"São José do Rio Pardo (SP)";"Total";"52205";"2848";"3131";"2912";"2971";"3228";"2858";"2091";"1391";"905";"495";"198";"45";"6"
"3549805";"São José do Rio Preto (SP)";"Total";"480393";"25806";"27587";"27050";"27738";"33827";"21564";"16224";"11323";"7312";"4025";"1641";"420";"44"
"3549904";"São José dos Campos (SP)";"Total";"697054";"39987";"44960";"43908";"44369";"49806";"30242";"22173";"13818";"7851";"4044";"1800";"491";"85"
"3549953";"São Lourenço da Serra (SP)";"Total";"16067";"960";"1087";"1029";"1097";"1194";"738";"516";"294";"177";"101";"42";"10";"2"
"3550001";"São Luiz do Paraitinga (SP)";"Total";"10337";"504";"544";"554";"604";"606";"622";"423";"309";"199";"113";"33";"9";"1"
"3550100";"São Manuel (SP)";"Total";"37289";"2060";"2306";"2313";"2373";"2569";"1645";"1231";"796";"520";"282";"105";"27";"1"
"3550209";"São Miguel Arcanjo (SP)";"Total";"32039";"1950";"2158";"2201";"2270";"2344";"1320";"987";"687";"418";"219";"87";"14";"2"
"3550308";"São Paulo (SP)";"Total";"11451999";"599931";"682444";"670931";"720787";"845139";"490960";"370447";"244904";"161775";"92602";"42666";"11526";"1761"
"3550407";"São Pedro (SP)";"Total";"38256";"2009";"2290";"2232";"2416";"2523";"1962";"1654";"1171";"667";"375";"135";"42";"7"
"3550506";"São Pedro do Turvo (SP)";"Total";"7217";"483";"482";"478";"530";"511";"332";"266";"197";"83";"53";"22";"5";"-"
"3550605";"São Roque (SP)";"Total";"79484";"4396";"5113";"5060";"5077";"5161";"3736";"2769";"1760";"1138";"639";"243";"65";"10"
"3550704";"São Sebastião (SP)";"Total";"81595";"5186";"5795";"5838";"5947";"6168";"2848";"2009";"1201";"709";"376";"160";"40";"3"
"3550803";"São Sebastião da Grama (SP)";"Total";"10441";"534";"574";"610";"651";"677";"541";"391";"261";"184";"89";"47";"11";"1"
"3550902";"São Simão (SP)";"Total";"13442";"622";"745";"844";"927";"869";"680";"517";"360";"259";"135";"62";"15";"1"
"3551009";"São Vicente (SP)";"Total";"329911";"18159";"21406";"20841";"22364";"25277";"14428";"10584";"6504";"4022";"2064";"828";"197";"28"
"3551108";"Sarapuí (SP)";"Total";"10369";"607";"733";"697";"747";"716";"500";"333";"252";"149";"59";"26";"5";"1"
"3551207";"Sarutaiá (SP)";"Total";"3704";"223";"214";"238";"283";"273";"185";"130";"104";"53";"36";"13";"3";"1"
"3551306";"Sebastianópolis do Sul (SP)";"Total";"3130";"179";"196";"191";"171";"153";"185";"121";"83";"67";"29";"6";"2";"1"
"3551405";"Serra Azul (SP)";"Total";"12746";"556";"623";"621";"738";"1108";"456";"304";"185";"92";"52";"22";"5";"-"
"3551504";"Serrana (SP)";"Total";"43909";"2715";"3115";"3121";"3272";"3606";"1438";"981";"641";"403";"186";"76";"13";"2"
"3551603";"Serra Negra (SP)";"Total";"29894";"1487";"1611";"1628";"1757";"1908";"1653";"1338";"828";"605";"357";"156";"40";"4"
"3551702";"Sertãozinho (SP)";"Total";"126887";"7562";"8276";"8268";"8303";"9053";"4801";"3654";"2207";"1377";"670";"293";"73";"10"
"3551801";"Sete Barras (SP)";"Total";"12730";"866";"902";"954";"948";"833";"625";"431";"325";"190";"101";"32";"8";"1"
"3551900";"Severínia (SP)";"Total";"14576";"894";"940";"893";"1028";"1177";"536";"435";"240";"168";"107";"37";"10";"1"
"3552007";"Silveiras (SP)";"Total";"6186";"369";"396";"385";"475";"447";"281";"213";"144";"92";"52";"25";"4";"2"
"3552106";"Socorro (SP)";"Total";"40122";"1935";"2181";"2202";"2315";"2439";"2334";"1740";"1211";"831";"446";"174";"45";"-"
"3552205";"Sorocaba (SP)";"Total";"723682";"42358";"45600";"44045";"46001";"53234";"28817";"20560";"13302";"8234";"4440";"1913";"481";"62"
"3552304";"Sud Mennucci (SP)";"Total";"7355";"436";"447";"470";"466";"453";"340";"264";"184";"99";"52";"20";"10";"-"
"3552403";"Sumaré (SP)";"Total";"279545";"16743";"18981";"19047";"18774";"20559";"10313";"6932";"4085";"2322";"1076";"469";"120";"21"
"3552502";"Suzano (SP)";"Total";"307429";"19463";"21882";"21268";"22250";"23915";"11122";"7776";"4557";"2573";"1288";"510";"130";"21"
"3552551";"Suzanápolis (SP)";"Total";"3408";"169";"207";"222";"219";"208";"165";"128";"89";"50";"20";"15";"2";"-"
"3552601";"Tabapuã (SP)";"Total";"11323";"517";"658";"637";"680";"668";"570";"443";"330";"232";"119";"38";"7";"1"
"3552700";"Tabatinga (SP)";"Total";"14769";"968";"971";"933";"929";"1011";"679";"450";"327";"198";"112";"49";"11";"2"
"3552809";"Taboão da Serra (SP)";"Total";"273542";"15411";"18319";"18296";"18919";"21449";"9561";"6720";"4044";"2334";"1161";"462";"125";"25"
"3552908";"Taciba (SP)";"Total";"6260";"408";"436";"433";"402";"399";"256";"192";"126";"99";"41";"20";"4";"-"
"3553005";"Taguaí (SP)";"Total";"12669";"859";"864";"899";"903";"1034";"467";"367";"234";"112";"74";"24";"7";"-"
"3553104";"Taiaçu (SP)";"Total";"5677";"332";"336";"314";"378";"398";"234";"206";"151";"115";"62";"16";"7";"-"
"3553203";"Taiúva (SP)";"Total";"6548";"301";"324";"290";"374";"578";"295";"254";"159";"116";"64";"34";"9";"1"
"3553302";"Tambaú (SP)";"Total";"21435";"1205";"1350";"1377";"1319";"1363";"1051";"781";"523";"330";"198";"78";"22";"2"
"3553401";"Tanabi (SP)";"Total";"25265";"1390";"1519";"1489";"1464";"1560";"1272";"1003";"665";"489";"261";"102";"21";"2"
"3553500";"Tapiraí (SP)";"Total";"7996";"524";"564";"592";"624";"614";"305";"266";"215";"115";"58";"20";"5";"-"
"3553609";"Tapiratiba (SP)";"Total";"11816";"572";"663";"689";"722";"797";"588";"405";"291";"212";"120";"52";"10";"1"
"3553658";"Taquaral (SP)";"Total";"2619";"124";"139";"169";"195";"176";"121";"102";"72";"31";"25";"12";"2";"-"
"3553708";"Taquaritinga (SP)";"Total";"52260";"2713";"3084";"3131";"3417";"3456";"2498";"1895";"1292";"871";"439";"212";"53";"4"
"3553807";"Taquarituba (SP)";"Total";"24350";"1393";"1432";"1514";"1532";"1849";"1082";"695";"460";"305";"140";"69";"16";"1"
"3553856";"Taquarivaí (SP)";"Total";"6876";"533";"473";"492";"549";"591";"246";"172";"89";"56";"25";"9";"1";"-"
"3553906";"Tarabai (SP)";"Total";"6536";"400";"428";"437";"443";"492";"254";"183";"128";"99";"45";"19";"5";"-"
"3553955";"Tarumã (SP)";"Total";"14882";"920";"1116";"1091";"1018";"1055";"550";"362";"264";"154";"77";"23";"3";"1"
"3554003";"Tatuí (SP)";"Total";"123942";"7548";"8053";"8188";"8502";"9166";"4946";"3787";"2524";"1551";"767";"293";"92";"12"
"3554102";"Taubaté (SP)";"Total";"310739";"17286";"19617";"18990";"19384";"21500";"13812";"10128";"6648";"3990";"2149";"924";"234";"25"
"3554201";"Tejupá (SP)";"Total";"4127";"263";"279";"286";"322";"319";"190";"157";"118";"52";"25";"7";"1";"-"
"3554300";"Teodoro Sampaio (SP)";"Total";"22173";"1498";"1609";"1521";"1516";"1542";"874";"636";"453";"250";"132";"50";"18";"3"
"3554409";"Terra Roxa (SP)";"Total";"7904";"429";"465";"477";"539";"509";"400";"251";"198";"106";"76";"26";"13";"1"
"3554508";"Tietê (SP)";"Total";"37663";"2005";"2195";"2277";"2374";"2558";"1700";"1326";"851";"561";"318";"129";"42";"2"
"3554607";"Timburi (SP)";"Total";"2464";"102";"151";"160";"142";"146";"148";"149";"71";"40";"29";"9";"2";"-"
"3554656";"Torre de Pedra (SP)";"Total";"2046";"115";"112";"110";"148";"121";"129";"88";"62";"36";"24";"7";"2";"1"
"3554706";"Torrinha (SP)";"Total";"9335";"533";"554";"519";"529";"553";"496";"372";"266";"171";"101";"61";"5";"3"
"3554755";"Trabiju (SP)";"Total";"1682";"96";"102";"137";"129";"126";"52";"49";"37";"21";"18";"6";"2";"1"
"3554805";"Tremembé (SP)";"Total";"51173";"2603";"3097";"3009";"3038";"4136";"1965";"1386";"916";"542";"298";"126";"26";"7"
"3554904";"Três Fronteiras (SP)";"Total";"6804";"374";"425";"399";"376";"473";"362";"260";"195";"126";"76";"23";"3";"1"
"3554953";"Tuiuti (SP)";"Total";"6778";"332";"394";"389";"399";"347";"410";"332";"233";"131";"63";"31";"6";"-"
"3555000";"Tupã (SP)";"Total";"63928";"3279";"3584";"3500";"3814";"4009";"3293";"2681";"1975";"1305";"697";"344";"84";"12"
"3555109";"Tupi Paulista (SP)";"Total";"15854";"658";"760";"725";"693";"888";"881";"667";"520";"316";"203";"81";"15";"2"
"3555208";"Turiúba (SP)";"Total";"1818";"90";"103";"97";"99";"93";"118";"98";"85";"41";"26";"7";"2";"-"
"3555307";"Turmalina (SP)";"Total";"1669";"66";"53";"67";"85";"89";"118";"99";"89";"47";"20";"8";"1";"-"
"3555356";"Ubarana (SP)";"Total";"5365";"352";"364";"391";"393";"380";"218";"174";"98";"67";"30";"9";"2";"3"
"3555406";"Ubatuba (SP)";"Total";"92981";"5880";"6126";"6019";"6205";"6828";"3598";"2576";"1548";"906";"408";"189";"44";"10"
"3555505";"Ubirajara (SP)";"Total";"5132";"362";"375";"379";"370";"343";"245";"179";"95";"43";"37";"12";"2";"1"
"3555604";"Uchoa (SP)";"Total";"10394";"505";"599";"637";"647";"600";"553";"412";"308";"182";"126";"53";"14";"2"
"3555703";"União Paulista (SP)";"Total";"1603";"127";"105";"118";"114";"123";"71";"56";"28";"19";"16";"1";"1";"-"
"3555802";"Urânia (SP)";"Total";"8833";"431";"473";"504";"550";"505";"496";"371";"267";"173";"113";"54";"12";"-"
"3555901";"Uru (SP)";"Total";"1387";"85";"82";"85";"69";"82";"87";"76";"30";"24";"11";"8";"1";"-"
"3556008";"Urupês (SP)";"Total";"13744";"684";"732";"744";"794";"844";"739";"575";"404";"273";"165";"64";"19";"1"
"3556107";"Valentim Gentil (SP)";"Total";"14098";"890";"919";"835";"886";"955";"616";"417";"331";"193";"85";"29";"12";"-"
"3556206";"Valinhos (SP)";"Total";"126373";"6236";"7174";"7184";"7303";"7839";"5671";"4184";"2728";"1830";"921";"425";"110";"10"
"3556305";"Valparaíso (SP)";"Total";"24241";"1358";"1565";"1547";"1346";"1559";"819";"612";"416";"296";"156";"65";"20";"3"
"3556354";"Vargem (SP)";"Total";"10512";"687";"711";"673";"619";"765";"463";"401";"245";"142";"58";"33";"6";"-"
"3556404";"Vargem Grande do Sul (SP)";"Total";"40133";"2324";"2427";"2445";"2706";"2788";"1875";"1377";"941";"602";"280";"111";"29";"4"
"3556453";"Vargem Grande Paulista (SP)";"Total";"50415";"3040";"3531";"3503";"3435";"3618";"1931";"1435";"845";"530";"267";"100";"17";"2"
"3556503";"Várzea Paulista (SP)";"Total";"115771";"7032";"7866";"7619";"7757";"8924";"4431";"2879";"1638";"953";"467";"194";"40";"6"
"3556602";"Vera Cruz (SP)";"Total";"10176";"527";"597";"570";"611";"698";"539";"421";"350";"202";"130";"52";"13";"3"
"3556701";"Vinhedo (SP)";"Total";"76540";"4014";"4855";"4657";"4622";"5136";"3302";"2513";"1697";"1024";"584";"291";"61";"8"
"3556800";"Viradouro (SP)";"Total";"17414";"1061";"1064";"1137";"1165";"1226";"741";"593";"396";"238";"120";"63";"8";"3"
"3556909";"Vista Alegre do Alto (SP)";"Total";"8109";"547";"576";"509";"573";"625";"281";"207";"146";"107";"49";"13";"3";"-"
"3556958";"Vitória Brasil (SP)";"Total";"1794";"91";"83";"130";"112";"134";"88";"68";"43";"31";"20";"2";"1";"-"
"3557006";"Votorantim (SP)";"Total";"127923";"7817";"8427";"8252";"8626";"9792";"4874";"3522";"2226";"1256";"566";"194";"51";"13"
"3557105";"Votuporanga (SP)";"Total";"96634";"5314";"5480";"5349";"5381";"6561";"4607";"3563";"2438";"1692";"807";"327";"84";"13"
"3557154";"Zacarias (SP)";"Total";"2692";"142";"168";"197";"148";"174";"143";"108";"73";"44";"36";"6";"2";"-"
"3557204";"Chavantes (SP)";"Total";"12211";"718";"829";"820";"803";"851";"585";"451";"295";"171";"102";"32";"9";"1"
"3557303";"Estiva Gerbi (SP)";"Total";"11295";"711";"722";"705";"735";"789";"487";"347";"192";"119";"60";"16";"9";"2"
"4100103";"Abatiá (PR)";"Total";"7241";"470";"474";"440";"451";"396";"381";"302";"176";"139";"51";"26";"5";"-"
"4100202";"Adrianópolis (PR)";"Total";"6256";"397";"429";"484";"489";"421";"271";"218";"177";"87";"53";"19";"8";"3"
"4100301";"Agudos do Sul (PR)";"Total";"10233";"706";"755";"727";"706";"766";"431";"334";"196";"114";"49";"10";"7";"-"
"4100400";"Almirante Tamandaré (PR)";"Total";"119825";"8185";"10003";"8912";"9361";"9744";"3568";"2428";"1324";"748";"333";"129";"27";"7"
"4100459";"Altamira do Paraná (PR)";"Total";"3590";"209";"246";"221";"249";"222";"181";"141";"87";"40";"29";"11";"2";"1"
"4100509";"Altônia (PR)";"Total";"18742";"1054";"1153";"1098";"1179";"1101";"1036";"805";"567";"382";"179";"73";"15";"2"
"4100608";"Alto Paraná (PR)";"Total";"13909";"939";"958";"965";"923";"913";"635";"429";"352";"223";"101";"51";"15";"1"
"4100707";"Alto Piquiri (PR)";"Total";"9727";"642";"621";"652";"626";"667";"453";"325";"257";"165";"73";"32";"3";"-"
"4100806";"Alvorada do Sul (PR)";"Total";"10326";"578";"613";"551";"580";"586";"629";"486";"264";"189";"69";"34";"9";"5"
"4100905";"Amaporã (PR)";"Total";"4762";"311";"305";"353";"370";"336";"183";"119";"71";"53";"34";"10";"10";"1"
"4101002";"Ampére (PR)";"Total";"19620";"1396";"1267";"1283";"1303";"1503";"790";"592";"394";"245";"115";"32";"15";"1"
"4101051";"Anahy (PR)";"Total";"2918";"168";"174";"192";"173";"196";"155";"112";"90";"53";"20";"13";"1";"-"
"4101101";"Andirá (PR)";"Total";"19878";"1071";"1212";"1163";"1279";"1264";"1042";"842";"534";"360";"186";"77";"17";"1"
"4101150";"Ângulo (PR)";"Total";"3235";"212";"232";"209";"208";"204";"155";"106";"81";"48";"28";"10";"1";"2"
"4101200";"Antonina (PR)";"Total";"18091";"1081";"1267";"1257";"1217";"1112";"900";"713";"503";"289";"142";"42";"14";"5"
"4101309";"Antônio Olinto (PR)";"Total";"7018";"390";"434";"449";"453";"434";"393";"292";"170";"113";"43";"17";"3";"-"
"4101408";"Apucarana (PR)";"Total";"130134";"7678";"8664";"8280";"8451";"9102";"5683";"4339";"2925";"1827";"920";"345";"81";"20"
"4101507";"Arapongas (PR)";"Total";"119138";"7199";"7857";"7613";"7686";"8315";"4903";"3531";"2496";"1572";"796";"338";"67";"9"
"4101606";"Arapoti (PR)";"Total";"25777";"1801";"1897";"1840";"1924";"1880";"913";"689";"429";"268";"150";"45";"12";"4"
"4101655";"Arapuã (PR)";"Total";"3527";"182";"214";"219";"222";"216";"177";"131";"112";"79";"39";"20";"3";"4"
"4101705";"Araruna (PR)";"Total";"14485";"893";"949";"896";"893";"968";"647";"531";"329";"197";"101";"47";"12";"2"
"4101804";"Araucária (PR)";"Total";"151666";"10075";"11450";"10882";"10749";"11924";"4803";"3108";"1855";"1020";"528";"196";"44";"5"
"4101853";"Ariranha do Ivaí (PR)";"Total";"2329";"113";"136";"159";"134";"128";"119";"102";"79";"48";"32";"6";"-";"-"
"4101903";"Assaí (PR)";"Total";"13797";"685";"841";"914";"886";"775";"777";"587";"467";"277";"149";"75";"9";"4"
"4102000";"Assis Chateaubriand (PR)";"Total";"36808";"2189";"2296";"2166";"2306";"2528";"1758";"1344";"1016";"662";"286";"104";"33";"3"
"4102109";"Astorga (PR)";"Total";"25475";"1524";"1564";"1613";"1502";"1505";"1361";"957";"677";"458";"220";"99";"28";"5"
"4102208";"Atalaia (PR)";"Total";"3980";"190";"215";"206";"218";"226";"213";"169";"138";"76";"32";"16";"3";"1"
"4102307";"Balsa Nova (PR)";"Total";"13395";"832";"988";"926";"835";"874";"522";"403";"251";"125";"79";"26";"4";"1"
"4102406";"Bandeirantes (PR)";"Total";"31273";"1828";"1952";"1909";"1976";"2132";"1574";"1246";"778";"490";"296";"124";"31";"5"
"4102505";"Barbosa Ferraz (PR)";"Total";"10795";"584";"619";"655";"679";"616";"609";"450";"325";"225";"114";"50";"8";"4"
"4102604";"Barracão (PR)";"Total";"9759";"645";"716";"640";"672";"681";"398";"309";"212";"132";"55";"24";"5";"1"
"4102703";"Barra do Jacaré (PR)";"Total";"2814";"158";"175";"144";"141";"162";"158";"138";"96";"54";"30";"12";"2";"1"
"4102752";"Bela Vista da Caroba (PR)";"Total";"4031";"235";"241";"276";"275";"228";"235";"129";"102";"72";"33";"13";"5";"-"
"4102802";"Bela Vista do Paraíso (PR)";"Total";"14833";"857";"892";"915";"931";"933";"768";"608";"431";"291";"181";"43";"14";"-"
"4102901";"Bituruna (PR)";"Total";"15533";"1202";"1144";"1096";"1231";"1266";"579";"463";"253";"149";"76";"18";"5";"2"
"4103008";"Boa Esperança (PR)";"Total";"4558";"267";"266";"264";"302";"284";"220";"149";"108";"100";"49";"16";"2";"1"
"4103024";"Boa Esperança do Iguaçu (PR)";"Total";"2455";"139";"180";"160";"150";"147";"127";"92";"57";"27";"16";"6";"1";"-"
"4103040";"Boa Ventura de São Roque (PR)";"Total";"6378";"444";"444";"434";"453";"486";"261";"186";"106";"65";"21";"10";"4";"2"
"4103057";"Boa Vista da Aparecida (PR)";"Total";"7924";"519";"574";"545";"541";"511";"407";"281";"229";"112";"53";"15";"5";"3"
"4103107";"Bocaiúva do Sul (PR)";"Total";"13299";"953";"1044";"966";"1050";"1011";"501";"386";"250";"131";"67";"24";"5";"3"
"4103156";"Bom Jesus do Sul (PR)";"Total";"3980";"257";"270";"276";"231";"257";"228";"152";"110";"77";"37";"9";"-";"-"
"4103206";"Bom Sucesso (PR)";"Total";"6581";"444";"480";"459";"433";"415";"281";"210";"136";"106";"53";"27";"9";"1"
"4103222";"Bom Sucesso do Sul (PR)";"Total";"3202";"205";"216";"196";"171";"202";"164";"138";"104";"51";"19";"15";"-";"-"
"4103305";"Borrazópolis (PR)";"Total";"7735";"370";"448";"473";"450";"408";"436";"312";"254";"153";"85";"36";"2";"1"
"4103354";"Braganey (PR)";"Total";"4854";"283";"286";"294";"330";"295";"247";"170";"133";"102";"43";"14";"1";"-"
"4103370";"Brasilândia do Sul (PR)";"Total";"3708";"246";"260";"210";"228";"235";"152";"138";"86";"59";"26";"8";"3";"-"
"4103404";"Cafeara (PR)";"Total";"2627";"149";"147";"162";"150";"167";"105";"79";"69";"42";"23";"6";"4";"-"
"4103453";"Cafelândia (PR)";"Total";"18997";"1409";"1381";"1188";"1314";"1447";"579";"419";"301";"163";"86";"27";"7";"2"
"4103479";"Cafezal do Sul (PR)";"Total";"4473";"281";"244";"279";"270";"294";"258";"160";"129";"100";"49";"14";"5";"1"
"4103503";"Califórnia (PR)";"Total";"8710";"563";"617";"551";"587";"589";"399";"301";"226";"121";"74";"20";"2";"4"
"4103602";"Cambará (PR)";"Total";"23212";"1444";"1456";"1387";"1507";"1479";"1119";"897";"600";"399";"209";"87";"20";"1"
"4103701";"Cambé (PR)";"Total";"107208";"6176";"6946";"6458";"7036";"7825";"4682";"3451";"2253";"1427";"711";"297";"82";"11"
"4103800";"Cambira (PR)";"Total";"9460";"597";"642";"585";"601";"613";"468";"300";"207";"148";"74";"38";"5";"2"
"4103909";"Campina da Lagoa (PR)";"Total";"15723";"975";"1088";"1015";"1027";"1141";"731";"603";"364";"236";"108";"47";"17";"5"
"4103958";"Campina do Simão (PR)";"Total";"3936";"276";"286";"271";"300";"303";"172";"109";"61";"47";"19";"7";"-";"-"
"4104006";"Campina Grande do Sul (PR)";"Total";"47825";"3223";"3561";"3642";"3426";"3783";"1640";"1082";"633";"334";"215";"64";"13";"-"
"4104055";"Campo Bonito (PR)";"Total";"4027";"248";"278";"250";"282";"272";"188";"161";"72";"56";"20";"11";"1";"2"
"4104105";"Campo do Tenente (PR)";"Total";"7508";"580";"602";"613";"577";"594";"274";"187";"117";"59";"46";"12";"4";"-"
"4104204";"Campo Largo (PR)";"Total";"136327";"8119";"9466";"9071";"8662";"10178";"5280";"3745";"2300";"1258";"578";"244";"49";"7"
"4104253";"Campo Magro (PR)";"Total";"30160";"1911";"2072";"2162";"2029";"2416";"1044";"669";"409";"210";"110";"35";"7";"2"
"4104303";"Campo Mourão (PR)";"Total";"99432";"6305";"6610";"6130";"6393";"7456";"4065";"2934";"1926";"1160";"563";"243";"54";"9"
"4104402";"Cândido de Abreu (PR)";"Total";"15244";"944";"1037";"1032";"1116";"1013";"717";"539";"372";"196";"82";"41";"5";"1"
"4104428";"Candói (PR)";"Total";"14973";"1097";"1153";"1088";"1141";"1086";"590";"417";"245";"146";"69";"22";"5";"2"
"4104451";"Cantagalo (PR)";"Total";"10933";"725";"852";"759";"873";"755";"505";"359";"223";"126";"63";"20";"5";"3"
"4104501";"Capanema (PR)";"Total";"20481";"1293";"1269";"1195";"1255";"1400";"1045";"785";"523";"327";"159";"54";"6";"1"
"4104600";"Capitão Leônidas Marques (PR)";"Total";"14648";"963";"992";"943";"926";"1011";"719";"557";"346";"229";"110";"36";"11";"1"
"4104659";"Carambeí (PR)";"Total";"23283";"1772";"1927";"1859";"1839";"1858";"689";"472";"318";"159";"77";"37";"10";"2"
"4104709";"Carlópolis (PR)";"Total";"16905";"1121";"1127";"1088";"1167";"1209";"831";"620";"349";"192";"122";"53";"7";"2"
"4104808";"Cascavel (PR)";"Total";"348051";"23119";"23384";"21736";"22885";"28087";"12564";"8673";"5632";"3273";"1640";"624";"139";"31"
"4104907";"Castro (PR)";"Total";"73075";"5223";"5622";"5669";"5749";"5906";"2503";"1848";"1218";"675";"355";"117";"34";"7"
"4105003";"Catanduvas (PR)";"Total";"10446";"707";"719";"658";"748";"773";"437";"295";"239";"131";"72";"26";"2";"-"
"4105102";"Centenário do Sul (PR)";"Total";"10832";"647";"719";"620";"613";"625";"558";"406";"261";"173";"81";"42";"7";"2"
"4105201";"Cerro Azul (PR)";"Total";"16134";"1096";"1175";"1087";"1313";"1247";"659";"500";"306";"173";"92";"40";"8";"4"
"4105300";"Céu Azul (PR)";"Total";"11087";"663";"674";"658";"772";"731";"501";"427";"316";"170";"84";"28";"6";"1"
"4105409";"Chopinzinho (PR)";"Total";"21085";"1435";"1391";"1384";"1487";"1535";"852";"733";"467";"273";"152";"48";"10";"3"
"4105508";"Cianorte (PR)";"Total";"79527";"5041";"5161";"4961";"4916";"5298";"3383";"2477";"1674";"1113";"608";"258";"59";"9"
"4105607";"Cidade Gaúcha (PR)";"Total";"11467";"788";"784";"760";"767";"858";"454";"322";"216";"161";"75";"36";"8";"-"
"4105706";"Clevelândia (PR)";"Total";"15070";"1091";"1114";"1035";"1030";"1144";"669";"476";"301";"199";"115";"35";"12";"1"
"4105805";"Colombo (PR)";"Total";"232212";"14801";"17008";"16624";"16980";"18729";"7475";"5175";"3035";"1753";"833";"330";"76";"14"
"4105904";"Colorado (PR)";"Total";"22896";"1302";"1289";"1262";"1288";"1450";"1144";"778";"608";"348";"209";"86";"10";"4"
"4106001";"Congonhinhas (PR)";"Total";"8320";"517";"600";"570";"575";"511";"373";"306";"225";"134";"73";"26";"11";"3"
"4106100";"Conselheiro Mairinck (PR)";"Total";"3461";"210";"231";"219";"226";"196";"178";"136";"101";"52";"21";"12";"4";"-"
"4106209";"Contenda (PR)";"Total";"19128";"1243";"1380";"1360";"1288";"1434";"796";"574";"373";"180";"83";"48";"5";"-"
"4106308";"Corbélia (PR)";"Total";"17470";"1114";"1218";"1085";"1084";"1164";"722";"588";"429";"231";"135";"51";"12";"4"
"4106407";"Cornélio Procópio (PR)";"Total";"45206";"2269";"2504";"2491";"2755";"2960";"2448";"1904";"1247";"815";"441";"214";"49";"6"
"4106456";"Coronel Domingos Soares (PR)";"Total";"5649";"452";"451";"424";"439";"379";"188";"149";"83";"56";"23";"6";"3";"1"
"4106506";"Coronel Vivida (PR)";"Total";"23331";"1465";"1613";"1472";"1479";"1628";"1127";"815";"551";"353";"209";"65";"21";"8"
"4106555";"Corumbataí do Sul (PR)";"Total";"3760";"219";"213";"247";"231";"196";"206";"131";"127";"77";"34";"12";"3";"1"
"4106571";"Cruzeiro do Iguaçu (PR)";"Total";"4133";"253";"288";"273";"274";"259";"209";"140";"99";"49";"32";"17";"1";"1"
"4106605";"Cruzeiro do Oeste (PR)";"Total";"23831";"1361";"1497";"1382";"1388";"1608";"1048";"734";"552";"346";"179";"73";"18";"3"
"4106704";"Cruzeiro do Sul (PR)";"Total";"4494";"264";"268";"291";"287";"226";"217";"172";"102";"68";"39";"21";"5";"-"
"4106803";"Cruz Machado (PR)";"Total";"15978";"890";"1026";"982";"1187";"1196";"691";"470";"354";"220";"106";"38";"4";"-"
"4106852";"Cruzmaltina (PR)";"Total";"2892";"173";"179";"188";"150";"173";"164";"117";"75";"57";"24";"13";"1";"-"
"4106902";"Curitiba (PR)";"Total";"1773718";"85003";"100444";"101958";"106401";"131613";"79499";"59039";"39360";"24369";"13618";"5995";"1610";"237"
"4107009";"Curiúva (PR)";"Total";"13647";"900";"905";"881";"978";"950";"586";"436";"289";"185";"98";"48";"10";"3"
"4107108";"Diamante do Norte (PR)";"Total";"5142";"233";"280";"311";"305";"320";"260";"216";"152";"123";"63";"20";"3";"1"
"4107124";"Diamante do Sul (PR)";"Total";"3171";"215";"198";"209";"244";"190";"144";"111";"58";"44";"20";"14";"7";"-"
"4107157";"Diamante D'Oeste (PR)";"Total";"4557";"277";"344";"342";"344";"305";"195";"164";"125";"65";"35";"13";"2";"-"
"4107207";"Dois Vizinhos (PR)";"Total";"44869";"3063";"3056";"2726";"2978";"3816";"1747";"1193";"758";"477";"222";"86";"16";"6"
"4107256";"Douradina (PR)";"Total";"9161";"590";"609";"599";"571";"562";"399";"292";"182";"153";"86";"25";"3";"4"
"4107306";"Doutor Camargo (PR)";"Total";"6327";"353";"353";"336";"347";"401";"352";"275";"186";"142";"79";"31";"11";"1"
"4107405";"Enéas Marques (PR)";"Total";"5999";"346";"407";"375";"382";"354";"336";"195";"167";"81";"33";"18";"1";"1"
"4107504";"Engenheiro Beltrão (PR)";"Total";"12454";"661";"737";"709";"800";"749";"674";"509";"329";"222";"104";"57";"11";"1"
"4107520";"Esperança Nova (PR)";"Total";"1849";"89";"121";"103";"102";"112";"104";"86";"80";"50";"16";"12";"2";"-"
"4107538";"Entre Rios do Oeste (PR)";"Total";"4575";"303";"290";"286";"315";"297";"192";"161";"123";"72";"20";"9";"3";"-"
"4107546";"Espigão Alto do Iguaçu (PR)";"Total";"4797";"368";"369";"365";"348";"310";"201";"178";"124";"52";"29";"15";"2";"-"
"4107553";"Farol (PR)";"Total";"3039";"161";"211";"186";"212";"180";"144";"118";"83";"42";"27";"12";"4";"1"
"4107603";"Faxinal (PR)";"Total";"16389";"1105";"1211";"1138";"1152";"1123";"730";"569";"390";"234";"113";"41";"12";"3"
"4107652";"Fazenda Rio Grande (PR)";"Total";"148873";"11090";"12497";"12121";"11269";"11689";"3509";"2143";"1192";"644";"259";"108";"31";"10"
"4107702";"Fênix (PR)";"Total";"4492";"281";"262";"244";"288";"239";"246";"190";"129";"92";"47";"27";"7";"2"
"4107736";"Fernandes Pinheiro (PR)";"Total";"6255";"394";"455";"485";"442";"454";"256";"200";"119";"57";"37";"10";"1";"-"
"4107751";"Figueira (PR)";"Total";"8062";"433";"494";"497";"555";"506";"401";"277";"233";"145";"67";"24";"3";"3"
"4107801";"Floraí (PR)";"Total";"4792";"251";"265";"265";"237";"216";"312";"265";"180";"103";"53";"29";"10";"-"
"4107850";"Flor da Serra do Sul (PR)";"Total";"4364";"268";"310";"260";"273";"280";"210";"139";"111";"66";"28";"10";"3";"2"
"4107900";"Floresta (PR)";"Total";"10458";"745";"788";"684";"670";"676";"380";"267";"179";"131";"59";"25";"5";"1"
"4108007";"Florestópolis (PR)";"Total";"11446";"720";"755";"716";"765";"734";"500";"349";"231";"128";"86";"24";"4";"-"
"4108106";"Flórida (PR)";"Total";"2652";"172";"162";"180";"172";"145";"126";"99";"65";"34";"27";"11";"1";"-"
"4108205";"Formosa do Oeste (PR)";"Total";"7635";"470";"418";"407";"385";"394";"462";"339";"256";"175";"74";"37";"9";"2"
"4108304";"Foz do Iguaçu (PR)";"Total";"285415";"18300";"19890";"19591";"20199";"23356";"10033";"6644";"3978";"2351";"1147";"366";"78";"23"
"4108320";"Francisco Alves (PR)";"Total";"8116";"591";"561";"559";"590";"637";"351";"303";"179";"130";"68";"30";"8";"-"
"4108403";"Francisco Beltrão (PR)";"Total";"96666";"6254";"6326";"6059";"6313";"7768";"3737";"2671";"1793";"996";"467";"188";"43";"13"
"4108452";"Foz do Jordão (PR)";"Total";"4926";"352";"378";"348";"390";"368";"224";"139";"112";"53";"19";"4";"1";"-"
"4108502";"General Carneiro (PR)";"Total";"11062";"880";"872";"758";"875";"920";"416";"277";"206";"113";"55";"22";"9";"-"
"4108551";"Godoy Moreira (PR)";"Total";"2977";"139";"165";"204";"199";"118";"187";"139";"98";"66";"35";"17";"3";"-"
"4108601";"Goioerê (PR)";"Total";"28437";"1670";"1856";"1686";"1866";"1829";"1326";"944";"716";"450";"258";"85";"22";"2"
"4108650";"Goioxim (PR)";"Total";"6566";"478";"468";"468";"578";"488";"267";"183";"127";"68";"24";"6";"6";"2"
"4108700";"Grandes Rios (PR)";"Total";"5641";"369";"362";"339";"319";"339";"314";"227";"159";"81";"49";"24";"6";"-"
"4108809";"Guaíra (PR)";"Total";"32097";"2246";"2290";"2301";"2317";"2246";"1257";"944";"705";"438";"202";"85";"24";"3"
"4108908";"Guairaçá (PR)";"Total";"6587";"468";"438";"450";"450";"443";"254";"204";"141";"100";"63";"13";"4";"-"
"4108957";"Guamiranga (PR)";"Total";"7856";"498";"545";"551";"535";"503";"325";"222";"149";"76";"37";"19";"2";"-"
"4109005";"Guapirama (PR)";"Total";"4626";"296";"349";"332";"281";"282";"193";"146";"98";"49";"28";"6";"-";"-"
"4109104";"Guaporema (PR)";"Total";"2191";"113";"131";"129";"132";"163";"97";"85";"50";"45";"16";"11";"5";"-"
"4109203";"Guaraci (PR)";"Total";"4748";"273";"287";"281";"294";"284";"222";"197";"142";"79";"51";"22";"5";"-"
"4109302";"Guaraniaçu (PR)";"Total";"13735";"903";"907";"807";"949";"809";"684";"476";"397";"236";"124";"45";"15";"3"
"4109401";"Guarapuava (PR)";"Total";"182093";"12791";"13186";"12368";"13219";"15418";"6800";"4671";"3066";"1727";"865";"272";"66";"10"
"4109500";"Guaraqueçaba (PR)";"Total";"7430";"538";"492";"583";"563";"465";"317";"226";"167";"92";"41";"16";"6";"2"
"4109609";"Guaratuba (PR)";"Total";"42062";"2591";"3141";"3034";"2845";"2525";"2291";"1542";"848";"463";"201";"87";"28";"5"
"4109658";"Honório Serpa (PR)";"Total";"4941";"349";"377";"315";"325";"302";"256";"179";"89";"65";"27";"6";"1";"-"
"4109708";"Ibaiti (PR)";"Total";"28830";"1870";"1815";"1925";"2003";"1986";"1297";"961";"655";"386";"193";"79";"24";"-"
"4109757";"Ibema (PR)";"Total";"6218";"438";"471";"408";"468";"449";"238";"184";"144";"92";"41";"15";"3";"2"
"4109807";"Ibiporã (PR)";"Total";"51603";"2954";"3454";"3382";"3322";"3695";"2435";"1804";"1139";"718";"369";"142";"41";"8"
"4109906";"Icaraíma (PR)";"Total";"8991";"585";"538";"513";"607";"592";"427";"341";"240";"165";"82";"36";"7";"-"
"4110003";"Iguaraçu (PR)";"Total";"5338";"341";"394";"333";"320";"353";"218";"156";"101";"69";"36";"11";"4";"-"
"4110052";"Iguatu (PR)";"Total";"2144";"104";"116";"127";"158";"134";"107";"73";"73";"45";"26";"6";"2";"-"
"4110078";"Imbaú (PR)";"Total";"14249";"1144";"1211";"916";"1065";"1265";"523";"399";"202";"120";"58";"28";"4";"1"
"4110102";"Imbituva (PR)";"Total";"29924";"2192";"2210";"2060";"2301";"2518";"1015";"725";"488";"268";"128";"34";"8";"1"
"4110201";"Inácio Martins (PR)";"Total";"9670";"681";"747";"725";"777";"791";"386";"247";"184";"102";"34";"26";"4";"3"
"4110300";"Inajá (PR)";"Total";"2536";"146";"166";"168";"151";"123";"148";"100";"75";"37";"26";"7";"3";"-"
"4110409";"Indianópolis (PR)";"Total";"4448";"254";"293";"265";"310";"256";"219";"181";"112";"70";"55";"24";"3";"-"
"4110508";"Ipiranga (PR)";"Total";"14142";"1009";"985";"1014";"1077";"1101";"536";"361";"234";"145";"67";"17";"8";"-"
"4110607";"Iporã (PR)";"Total";"15746";"1061";"1019";"939";"1007";"1048";"821";"602";"374";"284";"162";"65";"24";"2"
"4110656";"Iracema do Oeste (PR)";"Total";"2343";"133";"131";"141";"145";"132";"80";"81";"63";"49";"24";"8";"-";"1"
"4110706";"Irati (PR)";"Total";"59250";"3514";"3827";"3845";"4023";"4167";"2556";"1813";"1196";"744";"349";"126";"29";"7"
"4110805";"Iretama (PR)";"Total";"10684";"653";"715";"672";"738";"762";"530";"383";"240";"159";"73";"34";"16";"4"
"4110904";"Itaguajé (PR)";"Total";"4481";"290";"326";"306";"294";"258";"237";"138";"94";"58";"42";"13";"6";"1"
"4110953";"Itaipulândia (PR)";"Total";"11485";"820";"842";"810";"813";"896";"447";"333";"241";"124";"49";"18";"6";"-"
"4111001";"Itambaracá (PR)";"Total";"5908";"328";"335";"364";"395";"375";"347";"258";"164";"100";"51";"22";"4";"-"
"4111100";"Itambé (PR)";"Total";"6111";"332";"329";"367";"381";"399";"344";"246";"157";"100";"48";"19";"4";"1"
"4111209";"Itapejara d'Oeste (PR)";"Total";"12344";"845";"845";"746";"843";"848";"544";"415";"265";"161";"89";"41";"8";"1"
"4111258";"Itaperuçu (PR)";"Total";"31217";"2370";"2572";"2368";"2595";"2692";"834";"585";"327";"184";"83";"26";"12";"2"
"4111308";"Itaúna do Sul (PR)";"Total";"3572";"216";"232";"247";"266";"204";"169";"121";"95";"78";"43";"19";"2";"1"
"4111407";"Ivaí (PR)";"Total";"13229";"942";"939";"951";"1011";"976";"497";"415";"272";"123";"74";"21";"3";"4"
"4111506";"Ivaiporã (PR)";"Total";"32720";"1748";"1953";"1990";"2015";"2082";"1635";"1190";"877";"598";"301";"112";"41";"8"
"4111555";"Ivaté (PR)";"Total";"6831";"375";"467";"433";"436";"394";"298";"251";"169";"116";"71";"17";"8";"1"
"4111605";"Ivatuba (PR)";"Total";"2708";"127";"156";"162";"157";"159";"183";"119";"66";"47";"40";"14";"4";"-"
"4111704";"Jaboti (PR)";"Total";"5427";"304";"330";"393";"369";"340";"258";"199";"143";"79";"38";"13";"1";"3"
"4111803";"Jacarezinho (PR)";"Total";"40375";"2747";"2676";"2660";"2719";"2815";"1806";"1365";"835";"514";"289";"108";"34";"4"
"4111902";"Jaguapitã (PR)";"Total";"15122";"1031";"1095";"962";"1022";"1142";"569";"394";"282";"170";"114";"51";"11";"3"
"4112009";"Jaguariaíva (PR)";"Total";"35141";"2498";"2693";"2566";"2572";"2570";"1312";"871";"536";"269";"127";"55";"15";"4"
"4112108";"Jandaia do Sul (PR)";"Total";"21408";"1216";"1227";"1187";"1285";"1526";"1074";"766";"665";"366";"229";"86";"22";"2"
"4112207";"Janiópolis (PR)";"Total";"5870";"305";"339";"328";"362";"369";"325";"273";"180";"112";"61";"22";"4";"3"
"4112306";"Japira (PR)";"Total";"4972";"322";"325";"328";"345";"310";"258";"190";"129";"79";"35";"9";"2";"2"
"4112405";"Japurá (PR)";"Total";"9144";"462";"494";"521";"550";"598";"486";"398";"246";"185";"99";"37";"11";"2"
"4112504";"Jardim Alegre (PR)";"Total";"12004";"663";"718";"755";"762";"702";"666";"483";"347";"232";"105";"50";"11";"2"
"4112603";"Jardim Olinda (PR)";"Total";"1343";"72";"93";"118";"82";"81";"50";"31";"23";"22";"7";"2";"1";"-"
"4112702";"Jataizinho (PR)";"Total";"11813";"762";"815";"751";"833";"909";"568";"383";"273";"159";"62";"34";"10";"2"
"4112751";"Jesuítas (PR)";"Total";"10506";"509";"691";"665";"633";"616";"539";"459";"325";"212";"100";"40";"4";"1"
"4112801";"Joaquim Távora (PR)";"Total";"11945";"816";"852";"747";"808";"871";"513";"386";"268";"148";"92";"32";"9";"1"
"4112900";"Jundiaí do Sul (PR)";"Total";"3333";"222";"226";"187";"214";"204";"186";"128";"102";"65";"19";"16";"5";"2"
"4112959";"Juranda (PR)";"Total";"7771";"516";"486";"466";"506";"555";"316";"267";"155";"106";"59";"21";"5";"-"
"4113007";"Jussara (PR)";"Total";"6690";"394";"423";"452";"426";"432";"286";"209";"191";"97";"55";"22";"6";"-"
"4113106";"Kaloré (PR)";"Total";"4582";"232";"278";"237";"259";"253";"252";"217";"139";"96";"61";"29";"10";"1"
"4113205";"Lapa (PR)";"Total";"45003";"2543";"2886";"3054";"3060";"3295";"1995";"1445";"928";"504";"265";"101";"26";"2"
"4113254";"Laranjal (PR)";"Total";"5600";"437";"424";"422";"455";"384";"203";"130";"109";"70";"24";"5";"2";"2"
"4113304";"Laranjeiras do Sul (PR)";"Total";"32227";"2278";"2269";"2155";"2305";"2451";"1355";"938";"582";"408";"199";"72";"8";"2"
"4113403";"Leópolis (PR)";"Total";"3752";"207";"229";"234";"195";"201";"261";"159";"124";"56";"22";"18";"2";"1"
"4113429";"Lidianópolis (PR)";"Total";"3938";"214";"242";"244";"230";"206";"214";"192";"122";"86";"40";"17";"4";"-"
"4113452";"Lindoeste (PR)";"Total";"5175";"360";"369";"331";"343";"318";"268";"205";"145";"79";"26";"14";"2";"-"
"4113502";"Loanda (PR)";"Total";"23225";"1489";"1580";"1572";"1509";"1594";"914";"708";"501";"320";"168";"79";"16";"5"
"4113601";"Lobato (PR)";"Total";"4601";"234";"296";"267";"300";"281";"245";"127";"100";"69";"37";"16";"1";"2"
"4113700";"Londrina (PR)";"Total";"555965";"30194";"33759";"33061";"35377";"42012";"25078";"18880";"13055";"8282";"4513";"1919";"465";"65"
"4113734";"Luiziana (PR)";"Total";"6690";"445";"474";"507";"457";"454";"259";"213";"140";"98";"36";"17";"10";"-"
"4113759";"Lunardelli (PR)";"Total";"4872";"239";"283";"290";"301";"273";"283";"216";"168";"86";"54";"21";"6";"1"
"4113809";"Lupionópolis (PR)";"Total";"4813";"273";"293";"312";"319";"325";"227";"156";"118";"88";"54";"23";"4";"-"
"4113908";"Mallet (PR)";"Total";"13428";"810";"835";"798";"905";"964";"607";"425";"295";"139";"91";"30";"5";"1"
"4114005";"Mamborê (PR)";"Total";"13452";"772";"851";"837";"864";"884";"711";"495";"303";"200";"82";"39";"5";"1"
"4114104";"Mandaguaçu (PR)";"Total";"31457";"2321";"2217";"2077";"2064";"2304";"1121";"766";"515";"333";"174";"63";"18";"1"
"4114203";"Mandaguari (PR)";"Total";"36716";"2261";"2319";"2158";"2218";"2584";"1686";"1294";"900";"552";"320";"112";"37";"4"
"4114302";"Mandirituba (PR)";"Total";"27439";"1769";"1960";"1975";"2003";"2013";"1255";"786";"509";"285";"143";"48";"10";"5"
"4114351";"Manfrinópolis (PR)";"Total";"2770";"168";"188";"177";"201";"155";"148";"92";"71";"31";"26";"4";"2";"-"
"4114401";"Mangueirinha (PR)";"Total";"16603";"1168";"1254";"1186";"1224";"1217";"681";"484";"325";"188";"82";"23";"9";"3"
"4114500";"Manoel Ribas (PR)";"Total";"14240";"1003";"1082";"1051";"1019";"995";"604";"431";"282";"176";"78";"30";"13";"3"
"4114609";"Marechal Cândido Rondon (PR)";"Total";"55836";"3634";"3600";"3345";"3488";"4176";"2272";"1789";"1186";"768";"385";"130";"21";"4"
"4114708";"Maria Helena (PR)";"Total";"5865";"337";"352";"339";"344";"362";"286";"227";"141";"119";"53";"27";"7";"1"
"4114807";"Marialva (PR)";"Total";"41851";"2628";"2782";"2664";"2617";"2734";"1928";"1403";"953";"556";"273";"111";"27";"1"
"4114906";"Marilândia do Sul (PR)";"Total";"8677";"536";"626";"538";"616";"643";"410";"287";"198";"140";"78";"18";"5";"1"
"4115002";"Marilena (PR)";"Total";"7253";"454";"471";"486";"472";"464";"332";"263";"168";"125";"55";"28";"10";"2"
"4115101";"Mariluz (PR)";"Total";"9847";"652";"698";"688";"652";"647";"373";"292";"245";"148";"75";"39";"6";"2"
"4115200";"Maringá (PR)";"Total";"409657";"21680";"23148";"22398";"24315";"31906";"18379";"14168";"9422";"6054";"3071";"1258";"313";"47"
"4115309";"Mariópolis (PR)";"Total";"6371";"437";"424";"405";"392";"400";"348";"252";"165";"72";"48";"17";"3";"-"
"4115358";"Maripá (PR)";"Total";"6555";"357";"470";"497";"390";"362";"270";"247";"170";"108";"48";"10";"4";"-"
"4115408";"Marmeleiro (PR)";"Total";"15901";"1080";"1119";"954";"1034";"1105";"686";"561";"388";"224";"106";"47";"12";"3"
"4115457";"Marquinho (PR)";"Total";"4504";"307";"320";"329";"305";"294";"220";"153";"111";"55";"29";"4";"2";"5"
"4115507";"Marumbi (PR)";"Total";"4699";"273";"305";"292";"269";"310";"244";"143";"121";"87";"48";"13";"6";"-"
"4115606";"Matelândia (PR)";"Total";"18450";"1364";"1316";"1210";"1283";"1511";"735";"527";"355";"238";"111";"46";"15";"3"
"4115705";"Matinhos (PR)";"Total";"39259";"2293";"2572";"2759";"2605";"2382";"2270";"1526";"839";"435";"185";"66";"12";"6"
"4115739";"Mato Rico (PR)";"Total";"3267";"206";"184";"210";"231";"202";"186";"100";"65";"43";"19";"10";"3";"1"
"4115754";"Mauá da Serra (PR)";"Total";"9383";"741";"762";"732";"658";"710";"298";"190";"139";"86";"36";"15";"6";"-"
"4115804";"Medianeira (PR)";"Total";"54369";"3596";"3623";"3298";"3610";"4731";"1954";"1374";"972";"574";"269";"105";"23";"3"
"4115853";"Mercedes (PR)";"Total";"5931";"326";"399";"418";"363";"399";"269";"191";"145";"109";"43";"14";"2";"-"
"4115903";"Mirador (PR)";"Total";"2238";"171";"168";"152";"164";"126";"99";"62";"42";"29";"18";"5";"-";"-"
"4116000";"Miraselva (PR)";"Total";"1966";"94";"126";"103";"138";"109";"116";"96";"61";"36";"18";"5";"3";"-"
"4116059";"Missal (PR)";"Total";"11064";"633";"663";"692";"683";"689";"535";"478";"338";"228";"69";"28";"8";"1"
"4116109";"Moreira Sales (PR)";"Total";"11175";"617";"651";"673";"696";"657";"660";"416";"294";"239";"127";"73";"9";"3"
"4116208";"Morretes (PR)";"Total";"18309";"1170";"1249";"1244";"1281";"1273";"902";"617";"415";"230";"125";"61";"13";"4"
"4116307";"Munhoz de Melo (PR)";"Total";"3951";"243";"267";"212";"235";"252";"186";"168";"117";"85";"42";"21";"4";"-"
"4116406";"Nossa Senhora das Graças (PR)";"Total";"3669";"212";"250";"222";"209";"225";"177";"122";"80";"54";"19";"13";"2";"-"
"4116505";"Nova Aliança do Ivaí (PR)";"Total";"1323";"75";"89";"87";"97";"80";"59";"43";"21";"22";"9";"2";"3";"-"
"4116604";"Nova América da Colina (PR)";"Total";"3280";"175";"195";"207";"242";"215";"152";"114";"90";"60";"25";"9";"3";"-"
"4116703";"Nova Aurora (PR)";"Total";"13765";"857";"1004";"846";"804";"856";"625";"496";"348";"208";"129";"38";"7";"1"
"4116802";"Nova Cantu (PR)";"Total";"6790";"418";"441";"438";"456";"483";"294";"240";"167";"120";"46";"17";"9";"1"
"4116901";"Nova Esperança (PR)";"Total";"26585";"1528";"1595";"1598";"1722";"1664";"1329";"912";"701";"425";"222";"91";"25";"7"
"4116950";"Nova Esperança do Sudoeste (PR)";"Total";"5597";"359";"369";"385";"396";"401";"250";"165";"120";"54";"48";"9";"-";"1"
"4117008";"Nova Fátima (PR)";"Total";"7225";"360";"441";"485";"464";"447";"393";"287";"194";"121";"56";"32";"4";"1"
"4117057";"Nova Laranjeiras (PR)";"Total";"12074";"1016";"958";"981";"986";"954";"465";"315";"221";"148";"73";"30";"13";"7"
"4117107";"Nova Londrina (PR)";"Total";"12923";"810";"889";"807";"825";"908";"516";"412";"292";"194";"97";"37";"10";"1"
"4117206";"Nova Olímpia (PR)";"Total";"5833";"325";"361";"369";"329";"376";"316";"214";"157";"108";"58";"20";"6";"-"
"4117214";"Nova Santa Bárbara (PR)";"Total";"4184";"268";"292";"247";"285";"268";"194";"144";"120";"69";"42";"14";"8";"3"
"4117222";"Nova Santa Rosa (PR)";"Total";"8322";"524";"550";"510";"507";"529";"350";"313";"212";"127";"66";"23";"7";"-"
"4117255";"Nova Prata do Iguaçu (PR)";"Total";"12699";"916";"830";"859";"900";"936";"512";"420";"277";"154";"78";"16";"6";"-"
"4117271";"Nova Tebas (PR)";"Total";"6848";"386";"427";"463";"470";"419";"375";"261";"169";"130";"50";"29";"5";"1"
"4117297";"Novo Itacolomi (PR)";"Total";"3125";"168";"189";"159";"197";"222";"164";"128";"87";"57";"22";"14";"4";"-"
"4117305";"Ortigueira (PR)";"Total";"24192";"1733";"1816";"1772";"1831";"1681";"956";"729";"495";"259";"143";"50";"10";"1"
"4117404";"Ourizona (PR)";"Total";"3187";"157";"192";"196";"176";"176";"182";"110";"101";"73";"41";"11";"2";"-"
"4117453";"Ouro Verde do Oeste (PR)";"Total";"6785";"454";"479";"441";"462";"441";"256";"194";"160";"98";"42";"12";"2";"1"
"4117503";"Paiçandu (PR)";"Total";"45962";"3271";"3418";"2953";"2932";"3454";"1703";"1109";"760";"457";"234";"88";"19";"2"
"4117602";"Palmas (PR)";"Total";"48247";"3747";"3946";"3783";"3901";"4077";"1557";"1104";"612";"365";"167";"63";"23";"6"
"4117701";"Palmeira (PR)";"Total";"33855";"2171";"2265";"2304";"2255";"2506";"1335";"921";"657";"366";"207";"65";"22";"4"
"4117800";"Palmital (PR)";"Total";"13033";"902";"930";"911";"1002";"885";"595";"420";"306";"142";"66";"28";"6";"4"
"4117909";"Palotina (PR)";"Total";"35011";"2435";"2454";"2272";"2228";"2537";"1322";"1046";"775";"500";"226";"94";"26";"3"
"4118006";"Paraíso do Norte (PR)";"Total";"13245";"904";"894";"872";"862";"909";"464";"403";"261";"180";"92";"39";"9";"2"
"4118105";"Paranacity (PR)";"Total";"9557";"578";"640";"675";"628";"644";"381";"274";"215";"132";"80";"25";"7";"1"
"4118204";"Paranaguá (PR)";"Total";"145829";"10180";"10623";"10449";"11143";"11128";"5026";"3526";"2189";"1341";"696";"258";"61";"6"
"4118303";"Paranapoema (PR)";"Total";"2398";"138";"175";"187";"152";"119";"102";"67";"47";"34";"7";"8";"4";"-"
"4118402";"Paranavaí (PR)";"Total";"92001";"5686";"6093";"5892";"5964";"6354";"4036";"3003";"2099";"1353";"754";"289";"90";"10"
"4118451";"Pato Bragado (PR)";"Total";"5733";"399";"380";"358";"383";"398";"268";"223";"136";"102";"26";"14";"2";"-"
"4118501";"Pato Branco (PR)";"Total";"91836";"5897";"6145";"5804";"6250";"7567";"3495";"2524";"1540";"927";"537";"197";"50";"11"
"4118600";"Paula Freitas (PR)";"Total";"5666";"322";"384";"345";"409";"374";"245";"168";"127";"78";"36";"10";"3";"3"
"4118709";"Paulo Frontin (PR)";"Total";"6343";"318";"370";"377";"441";"437";"323";"236";"152";"75";"35";"13";"3";"1"
"4118808";"Peabiru (PR)";"Total";"13346";"851";"914";"891";"901";"873";"595";"426";"335";"198";"105";"38";"12";"-"
"4118857";"Perobal (PR)";"Total";"7189";"497";"448";"455";"472";"514";"294";"217";"186";"105";"58";"30";"4";"-"
"4118907";"Pérola (PR)";"Total";"11878";"741";"753";"710";"669";"708";"624";"442";"311";"211";"124";"55";"12";"1"
"4119004";"Pérola d'Oeste (PR)";"Total";"6221";"381";"322";"354";"377";"388";"367";"283";"194";"110";"54";"21";"3";"-"
"4119103";"Piên (PR)";"Total";"13655";"1010";"1014";"964";"925";"1081";"534";"351";"206";"99";"50";"25";"7";"-"
"4119152";"Pinhais (PR)";"Total";"127019";"6847";"8409";"8386";"8847";"10140";"4795";"3407";"2085";"1112";"536";"202";"51";"9"
"4119202";"Pinhalão (PR)";"Total";"6566";"384";"409";"412";"447";"399";"338";"251";"150";"92";"44";"27";"4";"1"
"4119251";"Pinhal de São Bento (PR)";"Total";"2761";"164";"174";"178";"217";"195";"138";"100";"66";"34";"13";"6";"2";"-"
"4119301";"Pinhão (PR)";"Total";"29886";"2386";"2427";"2228";"2425";"2439";"1079";"757";"472";"242";"130";"47";"7";"7"
"4119400";"Piraí do Sul (PR)";"Total";"23651";"1586";"1760";"1722";"1802";"1793";"927";"678";"478";"316";"143";"57";"20";"1"
"4119509";"Piraquara (PR)";"Total";"118730";"7896";"9247";"8973";"9098";"10255";"3273";"1971";"1239";"653";"305";"124";"34";"8"
"4119608";"Pitanga (PR)";"Total";"33567";"2220";"2252";"2254";"2430";"2331";"1334";"1036";"682";"380";"209";"75";"10";"7"
"4119657";"Pitangueiras (PR)";"Total";"3046";"181";"196";"209";"189";"209";"154";"95";"63";"53";"16";"6";"2";"-"
"4119707";"Planaltina do Paraná (PR)";"Total";"4070";"271";"271";"248";"263";"278";"162";"130";"88";"77";"51";"14";"4";"2"
"4119806";"Planalto (PR)";"Total";"14374";"899";"797";"773";"900";"975";"744";"594";"366";"224";"120";"46";"11";"-"
"4119905";"Ponta Grossa (PR)";"Total";"358371";"22756";"25593";"24861";"26039";"29177";"13389";"9514";"6238";"3549";"1889";"761";"201";"30"
"4119954";"Pontal do Paraná (PR)";"Total";"30425";"1760";"1951";"1922";"1940";"1778";"1920";"1301";"680";"324";"178";"53";"14";"3"
"4120002";"Porecatu (PR)";"Total";"11624";"577";"684";"628";"671";"692";"606";"507";"360";"224";"113";"39";"17";"-"
"4120101";"Porto Amazonas (PR)";"Total";"4098";"238";"265";"301";"287";"300";"193";"123";"80";"43";"28";"8";"3";"-"
"4120150";"Porto Barreiro (PR)";"Total";"3110";"204";"214";"183";"204";"194";"164";"119";"76";"33";"20";"9";"1";"1"
"4120200";"Porto Rico (PR)";"Total";"3182";"188";"207";"220";"201";"196";"121";"92";"51";"35";"16";"3";"-";"-"
"4120309";"Porto Vitória (PR)";"Total";"3562";"220";"252";"245";"239";"267";"156";"135";"81";"59";"27";"6";"2";"1"
"4120333";"Prado Ferreira (PR)";"Total";"3709";"250";"249";"243";"237";"264";"160";"124";"97";"55";"31";"9";"-";"-"
"4120358";"Pranchita (PR)";"Total";"5737";"379";"337";"364";"376";"335";"299";"232";"138";"101";"52";"15";"4";"3"
"4120408";"Presidente Castelo Branco (PR)";"Total";"4336";"280";"255";"268";"280";"307";"199";"131";"75";"43";"24";"16";"6";"1"
"4120507";"Primeiro de Maio (PR)";"Total";"10082";"490";"555";"534";"611";"630";"637";"430";"315";"203";"81";"48";"13";"-"
"4120606";"Prudentópolis (PR)";"Total";"49393";"3046";"3287";"3303";"3540";"3472";"2172";"1543";"1097";"604";"278";"111";"28";"6"
"4120655";"Quarto Centenário (PR)";"Total";"4201";"281";"260";"261";"272";"226";"201";"108";"95";"60";"44";"15";"3";"2"
"4120705";"Quatiguá (PR)";"Total";"8099";"458";"515";"480";"453";"510";"370";"292";"231";"128";"74";"26";"1";"3"
"4120804";"Quatro Barras (PR)";"Total";"24191";"1474";"1714";"1811";"1700";"1800";"854";"574";"355";"202";"100";"36";"5";"5"
"4120853";"Quatro Pontes (PR)";"Total";"4480";"290";"272";"250";"257";"259";"240";"179";"108";"74";"51";"22";"2";"-"
"4120903";"Quedas do Iguaçu (PR)";"Total";"30738";"2227";"2246";"2160";"2260";"2314";"1193";"922";"604";"367";"154";"68";"9";"6"
"4121000";"Querência do Norte (PR)";"Total";"10685";"731";"798";"744";"718";"612";"451";"311";"249";"150";"56";"38";"7";"1"
"4121109";"Quinta do Sol (PR)";"Total";"5001";"320";"303";"337";"339";"300";"230";"180";"146";"73";"56";"12";"3";"2"
"4121208";"Quitandinha (PR)";"Total";"18398";"1179";"1178";"1209";"1246";"1177";"901";"596";"434";"206";"90";"24";"5";"2"
"4121257";"Ramilândia (PR)";"Total";"4221";"332";"304";"286";"321";"336";"171";"107";"92";"47";"30";"12";"1";"-"
"4121307";"Rancho Alegre (PR)";"Total";"3512";"163";"181";"185";"207";"222";"213";"174";"130";"76";"40";"19";"2";"-"
"4121356";"Rancho Alegre D'Oeste (PR)";"Total";"2618";"157";"165";"176";"162";"174";"129";"87";"59";"44";"30";"12";"-";"2"
"4121406";"Realeza (PR)";"Total";"19247";"1161";"1192";"1229";"1216";"1497";"847";"643";"460";"283";"135";"62";"6";"2"
"4121505";"Rebouças (PR)";"Total";"14514";"910";"1024";"928";"1076";"1030";"668";"448";"340";"156";"80";"32";"8";"4"
"4121604";"Renascença (PR)";"Total";"6845";"449";"463";"440";"476";"481";"349";"239";"135";"99";"53";"18";"1";"3"
"4121703";"Reserva (PR)";"Total";"24573";"1719";"1695";"1810";"1983";"1839";"937";"739";"477";"270";"132";"66";"10";"6"
"4121752";"Reserva do Iguaçu (PR)";"Total";"6553";"544";"579";"503";"515";"506";"254";"147";"85";"45";"22";"9";"3";"-"
"4121802";"Ribeirão Claro (PR)";"Total";"12364";"746";"804";"705";"764";"854";"608";"490";"330";"197";"101";"48";"10";"2"
"4121901";"Ribeirão do Pinhal (PR)";"Total";"13060";"790";"872";"862";"857";"928";"626";"463";"311";"197";"126";"36";"15";"5"
"4122008";"Rio Azul (PR)";"Total";"14025";"899";"930";"927";"1008";"1010";"559";"433";"287";"154";"59";"27";"2";"-"
"4122107";"Rio Bom (PR)";"Total";"3197";"160";"188";"184";"194";"199";"177";"106";"113";"76";"42";"19";"6";"-"
"4122156";"Rio Bonito do Iguaçu (PR)";"Total";"13929";"998";"1071";"1078";"1036";"995";"552";"356";"245";"118";"50";"16";"8";"-"
"4122172";"Rio Branco do Ivaí (PR)";"Total";"3808";"252";"294";"293";"275";"209";"153";"106";"75";"48";"19";"12";"4";"4"
"4122206";"Rio Branco do Sul (PR)";"Total";"37558";"2560";"2904";"2662";"2766";"2646";"1321";"811";"495";"299";"126";"38";"9";"5"
"4122305";"Rio Negro (PR)";"Total";"31324";"1930";"2100";"2012";"2221";"2297";"1279";"1001";"642";"343";"160";"90";"25";"3"
"4122404";"Rolândia (PR)";"Total";"71670";"4918";"4921";"4587";"4604";"5681";"2858";"2095";"1569";"938";"506";"162";"46";"10"
"4122503";"Roncador (PR)";"Total";"11251";"737";"747";"678";"802";"729";"545";"380";"238";"162";"85";"25";"7";"2"
"4122602";"Rondon (PR)";"Total";"9097";"540";"604";"580";"642";"629";"355";"303";"191";"125";"96";"33";"8";"1"
"4122651";"Rosário do Ivaí (PR)";"Total";"5435";"293";"326";"373";"342";"320";"283";"230";"164";"109";"60";"20";"6";"2"
"4122701";"Sabáudia (PR)";"Total";"8822";"562";"639";"566";"610";"615";"359";"278";"152";"112";"53";"17";"7";"2"
"4122800";"Salgado Filho (PR)";"Total";"4075";"252";"274";"231";"251";"300";"192";"133";"83";"61";"44";"10";"2";"1"
"4122909";"Salto do Itararé (PR)";"Total";"5192";"321";"324";"309";"321";"313";"326";"228";"150";"66";"39";"15";"2";"1"
"4123006";"Salto do Lontra (PR)";"Total";"15223";"1022";"997";"978";"1022";"1008";"724";"497";"318";"205";"83";"33";"7";"3"
"4123105";"Santa Amélia (PR)";"Total";"3394";"192";"224";"229";"234";"181";"189";"149";"88";"47";"35";"16";"4";"1"
"4123204";"Santa Cecília do Pavão (PR)";"Total";"3365";"196";"232";"192";"198";"224";"170";"143";"103";"57";"26";"24";"1";"-"
"4123303";"Santa Cruz de Monte Castelo (PR)";"Total";"8613";"516";"579";"531";"550";"569";"406";"294";"207";"136";"75";"26";"6";"1"
"4123402";"Santa Fé (PR)";"Total";"11378";"624";"719";"655";"689";"703";"573";"396";"268";"201";"109";"42";"17";"5"
"4123501";"Santa Helena (PR)";"Total";"25492";"1692";"1704";"1599";"1642";"1771";"1137";"889";"626";"364";"165";"52";"16";"3"
"4123600";"Santa Inês (PR)";"Total";"1748";"99";"112";"87";"117";"109";"87";"75";"59";"28";"11";"5";"-";"-"
"4123709";"Santa Isabel do Ivaí (PR)";"Total";"8912";"525";"552";"536";"574";"575";"443";"323";"245";"159";"94";"43";"7";"2"
"4123808";"Santa Izabel do Oeste (PR)";"Total";"14070";"877";"944";"853";"865";"1001";"637";"450";"327";"215";"113";"22";"9";"2"
"4123824";"Santa Lúcia (PR)";"Total";"3644";"230";"217";"258";"249";"230";"182";"155";"104";"72";"38";"15";"3";"-"
"4123857";"Santa Maria do Oeste (PR)";"Total";"9934";"633";"711";"698";"758";"627";"461";"340";"220";"109";"53";"24";"2";"2"
"4123907";"Santa Mariana (PR)";"Total";"11066";"635";"648";"635";"640";"630";"647";"518";"340";"210";"125";"50";"7";"-"
"4123956";"Santa Mônica (PR)";"Total";"3356";"221";"267";"226";"208";"208";"140";"107";"88";"59";"26";"9";"4";"-"
"4124004";"Santana do Itararé (PR)";"Total";"5514";"336";"359";"326";"373";"337";"279";"195";"133";"74";"34";"18";"7";"1"
"4124020";"Santa Tereza do Oeste (PR)";"Total";"13174";"1055";"1008";"937";"885";"928";"451";"346";"224";"112";"75";"23";"5";"-"
"4124053";"Santa Terezinha de Itaipu (PR)";"Total";"24262";"1549";"1644";"1585";"1618";"1717";"1045";"764";"492";"276";"125";"54";"9";"6"
"4124103";"Santo Antônio da Platina (PR)";"Total";"44369";"2832";"2859";"2992";"3053";"3193";"1981";"1500";"1033";"546";"338";"119";"36";"5"
"4124202";"Santo Antônio do Caiuá (PR)";"Total";"2493";"148";"154";"134";"140";"167";"131";"83";"68";"42";"33";"15";"5";"1"
"4124301";"Santo Antônio do Paraíso (PR)";"Total";"2125";"91";"127";"125";"155";"128";"125";"87";"61";"30";"16";"7";"2";"2"
"4124400";"Santo Antônio do Sudoeste (PR)";"Total";"23673";"1609";"1580";"1639";"1709";"1786";"1053";"729";"522";"307";"167";"58";"20";"4"
"4124509";"Santo Inácio (PR)";"Total";"6181";"455";"424";"421";"405";"364";"265";"182";"145";"82";"44";"14";"2";"1"
"4124608";"São Carlos do Ivaí (PR)";"Total";"6587";"419";"459";"404";"399";"453";"274";"190";"159";"93";"49";"26";"2";"-"
"4124707";"São Jerônimo da Serra (PR)";"Total";"10830";"735";"749";"772";"800";"752";"490";"351";"242";"159";"98";"32";"14";"2"
"4124806";"São João (PR)";"Total";"11886";"790";"775";"674";"721";"823";"630";"476";"255";"181";"85";"40";"7";"2"
"4124905";"São João do Caiuá (PR)";"Total";"5586";"369";"377";"363";"377";"338";"257";"177";"127";"104";"55";"21";"7";"2"
"4125001";"São João do Ivaí (PR)";"Total";"10667";"573";"603";"610";"620";"656";"624";"485";"341";"214";"111";"48";"18";"6"
"4125100";"São João do Triunfo (PR)";"Total";"13726";"908";"906";"979";"1080";"1000";"536";"372";"242";"131";"56";"24";"3";"3"
"4125209";"São Jorge d'Oeste (PR)";"Total";"9378";"559";"591";"590";"555";"567";"497";"324";"244";"142";"85";"22";"6";"3"
"4125308";"São Jorge do Ivaí (PR)";"Total";"5168";"243";"275";"305";"316";"294";"285";"221";"198";"128";"50";"25";"6";"-"
"4125357";"São Jorge do Patrocínio (PR)";"Total";"6504";"413";"388";"345";"374";"405";"351";"263";"200";"135";"60";"23";"5";"1"
"4125407";"São José da Boa Vista (PR)";"Total";"6040";"391";"396";"353";"377";"388";"338";"232";"134";"92";"53";"16";"8";"-"
"4125456";"São José das Palmeiras (PR)";"Total";"3957";"270";"285";"278";"253";"247";"191";"141";"126";"62";"22";"8";"3";"1"
"4125506";"São José dos Pinhais (PR)";"Total";"329628";"21137";"24062";"22954";"22634";"25948";"10439";"6907";"4097";"2253";"1189";"383";"92";"15"
"4125555";"São Manoel do Paraná (PR)";"Total";"2138";"108";"125";"123";"138";"126";"123";"81";"59";"33";"27";"15";"2";"1"
"4125605";"São Mateus do Sul (PR)";"Total";"42366";"2728";"2850";"2900";"2931";"3100";"1621";"1156";"816";"489";"229";"83";"17";"1"
"4125704";"São Miguel do Iguaçu (PR)";"Total";"29122";"2022";"2087";"1889";"1965";"2099";"1225";"886";"650";"379";"166";"63";"14";"6"
"4125753";"São Pedro do Iguaçu (PR)";"Total";"5784";"380";"374";"344";"340";"366";"329";"233";"175";"102";"48";"11";"3";"1"
"4125803";"São Pedro do Ivaí (PR)";"Total";"8690";"484";"520";"564";"563";"497";"427";"338";"231";"148";"74";"21";"12";"2"
"4125902";"São Pedro do Paraná (PR)";"Total";"2661";"157";"168";"163";"153";"172";"129";"98";"74";"41";"20";"7";"-";"1"
"4126009";"São Sebastião da Amoreira (PR)";"Total";"8063";"472";"514";"544";"557";"514";"380";"291";"218";"124";"53";"22";"11";"2"
"4126108";"São Tomé (PR)";"Total";"5232";"292";"367";"326";"339";"346";"253";"160";"122";"75";"39";"12";"8";"-"
"4126207";"Sapopema (PR)";"Total";"6695";"412";"423";"412";"465";"470";"288";"221";"193";"87";"61";"15";"10";"-"
"4126256";"Sarandi (PR)";"Total";"118455";"8567";"8831";"8066";"7657";"8958";"3898";"2707";"1733";"909";"458";"150";"46";"9"
"4126272";"Saudade do Iguaçu (PR)";"Total";"6108";"445";"457";"500";"450";"439";"258";"184";"109";"76";"35";"8";"2";"1"
"4126306";"Sengés (PR)";"Total";"17270";"1215";"1301";"1225";"1422";"1327";"635";"449";"285";"172";"82";"30";"9";"3"
"4126355";"Serranópolis do Iguaçu (PR)";"Total";"5007";"276";"295";"312";"303";"294";"271";"192";"177";"110";"47";"16";"5";"-"
"4126405";"Sertaneja (PR)";"Total";"5616";"266";"324";"334";"336";"338";"354";"235";"179";"122";"45";"33";"5";"-"
"4126504";"Sertanópolis (PR)";"Total";"15930";"899";"965";"947";"962";"1044";"813";"569";"409";"285";"124";"70";"9";"1"
"4126603";"Siqueira Campos (PR)";"Total";"22811";"1450";"1509";"1413";"1417";"1777";"966";"674";"490";"278";"153";"56";"6";"1"
"4126652";"Sulina (PR)";"Total";"3440";"209";"203";"212";"230";"194";"180";"133";"113";"75";"26";"7";"3";"-"
"4126678";"Tamarana (PR)";"Total";"10707";"761";"801";"827";"866";"785";"435";"331";"231";"137";"68";"23";"9";"2"
"4126702";"Tamboara (PR)";"Total";"4880";"317";"300";"315";"292";"310";"241";"173";"121";"67";"46";"22";"4";"1"
"4126801";"Tapejara (PR)";"Total";"15869";"986";"1087";"1102";"1030";"1084";"648";"427";"313";"198";"140";"48";"8";"2"
"4126900";"Tapira (PR)";"Total";"5745";"327";"359";"331";"357";"350";"290";"230";"177";"113";"79";"33";"11";"3"
"4127007";"Teixeira Soares (PR)";"Total";"9547";"639";"662";"637";"757";"695";"358";"258";"191";"120";"49";"18";"4";"1"
"4127106";"Telêmaco Borba (PR)";"Total";"75042";"5110";"5604";"5415";"5274";"5768";"2692";"1908";"1297";"764";"374";"133";"28";"6"
"4127205";"Terra Boa (PR)";"Total";"17568";"1098";"1170";"1076";"1019";"1183";"739";"571";"405";"289";"160";"59";"15";"2"
"4127304";"Terra Rica (PR)";"Total";"14842";"875";"990";"1030";"982";"887";"677";"507";"390";"248";"140";"54";"17";"4"
"4127403";"Terra Roxa (PR)";"Total";"18119";"1254";"1179";"1226";"1195";"1232";"794";"633";"418";"320";"140";"59";"16";"5"
"4127502";"Tibagi (PR)";"Total";"19961";"1432";"1515";"1504";"1521";"1413";"777";"512";"346";"217";"103";"48";"9";"3"
"4127601";"Tijucas do Sul (PR)";"Total";"17621";"1200";"1295";"1221";"1286";"1236";"775";"483";"371";"213";"90";"24";"5";"5"
"4127700";"Toledo (PR)";"Total";"150470";"9412";"10210";"9350";"9217";"11557";"5494";"3879";"2519";"1615";"909";"335";"69";"7"
"4127809";"Tomazina (PR)";"Total";"8426";"469";"535";"476";"493";"499";"447";"352";"219";"123";"62";"28";"5";"1"
"4127858";"Três Barras do Paraná (PR)";"Total";"11135";"735";"776";"747";"794";"738";"485";"379";"257";"154";"79";"26";"6";"-"
"4127882";"Tunas do Paraná (PR)";"Total";"6219";"533";"546";"524";"562";"502";"187";"114";"81";"43";"20";"7";"3";"-"
"4127908";"Tuneiras do Oeste (PR)";"Total";"8067";"499";"527";"522";"534";"544";"372";"267";"195";"134";"64";"21";"5";"3"
"4127957";"Tupãssi (PR)";"Total";"8077";"455";"470";"492";"537";"507";"444";"346";"283";"165";"71";"27";"2";"-"
"4127965";"Turvo (PR)";"Total";"14231";"999";"1031";"1040";"1045";"998";"592";"419";"262";"145";"65";"28";"9";"1"
"4128005";"Ubiratã (PR)";"Total";"24749";"1545";"1583";"1593";"1589";"1668";"1152";"804";"529";"355";"207";"73";"25";"4"
"4128104";"Umuarama (PR)";"Total";"117095";"7514";"7597";"7189";"7355";"8225";"4902";"3667";"2568";"1685";"830";"347";"92";"15"
"4128203";"União da Vitória (PR)";"Total";"55033";"3552";"3635";"3572";"4013";"4576";"2213";"1606";"1056";"705";"371";"150";"27";"6"
"4128302";"Uniflor (PR)";"Total";"2136";"116";"127";"141";"123";"102";"85";"82";"74";"37";"19";"14";"-";"-"
"4128401";"Uraí (PR)";"Total";"10406";"493";"606";"606";"633";"649";"611";"494";"331";"229";"113";"58";"15";"4"
"4128500";"Wenceslau Braz (PR)";"Total";"19188";"1312";"1325";"1258";"1273";"1368";"878";"677";"419";"263";"134";"59";"10";"1"
"4128534";"Ventania (PR)";"Total";"9681";"674";"690";"672";"791";"713";"335";"258";"166";"101";"51";"16";"3";"-"
"4128559";"Vera Cruz do Oeste (PR)";"Total";"8215";"496";"523";"507";"508";"544";"415";"343";"193";"158";"61";"29";"5";"2"
"4128609";"Verê (PR)";"Total";"7932";"442";"507";"471";"492";"457";"432";"341";"183";"126";"69";"20";"4";"2"
"4128625";"Alto Paraíso (PR)";"Total";"3055";"205";"234";"202";"216";"194";"134";"93";"73";"57";"19";"4";"3";"-"
"4128633";"Doutor Ulysses (PR)";"Total";"5697";"409";"370";"414";"471";"424";"211";"167";"104";"67";"38";"8";"4";"1"
"4128658";"Virmond (PR)";"Total";"3811";"237";"271";"250";"260";"266";"173";"147";"94";"47";"24";"6";"2";"-"
"4128708";"Vitorino (PR)";"Total";"9706";"740";"969";"569";"567";"634";"371";"293";"178";"117";"47";"18";"3";"-"
"4128807";"Xambrê (PR)";"Total";"5798";"360";"371";"353";"372";"317";"297";"237";"199";"118";"65";"31";"8";"2"
"4200051";"Abdon Batista (SC)";"Total";"2598";"131";"159";"171";"175";"143";"160";"113";"86";"36";"13";"4";"-";"1"
"4200101";"Abelardo Luz (SC)";"Total";"17392";"1421";"1326";"1209";"1213";"1364";"664";"475";"314";"170";"75";"27";"7";"2"
"4200200";"Agrolândia (SC)";"Total";"10990";"729";"760";"702";"745";"773";"402";"291";"236";"125";"69";"22";"6";"-"
"4200309";"Agronômica (SC)";"Total";"6055";"394";"380";"391";"413";"413";"276";"192";"113";"54";"25";"12";"1";"1"
"4200408";"Água Doce (SC)";"Total";"6508";"410";"409";"398";"436";"466";"303";"240";"164";"113";"55";"24";"6";"1"
"4200507";"Águas de Chapecó (SC)";"Total";"6036";"397";"399";"385";"348";"380";"345";"203";"141";"104";"40";"12";"5";"2"
"4200556";"Águas Frias (SC)";"Total";"2839";"180";"179";"176";"178";"181";"143";"118";"68";"47";"21";"3";"1";"1"
"4200606";"Águas Mornas (SC)";"Total";"6743";"377";"398";"350";"369";"447";"296";"234";"164";"92";"56";"15";"4";"-"
"4200705";"Alfredo Wagner (SC)";"Total";"10481";"638";"674";"639";"706";"711";"461";"361";"222";"111";"58";"14";"3";"1"
"4200754";"Alto Bela Vista (SC)";"Total";"1856";"90";"99";"91";"101";"68";"132";"129";"66";"42";"22";"10";"1";"-"
"4200804";"Anchieta (SC)";"Total";"5943";"312";"351";"322";"388";"343";"331";"248";"166";"115";"58";"23";"1";"-"
"4200903";"Angelina (SC)";"Total";"5358";"304";"288";"287";"333";"322";"267";"196";"154";"103";"58";"28";"5";"1"
"4201000";"Anita Garibaldi (SC)";"Total";"8285";"512";"523";"492";"566";"544";"434";"314";"216";"122";"63";"24";"4";"4"
"4201109";"Anitápolis (SC)";"Total";"3593";"222";"194";"240";"194";"242";"195";"144";"105";"49";"23";"21";"4";"-"
"4201208";"Antônio Carlos (SC)";"Total";"11224";"717";"781";"748";"679";"797";"402";"344";"224";"164";"88";"37";"10";"1"
"4201257";"Apiúna (SC)";"Total";"9811";"629";"675";"614";"663";"677";"407";"311";"162";"104";"55";"19";"5";"1"
"4201273";"Arabutã (SC)";"Total";"4378";"276";"260";"256";"243";"214";"236";"217";"179";"85";"42";"10";"1";"1"
"4201307";"Araquari (SC)";"Total";"45283";"3790";"3994";"3618";"3398";"3673";"1050";"697";"353";"228";"113";"41";"12";"3"
"4201406";"Araranguá (SC)";"Total";"71922";"4589";"4771";"4571";"4840";"5319";"2947";"2193";"1319";"774";"365";"151";"39";"11"
"4201505";"Armazém (SC)";"Total";"8834";"588";"567";"562";"541";"572";"365";"297";"200";"114";"62";"14";"5";"-"
"4201604";"Arroio Trinta (SC)";"Total";"3556";"182";"192";"157";"190";"224";"222";"178";"119";"69";"23";"9";"2";"-"
"4201653";"Arvoredo (SC)";"Total";"2510";"148";"135";"152";"151";"175";"150";"101";"63";"42";"19";"12";"2";"-"
"4201703";"Ascurra (SC)";"Total";"8319";"537";"529";"444";"564";"550";"380";"290";"188";"115";"56";"27";"6";"1"
"4201802";"Atalanta (SC)";"Total";"3227";"185";"212";"200";"208";"198";"164";"135";"74";"43";"16";"3";"2";"-"
"4201901";"Aurora (SC)";"Total";"6780";"451";"454";"430";"429";"459";"318";"211";"138";"87";"27";"14";"3";"-"
"4201950";"Balneário Arroio do Silva (SC)";"Total";"15820";"941";"984";"1121";"1009";"823";"971";"704";"415";"204";"92";"42";"9";"-"
"4202008";"Balneário Camboriú (SC)";"Total";"139155";"6384";"7133";"6994";"7526";"10301";"6596";"4931";"3120";"1872";"971";"393";"93";"17"
"4202057";"Balneário Barra do Sul (SC)";"Total";"14912";"846";"916";"905";"888";"679";"1121";"778";"435";"246";"106";"34";"4";"3"
"4202073";"Balneário Gaivota (SC)";"Total";"15669";"941";"1079";"1038";"958";"893";"968";"633";"392";"224";"94";"38";"11";"-"
"4202081";"Bandeirante (SC)";"Total";"3144";"196";"208";"181";"194";"167";"185";"133";"85";"50";"32";"8";"2";"-"
"4202099";"Barra Bonita (SC)";"Total";"1668";"87";"97";"126";"89";"77";"100";"86";"55";"40";"22";"7";"1";"-"
"4202107";"Barra Velha (SC)";"Total";"45369";"3001";"3280";"3069";"2898";"3029";"2013";"1368";"812";"425";"202";"80";"12";"4"
"4202131";"Bela Vista do Toldo (SC)";"Total";"5872";"397";"381";"400";"431";"401";"249";"173";"91";"59";"30";"6";"1";"-"
"4202156";"Belmonte (SC)";"Total";"2658";"169";"170";"168";"173";"167";"157";"87";"87";"55";"21";"4";"3";"1"
"4202206";"Benedito Novo (SC)";"Total";"10520";"606";"590";"648";"661";"732";"501";"362";"251";"131";"71";"25";"9";"1"
"4202305";"Biguaçu (SC)";"Total";"76773";"4649";"5151";"4866";"5077";"5997";"2668";"1866";"1076";"617";"365";"143";"39";"8"
"4202404";"Blumenau (SC)";"Total";"361261";"19891";"21108";"20227";"21117";"28643";"13641";"10014";"6133";"3814";"1964";"862";"212";"33"
"4202438";"Bocaina do Sul (SC)";"Total";"3515";"208";"251";"212";"229";"244";"196";"142";"61";"49";"28";"7";"5";"1"
"4202453";"Bombinhas (SC)";"Total";"25058";"1524";"1728";"1511";"1714";"1864";"984";"671";"336";"185";"78";"35";"4";"3"
"4202503";"Bom Jardim da Serra (SC)";"Total";"4026";"255";"271";"239";"258";"286";"173";"115";"84";"55";"25";"9";"-";"-"
"4202537";"Bom Jesus (SC)";"Total";"2777";"173";"207";"192";"195";"215";"128";"88";"42";"34";"11";"8";"2";"-"
"4202578";"Bom Jesus do Oeste (SC)";"Total";"2187";"134";"128";"129";"132";"109";"123";"115";"72";"43";"29";"9";"1";"-"
"4202602";"Bom Retiro (SC)";"Total";"8418";"577";"609";"582";"620";"652";"369";"264";"166";"101";"42";"20";"6";"1"
"4202701";"Botuverá (SC)";"Total";"5363";"335";"336";"297";"291";"334";"246";"179";"121";"93";"33";"14";"3";"-"
"4202800";"Braço do Norte (SC)";"Total";"33773";"2117";"2217";"2106";"2371";"2886";"1129";"834";"529";"313";"134";"56";"9";"2"
"4202859";"Braço do Trombudo (SC)";"Total";"4026";"252";"264";"260";"269";"249";"190";"157";"109";"57";"34";"10";"2";"-"
"4202875";"Brunópolis (SC)";"Total";"2489";"135";"144";"157";"148";"149";"119";"106";"49";"50";"14";"6";"2";"1"
"4202909";"Brusque (SC)";"Total";"141385";"9126";"9076";"8647";"9007";"11012";"4633";"3234";"1985";"1188";"657";"287";"71";"9"
"4203006";"Caçador (SC)";"Total";"73720";"5053";"5349";"4879";"5239";"6312";"2542";"1847";"1211";"678";"354";"109";"36";"6"
"4203105";"Caibi (SC)";"Total";"6304";"392";"378";"353";"395";"408";"375";"245";"150";"110";"40";"22";"8";"1"
"4203154";"Calmon (SC)";"Total";"3443";"290";"348";"277";"262";"291";"106";"66";"46";"31";"13";"3";"2";"1"
"4203204";"Camboriú (SC)";"Total";"103074";"7163";"7507";"6875";"6785";"8374";"2655";"1733";"858";"538";"221";"79";"16";"2"
"4203253";"Capão Alto (SC)";"Total";"2625";"158";"158";"169";"163";"172";"155";"109";"63";"35";"25";"6";"3";"-"
"4203303";"Campo Alegre (SC)";"Total";"12501";"769";"805";"833";"831";"867";"587";"426";"252";"158";"81";"29";"10";"1"
"4203402";"Campo Belo do Sul (SC)";"Total";"7257";"446";"469";"457";"506";"530";"328";"253";"155";"97";"57";"14";"6";"3"
"4203501";"Campo Erê (SC)";"Total";"9623";"699";"721";"674";"719";"753";"414";"312";"229";"116";"83";"17";"4";"1"
"4203600";"Campos Novos (SC)";"Total";"36932";"2385";"2460";"2294";"2482";"2782";"1405";"1040";"645";"413";"175";"62";"17";"1"
"4203709";"Canelinha (SC)";"Total";"12821";"856";"881";"807";"929";"988";"475";"381";"196";"124";"57";"20";"4";"3"
"4203808";"Canoinhas (SC)";"Total";"55016";"3543";"3726";"3571";"3756";"4038";"2173";"1618";"993";"610";"302";"107";"20";"2"
"4203907";"Capinzal (SC)";"Total";"23314";"1512";"1466";"1388";"1552";"1874";"832";"622";"404";"256";"141";"51";"7";"2"
"4203956";"Capivari de Baixo (SC)";"Total";"23975";"1438";"1660";"1599";"1603";"1791";"958";"698";"432";"265";"132";"48";"8";"-"
"4204004";"Catanduvas (SC)";"Total";"10566";"779";"715";"710";"705";"820";"392";"285";"187";"119";"68";"11";"2";"-"
"4204103";"Caxambu do Sul (SC)";"Total";"4614";"280";"311";"276";"279";"266";"276";"225";"146";"73";"35";"15";"5";"2"
"4204152";"Celso Ramos (SC)";"Total";"2805";"161";"166";"182";"149";"178";"153";"108";"75";"36";"21";"7";"2";"-"
"4204178";"Cerro Negro (SC)";"Total";"3317";"202";"218";"203";"217";"213";"142";"124";"78";"65";"27";"11";"2";"4"
"4204194";"Chapadão do Lageado (SC)";"Total";"2950";"169";"222";"189";"203";"186";"135";"87";"51";"31";"20";"10";"1";"-"
"4204202";"Chapecó (SC)";"Total";"254785";"17990";"17500";"15523";"16156";"22428";"7374";"5432";"3408";"1967";"1009";"363";"96";"20"
"4204251";"Cocal do Sul (SC)";"Total";"17240";"929";"1018";"983";"1027";"1136";"790";"544";"306";"166";"70";"37";"12";"2"
"4204301";"Concórdia (SC)";"Total";"81646";"5275";"5171";"4787";"4714";"6018";"3554";"2717";"1827";"1113";"568";"206";"52";"3"
"4204350";"Cordilheira Alta (SC)";"Total";"4781";"323";"324";"283";"274";"297";"238";"172";"115";"50";"26";"13";"1";"-"
"4204400";"Coronel Freitas (SC)";"Total";"10388";"632";"612";"605";"575";"643";"520";"399";"274";"188";"79";"25";"6";"7"
"4204459";"Coronel Martins (SC)";"Total";"2065";"122";"108";"100";"127";"152";"104";"84";"52";"35";"21";"7";"-";"1"
"4204509";"Corupá (SC)";"Total";"15267";"907";"986";"977";"988";"1068";"612";"452";"304";"194";"112";"45";"10";"1"
"4204558";"Correia Pinto (SC)";"Total";"15727";"1123";"1111";"1019";"1121";"1167";"624";"509";"291";"165";"63";"28";"6";"1"
"4204608";"Criciúma (SC)";"Total";"214493";"12816";"13628";"12653";"13274";"16645";"8755";"5953";"3680";"2025";"1039";"438";"91";"8"
"4204707";"Cunha Porã (SC)";"Total";"10953";"655";"686";"546";"641";"659";"575";"481";"318";"174";"90";"25";"6";"1"
"4204756";"Cunhataí (SC)";"Total";"1968";"116";"105";"104";"129";"123";"118";"87";"41";"30";"18";"4";"-";"-"
"4204806";"Curitibanos (SC)";"Total";"40045";"2764";"2917";"2753";"2822";"3259";"1490";"1145";"772";"488";"230";"94";"22";"5"
"4204905";"Descanso (SC)";"Total";"8530";"477";"436";"438";"454";"489";"512";"409";"273";"160";"88";"39";"8";"-"
"4205001";"Dionísio Cerqueira (SC)";"Total";"15008";"1018";"1113";"1071";"958";"1044";"688";"459";"337";"185";"86";"29";"10";"1"
"4205100";"Dona Emma (SC)";"Total";"4221";"293";"271";"288";"291";"301";"159";"134";"91";"49";"28";"10";"1";"-"
"4205159";"Doutor Pedrinho (SC)";"Total";"3637";"199";"182";"195";"237";"236";"159";"142";"94";"84";"40";"14";"3";"-"
"4205175";"Entre Rios (SC)";"Total";"3402";"286";"285";"248";"268";"337";"121";"68";"49";"38";"23";"7";"3";"12"
"4205191";"Ermo (SC)";"Total";"2269";"149";"154";"127";"151";"155";"113";"73";"59";"26";"14";"7";"1";"-"
"4205209";"Erval Velho (SC)";"Total";"4885";"301";"296";"253";"274";"309";"270";"233";"164";"96";"58";"20";"12";"-"
"4205308";"Faxinal dos Guedes (SC)";"Total";"11192";"753";"706";"765";"759";"806";"504";"318";"233";"123";"58";"32";"7";"2"
"4205357";"Flor do Sertão (SC)";"Total";"1783";"101";"118";"98";"113";"118";"96";"81";"57";"32";"17";"6";"3";"-"
"4205407";"Florianópolis (SC)";"Total";"537211";"25973";"29092";"27856";"29070";"41329";"22668";"17112";"10746";"6581";"3734";"1727";"496";"83"
"4205431";"Formosa do Sul (SC)";"Total";"2682";"186";"147";"153";"160";"185";"124";"98";"87";"63";"26";"6";"5";"1"
"4205456";"Forquilhinha (SC)";"Total";"31431";"2341";"2359";"2069";"2227";"2838";"875";"599";"349";"217";"130";"41";"7";"-"
"4205506";"Fraiburgo (SC)";"Total";"33481";"2271";"2397";"2253";"2418";"2610";"1304";"919";"592";"347";"185";"49";"9";"5"
"4205555";"Frei Rogério (SC)";"Total";"2411";"130";"158";"141";"176";"154";"113";"92";"51";"34";"19";"6";"-";"2"
"4205605";"Galvão (SC)";"Total";"3210";"203";"208";"213";"200";"188";"173";"125";"85";"50";"31";"8";"2";"2"
"4205704";"Garopaba (SC)";"Total";"29959";"1847";"1969";"1730";"1784";"1942";"1331";"891";"548";"340";"157";"79";"16";"2"
"4205803";"Garuva (SC)";"Total";"18545";"1396";"1517";"1364";"1355";"1446";"623";"422";"248";"148";"83";"24";"8";"-"
"4205902";"Gaspar (SC)";"Total";"72570";"4653";"4751";"4478";"4792";"5872";"2676";"1748";"1091";"591";"331";"118";"33";"4"
"4206009";"Governador Celso Ramos (SC)";"Total";"16915";"885";"1010";"966";"1012";"1130";"887";"592";"316";"183";"100";"54";"8";"2"
"4206108";"Grão-Pará (SC)";"Total";"6277";"462";"373";"406";"353";"422";"291";"211";"134";"81";"43";"13";"4";"-"
"4206207";"Gravatal (SC)";"Total";"12435";"719";"759";"787";"741";"823";"594";"451";"279";"157";"83";"30";"7";"-"
"4206306";"Guabiruba (SC)";"Total";"24543";"1725";"1684";"1526";"1447";"1691";"891";"583";"339";"200";"104";"29";"7";"-"
"4206405";"Guaraciaba (SC)";"Total";"10796";"586";"562";"589";"594";"649";"614";"463";"302";"188";"100";"42";"8";"-"
"4206504";"Guaramirim (SC)";"Total";"46711";"3377";"3362";"3155";"3279";"3952";"1236";"900";"540";"310";"170";"54";"11";"1"
"4206603";"Guarujá do Sul (SC)";"Total";"4829";"291";"266";"274";"235";"277";"274";"202";"132";"80";"50";"22";"7";"-"
"4206652";"Guatambú (SC)";"Total";"8425";"675";"668";"560";"554";"581";"323";"233";"135";"61";"34";"15";"-";"1"
"4206702";"Herval d'Oeste (SC)";"Total";"21724";"1318";"1307";"1230";"1348";"1579";"963";"697";"476";"297";"152";"62";"12";"2"
"4206751";"Ibiam (SC)";"Total";"2008";"116";"134";"135";"112";"123";"115";"97";"54";"31";"11";"4";"-";"1"
"4206801";"Ibicaré (SC)";"Total";"3269";"169";"175";"183";"210";"178";"217";"161";"97";"71";"39";"18";"-";"-"
"4206900";"Ibirama (SC)";"Total";"19862";"1197";"1255";"1352";"1325";"1507";"752";"576";"372";"262";"112";"33";"5";"1"
"4207007";"Içara (SC)";"Total";"59035";"3871";"3939";"3805";"3801";"4335";"2239";"1471";"851";"453";"246";"93";"24";"3"
"4207106";"Ilhota (SC)";"Total";"17046";"1186";"1288";"1226";"1183";"1224";"592";"404";"221";"147";"83";"26";"7";"5"
"4207205";"Imaruí (SC)";"Total";"11881";"647";"691";"687";"716";"647";"702";"552";"392";"223";"106";"42";"13";"-"
"4207304";"Imbituba (SC)";"Total";"52579";"3021";"3348";"3203";"3044";"3272";"2501";"1850";"1147";"670";"368";"116";"29";"5"
"4207403";"Imbuia (SC)";"Total";"5982";"373";"395";"362";"434";"428";"261";"201";"99";"50";"24";"12";"4";"-"
"4207502";"Indaial (SC)";"Total";"71549";"4691";"4726";"4424";"4848";"5541";"2335";"1705";"1036";"596";"328";"126";"27";"2"
"4207577";"Iomerê (SC)";"Total";"2877";"142";"160";"145";"160";"164";"155";"147";"97";"62";"40";"12";"-";"-"
"4207601";"Ipira (SC)";"Total";"4578";"269";"258";"242";"252";"271";"269";"198";"151";"106";"49";"25";"5";"-"
"4207650";"Iporã do Oeste (SC)";"Total";"9335";"581";"503";"529";"554";"525";"539";"361";"211";"176";"87";"28";"7";"1"
"4207684";"Ipuaçu (SC)";"Total";"7730";"660";"716";"578";"642";"758";"248";"194";"108";"66";"45";"19";"6";"17"
"4207700";"Ipumirim (SC)";"Total";"7816";"506";"477";"438";"481";"591";"374";"284";"209";"106";"59";"14";"5";"-"
"4207759";"Iraceminha (SC)";"Total";"3986";"220";"213";"222";"280";"231";"200";"196";"135";"88";"36";"11";"4";"-"
"4207809";"Irani (SC)";"Total";"10195";"733";"631";"612";"661";"783";"436";"332";"183";"119";"47";"31";"4";"2"
"4207858";"Irati (SC)";"Total";"2069";"134";"119";"117";"128";"122";"117";"79";"59";"29";"15";"8";"1";"-"
"4207908";"Irineópolis (SC)";"Total";"10285";"691";"698";"703";"767";"781";"375";"264";"218";"101";"57";"26";"5";"-"
"4208005";"Itá (SC)";"Total";"7067";"407";"416";"419";"412";"464";"366";"303";"173";"113";"62";"19";"6";"1"
"4208104";"Itaiópolis (SC)";"Total";"22051";"1544";"1490";"1558";"1683";"1682";"847";"616";"409";"218";"119";"39";"9";"2"
"4208203";"Itajaí (SC)";"Total";"264054";"17771";"18312";"17228";"16931";"21127";"8164";"5532";"3303";"2031";"1089";"421";"111";"19"
"4208302";"Itapema (SC)";"Total";"75940";"4710";"4896";"4840";"4796";"6034";"2994";"2010";"1111";"624";"292";"99";"23";"4"
"4208401";"Itapiranga (SC)";"Total";"16638";"1096";"1021";"1020";"1045";"1278";"745";"529";"326";"232";"89";"38";"2";"1"
"4208450";"Itapoá (SC)";"Total";"30750";"1925";"2046";"2102";"1947";"1814";"1672";"1140";"651";"290";"134";"43";"15";"1"
"4208500";"Ituporanga (SC)";"Total";"26525";"1843";"1750";"1631";"1800";"2055";"962";"756";"499";"260";"146";"48";"12";"-"
"4208609";"Jaborá (SC)";"Total";"4310";"283";"285";"225";"228";"279";"213";"190";"137";"87";"42";"13";"3";"-"
"4208708";"Jacinto Machado (SC)";"Total";"10624";"640";"651";"578";"719";"737";"479";"390";"274";"166";"107";"43";"7";"-"
"4208807";"Jaguaruna (SC)";"Total";"20375";"1239";"1285";"1234";"1196";"1229";"1196";"866";"523";"245";"120";"63";"13";"1"
"4208906";"Jaraguá do Sul (SC)";"Total";"182660";"11329";"12004";"11422";"11568";"13928";"5940";"4039";"2576";"1473";"759";"307";"69";"8"
"4208955";"Jardinópolis (SC)";"Total";"1776";"104";"116";"113";"96";"109";"82";"62";"41";"31";"14";"4";"1";"-"
"4209003";"Joaçaba (SC)";"Total";"30146";"1693";"1716";"1700";"1736";"2287";"1291";"943";"659";"461";"233";"95";"21";"13"
"4209102";"Joinville (SC)";"Total";"616317";"36846";"40028";"38596";"39331";"49448";"22197";"15804";"9181";"5435";"2992";"1167";"258";"47"
"4209151";"José Boiteux (SC)";"Total";"5985";"497";"530";"460";"456";"438";"203";"177";"109";"67";"38";"15";"3";"-"
"4209177";"Jupiá (SC)";"Total";"2555";"179";"132";"144";"179";"189";"121";"107";"56";"38";"25";"8";"-";"-"
"4209201";"Lacerdópolis (SC)";"Total";"2248";"103";"124";"119";"144";"124";"122";"109";"79";"61";"34";"10";"-";"-"
"4209300";"Lages (SC)";"Total";"164981";"10097";"10811";"10451";"11200";"13050";"6682";"5098";"3244";"2021";"989";"395";"100";"15"
"4209409";"Laguna (SC)";"Total";"42785";"2097";"2321";"2488";"2590";"2818";"2333";"1874";"1226";"643";"348";"121";"30";"7"
"4209458";"Lajeado Grande (SC)";"Total";"1702";"119";"108";"80";"103";"108";"86";"83";"33";"27";"15";"5";"1";"-"
"4209508";"Laurentino (SC)";"Total";"7932";"459";"527";"482";"445";"508";"359";"237";"135";"80";"58";"26";"5";"1"
"4209607";"Lauro Müller (SC)";"Total";"14381";"864";"958";"903";"927";"947";"608";"448";"317";"199";"117";"24";"6";"-"
"4209706";"Lebon Régis (SC)";"Total";"11472";"892";"952";"892";"908";"902";"409";"301";"194";"92";"48";"25";"3";"2"
"4209805";"Leoberto Leal (SC)";"Total";"3330";"195";"184";"211";"241";"228";"141";"104";"82";"60";"22";"11";"2";"1"
"4209854";"Lindóia do Sul (SC)";"Total";"4549";"281";"269";"242";"261";"311";"244";"210";"126";"63";"53";"15";"2";"-"
"4209904";"Lontras (SC)";"Total";"12873";"927";"912";"859";"854";"919";"514";"343";"238";"155";"74";"27";"6";"1"
"4210001";"Luiz Alves (SC)";"Total";"11684";"763";"827";"814";"787";"942";"448";"313";"172";"100";"47";"25";"5";"1"
"4210035";"Luzerna (SC)";"Total";"5794";"300";"328";"299";"285";"368";"323";"272";"151";"116";"69";"27";"7";"1"
"4210050";"Macieira (SC)";"Total";"1778";"102";"129";"127";"101";"105";"99";"87";"43";"24";"12";"4";"1";"1"
"4210100";"Mafra (SC)";"Total";"55286";"3334";"3463";"3384";"3813";"4040";"2369";"1705";"1065";"619";"336";"127";"27";"2"
"4210209";"Major Gercino (SC)";"Total";"3214";"202";"213";"230";"198";"168";"141";"142";"92";"44";"30";"10";"1";"-"
"4210308";"Major Vieira (SC)";"Total";"7425";"465";"451";"513";"510";"523";"336";"216";"147";"87";"44";"15";"3";"2"
"4210407";"Maracajá (SC)";"Total";"7815";"524";"567";"538";"567";"546";"339";"212";"132";"64";"52";"12";"4";"-"
"4210506";"Maravilha (SC)";"Total";"28251";"1910";"1798";"1620";"1768";"2175";"1102";"850";"560";"354";"200";"73";"14";"4"
"4210555";"Marema (SC)";"Total";"2184";"115";"115";"118";"116";"144";"135";"91";"78";"46";"31";"13";"2";"-"
"4210605";"Massaranduba (SC)";"Total";"17162";"1034";"1027";"1062";"995";"1133";"727";"573";"387";"232";"121";"60";"12";"2"
"4210704";"Matos Costa (SC)";"Total";"2761";"189";"190";"207";"217";"190";"117";"91";"54";"35";"12";"4";"1";"-"
"4210803";"Meleiro (SC)";"Total";"7006";"370";"405";"385";"450";"426";"339";"283";"175";"106";"70";"40";"6";"-"
"4210852";"Mirim Doce (SC)";"Total";"2511";"144";"165";"145";"162";"170";"115";"113";"67";"37";"23";"4";"-";"-"
"4210902";"Modelo (SC)";"Total";"4080";"238";"237";"250";"273";"288";"178";"146";"106";"72";"28";"15";"1";"1"
"4211009";"Mondaí (SC)";"Total";"10066";"651";"608";"585";"616";"678";"476";"388";"209";"157";"74";"19";"5";"1"
"4211058";"Monte Carlo (SC)";"Total";"9117";"717";"686";"617";"775";"869";"301";"201";"135";"81";"34";"17";"5";"3"
"4211108";"Monte Castelo (SC)";"Total";"7736";"568";"524";"540";"566";"623";"332";"196";"122";"90";"40";"18";"3";"-"
"4211207";"Morro da Fumaça (SC)";"Total";"18537";"1217";"1352";"1271";"1214";"1355";"615";"465";"266";"154";"77";"28";"11";"2"
"4211256";"Morro Grande (SC)";"Total";"3010";"185";"196";"171";"174";"195";"153";"105";"70";"37";"26";"9";"4";"-"
"4211306";"Navegantes (SC)";"Total";"86401";"5962";"6404";"5973";"5877";"6644";"3042";"2037";"1127";"625";"284";"132";"17";"3"
"4211405";"Nova Erechim (SC)";"Total";"5155";"338";"333";"280";"306";"342";"225";"163";"115";"69";"34";"17";"4";"-"
"4211454";"Nova Itaberaba (SC)";"Total";"4536";"276";"268";"279";"254";"299";"254";"140";"99";"72";"33";"20";"3";"-"
"4211504";"Nova Trento (SC)";"Total";"13727";"816";"792";"755";"816";"953";"607";"420";"308";"177";"130";"63";"5";"2"
"4211603";"Nova Veneza (SC)";"Total";"13664";"758";"800";"782";"813";"961";"589";"433";"309";"184";"110";"46";"1";"-"
"4211652";"Novo Horizonte (SC)";"Total";"2643";"137";"145";"174";"197";"152";"143";"115";"80";"42";"18";"6";"-";"-"
"4211702";"Orleans (SC)";"Total";"23661";"1420";"1396";"1352";"1547";"1764";"935";"754";"454";"250";"145";"56";"8";"4"
"4211751";"Otacílio Costa (SC)";"Total";"17312";"1177";"1246";"1194";"1237";"1310";"639";"524";"288";"180";"81";"24";"6";"-"
"4211801";"Ouro (SC)";"Total";"7032";"395";"386";"375";"393";"436";"359";"286";"193";"110";"76";"23";"8";"1"
"4211850";"Ouro Verde (SC)";"Total";"2181";"154";"142";"126";"132";"144";"114";"79";"36";"21";"21";"4";"1";"-"
"4211876";"Paial (SC)";"Total";"1927";"132";"129";"114";"115";"107";"109";"83";"40";"21";"27";"7";"2";"-"
"4211892";"Painel (SC)";"Total";"2215";"139";"132";"125";"145";"118";"113";"95";"57";"37";"20";"8";"1";"1"
"4211900";"Palhoça (SC)";"Total";"222598";"14291";"15177";"14583";"14395";"17439";"6920";"4816";"2574";"1396";"760";"292";"57";"11"
"4212007";"Palma Sola (SC)";"Total";"7605";"582";"541";"508";"488";"555";"317";"247";"158";"105";"49";"10";"5";"1"
"4212056";"Palmeira (SC)";"Total";"2561";"135";"168";"199";"171";"148";"145";"91";"72";"36";"18";"11";"3";"-"
"4212106";"Palmitos (SC)";"Total";"15626";"878";"934";"872";"843";"952";"853";"698";"463";"286";"133";"53";"13";"-"
"4212205";"Papanduva (SC)";"Total";"19150";"1314";"1251";"1258";"1356";"1468";"720";"535";"294";"169";"88";"35";"7";"-"
"4212239";"Paraíso (SC)";"Total";"4267";"248";"264";"262";"260";"279";"221";"181";"114";"70";"42";"12";"1";"-"
"4212254";"Passo de Torres (SC)";"Total";"12897";"844";"937";"834";"816";"846";"611";"418";"239";"121";"54";"26";"8";"1"
"4212270";"Passos Maia (SC)";"Total";"4034";"314";"304";"298";"275";"285";"191";"138";"67";"47";"25";"8";"-";"-"
"4212304";"Paulo Lopes (SC)";"Total";"9063";"547";"640";"567";"574";"620";"395";"320";"191";"121";"63";"25";"4";"1"
"4212403";"Pedras Grandes (SC)";"Total";"4245";"203";"251";"215";"245";"222";"250";"166";"110";"69";"38";"12";"4";"-"
"4212502";"Penha (SC)";"Total";"33663";"2106";"2169";"2173";"2185";"2349";"1568";"1114";"609";"337";"161";"71";"10";"1"
"4212601";"Peritiba (SC)";"Total";"2992";"176";"141";"160";"153";"136";"209";"136";"104";"60";"40";"18";"2";"-"
"4212650";"Pescaria Brava (SC)";"Total";"10190";"574";"628";"574";"665";"681";"470";"367";"243";"109";"69";"24";"2";"1"
"4212700";"Petrolândia (SC)";"Total";"6716";"422";"408";"431";"406";"427";"349";"253";"165";"110";"51";"17";"4";"-"
"4212809";"Balneário Piçarras (SC)";"Total";"27127";"1705";"1912";"1835";"1730";"1742";"1232";"848";"465";"253";"135";"48";"13";"-"
"4212908";"Pinhalzinho (SC)";"Total";"21972";"1557";"1398";"1278";"1354";"1799";"791";"529";"334";"265";"137";"40";"8";"-"
"4213005";"Pinheiro Preto (SC)";"Total";"3473";"245";"239";"191";"255";"270";"141";"87";"70";"50";"25";"4";"3";"-"
"4213104";"Piratuba (SC)";"Total";"5769";"344";"383";"345";"348";"400";"316";"206";"184";"88";"48";"23";"5";"1"
"4213153";"Planalto Alegre (SC)";"Total";"2946";"196";"166";"175";"155";"186";"171";"116";"71";"42";"30";"11";"1";"-"
"4213203";"Pomerode (SC)";"Total";"34289";"1904";"2059";"2006";"2079";"2393";"1291";"1010";"673";"416";"188";"68";"10";"1"
"4213302";"Ponte Alta (SC)";"Total";"4437";"270";"300";"287";"339";"337";"234";"159";"96";"52";"22";"9";"2";"2"
"4213351";"Ponte Alta do Norte (SC)";"Total";"3210";"274";"251";"249";"236";"251";"114";"67";"54";"31";"11";"7";"1";"-"
"4213401";"Ponte Serrada (SC)";"Total";"10649";"799";"791";"727";"775";"790";"454";"300";"205";"105";"48";"29";"7";"3"
"4213500";"Porto Belo (SC)";"Total";"27688";"1714";"1824";"1738";"1830";"2078";"1007";"675";"386";"209";"132";"54";"9";"2"
"4213609";"Porto União (SC)";"Total";"32970";"1887";"2022";"2107";"2327";"2474";"1450";"1068";"805";"471";"261";"106";"22";"7"
"4213708";"Pouso Redondo (SC)";"Total";"17123";"1199";"1259";"1131";"1183";"1323";"650";"474";"320";"178";"94";"36";"13";"2"
"4213807";"Praia Grande (SC)";"Total";"8270";"527";"500";"512";"532";"542";"395";"316";"189";"121";"64";"14";"3";"1"
"4213906";"Presidente Castello Branco (SC)";"Total";"1689";"110";"91";"82";"81";"100";"106";"77";"59";"37";"21";"7";"-";"-"
"4214003";"Presidente Getúlio (SC)";"Total";"20010";"1320";"1304";"1200";"1387";"1760";"649";"528";"386";"217";"112";"36";"8";"2"
"4214102";"Presidente Nereu (SC)";"Total";"2301";"127";"156";"127";"154";"123";"125";"102";"43";"45";"20";"4";"1";"-"
"4214151";"Princesa (SC)";"Total";"2964";"176";"184";"177";"204";"195";"143";"95";"66";"58";"22";"6";"3";"-"
"4214201";"Quilombo (SC)";"Total";"11022";"771";"655";"582";"627";"823";"554";"384";"277";"168";"79";"43";"10";"2"
"4214300";"Rancho Queimado (SC)";"Total";"3279";"194";"178";"196";"169";"188";"182";"138";"84";"45";"24";"8";"8";"-"
"4214409";"Rio das Antas (SC)";"Total";"6253";"406";"432";"459";"402";"405";"325";"221";"161";"74";"50";"14";"1";"-"
"4214508";"Rio do Campo (SC)";"Total";"6452";"408";"404";"433";"461";"413";"275";"222";"154";"75";"36";"10";"-";"-"
"4214607";"Rio do Oeste (SC)";"Total";"7747";"467";"474";"440";"508";"554";"361";"277";"227";"135";"70";"30";"4";"1"
"4214706";"Rio dos Cedros (SC)";"Total";"10865";"609";"659";"618";"636";"746";"489";"434";"284";"175";"105";"39";"8";"1"
"4214805";"Rio do Sul (SC)";"Total";"72587";"4226";"4508";"4257";"4560";"5961";"2692";"2074";"1326";"818";"420";"156";"46";"1"
"4214904";"Rio Fortuna (SC)";"Total";"4847";"316";"286";"264";"255";"317";"230";"196";"120";"93";"23";"12";"-";"-"
"4215000";"Rio Negrinho (SC)";"Total";"39261";"2514";"2531";"2603";"2880";"3119";"1421";"1028";"653";"418";"179";"40";"15";"2"
"4215059";"Rio Rufino (SC)";"Total";"2397";"141";"178";"143";"160";"172";"108";"87";"51";"39";"10";"7";"-";"2"
"4215075";"Riqueza (SC)";"Total";"4768";"291";"273";"255";"291";"302";"249";"201";"149";"78";"29";"10";"5";"-"
"4215109";"Rodeio (SC)";"Total";"12757";"721";"701";"728";"707";"748";"623";"518";"311";"202";"101";"42";"12";"-"
"4215208";"Romelândia (SC)";"Total";"4823";"249";"247";"262";"298";"254";"317";"258";"158";"106";"48";"13";"3";"-"
"4215307";"Salete (SC)";"Total";"7489";"454";"495";"468";"506";"580";"370";"268";"169";"92";"31";"13";"1";"-"
"4215356";"Saltinho (SC)";"Total";"3632";"206";"252";"243";"259";"243";"203";"144";"105";"57";"32";"10";"6";"-"
"4215406";"Salto Veloso (SC)";"Total";"4390";"272";"309";"257";"262";"322";"183";"143";"105";"62";"37";"9";"1";"-"
"4215455";"Sangão (SC)";"Total";"12882";"962";"1109";"956";"961";"1050";"392";"275";"149";"69";"39";"24";"4";"1"
"4215505";"Santa Cecília (SC)";"Total";"15546";"1218";"1201";"1129";"1122";"1253";"450";"354";"248";"139";"63";"21";"10";"3"
"4215554";"Santa Helena (SC)";"Total";"2425";"155";"127";"123";"138";"136";"161";"108";"63";"42";"24";"11";"-";"-"
"4215604";"Santa Rosa de Lima (SC)";"Total";"2088";"105";"120";"111";"99";"141";"99";"73";"50";"34";"22";"7";"1";"-"
"4215653";"Santa Rosa do Sul (SC)";"Total";"9792";"669";"677";"595";"638";"681";"438";"369";"211";"127";"60";"17";"4";"-"
"4215679";"Santa Terezinha (SC)";"Total";"8066";"505";"496";"488";"522";"566";"324";"266";"153";"105";"31";"7";"4";"-"
"4215687";"Santa Terezinha do Progresso (SC)";"Total";"2576";"138";"172";"146";"163";"159";"130";"125";"87";"49";"27";"13";"-";"2"
"4215695";"Santiago do Sul (SC)";"Total";"1651";"106";"99";"106";"82";"112";"95";"63";"52";"32";"13";"5";"1";"-"
"4215703";"Santo Amaro da Imperatriz (SC)";"Total";"27272";"1635";"1733";"1612";"1602";"1925";"1027";"798";"512";"316";"189";"84";"19";"2"
"4215752";"São Bernardino (SC)";"Total";"2684";"187";"190";"155";"181";"152";"146";"111";"76";"37";"17";"5";"2";"1"
"4215802";"São Bento do Sul (SC)";"Total";"83277";"5032";"5459";"5354";"5667";"6028";"3078";"2110";"1334";"728";"367";"129";"25";"6"
"4215901";"São Bonifácio (SC)";"Total";"2946";"128";"136";"129";"192";"170";"169";"151";"111";"60";"34";"10";"2";"-"
"4216008";"São Carlos (SC)";"Total";"10282";"648";"638";"553";"571";"653";"543";"406";"266";"151";"78";"20";"9";"1"
"4216057";"São Cristóvão do Sul (SC)";"Total";"6084";"344";"351";"309";"327";"538";"170";"122";"85";"38";"14";"10";"-";"1"
"4216107";"São Domingos (SC)";"Total";"9226";"573";"553";"527";"556";"612";"472";"384";"219";"128";"63";"30";"3";"1"
"4216206";"São Francisco do Sul (SC)";"Total";"52674";"3057";"3431";"3499";"3506";"3242";"2689";"1918";"1043";"585";"300";"108";"35";"4"
"4216255";"São João do Oeste (SC)";"Total";"6295";"351";"358";"275";"337";"338";"397";"302";"199";"129";"54";"16";"3";"-"
"4216305";"São João Batista (SC)";"Total";"32687";"2396";"2342";"2093";"2278";"2536";"924";"666";"441";"240";"144";"67";"16";"2"
"4216354";"São João do Itaperiú (SC)";"Total";"4463";"350";"297";"325";"322";"299";"187";"122";"76";"53";"32";"8";"4";"-"
"4216404";"São João do Sul (SC)";"Total";"8668";"576";"585";"520";"555";"564";"395";"285";"215";"126";"55";"15";"5";"1"
"4216503";"São Joaquim (SC)";"Total";"25939";"1714";"1794";"1747";"1750";"1889";"1060";"737";"508";"334";"124";"43";"13";"5"
"4216602";"São José (SC)";"Total";"270299";"14340";"16100";"15475";"16095";"20036";"10144";"7382";"4322";"2564";"1320";"560";"138";"24"
"4216701";"São José do Cedro (SC)";"Total";"14167";"834";"829";"764";"839";"930";"707";"491";"382";"243";"135";"40";"10";"2"
"4216800";"São José do Cerrito (SC)";"Total";"8708";"462";"515";"486";"596";"537";"510";"360";"235";"142";"90";"36";"4";"6"
"4216909";"São Lourenço do Oeste (SC)";"Total";"24791";"1633";"1586";"1500";"1619";"1894";"1030";"792";"552";"346";"163";"79";"16";"2"
"4217006";"São Ludgero (SC)";"Total";"13509";"936";"976";"854";"942";"1125";"387";"270";"171";"104";"53";"23";"2";"1"
"4217105";"São Martinho (SC)";"Total";"3405";"220";"195";"181";"190";"202";"183";"165";"91";"59";"34";"16";"4";"2"
"4217154";"São Miguel da Boa Vista (SC)";"Total";"1781";"112";"96";"93";"114";"77";"94";"78";"75";"45";"18";"2";"-";"-"
"4217204";"São Miguel do Oeste (SC)";"Total";"44330";"2704";"2755";"2429";"2431";"3340";"1854";"1364";"943";"546";"320";"105";"39";"2"
"4217253";"São Pedro de Alcântara (SC)";"Total";"5776";"235";"258";"265";"260";"384";"254";"190";"147";"97";"60";"20";"7";"-"
"4217303";"Saudades (SC)";"Total";"10265";"704";"677";"584";"650";"711";"469";"276";"190";"131";"63";"23";"4";"-"
"4217402";"Schroeder (SC)";"Total";"20061";"1410";"1470";"1374";"1317";"1377";"586";"439";"286";"163";"84";"27";"6";"1"
"4217501";"Seara (SC)";"Total";"18620";"1254";"1157";"1077";"1108";"1524";"801";"591";"392";"239";"116";"60";"10";"2"
"4217550";"Serra Alta (SC)";"Total";"3303";"209";"188";"181";"168";"199";"155";"121";"76";"64";"47";"12";"-";"-"
"4217600";"Siderópolis (SC)";"Total";"13714";"775";"816";"796";"842";"980";"656";"479";"296";"171";"103";"46";"11";"-"
"4217709";"Sombrio (SC)";"Total";"29991";"2035";"2150";"2060";"2196";"2219";"1131";"789";"483";"346";"157";"57";"15";"4"
"4217758";"Sul Brasil (SC)";"Total";"2832";"171";"164";"180";"178";"185";"152";"120";"71";"53";"21";"7";"-";"1"
"4217808";"Taió (SC)";"Total";"18310";"1201";"1105";"1129";"1204";"1231";"833";"631";"445";"217";"134";"34";"7";"-"
"4217907";"Tangará (SC)";"Total";"8143";"487";"507";"476";"500";"539";"367";"307";"225";"117";"75";"27";"5";"1"
"4217956";"Tigrinhos (SC)";"Total";"2329";"158";"161";"152";"133";"146";"121";"77";"47";"49";"12";"3";"2";"-"
"4218004";"Tijucas (SC)";"Total";"51592";"3697";"3675";"3321";"3450";"4159";"1583";"1125";"685";"354";"190";"85";"27";"1"
"4218103";"Timbé do Sul (SC)";"Total";"5386";"324";"319";"293";"365";"342";"259";"203";"145";"70";"49";"12";"4";"1"
"4218202";"Timbó (SC)";"Total";"46099";"2538";"2684";"2611";"2782";"3443";"1835";"1294";"881";"540";"279";"101";"19";"2"
"4218251";"Timbó Grande (SC)";"Total";"7342";"580";"606";"569";"613";"663";"220";"135";"80";"44";"19";"15";"3";"1"
"4218301";"Três Barras (SC)";"Total";"19746";"1625";"1574";"1424";"1521";"1611";"659";"508";"276";"152";"68";"32";"6";"1"
"4218350";"Treviso (SC)";"Total";"3782";"209";"195";"235";"198";"208";"185";"130";"101";"51";"32";"12";"4";"1"
"4218400";"Treze de Maio (SC)";"Total";"7362";"488";"463";"436";"468";"444";"342";"256";"192";"90";"42";"18";"2";"2"
"4218509";"Treze Tílias (SC)";"Total";"8787";"651";"639";"565";"543";"678";"308";"218";"158";"91";"45";"17";"6";"1"
"4218608";"Trombudo Central (SC)";"Total";"7274";"415";"482";"443";"462";"497";"319";"228";"187";"92";"44";"20";"5";"-"
"4218707";"Tubarão (SC)";"Total";"110088";"6096";"6564";"6112";"6270";"7597";"4902";"3911";"2400";"1419";"671";"279";"65";"5"
"4218756";"Tunápolis (SC)";"Total";"4916";"320";"270";"293";"282";"292";"255";"216";"134";"91";"33";"14";"3";"-"
"4218806";"Turvo (SC)";"Total";"13043";"802";"764";"743";"814";"879";"526";"447";"261";"171";"97";"41";"4";"-"
"4218855";"União do Oeste (SC)";"Total";"2774";"167";"172";"145";"162";"167";"147";"117";"85";"44";"26";"13";"7";"-"
"4218905";"Urubici (SC)";"Total";"10834";"695";"754";"745";"694";"740";"463";"347";"217";"141";"86";"26";"8";"2"
"4218954";"Urupema (SC)";"Total";"2656";"161";"179";"156";"172";"174";"113";"114";"75";"37";"15";"3";"2";"1"
"4219002";"Urussanga (SC)";"Total";"20919";"1072";"1082";"1108";"1170";"1426";"1042";"788";"522";"343";"188";"71";"17";"2"
"4219101";"Vargeão (SC)";"Total";"3634";"225";"237";"236";"243";"278";"163";"115";"86";"57";"22";"9";"3";"1"
"4219150";"Vargem (SC)";"Total";"2627";"166";"170";"164";"169";"169";"115";"102";"66";"27";"11";"4";"1";"1"
"4219176";"Vargem Bonita (SC)";"Total";"4576";"345";"317";"282";"316";"387";"183";"145";"107";"66";"28";"10";"2";"1"
"4219200";"Vidal Ramos (SC)";"Total";"6189";"394";"394";"371";"400";"414";"284";"197";"132";"57";"31";"12";"2";"1"
"4219309";"Videira (SC)";"Total";"55466";"3668";"3594";"3297";"3563";"4644";"1901";"1445";"942";"566";"298";"119";"31";"5"
"4219358";"Vitor Meireles (SC)";"Total";"5370";"410";"358";"349";"401";"375";"234";"172";"120";"68";"30";"14";"1";"-"
"4219408";"Witmarsum (SC)";"Total";"4255";"277";"272";"277";"292";"317";"176";"135";"77";"44";"24";"5";"1";"-"
"4219507";"Xanxerê (SC)";"Total";"51607";"3459";"3506";"3089";"3276";"4045";"1917";"1401";"950";"596";"272";"103";"26";"6"
"4219606";"Xavantina (SC)";"Total";"3653";"171";"153";"214";"195";"182";"241";"196";"103";"63";"37";"14";"4";"-"
"4219705";"Xaxim (SC)";"Total";"31918";"2367";"2018";"1919";"1861";"2346";"1238";"956";"629";"365";"164";"58";"8";"2"
"4219853";"Zortéa (SC)";"Total";"3930";"322";"287";"246";"269";"310";"157";"108";"80";"34";"15";"7";"2";"-"
"4220000";"Balneário Rincão (SC)";"Total";"15981";"1006";"1153";"1072";"933";"974";"913";"677";"403";"196";"101";"24";"5";"-"
"4300034";"Aceguá (RS)";"Total";"4170";"266";"263";"275";"259";"287";"195";"142";"100";"54";"34";"14";"-";"1"
"4300059";"Água Santa (RS)";"Total";"3912";"246";"250";"256";"258";"253";"222";"161";"99";"58";"31";"10";"-";"-"
"4300109";"Agudo (RS)";"Total";"16041";"840";"866";"809";"898";"973";"882";"698";"473";"297";"154";"50";"10";"1"
"4300208";"Ajuricaba (RS)";"Total";"6720";"308";"362";"361";"372";"379";"381";"294";"223";"167";"90";"21";"5";"2"
"4300307";"Alecrim (RS)";"Total";"6123";"247";"315";"289";"292";"269";"475";"400";"322";"156";"65";"18";"3";"4"
"4300406";"Alegrete (RS)";"Total";"72409";"3903";"4308";"4262";"4332";"4968";"3672";"3015";"1990";"1302";"722";"329";"64";"23"
"4300455";"Alegria (RS)";"Total";"3651";"186";"179";"189";"192";"157";"274";"193";"168";"76";"60";"17";"4";"-"
"4300471";"Almirante Tamandaré do Sul (RS)";"Total";"1969";"100";"116";"109";"100";"86";"134";"104";"65";"33";"15";"11";"2";"-"
"4300505";"Alpestre (RS)";"Total";"7117";"341";"374";"382";"403";"355";"466";"378";"240";"143";"98";"28";"8";"-"
"4300554";"Alto Alegre (RS)";"Total";"1800";"93";"91";"78";"88";"109";"117";"96";"69";"46";"17";"9";"2";"-"
"4300570";"Alto Feliz (RS)";"Total";"3072";"137";"160";"153";"144";"163";"165";"127";"92";"65";"44";"9";"4";"-"
"4300604";"Alvorada (RS)";"Total";"187315";"11855";"13865";"12985";"13640";"14681";"7325";"5188";"3091";"1738";"835";"288";"66";"12"
"4300638";"Amaral Ferrador (RS)";"Total";"5310";"290";"313";"331";"424";"320";"288";"193";"116";"77";"30";"21";"2";"-"
"4300646";"Ametista do Sul (RS)";"Total";"7650";"492";"439";"431";"588";"581";"345";"242";"149";"85";"53";"14";"7";"1"
"4300661";"André da Rocha (RS)";"Total";"1135";"56";"67";"66";"58";"77";"73";"61";"31";"20";"11";"6";"1";"-"
"4300703";"Anta Gorda (RS)";"Total";"5957";"275";"290";"279";"288";"305";"420";"307";"215";"161";"87";"27";"1";"-"
"4300802";"Antônio Prado (RS)";"Total";"13045";"619";"663";"647";"606";"819";"736";"613";"437";"296";"159";"56";"11";"2"
"4300851";"Arambaré (RS)";"Total";"4112";"200";"212";"220";"212";"220";"306";"233";"149";"102";"38";"18";"3";"-"
"4300877";"Araricá (RS)";"Total";"8525";"583";"601";"578";"576";"624";"301";"214";"142";"85";"29";"12";"4";"-"
"4300901";"Aratiba (RS)";"Total";"6483";"302";"317";"285";"305";"331";"470";"380";"260";"178";"102";"41";"10";"1"
"4301008";"Arroio do Meio (RS)";"Total";"21958";"1294";"1328";"1132";"1106";"1339";"1082";"831";"545";"351";"177";"69";"8";"3"
"4301057";"Arroio do Sal (RS)";"Total";"11057";"599";"649";"653";"630";"583";"804";"615";"361";"209";"102";"26";"8";"2"
"4301073";"Arroio do Padre (RS)";"Total";"2599";"127";"119";"115";"152";"168";"140";"134";"93";"43";"33";"11";"2";"-"
"4301107";"Arroio dos Ratos (RS)";"Total";"14601";"830";"925";"922";"952";"1021";"758";"580";"349";"204";"129";"59";"9";"1"
"4301206";"Arroio do Tigre (RS)";"Total";"12058";"644";"634";"692";"804";"766";"666";"502";"320";"176";"73";"21";"8";"2"
"4301305";"Arroio Grande (RS)";"Total";"17558";"915";"1060";"1019";"1092";"1232";"1026";"733";"490";"290";"193";"75";"14";"3"
"4301404";"Arvorezinha (RS)";"Total";"10322";"605";"554";"523";"615";"681";"583";"479";"278";"179";"121";"50";"9";"1"
"4301503";"Augusto Pestana (RS)";"Total";"7149";"375";"377";"342";"356";"361";"453";"421";"285";"197";"83";"42";"9";"1"
"4301552";"Áurea (RS)";"Total";"3396";"147";"153";"162";"183";"210";"219";"190";"138";"76";"39";"9";"2";"-"
"4301602";"Bagé (RS)";"Total";"117938";"7007";"7546";"7279";"8079";"8583";"5508";"4201";"2916";"1953";"1100";"442";"122";"20"
"4301636";"Balneário Pinhal (RS)";"Total";"14955";"780";"933";"889";"949";"821";"1184";"868";"525";"265";"127";"38";"14";"1"
"4301651";"Barão (RS)";"Total";"6461";"386";"373";"297";"343";"391";"319";"247";"176";"106";"66";"15";"2";"-"
"4301701";"Barão de Cotegipe (RS)";"Total";"7144";"378";"417";"342";"369";"450";"415";"311";"233";"168";"110";"40";"13";"1"
"4301750";"Barão do Triunfo (RS)";"Total";"5889";"277";"293";"355";"453";"405";"338";"236";"150";"70";"37";"9";"3";"2"
"4301800";"Barracão (RS)";"Total";"4831";"261";"255";"269";"289";"259";"310";"238";"168";"114";"45";"24";"5";"1"
"4301859";"Barra do Guarita (RS)";"Total";"3161";"236";"242";"202";"188";"211";"159";"119";"60";"44";"35";"8";"1";"1"
"4301875";"Barra do Quaraí (RS)";"Total";"4241";"340";"322";"354";"324";"291";"163";"103";"60";"29";"17";"8";"3";"-"
"4301909";"Barra do Ribeiro (RS)";"Total";"12225";"714";"724";"714";"780";"808";"733";"524";"338";"196";"139";"57";"12";"3"
"4301925";"Barra do Rio Azul (RS)";"Total";"1696";"55";"69";"84";"77";"65";"141";"115";"77";"49";"22";"9";"2";"-"
"4301958";"Barra Funda (RS)";"Total";"2498";"148";"143";"121";"125";"159";"138";"111";"100";"46";"20";"7";"3";"1"
"4302006";"Barros Cassal (RS)";"Total";"9296";"543";"539";"539";"689";"586";"538";"395";"252";"123";"54";"28";"7";"3"
"4302055";"Benjamin Constant do Sul (RS)";"Total";"2082";"162";"160";"132";"133";"166";"84";"67";"60";"46";"13";"8";"5";"5"
"4302105";"Bento Gonçalves (RS)";"Total";"123151";"6956";"7516";"6181";"6545";"8402";"5447";"4169";"2766";"1572";"956";"380";"96";"11"
"4302154";"Boa Vista das Missões (RS)";"Total";"1933";"105";"126";"116";"120";"119";"100";"85";"45";"37";"21";"3";"1";"1"
"4302204";"Boa Vista do Buricá (RS)";"Total";"6966";"431";"374";"329";"344";"378";"406";"322";"243";"142";"78";"18";"4";"2"
"4302220";"Boa Vista do Cadeado (RS)";"Total";"2229";"103";"124";"95";"132";"133";"130";"101";"71";"54";"28";"10";"-";"1"
"4302238";"Boa Vista do Incra (RS)";"Total";"2271";"134";"150";"143";"127";"144";"126";"88";"69";"42";"10";"6";"2";"-"
"4302253";"Boa Vista do Sul (RS)";"Total";"2779";"111";"124";"123";"136";"140";"184";"186";"108";"71";"42";"15";"3";"-"
"4302303";"Bom Jesus (RS)";"Total";"11202";"810";"773";"767";"750";"843";"519";"462";"291";"162";"96";"43";"10";"1"
"4302352";"Bom Princípio (RS)";"Total";"13142";"782";"798";"706";"748";"839";"569";"453";"283";"173";"82";"39";"6";"2"
"4302378";"Bom Progresso (RS)";"Total";"2096";"119";"133";"112";"108";"111";"154";"87";"60";"38";"14";"4";"3";"1"
"4302402";"Bom Retiro do Sul (RS)";"Total";"12294";"764";"749";"761";"759";"817";"583";"443";"276";"185";"91";"31";"10";"3"
"4302451";"Boqueirão do Leão (RS)";"Total";"6247";"353";"352";"376";"419";"369";"344";"243";"144";"75";"27";"12";"2";"2"
"4302501";"Bossoroca (RS)";"Total";"5890";"334";"286";"362";"365";"346";"375";"314";"194";"113";"50";"22";"5";"-"
"4302584";"Bozano (RS)";"Total";"2151";"114";"105";"115";"118";"104";"155";"111";"89";"57";"34";"17";"7";"-"
"4302600";"Braga (RS)";"Total";"3268";"210";"184";"205";"231";"204";"194";"146";"96";"48";"35";"13";"5";"3"
"4302659";"Brochier (RS)";"Total";"4966";"260";"239";"241";"285";"303";"301";"241";"150";"132";"61";"32";"4";"1"
"4302709";"Butiá (RS)";"Total";"19084";"1086";"1301";"1184";"1331";"1264";"1004";"702";"447";"255";"138";"62";"12";"3"
"4302808";"Caçapava do Sul (RS)";"Total";"32515";"1740";"1843";"1767";"1975";"1935";"2002";"1498";"1029";"671";"343";"161";"37";"6"
"4302907";"Cacequi (RS)";"Total";"11157";"602";"665";"679";"699";"693";"643";"458";"339";"224";"122";"67";"13";"3"
"4303004";"Cachoeira do Sul (RS)";"Total";"80070";"4408";"4604";"4633";"5019";"5249";"4633";"3504";"2433";"1576";"848";"359";"85";"15"
"4303103";"Cachoeirinha (RS)";"Total";"136258";"8051";"9365";"8379";"8468";"9957";"5484";"3864";"2608";"1551";"777";"272";"53";"7"
"4303202";"Cacique Doble (RS)";"Total";"4603";"261";"262";"263";"293";"296";"261";"229";"156";"117";"46";"13";"5";"2"
"4303301";"Caibaté (RS)";"Total";"4704";"237";"255";"226";"270";"242";"295";"205";"151";"118";"56";"17";"3";"-"
"4303400";"Caiçara (RS)";"Total";"4836";"266";"230";"249";"281";"303";"304";"271";"160";"96";"53";"28";"2";"-"
"4303509";"Camaquã (RS)";"Total";"62200";"3638";"3812";"3524";"4065";"4345";"2974";"2238";"1569";"987";"549";"205";"56";"6"
"4303558";"Camargo (RS)";"Total";"2981";"198";"168";"148";"168";"183";"151";"109";"90";"82";"39";"15";"5";"1"
"4303608";"Cambará do Sul (RS)";"Total";"6361";"422";"395";"421";"411";"452";"305";"252";"140";"82";"22";"16";"6";"-"
"4303673";"Campestre da Serra (RS)";"Total";"3242";"159";"155";"176";"162";"212";"213";"161";"109";"74";"45";"12";"5";"-"
"4303707";"Campina das Missões (RS)";"Total";"5882";"282";"299";"250";"280";"319";"478";"336";"233";"126";"54";"19";"3";"-"
"4303806";"Campinas do Sul (RS)";"Total";"5284";"273";"271";"250";"286";"273";"356";"284";"210";"124";"83";"24";"6";"-"
"4303905";"Campo Bom (RS)";"Total";"62886";"3632";"3941";"3609";"3763";"4312";"2706";"1868";"1116";"662";"352";"147";"21";"3"
"4304002";"Campo Novo (RS)";"Total";"4975";"324";"327";"280";"303";"327";"286";"183";"127";"79";"47";"23";"5";"1"
"4304101";"Campos Borges (RS)";"Total";"3613";"192";"221";"188";"213";"196";"242";"174";"139";"70";"27";"13";"3";"-"
"4304200";"Candelária (RS)";"Total";"28906";"1569";"1568";"1545";"1810";"1998";"1516";"1320";"816";"480";"252";"124";"20";"5"
"4304309";"Cândido Godói (RS)";"Total";"6294";"307";"296";"316";"316";"370";"412";"332";"220";"146";"66";"19";"3";"2"
"4304358";"Candiota (RS)";"Total";"10710";"749";"773";"748";"825";"814";"397";"251";"136";"88";"41";"20";"5";"2"
"4304408";"Canela (RS)";"Total";"48946";"3226";"3375";"3121";"3311";"3836";"1800";"1276";"800";"434";"220";"88";"20";"2"
"4304507";"Canguçu (RS)";"Total";"49680";"2467";"2650";"2647";"3228";"3250";"2714";"2237";"1546";"943";"487";"185";"32";"11"
"4304606";"Canoas (RS)";"Total";"347657";"19521";"22364";"21322";"22417";"25546";"15189";"11181";"7043";"4226";"2255";"1016";"243";"41"
"4304614";"Canudos do Vale (RS)";"Total";"1656";"69";"63";"69";"79";"77";"135";"118";"67";"23";"16";"5";"2";"1"
"4304622";"Capão Bonito do Sul (RS)";"Total";"1733";"91";"120";"87";"120";"89";"111";"76";"43";"30";"26";"4";"2";"-"
"4304630";"Capão da Canoa (RS)";"Total";"63594";"4336";"4541";"4380";"4293";"4606";"2901";"2103";"1252";"685";"343";"116";"26";"1"
"4304655";"Capão do Cipó (RS)";"Total";"3119";"178";"170";"189";"213";"191";"161";"132";"66";"51";"21";"3";"3";"-"
"4304663";"Capão do Leão (RS)";"Total";"26487";"1714";"1890";"1872";"1855";"2000";"1174";"870";"504";"268";"158";"49";"14";"6"
"4304671";"Capivari do Sul (RS)";"Total";"3991";"238";"255";"237";"280";"311";"167";"135";"87";"58";"20";"17";"3";"-"
"4304689";"Capela de Santana (RS)";"Total";"11159";"711";"728";"727";"740";"779";"519";"369";"213";"136";"54";"20";"5";"-"
"4304697";"Capitão (RS)";"Total";"2921";"178";"192";"160";"187";"189";"180";"127";"83";"58";"30";"15";"1";"-"
"4304705";"Carazinho (RS)";"Total";"61804";"3778";"3993";"3735";"3776";"4218";"3066";"2358";"1549";"919";"471";"189";"42";"10"
"4304713";"Caraá (RS)";"Total";"7394";"380";"400";"385";"438";"422";"512";"370";"273";"180";"80";"31";"11";"-"
"4304804";"Carlos Barbosa (RS)";"Total";"30420";"1668";"1688";"1548";"1733";"1999";"1386";"1006";"631";"440";"222";"93";"13";"1"
"4304853";"Carlos Gomes (RS)";"Total";"1368";"56";"58";"61";"84";"80";"84";"71";"47";"34";"18";"1";"-";"-"
"4304903";"Casca (RS)";"Total";"9465";"500";"502";"448";"475";"614";"595";"460";"279";"171";"85";"46";"3";"3"
"4304952";"Caseiros (RS)";"Total";"3000";"184";"174";"188";"185";"194";"174";"149";"102";"49";"30";"6";"-";"-"
"4305009";"Catuípe (RS)";"Total";"8674";"428";"488";"467";"478";"489";"583";"427";"327";"207";"112";"60";"16";"1"
"4305108";"Caxias do Sul (RS)";"Total";"463501";"25245";"27445";"26846";"27890";"32182";"21035";"15150";"9601";"5801";"3331";"1297";"303";"45"
"4305116";"Centenário (RS)";"Total";"2721";"135";"124";"122";"145";"140";"192";"144";"103";"79";"33";"16";"2";"-"
"4305124";"Cerrito (RS)";"Total";"5808";"280";"325";"277";"362";"352";"389";"293";"207";"151";"55";"23";"5";"-"
"4305132";"Cerro Branco (RS)";"Total";"3802";"125";"169";"181";"202";"187";"297";"194";"165";"102";"51";"10";"6";"-"
"4305157";"Cerro Grande (RS)";"Total";"2379";"149";"130";"142";"153";"137";"140";"117";"78";"51";"22";"7";"1";"3"
"4305173";"Cerro Grande do Sul (RS)";"Total";"9178";"540";"561";"587";"736";"663";"401";"275";"191";"129";"62";"18";"6";"-"
"4305207";"Cerro Largo (RS)";"Total";"13705";"708";"740";"707";"800";"953";"748";"569";"413";"278";"154";"66";"13";"2"
"4305306";"Chapada (RS)";"Total";"9540";"514";"467";"502";"519";"564";"595";"441";"319";"195";"104";"43";"8";"1"
"4305355";"Charqueadas (RS)";"Total";"35012";"1671";"1945";"1991";"2173";"2685";"1581";"1212";"743";"431";"201";"76";"18";"2"
"4305371";"Charrua (RS)";"Total";"2768";"129";"143";"182";"228";"233";"141";"145";"87";"48";"30";"7";"5";"-"
"4305405";"Chiapetta (RS)";"Total";"3913";"219";"256";"243";"229";"216";"215";"184";"115";"77";"25";"15";"2";"1"
"4305439";"Chuí (RS)";"Total";"6262";"345";"441";"430";"439";"490";"294";"211";"129";"75";"37";"13";"4";"1"
"4305447";"Chuvisca (RS)";"Total";"4597";"251";"274";"288";"380";"288";"192";"128";"99";"73";"23";"10";"1";"1"
"4305454";"Cidreira (RS)";"Total";"17071";"932";"1070";"1105";"1009";"898";"1390";"953";"586";"324";"143";"43";"14";"1"
"4305504";"Ciríaco (RS)";"Total";"4149";"213";"206";"210";"246";"227";"270";"236";"178";"92";"40";"15";"5";"1"
"4305587";"Colinas (RS)";"Total";"2423";"102";"139";"123";"122";"99";"176";"157";"92";"73";"39";"19";"4";"-"
"4305603";"Colorado (RS)";"Total";"3258";"158";"156";"150";"150";"166";"217";"199";"133";"81";"45";"23";"7";"2"
"4305702";"Condor (RS)";"Total";"6406";"399";"379";"384";"428";"397";"342";"264";"162";"80";"42";"20";"7";"2"
"4305801";"Constantina (RS)";"Total";"10385";"648";"652";"572";"601";"690";"550";"406";"306";"192";"119";"29";"4";"3"
"4305835";"Coqueiro Baixo (RS)";"Total";"1290";"50";"40";"50";"53";"53";"101";"106";"88";"52";"26";"13";"2";"-"
"4305850";"Coqueiros do Sul (RS)";"Total";"2211";"112";"112";"104";"94";"143";"152";"103";"77";"65";"29";"14";"3";"-"
"4305871";"Coronel Barros (RS)";"Total";"2822";"125";"168";"149";"159";"155";"162";"158";"123";"63";"36";"9";"1";"-"
"4305900";"Coronel Bicaco (RS)";"Total";"6144";"366";"403";"415";"424";"372";"368";"250";"202";"119";"47";"18";"6";"2"
"4305934";"Coronel Pilar (RS)";"Total";"1607";"59";"55";"61";"87";"79";"135";"92";"70";"64";"35";"6";"1";"-"
"4305959";"Cotiporã (RS)";"Total";"3846";"168";"160";"142";"168";"203";"258";"196";"144";"118";"63";"28";"12";"1"
"4305975";"Coxilha (RS)";"Total";"2667";"160";"187";"160";"148";"161";"150";"107";"57";"37";"16";"4";"4";"-"
"4306007";"Crissiumal (RS)";"Total";"12886";"642";"643";"645";"777";"754";"855";"665";"488";"272";"150";"60";"7";"-"
"4306056";"Cristal (RS)";"Total";"7299";"432";"483";"453";"476";"507";"345";"291";"197";"119";"57";"31";"8";"-"
"4306072";"Cristal do Sul (RS)";"Total";"2692";"165";"141";"163";"169";"183";"139";"140";"79";"57";"21";"12";"2";"-"
"4306106";"Cruz Alta (RS)";"Total";"58913";"3658";"3912";"3700";"3585";"4121";"2939";"2200";"1507";"914";"503";"187";"61";"8"
"4306130";"Cruzaltense (RS)";"Total";"1635";"77";"71";"78";"74";"79";"98";"94";"60";"42";"31";"12";"1";"1"
"4306205";"Cruzeiro do Sul (RS)";"Total";"11600";"598";"605";"594";"674";"705";"724";"518";"385";"239";"106";"40";"4";"-"
"4306304";"David Canabarro (RS)";"Total";"4321";"210";"214";"222";"255";"238";"278";"220";"154";"87";"39";"9";"1";"-"
"4306320";"Derrubadas (RS)";"Total";"2751";"151";"151";"160";"174";"166";"169";"126";"69";"41";"31";"7";"-";"-"
"4306353";"Dezesseis de Novembro (RS)";"Total";"2507";"102";"130";"116";"135";"148";"203";"143";"100";"61";"30";"13";"2";"1"
"4306379";"Dilermando de Aguiar (RS)";"Total";"2806";"124";"170";"160";"156";"88";"187";"149";"95";"72";"43";"9";"4";"-"
"4306403";"Dois Irmãos (RS)";"Total";"30709";"1755";"1861";"1581";"1771";"2083";"1299";"906";"533";"332";"180";"62";"18";"1"
"4306429";"Dois Irmãos das Missões (RS)";"Total";"2090";"140";"140";"135";"138";"112";"124";"84";"60";"34";"21";"10";"3";"1"
"4306452";"Dois Lajeados (RS)";"Total";"3097";"148";"147";"155";"137";"128";"208";"193";"132";"83";"38";"25";"3";"2"
"4306502";"Dom Feliciano (RS)";"Total";"13051";"687";"743";"811";"970";"909";"651";"414";"317";"178";"113";"47";"10";"3"
"4306551";"Dom Pedro de Alcântara (RS)";"Total";"2562";"148";"132";"123";"133";"135";"162";"121";"96";"44";"25";"11";"-";"2"
"4306601";"Dom Pedrito (RS)";"Total";"36981";"2022";"2151";"2181";"2315";"2693";"1896";"1432";"962";"640";"387";"155";"39";"7"
"4306700";"Dona Francisca (RS)";"Total";"3079";"154";"155";"181";"159";"173";"180";"139";"91";"63";"32";"14";"4";"1"
"4306734";"Doutor Maurício Cardoso (RS)";"Total";"4470";"210";"227";"189";"205";"242";"309";"264";"218";"97";"46";"23";"6";"-"
"4306759";"Doutor Ricardo (RS)";"Total";"1888";"80";"76";"83";"94";"110";"145";"121";"80";"47";"29";"10";"3";"-"
"4306767";"Eldorado do Sul (RS)";"Total";"39559";"2615";"3022";"2836";"2803";"2843";"1641";"1136";"702";"344";"170";"76";"18";"3"
"4306809";"Encantado (RS)";"Total";"22962";"1273";"1371";"1156";"1198";"1468";"1199";"967";"698";"424";"235";"108";"30";"3"
"4306908";"Encruzilhada do Sul (RS)";"Total";"23819";"1303";"1413";"1402";"1647";"1728";"1256";"994";"658";"423";"198";"88";"21";"6"
"4306924";"Engenho Velho (RS)";"Total";"1296";"103";"100";"86";"75";"84";"63";"61";"34";"29";"15";"4";"6";"1"
"4306932";"Entre-Ijuís (RS)";"Total";"9158";"536";"523";"486";"520";"516";"580";"431";"311";"198";"100";"25";"12";"1"
"4306957";"Entre Rios do Sul (RS)";"Total";"2685";"147";"142";"156";"154";"133";"176";"143";"116";"80";"47";"9";"4";"1"
"4306973";"Erebango (RS)";"Total";"3054";"215";"216";"181";"188";"247";"149";"109";"82";"63";"24";"7";"3";"1"
"4307005";"Erechim (RS)";"Total";"105705";"6096";"6256";"5711";"5984";"7447";"4856";"3549";"2400";"1512";"920";"420";"97";"9"
"4307054";"Ernestina (RS)";"Total";"3034";"130";"188";"174";"185";"189";"210";"121";"93";"69";"38";"8";"1";"1"
"4307104";"Herval (RS)";"Total";"6191";"348";"343";"416";"415";"383";"367";"291";"191";"150";"59";"32";"6";"-"
"4307203";"Erval Grande (RS)";"Total";"4930";"265";"280";"273";"275";"267";"283";"256";"160";"107";"68";"23";"5";"4"
"4307302";"Erval Seco (RS)";"Total";"6787";"416";"434";"402";"435";"400";"436";"314";"207";"136";"70";"32";"9";"-"
"4307401";"Esmeralda (RS)";"Total";"3195";"172";"215";"190";"207";"197";"194";"128";"104";"68";"36";"10";"2";"1"
"4307450";"Esperança do Sul (RS)";"Total";"3226";"171";"217";"160";"163";"175";"250";"190";"126";"60";"41";"11";"2";"1"
"4307500";"Espumoso (RS)";"Total";"15173";"821";"858";"877";"948";"963";"850";"630";"442";"285";"153";"70";"16";"5"
"4307559";"Estação (RS)";"Total";"5582";"264";"304";"278";"329";"311";"310";"266";"179";"118";"75";"26";"-";"2"
"4307609";"Estância Velha (RS)";"Total";"47924";"2920";"3038";"2857";"2935";"3242";"1969";"1370";"778";"458";"239";"81";"12";"-"
"4307708";"Esteio (RS)";"Total";"76137";"4108";"4805";"4535";"4919";"5340";"3927";"2938";"1914";"1098";"504";"206";"40";"5"
"4307807";"Estrela (RS)";"Total";"32183";"1949";"2112";"1791";"1813";"2041";"1701";"1265";"765";"553";"269";"111";"26";"3"
"4307815";"Estrela Velha (RS)";"Total";"3070";"181";"179";"176";"191";"171";"175";"139";"83";"36";"16";"8";"1";"-"
"4307831";"Eugênio de Castro (RS)";"Total";"2633";"127";"132";"136";"147";"155";"176";"163";"120";"58";"30";"12";"3";"1"
"4307864";"Fagundes Varela (RS)";"Total";"2566";"106";"115";"127";"144";"139";"193";"138";"87";"68";"36";"9";"6";"-"
"4307906";"Farroupilha (RS)";"Total";"70286";"3986";"4036";"3833";"4109";"4877";"3159";"2225";"1444";"904";"445";"183";"29";"11"
"4308003";"Faxinal do Soturno (RS)";"Total";"6702";"341";"352";"327";"360";"436";"399";"303";"259";"190";"87";"32";"8";"-"
"4308052";"Faxinalzinho (RS)";"Total";"2520";"150";"138";"118";"144";"172";"145";"117";"107";"49";"31";"9";"2";"1"
"4308078";"Fazenda Vilanova (RS)";"Total";"4291";"262";"304";"292";"315";"294";"188";"178";"99";"62";"20";"11";"2";"-"
"4308102";"Feliz (RS)";"Total";"13764";"736";"777";"643";"713";"884";"713";"530";"342";"224";"115";"41";"18";"-"
"4308201";"Flores da Cunha (RS)";"Total";"30892";"1763";"1712";"1630";"1701";"2082";"1535";"1155";"761";"440";"238";"64";"16";"4"
"4308250";"Floriano Peixoto (RS)";"Total";"1668";"68";"64";"52";"61";"75";"127";"131";"73";"50";"25";"8";"1";"-"
"4308300";"Fontoura Xavier (RS)";"Total";"9550";"532";"536";"581";"658";"601";"549";"394";"241";"134";"70";"33";"6";"-"
"4308409";"Formigueiro (RS)";"Total";"6413";"343";"339";"332";"341";"329";"435";"384";"254";"154";"97";"53";"16";"3"
"4308433";"Forquetinha (RS)";"Total";"2393";"97";"110";"97";"104";"113";"208";"158";"108";"57";"30";"10";"5";"-"
"4308458";"Fortaleza dos Valos (RS)";"Total";"4477";"269";"270";"254";"266";"254";"225";"165";"113";"82";"41";"16";"2";"1"
"4308508";"Frederico Westphalen (RS)";"Total";"32627";"2150";"1907";"1724";"1930";"2488";"1548";"1193";"776";"428";"226";"103";"22";"5"
"4308607";"Garibaldi (RS)";"Total";"34335";"1838";"1871";"1557";"1776";"2220";"1781";"1303";"826";"557";"297";"113";"22";"4"
"4308656";"Garruchos (RS)";"Total";"2688";"124";"129";"177";"184";"126";"177";"121";"65";"51";"27";"9";"5";"1"
"4308706";"Gaurama (RS)";"Total";"5665";"246";"261";"259";"286";"325";"398";"280";"197";"143";"97";"25";"12";"-"
"4308805";"General Câmara (RS)";"Total";"7612";"421";"419";"457";"435";"441";"527";"391";"267";"146";"85";"29";"11";"3"
"4308854";"Gentil (RS)";"Total";"1744";"110";"126";"101";"98";"127";"103";"85";"51";"32";"7";"3";"2";"-"
"4308904";"Getúlio Vargas (RS)";"Total";"16602";"856";"914";"877";"871";"1058";"888";"745";"544";"319";"212";"70";"13";"4"
"4309001";"Giruá (RS)";"Total";"16013";"902";"963";"909";"958";"983";"1000";"748";"483";"323";"166";"53";"16";"1"
"4309050";"Glorinha (RS)";"Total";"7658";"448";"502";"463";"434";"470";"427";"346";"221";"111";"67";"23";"6";"-"
"4309100";"Gramado (RS)";"Total";"40134";"2355";"2564";"2289";"2376";"2847";"1630";"1267";"804";"477";"249";"102";"21";"4"
"4309126";"Gramado dos Loureiros (RS)";"Total";"2014";"107";"109";"106";"150";"121";"139";"76";"50";"34";"24";"5";"3";"1"
"4309159";"Gramado Xavier (RS)";"Total";"3304";"215";"187";"216";"273";"214";"163";"98";"93";"40";"20";"9";"2";"2"
"4309209";"Gravataí (RS)";"Total";"265074";"15056";"17619";"16425";"17255";"19236";"12731";"9034";"5229";"2881";"1324";"503";"125";"15"
"4309258";"Guabiju (RS)";"Total";"1417";"50";"70";"63";"46";"64";"138";"105";"61";"37";"23";"7";"4";"-"
"4309308";"Guaíba (RS)";"Total";"92924";"5085";"6105";"5757";"6182";"6599";"4543";"3255";"2004";"1127";"536";"229";"62";"7"
"4309407";"Guaporé (RS)";"Total";"25268";"1444";"1458";"1365";"1412";"1715";"1211";"948";"624";"429";"217";"107";"14";"3"
"4309506";"Guarani das Missões (RS)";"Total";"7415";"330";"362";"382";"411";"425";"481";"394";"276";"153";"99";"38";"5";"1"
"4309555";"Harmonia (RS)";"Total";"5378";"287";"307";"291";"300";"390";"230";"203";"112";"74";"47";"14";"2";"-"
"4309571";"Herveiras (RS)";"Total";"2565";"160";"168";"163";"166";"149";"111";"103";"70";"41";"22";"1";"1";"-"
"4309605";"Horizontina (RS)";"Total";"18851";"1125";"1112";"964";"1033";"1149";"1069";"818";"538";"319";"151";"55";"14";"2"
"4309654";"Hulha Negra (RS)";"Total";"5976";"383";"434";"403";"465";"393";"273";"212";"129";"70";"31";"11";"1";"2"
"4309704";"Humaitá (RS)";"Total";"4681";"217";"245";"251";"240";"241";"355";"273";"165";"93";"61";"26";"6";"-"
"4309753";"Ibarama (RS)";"Total";"3732";"171";"194";"203";"240";"237";"246";"172";"118";"56";"35";"9";"2";"-"
"4309803";"Ibiaçá (RS)";"Total";"4527";"224";"227";"181";"230";"246";"296";"262";"176";"106";"57";"17";"6";"-"
"4309902";"Ibiraiaras (RS)";"Total";"6776";"375";"380";"333";"419";"468";"382";"319";"225";"138";"52";"20";"7";"1"
"4309951";"Ibirapuitã (RS)";"Total";"3723";"222";"204";"206";"243";"247";"211";"171";"140";"64";"41";"12";"3";"3"
"4310009";"Ibirubá (RS)";"Total";"21583";"1237";"1251";"1224";"1216";"1450";"1119";"816";"588";"395";"191";"66";"23";"1"
"4310108";"Igrejinha (RS)";"Total";"32808";"2060";"2140";"2050";"2072";"2275";"1323";"922";"607";"350";"144";"45";"14";"3"
"4310207";"Ijuí (RS)";"Total";"84780";"4986";"5263";"4666";"4922";"5760";"4226";"3266";"2213";"1392";"781";"300";"91";"16"
"4310306";"Ilópolis (RS)";"Total";"4157";"233";"210";"192";"215";"233";"268";"214";"153";"100";"58";"30";"8";"-"
"4310330";"Imbé (RS)";"Total";"26824";"1416";"1771";"1718";"1684";"1578";"1828";"1330";"770";"393";"197";"90";"17";"2"
"4310363";"Imigrante (RS)";"Total";"3080";"137";"132";"171";"158";"179";"180";"159";"143";"95";"34";"20";"2";"1"
"4310405";"Independência (RS)";"Total";"6427";"352";"389";"334";"398";"352";"418";"341";"227";"124";"75";"35";"8";"1"
"4310413";"Inhacorá (RS)";"Total";"2014";"119";"131";"94";"125";"117";"141";"93";"60";"44";"13";"4";"2";"-"
"4310439";"Ipê (RS)";"Total";"5399";"256";"300";"227";"266";"293";"346";"288";"218";"125";"82";"27";"5";"1"
"4310462";"Ipiranga do Sul (RS)";"Total";"1720";"74";"84";"85";"80";"60";"125";"106";"86";"52";"21";"6";"1";"-"
"4310504";"Iraí (RS)";"Total";"7482";"450";"499";"431";"444";"439";"433";"366";"266";"162";"74";"33";"10";"1"
"4310538";"Itaara (RS)";"Total";"5572";"285";"342";"306";"343";"341";"335";"265";"161";"90";"43";"15";"4";"-"
"4310553";"Itacurubi (RS)";"Total";"2995";"142";"168";"199";"176";"165";"185";"147";"102";"60";"24";"8";"5";"1"
"4310579";"Itapuca (RS)";"Total";"1937";"103";"103";"110";"106";"124";"105";"83";"53";"42";"20";"7";"2";"1"
"4310603";"Itaqui (RS)";"Total";"35768";"2307";"2524";"2487";"2478";"2733";"1610";"1117";"710";"420";"212";"79";"22";"10"
"4310652";"Itati (RS)";"Total";"2638";"157";"158";"144";"165";"127";"145";"113";"73";"45";"31";"9";"-";"1"
"4310702";"Itatiba do Sul (RS)";"Total";"3208";"145";"153";"167";"156";"149";"199";"192";"119";"84";"43";"18";"6";"1"
"4310751";"Ivorá (RS)";"Total";"1929";"62";"80";"92";"108";"110";"131";"140";"104";"59";"37";"13";"7";"-"
"4310801";"Ivoti (RS)";"Total";"22983";"1178";"1426";"1330";"1368";"1324";"1020";"698";"453";"274";"161";"54";"10";"1"
"4310850";"Jaboticaba (RS)";"Total";"3779";"193";"199";"219";"243";"248";"230";"189";"141";"64";"36";"10";"2";"1"
"4310876";"Jacuizinho (RS)";"Total";"2040";"99";"113";"135";"145";"102";"136";"104";"52";"25";"14";"9";"3";"-"
"4310900";"Jacutinga (RS)";"Total";"3338";"171";"158";"156";"154";"154";"224";"211";"147";"84";"60";"22";"4";"1"
"4311007";"Jaguarão (RS)";"Total";"26603";"1400";"1558";"1534";"1767";"1796";"1311";"1124";"828";"523";"277";"140";"34";"4"
"4311106";"Jaguari (RS)";"Total";"10579";"441";"485";"502";"478";"579";"663";"547";"419";"293";"164";"71";"17";"1"
"4311122";"Jaquirana (RS)";"Total";"3690";"220";"258";"236";"287";"228";"220";"155";"89";"51";"30";"9";"1";"-"
"4311130";"Jari (RS)";"Total";"3349";"170";"195";"200";"177";"164";"222";"180";"102";"70";"30";"12";"3";"-"
"4311155";"Jóia (RS)";"Total";"7184";"340";"416";"458";"462";"424";"416";"291";"245";"141";"74";"34";"7";"3"
"4311205";"Júlio de Castilhos (RS)";"Total";"18226";"1012";"1113";"1116";"1209";"1130";"951";"827";"492";"318";"192";"57";"11";"5"
"4311239";"Lagoa Bonita do Sul (RS)";"Total";"2251";"95";"117";"124";"156";"129";"105";"93";"73";"44";"27";"7";"-";"1"
"4311254";"Lagoão (RS)";"Total";"5341";"298";"343";"348";"361";"323";"243";"223";"154";"84";"24";"12";"3";"1"
"4311270";"Lagoa dos Três Cantos (RS)";"Total";"1738";"89";"110";"99";"76";"97";"112";"90";"61";"52";"23";"5";"-";"-"
"4311304";"Lagoa Vermelha (RS)";"Total";"27659";"1709";"1797";"1596";"1766";"1908";"1360";"1107";"724";"447";"224";"81";"22";"5"
"4311403";"Lajeado (RS)";"Total";"93646";"5926";"5969";"5109";"5316";"6864";"3644";"2721";"1678";"1087";"572";"225";"50";"7"
"4311429";"Lajeado do Bugre (RS)";"Total";"2601";"173";"178";"202";"200";"176";"127";"84";"55";"32";"21";"7";"5";"1"
"4311502";"Lavras do Sul (RS)";"Total";"7157";"383";"386";"457";"426";"448";"358";"284";"205";"147";"55";"30";"3";"2"
"4311601";"Liberato Salzano (RS)";"Total";"4781";"300";"258";"239";"265";"247";"316";"242";"133";"84";"48";"22";"7";"1"
"4311627";"Lindolfo Collor (RS)";"Total";"6248";"428";"436";"421";"434";"477";"218";"131";"82";"53";"13";"8";"-";"-"
"4311643";"Linha Nova (RS)";"Total";"1683";"67";"71";"75";"97";"76";"123";"95";"68";"42";"21";"10";"1";"1"
"4311700";"Machadinho (RS)";"Total";"5735";"337";"329";"341";"366";"361";"346";"274";"194";"95";"57";"16";"-";"-"
"4311718";"Maçambará (RS)";"Total";"4425";"256";"301";"267";"289";"282";"218";"170";"96";"55";"29";"15";"1";"1"
"4311734";"Mampituba (RS)";"Total";"3131";"197";"192";"188";"188";"164";"185";"124";"67";"39";"17";"9";"3";"-"
"4311759";"Manoel Viana (RS)";"Total";"6801";"355";"369";"402";"411";"432";"411";"257";"209";"105";"70";"24";"5";"2"
"4311775";"Maquiné (RS)";"Total";"7418";"417";"426";"429";"450";"483";"426";"339";"220";"154";"68";"28";"8";"3"
"4311791";"Maratá (RS)";"Total";"2470";"128";"115";"98";"123";"131";"137";"123";"109";"47";"24";"11";"4";"-"
"4311809";"Marau (RS)";"Total";"45124";"2838";"2794";"2566";"2728";"3384";"1800";"1452";"932";"532";"276";"111";"19";"5"
"4311908";"Marcelino Ramos (RS)";"Total";"4320";"205";"194";"209";"233";"208";"305";"263";"193";"115";"66";"27";"4";"-"
"4311981";"Mariana Pimentel (RS)";"Total";"3916";"189";"209";"205";"231";"222";"275";"220";"147";"86";"43";"12";"3";"-"
"4312005";"Mariano Moro (RS)";"Total";"1858";"77";"85";"85";"102";"88";"142";"116";"72";"45";"21";"9";"4";"-"
"4312054";"Marques de Souza (RS)";"Total";"3969";"188";"200";"181";"198";"212";"296";"279";"166";"96";"55";"17";"5";"1"
"4312104";"Mata (RS)";"Total";"4698";"230";"217";"263";"257";"260";"274";"290";"172";"116";"56";"22";"6";"1"
"4312138";"Mato Castelhano (RS)";"Total";"2553";"178";"161";"162";"137";"143";"136";"118";"87";"40";"18";"3";"1";"2"
"4312153";"Mato Leitão (RS)";"Total";"4859";"245";"294";"270";"289";"297";"247";"189";"135";"93";"42";"16";"4";"-"
"4312179";"Mato Queimado (RS)";"Total";"1795";"87";"97";"102";"112";"91";"103";"98";"79";"48";"20";"4";"1";"-"
"4312203";"Maximiliano de Almeida (RS)";"Total";"4191";"213";"220";"188";"248";"245";"264";"220";"152";"95";"62";"12";"3";"1"
"4312252";"Minas do Leão (RS)";"Total";"7505";"444";"492";"484";"552";"549";"359";"259";"178";"102";"31";"21";"3";"1"
"4312302";"Miraguaí (RS)";"Total";"4427";"281";"265";"250";"276";"252";"278";"199";"120";"81";"44";"11";"3";"1"
"4312351";"Montauri (RS)";"Total";"1499";"72";"61";"52";"70";"78";"104";"101";"57";"39";"20";"10";"3";"-"
"4312377";"Monte Alegre dos Campos (RS)";"Total";"3180";"187";"208";"205";"200";"217";"188";"119";"87";"39";"35";"12";"4";"-"
"4312385";"Monte Belo do Sul (RS)";"Total";"2557";"120";"97";"97";"108";"89";"215";"176";"136";"75";"55";"14";"2";"1"
"4312401";"Montenegro (RS)";"Total";"64322";"3851";"4223";"3825";"3942";"4516";"2857";"2179";"1315";"809";"400";"154";"33";"7"
"4312427";"Mormaço (RS)";"Total";"2756";"147";"154";"159";"173";"184";"178";"111";"77";"68";"38";"14";"2";"-"
"4312443";"Morrinhos do Sul (RS)";"Total";"3071";"173";"156";"130";"144";"147";"203";"148";"115";"57";"20";"6";"-";"-"
"4312450";"Morro Redondo (RS)";"Total";"6046";"251";"352";"333";"340";"278";"431";"381";"226";"135";"66";"24";"5";"-"
"4312476";"Morro Reuter (RS)";"Total";"6029";"301";"300";"290";"312";"357";"361";"227";"151";"99";"58";"20";"6";"-"
"4312500";"Mostardas (RS)";"Total";"12090";"786";"775";"734";"809";"790";"707";"472";"317";"210";"120";"54";"20";"3"
"4312609";"Muçum (RS)";"Total";"4601";"226";"271";"202";"245";"241";"311";"267";"177";"120";"87";"38";"9";"-"
"4312617";"Muitos Capões (RS)";"Total";"2879";"181";"209";"193";"183";"178";"134";"115";"78";"52";"20";"10";"1";"-"
"4312625";"Muliterno (RS)";"Total";"1721";"92";"106";"95";"109";"127";"99";"79";"47";"31";"13";"6";"2";"-"
"4312658";"Não-Me-Toque (RS)";"Total";"17898";"1094";"1146";"955";"998";"1230";"780";"640";"436";"273";"135";"50";"13";"1"
"4312674";"Nicolau Vergueiro (RS)";"Total";"1932";"104";"110";"121";"121";"102";"137";"91";"54";"36";"21";"9";"-";"-"
"4312708";"Nonoai (RS)";"Total";"13719";"980";"970";"831";"875";"994";"649";"473";"341";"238";"137";"50";"9";"9"
"4312757";"Nova Alvorada (RS)";"Total";"3163";"179";"186";"165";"192";"218";"174";"133";"109";"48";"30";"8";"2";"1"
"4312807";"Nova Araçá (RS)";"Total";"4954";"317";"272";"211";"250";"475";"226";"180";"122";"74";"41";"14";"1";"1"
"4312906";"Nova Bassano (RS)";"Total";"9649";"508";"490";"479";"502";"684";"511";"434";"287";"182";"104";"39";"4";"-"
"4312955";"Nova Boa Vista (RS)";"Total";"2042";"106";"97";"82";"80";"126";"159";"125";"78";"44";"26";"13";"4";"-"
"4313003";"Nova Bréscia (RS)";"Total";"3044";"134";"141";"122";"147";"156";"232";"191";"138";"85";"47";"19";"4";"-"
"4313011";"Nova Candelária (RS)";"Total";"3061";"187";"161";"143";"140";"157";"203";"168";"107";"46";"20";"10";"2";"-"
"4313037";"Nova Esperança do Sul (RS)";"Total";"4865";"229";"276";"264";"274";"307";"251";"189";"123";"81";"42";"19";"1";"-"
"4313060";"Nova Hartz (RS)";"Total";"20088";"1246";"1383";"1379";"1420";"1474";"762";"542";"285";"193";"87";"27";"5";"-"
"4313086";"Nova Pádua (RS)";"Total";"2343";"106";"99";"96";"111";"109";"146";"126";"99";"52";"41";"19";"4";"-"
"4313102";"Nova Palma (RS)";"Total";"5586";"255";"278";"253";"297";"394";"343";"279";"224";"135";"62";"33";"9";"1"
"4313201";"Nova Petrópolis (RS)";"Total";"23300";"1287";"1369";"1230";"1243";"1293";"1182";"1006";"691";"418";"232";"80";"25";"1"
"4313300";"Nova Prata (RS)";"Total";"25692";"1475";"1522";"1351";"1370";"1685";"1172";"983";"662";"359";"245";"96";"17";"2"
"4313334";"Nova Ramada (RS)";"Total";"2163";"106";"114";"96";"127";"105";"138";"105";"76";"64";"18";"7";"4";"-"
"4313359";"Nova Roma do Sul (RS)";"Total";"3466";"145";"160";"150";"200";"215";"188";"160";"115";"97";"54";"17";"3";"-"
"4313375";"Nova Santa Rita (RS)";"Total";"29024";"1969";"2249";"2034";"2148";"2109";"1148";"766";"456";"264";"129";"56";"22";"2"
"4313391";"Novo Cabrais (RS)";"Total";"3568";"182";"179";"191";"194";"178";"224";"188";"114";"76";"41";"11";"5";"-"
"4313409";"Novo Hamburgo (RS)";"Total";"227646";"12553";"13635";"12976";"14035";"16420";"10661";"7751";"4812";"3056";"1628";"654";"141";"23"
"4313425";"Novo Machado (RS)";"Total";"3198";"144";"132";"155";"162";"154";"254";"186";"135";"76";"35";"16";"3";"-"
"4313441";"Novo Tiradentes (RS)";"Total";"2146";"113";"127";"121";"118";"117";"146";"91";"66";"31";"29";"12";"5";"1"
"4313466";"Novo Xingu (RS)";"Total";"1646";"89";"92";"72";"88";"79";"101";"83";"61";"39";"22";"6";"2";"-"
"4313490";"Novo Barreiro (RS)";"Total";"4272";"260";"257";"238";"243";"258";"256";"197";"114";"75";"47";"21";"4";"-"
"4313508";"Osório (RS)";"Total";"47396";"2744";"3093";"2796";"2969";"3415";"2314";"1748";"1207";"647";"362";"138";"37";"4"
"4313607";"Paim Filho (RS)";"Total";"3629";"156";"149";"157";"206";"205";"276";"200";"143";"93";"51";"22";"7";"-"
"4313656";"Palmares do Sul (RS)";"Total";"12844";"657";"782";"772";"729";"695";"1003";"761";"400";"245";"110";"35";"3";"4"
"4313706";"Palmeira das Missões (RS)";"Total";"33216";"2173";"2148";"2016";"2207";"2193";"1572";"1263";"776";"489";"249";"106";"30";"6"
"4313805";"Palmitinho (RS)";"Total";"7839";"477";"498";"439";"479";"526";"416";"327";"193";"132";"61";"20";"6";"2"
"4313904";"Panambi (RS)";"Total";"43515";"2813";"2882";"2578";"2623";"3067";"1925";"1452";"913";"520";"241";"111";"16";"2"
"4313953";"Pantano Grande (RS)";"Total";"10212";"614";"663";"629";"712";"702";"555";"397";"261";"125";"83";"29";"5";"1"
"4314001";"Paraí (RS)";"Total";"7194";"372";"400";"378";"372";"429";"435";"305";"222";"103";"66";"42";"4";"1"
"4314027";"Paraíso do Sul (RS)";"Total";"6519";"315";"327";"324";"386";"346";"429";"333";"224";"150";"85";"27";"2";"2"
"4314035";"Pareci Novo (RS)";"Total";"4319";"260";"268";"209";"254";"220";"200";"156";"105";"63";"41";"22";"4";"-"
"4314050";"Parobé (RS)";"Total";"52058";"3467";"3563";"3405";"3554";"3797";"1826";"1280";"765";"451";"178";"69";"18";"5"
"4314068";"Passa Sete (RS)";"Total";"3983";"208";"214";"204";"269";"234";"232";"167";"112";"48";"26";"18";"6";"1"
"4314076";"Passo do Sobrado (RS)";"Total";"6025";"332";"326";"339";"324";"333";"366";"246";"171";"113";"64";"13";"11";"1"
"4314100";"Passo Fundo (RS)";"Total";"206215";"12499";"13220";"12575";"12547";"16396";"8879";"6612";"4207";"2559";"1496";"567";"149";"29"
"4314134";"Paulo Bento (RS)";"Total";"2144";"92";"103";"111";"92";"124";"143";"109";"87";"56";"27";"15";"4";"-"
"4314159";"Paverama (RS)";"Total";"7978";"441";"498";"469";"476";"459";"446";"354";"232";"146";"86";"31";"7";"1"
"4314175";"Pedras Altas (RS)";"Total";"2061";"111";"126";"126";"115";"121";"103";"69";"59";"22";"17";"3";"3";"-"
"4314209";"Pedro Osório (RS)";"Total";"7484";"386";"450";"465";"478";"489";"440";"377";"264";"144";"99";"27";"12";"2"
"4314308";"Pejuçara (RS)";"Total";"3745";"218";"199";"197";"210";"240";"195";"172";"111";"91";"52";"19";"3";"-"
"4314407";"Pelotas (RS)";"Total";"325685";"17489";"19433";"18576";"19865";"24969";"16566";"12815";"8727";"5331";"3008";"1268";"307";"45"
"4314423";"Picada Café (RS)";"Total";"5351";"266";"284";"279";"274";"326";"259";"203";"156";"82";"48";"20";"3";"-"
"4314456";"Pinhal (RS)";"Total";"2959";"217";"168";"184";"172";"205";"160";"99";"74";"40";"30";"17";"2";"1"
"4314464";"Pinhal da Serra (RS)";"Total";"2248";"116";"133";"130";"116";"126";"154";"91";"71";"47";"21";"8";"8";"1"
"4314472";"Pinhal Grande (RS)";"Total";"3805";"151";"205";"203";"226";"225";"230";"189";"134";"86";"49";"28";"2";"1"
"4314498";"Pinheirinho do Vale (RS)";"Total";"4540";"285";"305";"292";"279";"292";"261";"187";"113";"64";"19";"11";"2";"-"
"4314506";"Pinheiro Machado (RS)";"Total";"11214";"544";"566";"643";"657";"652";"605";"524";"349";"215";"126";"47";"10";"3"
"4314548";"Pinto Bandeira (RS)";"Total";"2723";"140";"131";"129";"131";"133";"167";"136";"104";"85";"48";"17";"3";"1"
"4314555";"Pirapó (RS)";"Total";"2260";"83";"99";"113";"113";"96";"165";"102";"104";"56";"28";"9";"4";"2"
"4314605";"Piratini (RS)";"Total";"17504";"834";"927";"927";"1082";"1094";"1061";"846";"593";"423";"213";"79";"18";"5"
"4314704";"Planalto (RS)";"Total";"10406";"645";"665";"600";"627";"671";"585";"432";"291";"188";"111";"41";"9";"1"
"4314753";"Poço das Antas (RS)";"Total";"2171";"110";"117";"114";"107";"129";"134";"127";"90";"53";"24";"8";"1";"1"
"4314779";"Pontão (RS)";"Total";"3296";"182";"202";"198";"196";"180";"195";"142";"92";"50";"29";"8";"2";"-"
"4314787";"Ponte Preta (RS)";"Total";"1575";"72";"81";"79";"67";"69";"115";"99";"64";"37";"29";"13";"1";"-"
"4314803";"Portão (RS)";"Total";"34071";"2117";"2259";"2129";"2172";"2399";"1500";"1051";"633";"360";"151";"67";"13";"1"
"4314902";"Porto Alegre (RS)";"Total";"1332845";"64258";"76417";"72898";"75603";"93432";"70134";"53969";"37529";"24570";"14746";"6915";"1927";"325"
"4315008";"Porto Lucena (RS)";"Total";"4360";"176";"199";"184";"199";"181";"348";"318";"213";"117";"53";"24";"6";"-"
"4315057";"Porto Mauá (RS)";"Total";"2142";"93";"99";"109";"104";"85";"159";"124";"88";"79";"35";"8";"1";"-"
"4315073";"Porto Vera Cruz (RS)";"Total";"1560";"79";"73";"64";"72";"62";"126";"107";"63";"32";"14";"6";"2";"-"
"4315107";"Porto Xavier (RS)";"Total";"9938";"555";"592";"579";"623";"632";"560";"422";"265";"150";"83";"24";"5";"1"
"4315131";"Pouso Novo (RS)";"Total";"1739";"97";"85";"91";"76";"86";"113";"120";"83";"50";"13";"6";"-";"-"
"4315149";"Presidente Lucena (RS)";"Total";"3077";"180";"201";"167";"152";"168";"157";"107";"61";"32";"18";"8";"-";"1"
"4315156";"Progresso (RS)";"Total";"5340";"253";"232";"289";"301";"278";"352";"243";"162";"129";"55";"14";"6";"-"
"4315172";"Protásio Alves (RS)";"Total";"2025";"84";"119";"102";"88";"99";"144";"128";"66";"39";"26";"9";"2";"1"
"4315206";"Putinga (RS)";"Total";"3747";"172";"178";"154";"196";"190";"274";"225";"147";"110";"54";"33";"8";"1"
"4315305";"Quaraí (RS)";"Total";"23500";"1499";"1645";"1553";"1620";"1661";"1055";"826";"646";"446";"253";"109";"22";"4"
"4315313";"Quatro Irmãos (RS)";"Total";"1552";"100";"81";"101";"87";"101";"97";"48";"32";"29";"23";"3";"2";"-"
"4315321";"Quevedos (RS)";"Total";"2507";"112";"132";"150";"144";"155";"155";"115";"69";"46";"18";"8";"1";"-"
"4315354";"Quinze de Novembro (RS)";"Total";"3910";"196";"223";"228";"231";"199";"242";"177";"128";"98";"42";"16";"2";"-"
"4315404";"Redentora (RS)";"Total";"9738";"888";"886";"756";"921";"993";"335";"256";"133";"75";"65";"19";"17";"6"
"4315453";"Relvado (RS)";"Total";"1796";"75";"64";"71";"90";"87";"147";"112";"91";"55";"51";"16";"8";"-"
"4315503";"Restinga Sêca (RS)";"Total";"14939";"761";"843";"774";"910";"1038";"937";"723";"457";"323";"182";"69";"18";"3"
"4315552";"Rio dos Índios (RS)";"Total";"2835";"145";"151";"167";"151";"135";"227";"133";"89";"65";"35";"14";"-";"2"
"4315602";"Rio Grande (RS)";"Total";"191900";"10967";"12209";"11780";"12514";"13998";"9611";"7305";"4612";"2682";"1490";"665";"150";"31"
"4315701";"Rio Pardo (RS)";"Total";"34654";"1829";"2128";"1942";"2237";"2299";"1968";"1474";"1014";"721";"314";"146";"40";"7"
"4315750";"Riozinho (RS)";"Total";"4473";"251";"257";"253";"266";"291";"255";"195";"142";"65";"44";"16";"7";"-"
"4315800";"Roca Sales (RS)";"Total";"10418";"581";"595";"545";"614";"621";"618";"480";"292";"228";"135";"45";"14";"3"
"4315909";"Rodeio Bonito (RS)";"Total";"6654";"468";"410";"374";"420";"425";"323";"262";"154";"117";"53";"23";"2";"4"
"4315958";"Rolador (RS)";"Total";"2291";"108";"100";"123";"131";"100";"165";"142";"113";"60";"33";"15";"3";"-"
"4316006";"Rolante (RS)";"Total";"21253";"1242";"1254";"1262";"1323";"1433";"944";"779";"524";"289";"166";"41";"16";"2"
"4316105";"Ronda Alta (RS)";"Total";"9777";"564";"562";"586";"569";"729";"531";"467";"299";"202";"92";"43";"6";"2"
"4316204";"Rondinha (RS)";"Total";"4991";"224";"228";"254";"248";"277";"317";"262";"192";"160";"101";"38";"7";"1"
"4316303";"Roque Gonzales (RS)";"Total";"6576";"315";"360";"335";"380";"354";"424";"357";"246";"139";"77";"19";"6";"1"
"4316402";"Rosário do Sul (RS)";"Total";"36630";"2136";"2077";"2058";"2442";"2628";"1860";"1534";"1114";"726";"368";"146";"34";"7"
"4316428";"Sagrada Família (RS)";"Total";"2480";"136";"135";"145";"164";"138";"137";"89";"61";"46";"24";"11";"1";"-"
"4316436";"Saldanha Marinho (RS)";"Total";"2575";"126";"154";"114";"105";"131";"182";"152";"97";"61";"24";"10";"3";"-"
"4316451";"Salto do Jacuí (RS)";"Total";"10203";"584";"625";"642";"711";"660";"497";"371";"241";"156";"88";"23";"7";"2"
"4316477";"Salvador das Missões (RS)";"Total";"2877";"144";"145";"124";"139";"158";"198";"161";"91";"60";"38";"10";"1";"-"
"4316501";"Salvador do Sul (RS)";"Total";"6879";"379";"379";"337";"383";"519";"332";"251";"175";"102";"63";"19";"8";"1"
"4316600";"Sananduva (RS)";"Total";"16399";"830";"841";"816";"854";"1011";"1006";"841";"560";"344";"151";"87";"17";"-"
"4316709";"Santa Bárbara do Sul (RS)";"Total";"8122";"431";"507";"456";"452";"509";"476";"302";"216";"150";"59";"28";"5";"-"
"4316733";"Santa Cecília do Sul (RS)";"Total";"1674";"103";"102";"89";"84";"130";"91";"83";"59";"40";"15";"7";"2";"-"
"4316758";"Santa Clara do Sul (RS)";"Total";"6887";"386";"407";"368";"415";"399";"361";"283";"191";"115";"78";"30";"8";"-"
"4316808";"Santa Cruz do Sul (RS)";"Total";"133230";"7160";"7846";"7021";"7557";"9587";"6491";"4832";"3118";"1924";"1043";"476";"91";"16"
"4316907";"Santa Maria (RS)";"Total";"271735";"14724";"15544";"15052";"17132";"22869";"12716";"9668";"6762";"4162";"2538";"1059";"286";"44"
"4316956";"Santa Maria do Herval (RS)";"Total";"6340";"287";"310";"275";"305";"349";"388";"278";"175";"94";"48";"12";"4";"-"
"4316972";"Santa Margarida do Sul (RS)";"Total";"2596";"129";"165";"143";"154";"136";"157";"115";"87";"49";"25";"8";"-";"-"
"4317004";"Santana da Boa Vista (RS)";"Total";"7024";"323";"369";"365";"427";"418";"459";"375";"277";"161";"87";"39";"10";"-"
"4317103";"Sant'Ana do Livramento (RS)";"Total";"84421";"5156";"5649";"5465";"5487";"5886";"4140";"3120";"2248";"1537";"844";"321";"74";"17"
"4317202";"Santa Rosa (RS)";"Total";"76963";"4735";"4789";"4281";"4447";"5272";"3399";"2662";"1760";"1009";"567";"187";"30";"7"
"4317251";"Santa Tereza (RS)";"Total";"1505";"49";"57";"47";"73";"63";"102";"105";"71";"78";"33";"9";"5";"1"
"4317301";"Santa Vitória do Palmar (RS)";"Total";"30983";"1727";"1997";"1817";"2037";"1970";"1628";"1204";"799";"507";"297";"131";"45";"7"
"4317400";"Santiago (RS)";"Total";"48938";"2465";"2685";"2670";"2923";"3420";"2571";"2040";"1535";"1017";"542";"240";"41";"14"
"4317509";"Santo Ângelo (RS)";"Total";"76917";"4636";"4746";"4390";"4818";"5611";"3785";"2785";"1894";"1184";"660";"285";"74";"16"
"4317558";"Santo Antônio do Palma (RS)";"Total";"2091";"125";"111";"129";"107";"114";"131";"84";"71";"40";"29";"9";"2";"-"
"4317608";"Santo Antônio da Patrulha (RS)";"Total";"42947";"2338";"2588";"2402";"2619";"3056";"2211";"1693";"1297";"791";"410";"152";"51";"6"
"4317707";"Santo Antônio das Missões (RS)";"Total";"10300";"587";"574";"621";"659";"573";"622";"486";"373";"258";"100";"52";"7";"3"
"4317756";"Santo Antônio do Planalto (RS)";"Total";"2089";"113";"122";"133";"127";"111";"132";"113";"59";"43";"20";"8";"2";"-"
"4317806";"Santo Augusto (RS)";"Total";"13902";"768";"860";"806";"831";"837";"748";"607";"405";"255";"129";"46";"12";"3"
"4317905";"Santo Cristo (RS)";"Total";"15320";"782";"807";"802";"771";"906";"925";"675";"452";"304";"160";"49";"10";"1"
"4317954";"Santo Expedito do Sul (RS)";"Total";"2349";"122";"117";"117";"126";"106";"154";"160";"107";"62";"36";"5";"2";"-"
"4318002";"São Borja (RS)";"Total";"59676";"3534";"3569";"3420";"3815";"4208";"2952";"2202";"1508";"1005";"526";"192";"59";"12"
"4318051";"São Domingos do Sul (RS)";"Total";"2754";"128";"113";"133";"143";"144";"203";"179";"117";"49";"29";"10";"2";"-"
"4318101";"São Francisco de Assis (RS)";"Total";"17618";"828";"952";"933";"1021";"1000";"1148";"909";"596";"368";"197";"85";"22";"3"
"4318200";"São Francisco de Paula (RS)";"Total";"21893";"1388";"1355";"1408";"1542";"1571";"1030";"802";"505";"316";"152";"69";"14";"3"
"4318309";"São Gabriel (RS)";"Total";"58487";"3460";"3805";"3438";"3866";"4022";"2937";"2276";"1546";"1014";"555";"221";"53";"12"
"4318408";"São Jerônimo (RS)";"Total";"21028";"1145";"1290";"1275";"1402";"1355";"1135";"836";"517";"276";"178";"77";"14";"1"
"4318424";"São João da Urtiga (RS)";"Total";"4461";"202";"214";"179";"194";"205";"317";"276";"204";"100";"53";"23";"6";"1"
"4318432";"São João do Polêsine (RS)";"Total";"2649";"122";"137";"122";"131";"133";"197";"151";"97";"88";"63";"41";"6";"1"
"4318440";"São Jorge (RS)";"Total";"2912";"135";"137";"130";"156";"161";"206";"179";"117";"77";"30";"14";"3";"-"
"4318457";"São José das Missões (RS)";"Total";"2362";"128";"126";"131";"150";"128";"153";"115";"85";"39";"33";"8";"2";"-"
"4318465";"São José do Herval (RS)";"Total";"1902";"104";"107";"97";"127";"92";"114";"85";"63";"36";"27";"9";"4";"1"
"4318481";"São José do Hortêncio (RS)";"Total";"4447";"206";"229";"252";"239";"237";"236";"178";"108";"77";"39";"10";"4";"-"
"4318499";"São José do Inhacorá (RS)";"Total";"2406";"110";"131";"103";"108";"110";"183";"153";"103";"58";"22";"9";"5";"1"
"4318507";"São José do Norte (RS)";"Total";"25443";"1348";"1451";"1509";"1579";"1743";"1321";"1026";"604";"439";"219";"83";"35";"2"
"4318606";"São José do Ouro (RS)";"Total";"6834";"326";"353";"334";"354";"426";"411";"353";"219";"149";"92";"29";"4";"1"
"4318614";"São José do Sul (RS)";"Total";"2380";"137";"117";"128";"123";"120";"149";"129";"81";"49";"31";"19";"7";"1"
"4318622";"São José dos Ausentes (RS)";"Total";"4172";"344";"349";"285";"264";"322";"144";"115";"56";"43";"22";"7";"2";"-"
"4318705";"São Leopoldo (RS)";"Total";"217409";"13197";"14448";"13443";"14213";"16083";"9320";"6756";"4087";"2457";"1233";"486";"131";"14"
"4318804";"São Lourenço do Sul (RS)";"Total";"41989";"2031";"2159";"2262";"2449";"2535";"2440";"1967";"1324";"807";"430";"178";"33";"3"
"4318903";"São Luiz Gonzaga (RS)";"Total";"34752";"2225";"2254";"1911";"2181";"2409";"1796";"1285";"946";"590";"301";"147";"32";"11"
"4319000";"São Marcos (RS)";"Total";"21084";"1005";"1087";"1068";"1241";"1408";"1051";"827";"522";"348";"187";"59";"11";"1"
"4319109";"São Martinho (RS)";"Total";"5481";"295";"284";"266";"306";"268";"380";"295";"215";"118";"62";"21";"6";"-"
"4319125";"São Martinho da Serra (RS)";"Total";"2860";"120";"167";"164";"164";"149";"195";"155";"110";"69";"38";"19";"6";"2"
"4319158";"São Miguel das Missões (RS)";"Total";"7056";"378";"445";"398";"464";"419";"372";"290";"200";"134";"57";"28";"7";"2"
"4319208";"São Nicolau (RS)";"Total";"5118";"279";"320";"320";"350";"299";"348";"245";"175";"110";"54";"25";"7";"2"
"4319307";"São Paulo das Missões (RS)";"Total";"5846";"291";"262";"282";"287";"326";"461";"323";"172";"111";"67";"25";"3";"1"
"4319356";"São Pedro da Serra (RS)";"Total";"3548";"198";"228";"176";"191";"251";"148";"117";"91";"31";"25";"11";"3";"-"
"4319364";"São Pedro das Missões (RS)";"Total";"1757";"96";"117";"110";"103";"94";"110";"65";"64";"38";"28";"5";"1";"-"
"4319372";"São Pedro do Butiá (RS)";"Total";"3070";"153";"152";"166";"170";"171";"204";"146";"91";"72";"41";"13";"3";"1"
"4319406";"São Pedro do Sul (RS)";"Total";"15577";"804";"825";"825";"893";"905";"998";"789";"537";"400";"217";"82";"23";"1"
"4319505";"São Sebastião do Caí (RS)";"Total";"24428";"1397";"1597";"1471";"1501";"1592";"1229";"827";"566";"338";"187";"54";"16";"1"
"4319604";"São Sepé (RS)";"Total";"21219";"1157";"1135";"1112";"1282";"1248";"1342";"1023";"667";"500";"258";"110";"32";"7"
"4319703";"São Valentim (RS)";"Total";"3264";"153";"178";"144";"164";"158";"223";"237";"110";"103";"50";"27";"4";"1"
"4319711";"São Valentim do Sul (RS)";"Total";"2207";"94";"106";"108";"99";"107";"179";"141";"97";"56";"35";"11";"6";"1"
"4319737";"São Valério do Sul (RS)";"Total";"2543";"177";"185";"190";"237";"209";"135";"95";"49";"24";"19";"5";"-";"-"
"4319752";"São Vendelino (RS)";"Total";"2251";"126";"124";"117";"110";"147";"92";"73";"48";"46";"18";"7";"1";"1"
"4319802";"São Vicente do Sul (RS)";"Total";"8097";"412";"512";"453";"503";"535";"408";"351";"206";"130";"80";"51";"8";"3"
"4319901";"Sapiranga (RS)";"Total";"75648";"4731";"4959";"4846";"5140";"5709";"2856";"2011";"1304";"783";"400";"131";"28";"5"
"4320008";"Sapucaia do Sul (RS)";"Total";"132107";"7612";"8752";"8270";"9162";"10000";"5758";"4215";"2613";"1434";"689";"242";"45";"6"
"4320107";"Sarandi (RS)";"Total";"22851";"1556";"1452";"1283";"1271";"1582";"1039";"781";"534";"377";"195";"71";"19";"3"
"4320206";"Seberi (RS)";"Total";"11950";"799";"735";"694";"738";"854";"654";"458";"323";"204";"100";"47";"9";"6"
"4320230";"Sede Nova (RS)";"Total";"2704";"150";"147";"151";"171";"146";"180";"144";"73";"45";"21";"12";"2";"-"
"4320263";"Segredo (RS)";"Total";"6009";"344";"309";"364";"390";"309";"336";"262";"162";"94";"48";"16";"2";"-"
"4320305";"Selbach (RS)";"Total";"5107";"252";"286";"275";"269";"319";"270";"193";"153";"125";"65";"21";"7";"1"
"4320321";"Senador Salgado Filho (RS)";"Total";"2673";"128";"136";"139";"144";"147";"188";"121";"74";"48";"30";"6";"2";"1"
"4320354";"Sentinela do Sul (RS)";"Total";"5306";"262";"279";"273";"360";"336";"276";"242";"185";"89";"55";"23";"12";"2"
"4320404";"Serafina Corrêa (RS)";"Total";"16961";"964";"1002";"950";"1031";"1237";"746";"565";"424";"261";"154";"53";"11";"-"
"4320453";"Sério (RS)";"Total";"1941";"85";"88";"88";"91";"79";"119";"109";"86";"51";"29";"11";"6";"-"
"4320503";"Sertão (RS)";"Total";"5541";"274";"284";"259";"312";"289";"371";"310";"189";"118";"51";"28";"12";"1"
"4320552";"Sertão Santana (RS)";"Total";"5863";"279";"303";"290";"363";"375";"319";"291";"168";"138";"79";"32";"3";"3"
"4320578";"Sete de Setembro (RS)";"Total";"1830";"75";"84";"82";"98";"96";"108";"123";"58";"45";"31";"14";"3";"-"
"4320602";"Severiano de Almeida (RS)";"Total";"3406";"149";"161";"180";"174";"151";"252";"192";"117";"80";"46";"23";"4";"-"
"4320651";"Silveira Martins (RS)";"Total";"2028";"80";"97";"105";"105";"94";"137";"102";"99";"71";"42";"15";"2";"-"
"4320677";"Sinimbu (RS)";"Total";"8578";"395";"426";"423";"504";"470";"510";"429";"269";"192";"89";"35";"11";"-"
"4320701";"Sobradinho (RS)";"Total";"14226";"863";"825";"781";"819";"984";"745";"554";"379";"216";"114";"51";"7";"1"
"4320800";"Soledade (RS)";"Total";"29991";"1838";"1847";"1775";"2012";"2215";"1446";"1084";"758";"422";"208";"109";"22";"4"
"4320859";"Tabaí (RS)";"Total";"4461";"299";"294";"288";"260";"293";"207";"174";"119";"80";"40";"12";"2";"-"
"4320909";"Tapejara (RS)";"Total";"24557";"1711";"1668";"1274";"1341";"1814";"1008";"693";"510";"317";"195";"63";"10";"1"
"4321006";"Tapera (RS)";"Total";"10592";"596";"634";"628";"674";"716";"522";"416";"271";"172";"129";"39";"7";"1"
"4321105";"Tapes (RS)";"Total";"14695";"741";"892";"819";"1016";"985";"832";"652";"482";"306";"133";"52";"15";"3"
"4321204";"Taquara (RS)";"Total";"53242";"3089";"3350";"3252";"3458";"3529";"2561";"1988";"1256";"814";"414";"173";"28";"10"
"4321303";"Taquari (RS)";"Total";"25198";"1363";"1699";"1552";"1616";"1587";"1325";"976";"660";"432";"222";"78";"22";"1"
"4321329";"Taquaruçu do Sul (RS)";"Total";"3119";"182";"190";"173";"181";"174";"190";"144";"111";"59";"32";"13";"6";"-"
"4321352";"Tavares (RS)";"Total";"5212";"296";"290";"253";"334";"317";"353";"256";"188";"140";"60";"25";"5";"-"
"4321402";"Tenente Portela (RS)";"Total";"14497";"1012";"1018";"920";"1018";"1082";"745";"550";"357";"214";"150";"47";"12";"6"
"4321436";"Terra de Areia (RS)";"Total";"10334";"670";"660";"649";"689";"709";"582";"426";"244";"155";"66";"25";"3";"1"
"4321451";"Teutônia (RS)";"Total";"32797";"2005";"2002";"1923";"1947";"2225";"1501";"1130";"739";"453";"220";"75";"21";"2"
"4321469";"Tio Hugo (RS)";"Total";"3267";"209";"228";"204";"179";"205";"163";"113";"86";"52";"31";"5";"4";"-"
"4321477";"Tiradentes do Sul (RS)";"Total";"5129";"248";"265";"307";"296";"256";"388";"328";"202";"110";"50";"24";"2";"1"
"4321493";"Toropi (RS)";"Total";"2554";"104";"106";"133";"146";"126";"202";"149";"107";"63";"32";"11";"4";"-"
"4321501";"Torres (RS)";"Total";"41751";"2305";"2541";"2403";"2562";"2660";"2261";"1809";"1054";"611";"318";"132";"24";"2"
"4321600";"Tramandaí (RS)";"Total";"54387";"3410";"3934";"3463";"3511";"3622";"3093";"2211";"1343";"773";"354";"134";"26";"4"
"4321626";"Travesseiro (RS)";"Total";"2152";"89";"87";"87";"112";"125";"167";"157";"95";"68";"32";"8";"2";"-"
"4321634";"Três Arroios (RS)";"Total";"2591";"81";"87";"93";"128";"87";"176";"176";"120";"95";"49";"22";"4";"-"
"4321667";"Três Cachoeiras (RS)";"Total";"10962";"664";"686";"617";"631";"711";"574";"410";"265";"182";"83";"40";"10";"1"
"4321709";"Três Coroas (RS)";"Total";"24425";"1461";"1551";"1533";"1562";"1635";"1055";"759";"481";"284";"135";"56";"20";"2"
"4321808";"Três de Maio (RS)";"Total";"24916";"1453";"1472";"1297";"1285";"1575";"1366";"1056";"743";"472";"270";"114";"24";"3"
"4321832";"Três Forquilhas (RS)";"Total";"2760";"133";"151";"177";"180";"157";"157";"111";"93";"61";"33";"7";"1";"-"
"4321857";"Três Palmeiras (RS)";"Total";"4716";"337";"344";"310";"282";"260";"236";"218";"135";"73";"40";"15";"1";"1"
"4321907";"Três Passos (RS)";"Total";"25436";"1463";"1578";"1300";"1405";"1591";"1434";"1083";"744";"427";"252";"85";"23";"3"
"4321956";"Trindade do Sul (RS)";"Total";"7556";"468";"561";"476";"487";"590";"357";"276";"188";"87";"67";"20";"6";"1"
"4322004";"Triunfo (RS)";"Total";"27498";"1710";"1817";"1878";"1803";"1897";"1311";"992";"642";"375";"203";"57";"15";"3"
"4322103";"Tucunduva (RS)";"Total";"5542";"263";"253";"252";"278";"274";"368";"324";"205";"164";"106";"32";"3";"2"
"4322152";"Tunas (RS)";"Total";"3681";"210";"244";"210";"234";"225";"209";"122";"89";"54";"24";"6";"4";"1"
"4322186";"Tupanci do Sul (RS)";"Total";"1374";"61";"69";"67";"76";"74";"72";"65";"56";"34";"15";"7";"-";"-"
"4322202";"Tupanciretã (RS)";"Total";"20005";"1150";"1268";"1312";"1435";"1290";"976";"776";"482";"321";"169";"83";"12";"5"
"4322251";"Tupandi (RS)";"Total";"5029";"315";"336";"290";"309";"358";"195";"151";"91";"52";"36";"14";"3";"1"
"4322301";"Tuparendi (RS)";"Total";"8363";"404";"392";"371";"374";"418";"545";"445";"347";"220";"108";"47";"9";"2"
"4322327";"Turuçu (RS)";"Total";"3419";"146";"200";"192";"242";"210";"186";"149";"108";"52";"19";"9";"2";"-"
"4322343";"Ubiretama (RS)";"Total";"1994";"78";"97";"89";"106";"112";"128";"112";"71";"41";"17";"7";"2";"1"
"4322350";"União da Serra (RS)";"Total";"1170";"40";"49";"45";"58";"36";"121";"80";"57";"36";"25";"4";"2";"1"
"4322376";"Unistalda (RS)";"Total";"1995";"96";"108";"107";"109";"88";"127";"100";"74";"50";"28";"7";"2";"-"
"4322400";"Uruguaiana (RS)";"Total";"117210";"7725";"8260";"8128";"8730";"8980";"5092";"3621";"2402";"1415";"758";"304";"77";"12"
"4322509";"Vacaria (RS)";"Total";"64197";"4209";"4483";"4187";"4521";"4718";"2729";"2111";"1434";"903";"480";"194";"44";"8"
"4322525";"Vale Verde (RS)";"Total";"3150";"142";"178";"174";"198";"181";"193";"171";"99";"59";"31";"8";"1";"-"
"4322533";"Vale do Sol (RS)";"Total";"9897";"464";"468";"480";"571";"653";"531";"430";"322";"196";"76";"29";"4";"2"
"4322541";"Vale Real (RS)";"Total";"6058";"382";"361";"352";"332";"401";"250";"197";"137";"57";"32";"10";"3";"-"
"4322558";"Vanini (RS)";"Total";"2004";"94";"91";"100";"112";"110";"133";"99";"78";"51";"20";"3";"3";"-"
"4322608";"Venâncio Aires (RS)";"Total";"68763";"3702";"3879";"3492";"3944";"4663";"3553";"2712";"1758";"1087";"576";"221";"52";"6"
"4322707";"Vera Cruz (RS)";"Total";"26710";"1564";"1514";"1394";"1580";"1872";"1227";"1014";"610";"406";"178";"73";"14";"4"
"4322806";"Veranópolis (RS)";"Total";"24021";"1111";"1253";"1122";"1209";"1476";"1300";"1013";"713";"451";"253";"95";"31";"3"
"4322855";"Vespasiano Corrêa (RS)";"Total";"1818";"80";"72";"86";"84";"94";"133";"122";"82";"74";"27";"15";"2";"-"
"4322905";"Viadutos (RS)";"Total";"4769";"220";"209";"210";"229";"223";"378";"258";"210";"118";"85";"36";"9";"-"
"4323002";"Viamão (RS)";"Total";"224112";"12751";"15693";"14982";"15607";"16556";"10662";"7680";"4874";"2705";"1478";"559";"135";"21"
"4323101";"Vicente Dutra (RS)";"Total";"4665";"296";"283";"318";"316";"274";"244";"197";"143";"69";"37";"17";"2";"1"
"4323200";"Victor Graeff (RS)";"Total";"2780";"143";"162";"134";"185";"149";"175";"129";"86";"54";"36";"11";"4";"1"
"4323309";"Vila Flores (RS)";"Total";"3646";"187";"226";"168";"168";"197";"221";"186";"99";"76";"48";"20";"2";"-"
"4323358";"Vila Lângaro (RS)";"Total";"2079";"102";"96";"106";"98";"152";"127";"88";"92";"48";"21";"12";"1";"-"
"4323408";"Vila Maria (RS)";"Total";"4413";"227";"222";"212";"225";"271";"307";"198";"148";"73";"49";"24";"8";"2"
"4323457";"Vila Nova do Sul (RS)";"Total";"3863";"166";"198";"234";"233";"218";"261";"189";"131";"99";"48";"17";"3";"1"
"4323507";"Vista Alegre (RS)";"Total";"2660";"167";"134";"125";"160";"174";"179";"126";"70";"55";"31";"10";"1";"-"
"4323606";"Vista Alegre do Prata (RS)";"Total";"1590";"72";"78";"88";"76";"87";"101";"101";"71";"43";"18";"5";"1";"-"
"4323705";"Vista Gaúcha (RS)";"Total";"2783";"160";"144";"150";"142";"158";"166";"118";"77";"55";"29";"13";"2";"-"
"4323754";"Vitória das Missões (RS)";"Total";"3260";"153";"154";"169";"171";"155";"241";"214";"130";"69";"31";"15";"1";"-"
"4323770";"Westfália (RS)";"Total";"3098";"163";"196";"158";"185";"163";"150";"147";"93";"59";"29";"6";"2";"-"
"4323804";"Xangri-lá (RS)";"Total";"16463";"1121";"1164";"1124";"1086";"1132";"853";"580";"391";"199";"103";"44";"13";"2"
"5000203";"Água Clara (MS)";"Total";"16741";"1432";"1568";"1371";"1271";"1360";"399";"233";"134";"79";"37";"20";"3";"1"
"5000252";"Alcinópolis (MS)";"Total";"4537";"328";"348";"313";"309";"278";"154";"108";"80";"64";"21";"11";"1";"-"
"5000609";"Amambai (MS)";"Total";"39325";"3004";"3414";"3403";"3424";"3296";"1149";"890";"599";"455";"229";"96";"36";"22"
"5000708";"Anastácio (MS)";"Total";"24114";"1735";"1834";"1806";"1764";"1657";"977";"762";"482";"266";"157";"66";"16";"4"
"5000807";"Anaurilândia (MS)";"Total";"7653";"466";"500";"532";"518";"506";"323";"210";"169";"96";"43";"16";"5";"1"
"5000856";"Angélica (MS)";"Total";"10729";"743";"877";"779";"701";"701";"397";"275";"208";"103";"85";"29";"5";"1"
"5000906";"Antônio João (MS)";"Total";"9303";"779";"780";"830";"813";"750";"309";"203";"155";"104";"72";"21";"7";"5"
"5001003";"Aparecida do Taboado (MS)";"Total";"27674";"2042";"2079";"1803";"1913";"2298";"1031";"717";"468";"284";"172";"64";"10";"2"
"5001102";"Aquidauana (MS)";"Total";"46803";"3450";"3479";"3676";"3803";"3410";"1981";"1434";"971";"600";"330";"135";"42";"18"
"5001243";"Aral Moreira (MS)";"Total";"10748";"968";"1016";"1038";"1049";"890";"272";"195";"141";"91";"50";"27";"13";"1"
"5001508";"Bandeirantes (MS)";"Total";"7940";"607";"630";"551";"518";"566";"311";"212";"178";"99";"47";"15";"6";"1"
"5001904";"Bataguassu (MS)";"Total";"23031";"1641";"1677";"1694";"1711";"1763";"781";"467";"314";"217";"113";"36";"12";"4"
"5002001";"Batayporã (MS)";"Total";"10712";"746";"798";"750";"736";"771";"377";"320";"209";"129";"69";"31";"5";"2"
"5002100";"Bela Vista (MS)";"Total";"21613";"1554";"1700";"1717";"1648";"1661";"845";"587";"465";"291";"128";"64";"25";"6"
"5002159";"Bodoquena (MS)";"Total";"8567";"692";"640";"664";"588";"563";"345";"231";"160";"87";"42";"17";"6";"3"
"5002209";"Bonito (MS)";"Total";"23659";"1820";"1902";"1780";"1680";"1666";"820";"560";"365";"192";"93";"52";"8";"3"
"5002308";"Brasilândia (MS)";"Total";"11579";"833";"830";"790";"850";"854";"442";"278";"168";"110";"56";"19";"6";"-"
"5002407";"Caarapó (MS)";"Total";"30612";"2431";"2417";"2461";"2582";"2491";"842";"639";"447";"329";"161";"76";"22";"13"
"5002605";"Camapuã (MS)";"Total";"13583";"892";"954";"873";"876";"779";"603";"429";"316";"199";"111";"58";"12";"1"
"5002704";"Campo Grande (MS)";"Total";"898100";"59766";"63928";"61139";"60791";"66260";"33667";"23817";"15488";"9622";"5436";"2359";"611";"130"
"5002803";"Caracol (MS)";"Total";"5036";"358";"391";"391";"400";"340";"196";"133";"95";"70";"44";"18";"4";"1"
"5002902";"Cassilândia (MS)";"Total";"20988";"1352";"1332";"1288";"1379";"1489";"981";"830";"576";"347";"166";"60";"9";"8"
"5002951";"Chapadão do Sul (MS)";"Total";"30993";"2449";"2493";"2334";"2299";"2642";"629";"364";"194";"145";"74";"24";"5";"1"
"5003108";"Corguinho (MS)";"Total";"4783";"277";"348";"364";"320";"229";"234";"187";"127";"75";"41";"12";"2";"2"
"5003157";"Coronel Sapucaia (MS)";"Total";"14289";"1473";"1443";"1356";"1410";"1241";"375";"223";"193";"109";"60";"26";"13";"6"
"5003207";"Corumbá (MS)";"Total";"96268";"7639";"7833";"7431";"7416";"7690";"3311";"2297";"1626";"924";"476";"192";"68";"14"
"5003256";"Costa Rica (MS)";"Total";"26037";"2162";"2124";"1897";"1869";"1881";"773";"546";"349";"219";"112";"50";"6";"3"
"5003306";"Coxim (MS)";"Total";"32151";"2175";"2272";"2248";"2201";"2224";"1211";"890";"585";"378";"204";"67";"15";"8"
"5003454";"Deodápolis (MS)";"Total";"13663";"942";"971";"954";"893";"906";"545";"372";"253";"164";"95";"47";"16";"1"
"5003488";"Dois Irmãos do Buriti (MS)";"Total";"11100";"883";"897";"821";"778";"873";"434";"274";"188";"111";"64";"27";"3";"5"
"5003504";"Douradina (MS)";"Total";"5578";"389";"402";"448";"399";"392";"247";"157";"115";"62";"35";"17";"5";"1"
"5003702";"Dourados (MS)";"Total";"243367";"17668";"18115";"16962";"17433";"20586";"8011";"5624";"3592";"2253";"1200";"523";"122";"32"
"5003751";"Eldorado (MS)";"Total";"11386";"843";"855";"837";"824";"821";"385";"272";"228";"143";"69";"26";"10";"1"
"5003801";"Fátima do Sul (MS)";"Total";"20609";"1296";"1270";"1215";"1314";"1306";"1022";"772";"505";"334";"179";"77";"24";"4"
"5003900";"Figueirão (MS)";"Total";"3539";"249";"309";"255";"199";"204";"126";"93";"61";"50";"18";"3";"2";"-"
"5004007";"Glória de Dourados (MS)";"Total";"10444";"638";"650";"624";"641";"607";"525";"361";"233";"180";"80";"39";"8";"2"
"5004106";"Guia Lopes da Laguna (MS)";"Total";"9940";"683";"708";"709";"740";"673";"454";"327";"236";"155";"73";"37";"9";"9"
"5004304";"Iguatemi (MS)";"Total";"13808";"1035";"1052";"990";"1062";"1029";"529";"367";"250";"186";"79";"31";"11";"3"
"5004403";"Inocência (MS)";"Total";"8404";"608";"571";"561";"563";"677";"309";"219";"142";"101";"44";"16";"4";"1"
"5004502";"Itaporã (MS)";"Total";"24137";"1869";"2003";"1950";"2002";"2000";"859";"619";"388";"256";"135";"65";"22";"8"
"5004601";"Itaquiraí (MS)";"Total";"19423";"1524";"1486";"1420";"1458";"1374";"683";"471";"297";"174";"79";"33";"6";"1"
"5004700";"Ivinhema (MS)";"Total";"27821";"1929";"1978";"1847";"1794";"1899";"992";"801";"531";"356";"159";"59";"21";"4"
"5004809";"Japorã (MS)";"Total";"8148";"801";"856";"928";"857";"739";"184";"145";"110";"65";"39";"6";"7";"2"
"5004908";"Jaraguari (MS)";"Total";"7139";"435";"500";"507";"459";"351";"432";"296";"167";"91";"51";"29";"7";"3"
"5005004";"Jardim (MS)";"Total";"23981";"1728";"1743";"1814";"1849";"1693";"966";"705";"495";"328";"189";"80";"20";"9"
"5005103";"Jateí (MS)";"Total";"3586";"262";"251";"259";"256";"226";"136";"100";"65";"50";"24";"9";"3";"-"
"5005152";"Juti (MS)";"Total";"6729";"547";"597";"578";"487";"432";"225";"165";"127";"91";"36";"20";"5";"1"
"5005202";"Ladário (MS)";"Total";"21522";"1974";"1905";"1805";"1842";"1787";"595";"410";"296";"146";"84";"35";"9";"1"
"5005251";"Laguna Carapã (MS)";"Total";"6799";"564";"634";"586";"529";"509";"193";"168";"105";"68";"38";"21";"12";"2"
"5005400";"Maracaju (MS)";"Total";"45047";"3517";"3519";"3061";"3060";"3356";"1210";"802";"570";"285";"162";"51";"13";"1"
"5005608";"Miranda (MS)";"Total";"25536";"2164";"2250";"2220";"2088";"1878";"843";"642";"388";"238";"107";"60";"21";"6"
"5005681";"Mundo Novo (MS)";"Total";"19193";"1319";"1435";"1362";"1335";"1271";"792";"597";"384";"237";"121";"52";"15";"3"
"5005707";"Naviraí (MS)";"Total";"50457";"3589";"3847";"3641";"3518";"3540";"1684";"1067";"765";"415";"248";"94";"33";"6"
"5005806";"Nioaque (MS)";"Total";"13220";"1008";"1026";"986";"999";"927";"532";"350";"219";"146";"79";"33";"17";"6"
"5006002";"Nova Alvorada do Sul (MS)";"Total";"21822";"1867";"1888";"1815";"1589";"1563";"587";"354";"197";"123";"70";"25";"4";"2"
"5006200";"Nova Andradina (MS)";"Total";"48563";"3339";"3559";"3510";"3636";"3407";"1788";"1164";"786";"470";"271";"102";"39";"5"
"5006259";"Novo Horizonte do Sul (MS)";"Total";"4721";"348";"378";"317";"324";"306";"208";"112";"107";"64";"24";"3";"1";"-"
"5006275";"Paraíso das Águas (MS)";"Total";"5510";"455";"462";"435";"356";"347";"173";"107";"73";"43";"24";"7";"2";"-"
"5006309";"Paranaíba (MS)";"Total";"40957";"2564";"2681";"2508";"2549";"2903";"1916";"1414";"902";"580";"280";"113";"13";"9"
"5006358";"Paranhos (MS)";"Total";"12921";"1495";"1450";"1382";"1345";"1161";"296";"212";"150";"93";"57";"22";"18";"7"
"5006408";"Pedro Gomes (MS)";"Total";"6941";"488";"454";"456";"470";"411";"311";"201";"175";"102";"65";"18";"10";"4"
"5006606";"Ponta Porã (MS)";"Total";"92017";"7236";"7494";"7221";"7262";"7912";"2823";"1952";"1269";"761";"421";"182";"45";"17"
"5006903";"Porto Murtinho (MS)";"Total";"12859";"1132";"1172";"1124";"1019";"962";"369";"241";"197";"108";"63";"23";"7";"1"
"5007109";"Ribas do Rio Pardo (MS)";"Total";"23150";"1848";"1940";"1816";"1745";"1742";"619";"406";"232";"139";"59";"22";"8";"3"
"5007208";"Rio Brilhante (MS)";"Total";"37601";"3142";"3109";"2967";"2826";"2892";"1129";"690";"427";"259";"147";"49";"12";"3"
"5007307";"Rio Negro (MS)";"Total";"4841";"317";"359";"320";"358";"279";"209";"149";"138";"92";"41";"17";"3";"1"
"5007406";"Rio Verde de Mato Grosso (MS)";"Total";"19818";"1452";"1531";"1394";"1452";"1269";"875";"635";"388";"260";"129";"57";"18";"1"
"5007505";"Rochedo (MS)";"Total";"5199";"396";"353";"381";"359";"370";"207";"162";"103";"62";"26";"7";"3";"1"
"5007554";"Santa Rita do Pardo (MS)";"Total";"7027";"497";"554";"529";"469";"470";"240";"174";"100";"76";"26";"12";"2";"-"
"5007695";"São Gabriel do Oeste (MS)";"Total";"29579";"2307";"2470";"2105";"2116";"2161";"920";"640";"344";"237";"105";"39";"5";"1"
"5007703";"Sete Quedas (MS)";"Total";"10994";"808";"748";"818";"783";"778";"446";"308";"211";"129";"67";"20";"9";"1"
"5007802";"Selvíria (MS)";"Total";"8142";"513";"580";"564";"540";"594";"330";"217";"166";"82";"41";"19";"4";"3"
"5007901";"Sidrolândia (MS)";"Total";"47118";"3688";"3756";"3506";"3498";"3477";"1735";"1197";"692";"389";"182";"86";"22";"9"
"5007935";"Sonora (MS)";"Total";"14516";"1087";"1155";"1091";"1144";"1147";"388";"245";"137";"87";"53";"13";"2";"-"
"5007950";"Tacuru (MS)";"Total";"10808";"1073";"1037";"984";"1028";"854";"283";"181";"139";"146";"66";"21";"10";"4"
"5007976";"Taquarussu (MS)";"Total";"3625";"200";"246";"258";"275";"204";"180";"108";"88";"59";"21";"13";"5";"2"
"5008008";"Terenos (MS)";"Total";"17652";"1148";"1261";"1294";"1206";"1123";"857";"568";"388";"217";"103";"38";"10";"2"
"5008305";"Três Lagoas (MS)";"Total";"132152";"9133";"9757";"9600";"9282";"9879";"4452";"2862";"1957";"1169";"607";"244";"65";"18"
"5008404";"Vicentina (MS)";"Total";"6336";"392";"365";"379";"426";"412";"329";"207";"176";"126";"65";"33";"5";"1"
"5100102";"Acorizal (MT)";"Total";"5014";"302";"369";"346";"323";"262";"270";"213";"145";"72";"36";"21";"8";"4"
"5100201";"Água Boa (MT)";"Total";"29219";"2226";"2213";"2052";"2154";"2380";"780";"496";"349";"173";"91";"37";"15";"4"
"5100250";"Alta Floresta (MT)";"Total";"58613";"4402";"4104";"3938";"4235";"4691";"1904";"1237";"763";"507";"238";"101";"17";"7"
"5100300";"Alto Araguaia (MT)";"Total";"17193";"1114";"1225";"1261";"1238";"1191";"643";"463";"325";"200";"108";"48";"15";"6"
"5100359";"Alto Boa Vista (MT)";"Total";"5715";"512";"544";"509";"540";"478";"140";"106";"77";"40";"17";"9";"9";"5"
"5100409";"Alto Garças (MT)";"Total";"13052";"993";"944";"928";"889";"1073";"433";"291";"203";"112";"68";"25";"6";"1"
"5100508";"Alto Paraguai (MT)";"Total";"8009";"543";"548";"548";"603";"477";"373";"257";"154";"106";"45";"18";"4";"4"
"5100607";"Alto Taquari (MT)";"Total";"10904";"899";"916";"851";"833";"929";"258";"148";"99";"56";"27";"10";"1";"2"
"5100805";"Apiacás (MT)";"Total";"8590";"716";"710";"688";"764";"664";"256";"162";"78";"39";"17";"10";"-";"-"
"5101001";"Araguaiana (MT)";"Total";"3795";"262";"284";"250";"222";"221";"151";"118";"71";"40";"18";"6";"3";"1"
"5101209";"Araguainha (MT)";"Total";"1010";"50";"71";"68";"74";"53";"54";"45";"26";"23";"8";"5";"1";"2"
"5101258";"Araputanga (MT)";"Total";"14786";"1077";"1025";"1014";"1108";"1105";"504";"360";"252";"156";"79";"27";"10";"2"
"5101308";"Arenápolis (MT)";"Total";"10576";"776";"760";"789";"799";"787";"386";"308";"163";"133";"67";"31";"6";"2"
"5101407";"Aripuanã (MT)";"Total";"24626";"2181";"2149";"2037";"2019";"2136";"471";"319";"183";"104";"42";"18";"7";"3"
"5101605";"Barão de Melgaço (MT)";"Total";"7253";"442";"525";"571";"559";"404";"341";"245";"171";"120";"55";"22";"11";"3"
"5101704";"Barra do Bugres (MT)";"Total";"29403";"2122";"2246";"2348";"2228";"2216";"942";"662";"429";"274";"114";"74";"15";"4"
"5101803";"Barra do Garças (MT)";"Total";"69210";"4914";"5079";"4481";"5004";"5723";"2436";"1749";"1157";"683";"326";"143";"37";"19"
"5101852";"Bom Jesus do Araguaia (MT)";"Total";"7280";"608";"557";"603";"564";"576";"214";"136";"77";"34";"25";"6";"1";"2"
"5101902";"Brasnorte (MT)";"Total";"17004";"1599";"1426";"1330";"1319";"1392";"475";"302";"188";"92";"39";"12";"4";"3"
"5102504";"Cáceres (MT)";"Total";"89681";"6611";"6692";"6647";"7117";"6974";"3182";"2320";"1507";"951";"450";"204";"48";"12"
"5102603";"Campinápolis (MT)";"Total";"15347";"1982";"1817";"1662";"1518";"1253";"265";"234";"148";"87";"55";"52";"37";"42"
"5102637";"Campo Novo do Parecis (MT)";"Total";"45899";"4067";"4078";"3528";"3519";"4491";"636";"423";"217";"154";"55";"21";"1";"3"
"5102678";"Campo Verde (MT)";"Total";"44585";"3533";"3635";"3298";"3614";"3993";"1057";"681";"440";"254";"111";"40";"9";"3"
"5102686";"Campos de Júlio (MT)";"Total";"8822";"834";"759";"746";"720";"768";"128";"97";"45";"29";"5";"5";"1";"-"
"5102694";"Canabrava do Norte (MT)";"Total";"4485";"402";"344";"373";"323";"289";"156";"121";"63";"46";"21";"5";"3";"1"
"5102702";"Canarana (MT)";"Total";"25858";"2352";"2258";"1946";"1909";"2025";"678";"457";"257";"149";"87";"49";"10";"3"
"5102793";"Carlinda (MT)";"Total";"10332";"718";"731";"684";"734";"637";"459";"320";"221";"151";"75";"31";"6";"2"
"5102850";"Castanheira (MT)";"Total";"7506";"474";"517";"536";"559";"517";"315";"190";"125";"85";"30";"12";"5";"1"
"5103007";"Chapada dos Guimarães (MT)";"Total";"18990";"1296";"1410";"1391";"1297";"1190";"854";"625";"419";"259";"123";"34";"13";"7"
"5103056";"Cláudia (MT)";"Total";"9593";"686";"749";"687";"675";"713";"377";"230";"137";"87";"50";"12";"2";"2"
"5103106";"Cocalinho (MT)";"Total";"6220";"432";"445";"439";"418";"404";"220";"158";"93";"57";"17";"6";"2";"1"
"5103205";"Colíder (MT)";"Total";"31370";"2179";"2305";"1998";"2097";"2169";"1104";"829";"560";"356";"205";"78";"9";"3"
"5103254";"Colniza (MT)";"Total";"25766";"2154";"2088";"2124";"2235";"2008";"667";"427";"199";"127";"47";"14";"4";"2"
"5103304";"Comodoro (MT)";"Total";"18238";"1575";"1459";"1528";"1484";"1358";"561";"366";"220";"150";"60";"20";"5";"4"
"5103353";"Confresa (MT)";"Total";"35075";"2994";"2968";"2610";"2808";"3058";"820";"513";"358";"173";"60";"25";"6";"1"
"5103361";"Conquista D'Oeste (MT)";"Total";"3760";"337";"298";"302";"292";"276";"116";"98";"49";"34";"30";"2";"4";"1"
"5103379";"Cotriguaçu (MT)";"Total";"11011";"853";"833";"912";"887";"816";"286";"223";"130";"64";"24";"5";"-";"2"
"5103403";"Cuiabá (MT)";"Total";"650877";"43647";"46681";"44306";"45271";"49212";"22120";"14979";"9333";"5469";"2822";"1141";"309";"85"
"5103437";"Curvelândia (MT)";"Total";"4903";"299";"338";"343";"379";"344";"224";"140";"106";"79";"42";"14";"5";"-"
"5103452";"Denise (MT)";"Total";"7014";"537";"502";"555";"582";"544";"225";"136";"104";"60";"23";"12";"5";"1"
"5103502";"Diamantino (MT)";"Total";"21941";"1775";"1752";"1711";"1593";"1613";"689";"468";"282";"188";"83";"30";"11";"6"
"5103601";"Dom Aquino (MT)";"Total";"7872";"500";"544";"563";"515";"423";"386";"294";"196";"129";"76";"30";"5";"-"
"5103700";"Feliz Natal (MT)";"Total";"10521";"1105";"1012";"890";"934";"898";"241";"151";"59";"42";"22";"7";"1";"-"
"5103809";"Figueirópolis D'Oeste (MT)";"Total";"3187";"214";"200";"205";"197";"198";"140";"111";"74";"51";"23";"3";"1";"-"
"5103858";"Gaúcha do Norte (MT)";"Total";"8642";"850";"866";"811";"737";"652";"180";"100";"82";"44";"27";"5";"-";"-"
"5103908";"General Carneiro (MT)";"Total";"6037";"584";"578";"527";"534";"443";"196";"141";"101";"58";"35";"12";"10";"4"
"5103957";"Glória D'Oeste (MT)";"Total";"2905";"177";"192";"180";"173";"161";"152";"133";"75";"41";"25";"8";"2";"-"
"5104104";"Guarantã do Norte (MT)";"Total";"31024";"2394";"2433";"2205";"2513";"2451";"991";"696";"430";"277";"145";"46";"7";"1"
"5104203";"Guiratinga (MT)";"Total";"10966";"600";"645";"642";"696";"669";"597";"456";"339";"226";"116";"30";"10";"5"
"5104500";"Indiavaí (MT)";"Total";"2213";"146";"154";"157";"169";"134";"101";"81";"40";"34";"16";"5";"2";"-"
"5104526";"Ipiranga do Norte (MT)";"Total";"7815";"704";"664";"598";"597";"707";"163";"110";"55";"31";"8";"5";"1";"-"
"5104542";"Itanhangá (MT)";"Total";"7539";"665";"601";"580";"606";"590";"246";"129";"77";"28";"15";"3";"1";"1"
"5104559";"Itaúba (MT)";"Total";"5020";"424";"423";"346";"365";"357";"150";"110";"74";"46";"16";"12";"-";"-"
"5104609";"Itiquira (MT)";"Total";"12236";"953";"1023";"1005";"922";"814";"370";"304";"152";"87";"36";"25";"1";"2"
"5104807";"Jaciara (MT)";"Total";"28569";"2136";"2113";"1989";"2084";"2107";"996";"694";"481";"294";"143";"51";"12";"4"
"5104906";"Jangada (MT)";"Total";"7426";"512";"554";"577";"562";"489";"313";"221";"179";"131";"58";"31";"6";"7"
"5105002";"Jauru (MT)";"Total";"8367";"548";"588";"583";"651";"554";"336";"286";"204";"143";"71";"30";"7";"4"
"5105101";"Juara (MT)";"Total";"34906";"2788";"2741";"2549";"2569";"2449";"1052";"719";"418";"320";"137";"40";"9";"-"
"5105150";"Juína (MT)";"Total";"45869";"3540";"3432";"3266";"3426";"3487";"1387";"1053";"725";"370";"189";"73";"23";"5"
"5105176";"Juruena (MT)";"Total";"10213";"810";"807";"817";"845";"782";"299";"201";"129";"58";"31";"16";"2";"-"
"5105200";"Juscimeira (MT)";"Total";"11480";"745";"835";"796";"706";"603";"528";"362";"277";"189";"82";"29";"7";"5"
"5105234";"Lambari D'Oeste (MT)";"Total";"4790";"419";"351";"335";"339";"350";"175";"110";"78";"41";"20";"16";"2";"-"
"5105259";"Lucas do Rio Verde (MT)";"Total";"83798";"7070";"7317";"6083";"6295";"7807";"1306";"817";"521";"247";"126";"46";"10";"4"
"5105309";"Luciara (MT)";"Total";"2509";"221";"190";"190";"212";"184";"101";"57";"37";"20";"21";"3";"1";"1"
"5105507";"Vila Bela da Santíssima Trindade (MT)";"Total";"16774";"1487";"1480";"1473";"1400";"1174";"450";"313";"180";"123";"43";"26";"6";"1"
"5105580";"Marcelândia (MT)";"Total";"11396";"943";"970";"923";"920";"830";"351";"230";"143";"93";"36";"15";"1";"-"
"5105606";"Matupá (MT)";"Total";"20091";"1725";"1672";"1438";"1491";"1662";"550";"356";"238";"126";"64";"18";"4";"-"
"5105622";"Mirassol d'Oeste (MT)";"Total";"26785";"1877";"1870";"1875";"1916";"1946";"962";"664";"407";"295";"126";"40";"10";"4"
"5105903";"Nobres (MT)";"Total";"15492";"1233";"1251";"1140";"1200";"1049";"582";"392";"243";"149";"96";"32";"10";"2"
"5106000";"Nortelândia (MT)";"Total";"5956";"417";"420";"388";"421";"372";"241";"166";"121";"67";"48";"16";"8";"1"
"5106109";"Nossa Senhora do Livramento (MT)";"Total";"12940";"799";"959";"941";"802";"660";"679";"507";"333";"195";"111";"46";"11";"4"
"5106158";"Nova Bandeirantes (MT)";"Total";"13635";"1051";"1026";"966";"921";"872";"412";"269";"146";"109";"39";"14";"1";"-"
"5106174";"Nova Nazaré (MT)";"Total";"4200";"511";"458";"430";"409";"298";"108";"54";"38";"25";"24";"15";"7";"1"
"5106182";"Nova Lacerda (MT)";"Total";"6670";"530";"569";"546";"546";"446";"185";"156";"76";"47";"17";"7";"1";"1"
"5106190";"Nova Santa Helena (MT)";"Total";"4239";"358";"363";"307";"302";"274";"135";"121";"71";"35";"12";"6";"2";"1"
"5106208";"Nova Brasilândia (MT)";"Total";"3932";"244";"257";"264";"293";"216";"164";"123";"91";"34";"22";"9";"4";"2"
"5106216";"Nova Canaã do Norte (MT)";"Total";"11707";"880";"824";"826";"852";"738";"431";"330";"196";"112";"61";"28";"10";"-"
"5106224";"Nova Mutum (MT)";"Total";"55839";"5004";"4752";"4196";"4356";"5233";"939";"574";"338";"192";"94";"22";"7";"-"
"5106232";"Nova Olímpia (MT)";"Total";"16352";"1256";"1320";"1238";"1334";"1374";"499";"292";"214";"97";"45";"17";"6";"1"
"5106240";"Nova Ubiratã (MT)";"Total";"11530";"1125";"1025";"940";"950";"945";"245";"143";"75";"40";"15";"5";"1";"1"
"5106257";"Nova Xavantina (MT)";"Total";"24345";"1615";"1650";"1471";"1588";"1920";"835";"654";"377";"256";"126";"54";"13";"5"
"5106265";"Novo Mundo (MT)";"Total";"6520";"565";"549";"482";"454";"457";"236";"158";"78";"37";"19";"4";"2";"-"
"5106273";"Novo Horizonte do Norte (MT)";"Total";"3349";"187";"229";"202";"194";"168";"160";"107";"85";"58";"32";"11";"2";"-"
"5106281";"Novo São Joaquim (MT)";"Total";"6919";"554";"520";"491";"449";"428";"231";"171";"111";"63";"32";"6";"3";"2"
"5106299";"Paranaíta (MT)";"Total";"11671";"852";"817";"802";"898";"771";"432";"288";"182";"117";"58";"13";"1";"-"
"5106307";"Paranatinga (MT)";"Total";"26423";"2269";"2119";"2027";"2020";"2097";"654";"459";"316";"207";"99";"44";"8";"6"
"5106315";"Novo Santo Antônio (MT)";"Total";"2015";"150";"144";"148";"167";"128";"75";"42";"25";"20";"13";"7";"1";"-"
"5106372";"Pedra Preta (MT)";"Total";"18066";"1254";"1365";"1302";"1344";"1307";"656";"440";"277";"197";"88";"31";"11";"3"
"5106422";"Peixoto de Azevedo (MT)";"Total";"32714";"2805";"2790";"2501";"2551";"2610";"957";"582";"355";"207";"76";"29";"4";"3"
"5106455";"Planalto da Serra (MT)";"Total";"3166";"263";"264";"239";"251";"206";"119";"100";"48";"32";"12";"6";"1";"3"
"5106505";"Poconé (MT)";"Total";"31217";"2234";"2318";"2469";"2268";"2025";"1171";"828";"597";"387";"174";"78";"27";"10"
"5106653";"Pontal do Araguaia (MT)";"Total";"6932";"476";"459";"459";"485";"531";"251";"184";"110";"75";"28";"5";"5";"1"
"5106703";"Ponte Branca (MT)";"Total";"2008";"132";"137";"108";"118";"98";"120";"76";"59";"35";"21";"5";"-";"-"
"5106752";"Pontes e Lacerda (MT)";"Total";"52018";"4167";"4030";"3648";"4003";"4247";"1387";"921";"577";"361";"185";"53";"19";"4"
"5106778";"Porto Alegre do Norte (MT)";"Total";"12127";"1057";"1030";"960";"984";"813";"386";"280";"192";"94";"55";"25";"5";"1"
"5106802";"Porto dos Gaúchos (MT)";"Total";"5593";"402";"436";"385";"384";"399";"220";"134";"76";"56";"23";"11";"2";"-"
"5106828";"Porto Esperidião (MT)";"Total";"10204";"812";"771";"786";"803";"781";"371";"217";"152";"97";"55";"12";"5";"3"
"5106851";"Porto Estrela (MT)";"Total";"3224";"209";"225";"240";"253";"160";"151";"116";"90";"53";"21";"12";"5";"2"
"5107008";"Poxoréu (MT)";"Total";"23283";"1808";"1881";"1793";"1558";"1360";"1109";"732";"436";"285";"126";"62";"22";"4"
"5107040";"Primavera do Leste (MT)";"Total";"85146";"7060";"6915";"6107";"6360";"7691";"1728";"1123";"630";"384";"192";"64";"19";"1"
"5107065";"Querência (MT)";"Total";"26769";"2510";"2220";"2146";"2275";"2536";"456";"263";"176";"90";"35";"8";"3";"-"
"5107107";"São José dos Quatro Marcos (MT)";"Total";"17849";"1111";"1181";"1119";"1146";"1107";"842";"567";"390";"252";"126";"51";"8";"3"
"5107156";"Reserva do Cabaçal (MT)";"Total";"2122";"156";"138";"182";"151";"123";"82";"55";"48";"25";"18";"4";"2";"1"
"5107180";"Ribeirão Cascalheira (MT)";"Total";"10089";"837";"834";"802";"744";"714";"332";"215";"133";"89";"46";"20";"6";"-"
"5107198";"Ribeirãozinho (MT)";"Total";"2593";"182";"208";"162";"164";"187";"116";"78";"48";"29";"9";"10";"2";"2"
"5107206";"Rio Branco (MT)";"Total";"4535";"334";"297";"308";"290";"321";"209";"114";"91";"73";"44";"14";"4";"-"
"5107248";"Santa Carmem (MT)";"Total";"5374";"489";"452";"398";"443";"427";"139";"120";"62";"37";"17";"7";"4";"-"
"5107263";"Santo Afonso (MT)";"Total";"2519";"183";"205";"172";"165";"138";"103";"71";"52";"34";"23";"-";"3";"-"
"5107297";"São José do Povo (MT)";"Total";"2875";"140";"155";"200";"148";"117";"163";"156";"108";"66";"33";"14";"2";"1"
"5107305";"São José do Rio Claro (MT)";"Total";"14911";"1156";"1185";"1132";"1110";"1066";"467";"334";"206";"117";"52";"18";"1";"-"
"5107354";"São José do Xingu (MT)";"Total";"5964";"604";"578";"493";"526";"482";"115";"74";"48";"26";"13";"3";"2";"-"
"5107404";"São Pedro da Cipa (MT)";"Total";"4191";"298";"362";"344";"323";"270";"142";"108";"73";"40";"24";"5";"3";"-"
"5107578";"Rondolândia (MT)";"Total";"3505";"335";"341";"327";"310";"276";"81";"65";"42";"29";"14";"8";"2";"-"
"5107602";"Rondonópolis (MT)";"Total";"244911";"18064";"18588";"17653";"17327";"19273";"7285";"5052";"3305";"1962";"1017";"392";"90";"30"
"5107701";"Rosário Oeste (MT)";"Total";"15453";"1045";"1079";"1057";"1076";"880";"731";"544";"381";"258";"132";"49";"12";"11"
"5107743";"Santa Cruz do Xingu (MT)";"Total";"2661";"241";"226";"222";"205";"202";"83";"42";"14";"6";"4";"-";"-";"-"
"5107750";"Salto do Céu (MT)";"Total";"3679";"233";"250";"254";"241";"223";"159";"105";"95";"62";"21";"11";"5";"1"
"5107768";"Santa Rita do Trivelato (MT)";"Total";"3276";"303";"344";"291";"197";"202";"72";"60";"31";"16";"7";"4";"-";"-"
"5107776";"Santa Terezinha (MT)";"Total";"7596";"732";"757";"670";"610";"519";"250";"158";"106";"63";"34";"10";"1";"1"
"5107792";"Santo Antônio do Leste (MT)";"Total";"4099";"430";"419";"359";"337";"339";"74";"47";"32";"19";"4";"2";"-";"2"
"5107800";"Santo Antônio de Leverger (MT)";"Total";"15246";"1105";"1254";"1078";"1081";"995";"594";"474";"300";"159";"82";"35";"16";"9"
"5107859";"São Félix do Araguaia (MT)";"Total";"13621";"1040";"1043";"1021";"967";"1048";"421";"317";"171";"105";"57";"25";"2";"2"
"5107875";"Sapezal (MT)";"Total";"28944";"2567";"2491";"2200";"2208";"2949";"340";"191";"121";"66";"22";"6";"2";"-"
"5107883";"Serra Nova Dourada (MT)";"Total";"1800";"122";"164";"127";"119";"95";"59";"33";"28";"22";"7";"3";"-";"-"
"5107909";"Sinop (MT)";"Total";"196312";"16004";"15209";"13459";"14511";"19102";"4412";"2813";"1757";"1036";"433";"189";"34";"7"
"5107925";"Sorriso (MT)";"Total";"110635";"9882";"9234";"8177";"8548";"10263";"2290";"1370";"738";"456";"215";"85";"17";"2"
"5107941";"Tabaporã (MT)";"Total";"9818";"842";"888";"775";"681";"707";"254";"178";"118";"56";"19";"6";"5";"1"
"5107958";"Tangará da Serra (MT)";"Total";"106434";"8041";"7636";"7487";"7943";"9117";"3105";"2022";"1327";"796";"453";"156";"48";"6"
"5108006";"Tapurah (MT)";"Total";"14370";"1272";"1207";"1064";"1095";"1274";"317";"194";"113";"85";"29";"10";"4";"-"
"5108055";"Terra Nova do Norte (MT)";"Total";"10616";"817";"784";"700";"708";"762";"427";"297";"243";"130";"63";"27";"7";"1"
"5108105";"Tesouro (MT)";"Total";"3025";"202";"229";"201";"183";"151";"153";"98";"76";"45";"29";"13";"-";"1"
"5108204";"Torixoréu (MT)";"Total";"4164";"212";"233";"253";"252";"242";"227";"150";"105";"81";"39";"17";"6";"-"
"5108303";"União do Sul (MT)";"Total";"3838";"344";"320";"322";"309";"280";"116";"67";"35";"18";"13";"3";"1";"-"
"5108352";"Vale de São Domingos (MT)";"Total";"2904";"195";"194";"234";"161";"154";"130";"99";"67";"44";"18";"7";"2";"1"
"5108402";"Várzea Grande (MT)";"Total";"300078";"23069";"23934";"21813";"22626";"23551";"8844";"5916";"3619";"2104";"1011";"436";"124";"40"
"5108501";"Vera (MT)";"Total";"12800";"1119";"1099";"964";"990";"1061";"351";"235";"122";"90";"45";"15";"1";"3"
"5108600";"Vila Rica (MT)";"Total";"19888";"1613";"1543";"1534";"1667";"1663";"546";"354";"247";"126";"68";"19";"2";"1"
"5108808";"Nova Guarita (MT)";"Total";"4590";"315";"313";"312";"301";"342";"190";"113";"87";"41";"26";"8";"-";"-"
"5108857";"Nova Marilândia (MT)";"Total";"3529";"282";"301";"278";"273";"252";"99";"75";"59";"25";"13";"7";"2";"-"
"5108907";"Nova Maringá (MT)";"Total";"5846";"554";"485";"445";"439";"519";"154";"79";"41";"26";"11";"2";"1";"-"
"5108956";"Nova Monte Verde (MT)";"Total";"8313";"667";"611";"597";"552";"611";"280";"195";"107";"68";"33";"5";"3";"-"
"5200050";"Abadia de Goiás (GO)";"Total";"19128";"1590";"1619";"1601";"1434";"1449";"522";"336";"195";"114";"60";"23";"10";"2"
"5200100";"Abadiânia (GO)";"Total";"17232";"1171";"1228";"1198";"1184";"1292";"711";"509";"323";"217";"90";"43";"7";"4"
"5200134";"Acreúna (GO)";"Total";"21568";"1384";"1497";"1448";"1627";"1569";"771";"593";"376";"204";"115";"37";"7";"6"
"5200159";"Adelândia (GO)";"Total";"2297";"113";"135";"131";"133";"121";"132";"89";"83";"38";"27";"8";"4";"-"
"5200175";"Água Fria de Goiás (GO)";"Total";"4954";"324";"365";"350";"361";"334";"179";"133";"101";"53";"20";"10";"4";"-"
"5200209";"Água Limpa (GO)";"Total";"1858";"99";"126";"101";"106";"113";"93";"96";"59";"35";"20";"8";"3";"-"
"5200258";"Águas Lindas de Goiás (GO)";"Total";"225693";"18636";"19933";"18711";"19651";"20583";"3771";"2423";"1368";"874";"348";"144";"36";"14"
"5200308";"Alexânia (GO)";"Total";"27008";"1923";"1980";"1886";"2152";"2209";"974";"700";"474";"282";"141";"64";"15";"9"
"5200506";"Aloândia (GO)";"Total";"1973";"102";"104";"96";"115";"119";"123";"102";"59";"53";"26";"14";"2";"1"
"5200555";"Alto Horizonte (GO)";"Total";"6072";"457";"460";"441";"473";"447";"177";"133";"62";"46";"14";"9";"5";"1"
"5200605";"Alto Paraíso de Goiás (GO)";"Total";"10306";"836";"804";"734";"746";"789";"285";"190";"116";"77";"33";"11";"3";"2"
"5200803";"Alvorada do Norte (GO)";"Total";"8446";"598";"610";"662";"712";"635";"284";"169";"120";"88";"32";"18";"4";"-"
"5200829";"Amaralina (GO)";"Total";"3268";"153";"213";"206";"225";"175";"169";"89";"62";"53";"22";"5";"3";"-"
"5200852";"Americano do Brasil (GO)";"Total";"5259";"279";"258";"315";"345";"381";"241";"205";"128";"82";"44";"22";"2";"1"
"5200902";"Amorinópolis (GO)";"Total";"3007";"130";"147";"154";"163";"157";"185";"159";"109";"74";"39";"15";"2";"-"
"5201108";"Anápolis (GO)";"Total";"398869";"26023";"27756";"26383";"28429";"32776";"14130";"9908";"6386";"4194";"2081";"858";"223";"45"
"5201207";"Anhanguera (GO)";"Total";"924";"43";"49";"59";"56";"52";"62";"49";"32";"13";"6";"2";"-";"-"
"5201306";"Anicuns (GO)";"Total";"18503";"1038";"1071";"1078";"1178";"1154";"895";"648";"407";"253";"145";"48";"20";"5"
"5201405";"Aparecida de Goiânia (GO)";"Total";"527796";"34842";"38839";"36475";"39372";"44884";"14219";"9585";"5593";"3316";"1637";"602";"158";"35"
"5201454";"Aparecida do Rio Doce (GO)";"Total";"2907";"193";"172";"198";"229";"221";"117";"77";"69";"38";"9";"4";"3";"1"
"5201504";"Aporé (GO)";"Total";"4325";"308";"342";"329";"307";"293";"149";"117";"57";"40";"20";"8";"1";"2"
"5201603";"Araçu (GO)";"Total";"3799";"183";"212";"220";"213";"237";"175";"169";"97";"86";"37";"9";"2";"-"
"5201702";"Aragarças (GO)";"Total";"18390";"1107";"1234";"1197";"1327";"1368";"746";"551";"365";"215";"122";"46";"19";"4"
"5201801";"Aragoiânia (GO)";"Total";"11890";"767";"794";"784";"807";"824";"502";"346";"211";"133";"55";"25";"6";"-"
"5202155";"Araguapaz (GO)";"Total";"7153";"409";"454";"429";"513";"458";"335";"219";"132";"82";"46";"19";"7";"4"
"5202353";"Arenópolis (GO)";"Total";"2946";"154";"181";"157";"161";"135";"175";"123";"84";"59";"27";"14";"3";"1"
"5202502";"Aruanã (GO)";"Total";"8300";"517";"622";"615";"651";"513";"357";"209";"110";"61";"34";"12";"9";"1"
"5202601";"Aurilândia (GO)";"Total";"3284";"155";"152";"179";"171";"145";"211";"151";"138";"73";"44";"19";"5";"1"
"5202809";"Avelinópolis (GO)";"Total";"2868";"139";"155";"167";"184";"164";"149";"132";"82";"53";"26";"13";"3";"-"
"5203104";"Baliza (GO)";"Total";"3351";"210";"183";"242";"203";"146";"176";"120";"73";"34";"21";"7";"-";"-"
"5203203";"Barro Alto (GO)";"Total";"10371";"749";"753";"768";"823";"811";"335";"224";"142";"102";"47";"15";"4";"3"
"5203302";"Bela Vista de Goiás (GO)";"Total";"34445";"2040";"2230";"2265";"2332";"2497";"1440";"1047";"688";"412";"246";"96";"29";"7"
"5203401";"Bom Jardim de Goiás (GO)";"Total";"7826";"422";"417";"473";"469";"458";"414";"329";"221";"154";"60";"30";"9";"1"
"5203500";"Bom Jesus de Goiás (GO)";"Total";"23958";"1603";"1703";"1641";"1796";"1942";"758";"528";"343";"198";"104";"42";"13";"2"
"5203559";"Bonfinópolis (GO)";"Total";"10296";"648";"703";"716";"764";"812";"377";"252";"190";"110";"37";"19";"4";"2"
"5203575";"Bonópolis (GO)";"Total";"3299";"219";"206";"254";"256";"215";"135";"100";"71";"35";"18";"7";"4";"1"
"5203609";"Brazabrantes (GO)";"Total";"3992";"216";"267";"239";"261";"254";"188";"114";"93";"45";"28";"9";"2";"2"
"5203807";"Britânia (GO)";"Total";"5695";"361";"383";"367";"409";"366";"243";"178";"124";"70";"36";"11";"5";"-"
"5203906";"Buriti Alegre (GO)";"Total";"10495";"641";"616";"650";"666";"722";"396";"376";"263";"206";"126";"35";"7";"5"
"5203939";"Buriti de Goiás (GO)";"Total";"2732";"145";"164";"159";"152";"163";"138";"116";"75";"43";"20";"8";"1";"2"
"5203962";"Buritinópolis (GO)";"Total";"3145";"227";"205";"232";"232";"196";"123";"97";"73";"35";"16";"4";"4";"-"
"5204003";"Cabeceiras (GO)";"Total";"7560";"507";"547";"553";"606";"630";"261";"176";"115";"74";"39";"15";"2";"-"
"5204102";"Cachoeira Alta (GO)";"Total";"11513";"724";"796";"767";"798";"811";"438";"330";"236";"157";"66";"31";"8";"2"
"5204201";"Cachoeira de Goiás (GO)";"Total";"1405";"64";"75";"88";"92";"80";"62";"60";"48";"17";"15";"3";"2";"-"
"5204250";"Cachoeira Dourada (GO)";"Total";"7782";"415";"519";"447";"472";"430";"384";"301";"184";"141";"62";"31";"6";"1"
"5204300";"Caçu (GO)";"Total";"13774";"822";"860";"842";"972";"888";"599";"477";"335";"223";"126";"50";"8";"6"
"5204409";"Caiapônia (GO)";"Total";"16513";"972";"944";"999";"1019";"1075";"794";"579";"407";"252";"103";"44";"6";"6"
"5204508";"Caldas Novas (GO)";"Total";"98622";"6384";"6926";"7088";"7319";"7746";"3242";"2470";"1544";"943";"436";"184";"51";"8"
"5204557";"Caldazinha (GO)";"Total";"4507";"234";"329";"308";"342";"271";"186";"163";"106";"42";"26";"8";"4";"1"
"5204607";"Campestre de Goiás (GO)";"Total";"3755";"248";"275";"232";"236";"266";"142";"114";"89";"58";"21";"15";"2";"-"
"5204656";"Campinaçu (GO)";"Total";"3708";"219";"251";"255";"241";"235";"160";"124";"80";"47";"28";"11";"2";"-"
"5204706";"Campinorte (GO)";"Total";"12510";"892";"887";"814";"884";"917";"456";"318";"227";"146";"69";"20";"4";"1"
"5204805";"Campo Alegre de Goiás (GO)";"Total";"7422";"484";"539";"559";"542";"524";"302";"173";"103";"78";"38";"9";"6";"1"
"5204854";"Campo Limpo de Goiás (GO)";"Total";"8081";"630";"642";"686";"618";"653";"255";"192";"121";"73";"30";"13";"3";"1"
"5204904";"Campos Belos (GO)";"Total";"18108";"1245";"1391";"1384";"1526";"1337";"626";"384";"271";"176";"92";"36";"13";"4"
"5204953";"Campos Verdes (GO)";"Total";"4005";"255";"247";"274";"270";"236";"201";"155";"102";"59";"17";"11";"3";"1"
"5205000";"Carmo do Rio Verde (GO)";"Total";"9710";"556";"594";"560";"649";"715";"437";"344";"219";"124";"61";"35";"7";"1"
"5205059";"Castelândia (GO)";"Total";"2985";"175";"167";"182";"215";"196";"140";"99";"71";"36";"17";"12";"2";"1"
"5205109";"Catalão (GO)";"Total";"114427";"6865";"7630";"7329";"7982";"9180";"3922";"2937";"1685";"1124";"544";"188";"52";"12"
"5205208";"Caturaí (GO)";"Total";"5184";"278";"334";"364";"350";"328";"248";"184";"76";"64";"35";"13";"4";"-"
"5205307";"Cavalcante (GO)";"Total";"9583";"732";"812";"812";"829";"651";"344";"266";"160";"99";"57";"28";"6";"4"
"5205406";"Ceres (GO)";"Total";"22046";"1254";"1336";"1245";"1407";"1538";"1047";"709";"498";"296";"154";"67";"16";"4"
"5205455";"Cezarina (GO)";"Total";"8090";"484";"519";"526";"425";"510";"366";"290";"186";"109";"42";"18";"3";"1"
"5205471";"Chapadão do Céu (GO)";"Total";"12870";"1156";"1087";"1032";"972";"1033";"222";"116";"71";"31";"16";"2";"1";"1"
"5205497";"Cidade Ocidental (GO)";"Total";"91767";"7255";"7781";"7204";"7646";"8093";"2022";"1311";"667";"417";"182";"72";"27";"3"
"5205513";"Cocalzinho de Goiás (GO)";"Total";"25016";"1668";"1907";"1720";"1889";"1907";"858";"650";"374";"214";"95";"30";"13";"3"
"5205521";"Colinas do Sul (GO)";"Total";"4030";"292";"316";"331";"264";"280";"166";"99";"77";"50";"22";"14";"-";"1"
"5205703";"Córrego do Ouro (GO)";"Total";"2454";"123";"135";"112";"146";"122";"164";"132";"80";"60";"17";"7";"1";"-"
"5205802";"Corumbá de Goiás (GO)";"Total";"10562";"625";"653";"744";"832";"765";"499";"351";"254";"154";"70";"29";"6";"1"
"5205901";"Corumbaíba (GO)";"Total";"9164";"544";"592";"627";"588";"637";"374";"292";"203";"131";"60";"22";"7";"4"
"5206206";"Cristalina (GO)";"Total";"62337";"5155";"5152";"4627";"5028";"5282";"1714";"1080";"661";"409";"206";"79";"10";"3"
"5206305";"Cristianópolis (GO)";"Total";"3504";"194";"186";"226";"226";"205";"182";"104";"109";"76";"28";"10";"6";"-"
"5206404";"Crixás (GO)";"Total";"17065";"1100";"1157";"1144";"1106";"1109";"601";"453";"319";"198";"101";"35";"9";"1"
"5206503";"Cromínia (GO)";"Total";"3883";"196";"235";"243";"258";"233";"208";"186";"127";"77";"42";"11";"2";"-"
"5206602";"Cumari (GO)";"Total";"2927";"146";"190";"169";"163";"156";"146";"136";"117";"72";"30";"8";"4";"2"
"5206701";"Damianópolis (GO)";"Total";"3770";"232";"263";"264";"288";"237";"164";"126";"71";"48";"19";"6";"5";"1"
"5206800";"Damolândia (GO)";"Total";"2724";"118";"144";"153";"151";"151";"157";"104";"64";"36";"12";"9";"2";"-"
"5206909";"Davinópolis (GO)";"Total";"1902";"92";"111";"133";"126";"95";"101";"98";"47";"36";"19";"5";"1";"-"
"5207105";"Diorama (GO)";"Total";"2062";"116";"109";"109";"125";"97";"115";"96";"79";"37";"24";"12";"2";"1"
"5207253";"Doverlândia (GO)";"Total";"6956";"432";"433";"408";"433";"434";"304";"233";"160";"115";"42";"12";"1";"1"
"5207352";"Edealina (GO)";"Total";"4001";"226";"225";"251";"259";"244";"200";"149";"105";"78";"34";"17";"5";"1"
"5207402";"Edéia (GO)";"Total";"11747";"757";"798";"711";"748";"889";"443";"359";"227";"171";"70";"36";"8";"3"
"5207501";"Estrela do Norte (GO)";"Total";"3205";"193";"209";"206";"204";"234";"159";"132";"72";"41";"20";"6";"-";"-"
"5207535";"Faina (GO)";"Total";"7070";"361";"420";"408";"437";"400";"382";"270";"188";"96";"54";"20";"4";"1"
"5207600";"Fazenda Nova (GO)";"Total";"5877";"272";"325";"335";"347";"342";"326";"258";"165";"110";"47";"22";"6";"-"
"5207808";"Firminópolis (GO)";"Total";"10419";"598";"589";"587";"632";"611";"555";"437";"330";"199";"113";"46";"9";"3"
"5207907";"Flores de Goiás (GO)";"Total";"13744";"986";"974";"963";"1227";"1076";"492";"314";"157";"118";"46";"13";"6";"3"
"5208004";"Formosa (GO)";"Total";"115901";"8087";"8671";"8116";"9313";"10036";"3335";"2291";"1431";"906";"440";"223";"49";"13"
"5208103";"Formoso (GO)";"Total";"4660";"279";"259";"303";"301";"282";"223";"181";"108";"86";"37";"17";"7";"2"
"5208152";"Gameleira de Goiás (GO)";"Total";"3456";"211";"224";"235";"241";"206";"177";"102";"64";"40";"23";"9";"2";"-"
"5208301";"Divinópolis de Goiás (GO)";"Total";"4457";"269";"296";"318";"357";"325";"182";"120";"117";"66";"39";"6";"5";"2"
"5208400";"Goianápolis (GO)";"Total";"13967";"957";"1037";"949";"964";"1111";"434";"334";"206";"128";"54";"23";"2";"-"
"5208509";"Goiandira (GO)";"Total";"4973";"231";"267";"299";"320";"309";"261";"241";"158";"100";"52";"17";"2";"-"
"5208608";"Goianésia (GO)";"Total";"73707";"4814";"4966";"4895";"5381";"6155";"2611";"1728";"1110";"775";"336";"154";"57";"7"
"5208707";"Goiânia (GO)";"Total";"1437366";"83676";"89501";"85964";"94233";"113359";"53713";"39557";"25381";"16036";"8393";"3555";"922";"171"
"5208806";"Goianira (GO)";"Total";"71916";"5355";"6129";"5710";"5403";"5469";"1719";"1088";"646";"377";"168";"58";"19";"2"
"5208905";"Goiás (GO)";"Total";"24071";"1178";"1298";"1408";"1466";"1543";"1255";"888";"634";"374";"210";"92";"36";"2"
"5209101";"Goiatuba (GO)";"Total";"35664";"2000";"2213";"2253";"2461";"2608";"1446";"1098";"799";"519";"244";"102";"21";"8"
"5209150";"Gouvelândia (GO)";"Total";"4390";"275";"311";"324";"293";"251";"178";"163";"87";"80";"26";"12";"3";"-"
"5209200";"Guapó (GO)";"Total";"19545";"1346";"1465";"1479";"1383";"1478";"684";"549";"323";"185";"87";"35";"8";"3"
"5209291";"Guaraíta (GO)";"Total";"2188";"95";"108";"120";"123";"107";"113";"105";"67";"34";"19";"2";"-";"1"
"5209408";"Guarani de Goiás (GO)";"Total";"4085";"237";"296";"294";"322";"245";"195";"160";"96";"46";"34";"10";"1";"-"
"5209457";"Guarinos (GO)";"Total";"2161";"101";"125";"126";"130";"95";"115";"91";"65";"43";"14";"10";"1";"-"
"5209606";"Heitoraí (GO)";"Total";"3354";"175";"178";"191";"217";"169";"187";"119";"102";"62";"33";"9";"1";"-"
"5209705";"Hidrolândia (GO)";"Total";"27742";"1843";"2063";"1976";"2030";"2101";"1036";"727";"487";"270";"116";"48";"19";"2"
"5209804";"Hidrolina (GO)";"Total";"3545";"168";"210";"205";"209";"217";"200";"144";"121";"80";"35";"18";"2";"-"
"5209903";"Iaciara (GO)";"Total";"10584";"737";"811";"854";"1051";"820";"375";"280";"159";"109";"64";"15";"12";"2"
"5209937";"Inaciolândia (GO)";"Total";"5954";"353";"385";"427";"441";"405";"227";"204";"142";"87";"27";"15";"5";"-"
"5209952";"Indiara (GO)";"Total";"17061";"1029";"1166";"1162";"1130";"1286";"592";"441";"277";"187";"90";"24";"9";"1"
"5210000";"Inhumas (GO)";"Total";"52204";"3025";"3228";"3176";"3466";"3742";"2230";"1582";"1075";"667";"362";"133";"21";"6"
"5210109";"Ipameri (GO)";"Total";"25548";"1503";"1585";"1599";"1824";"1891";"1110";"792";"580";"374";"199";"78";"16";"6"
"5210158";"Ipiranga de Goiás (GO)";"Total";"2919";"141";"154";"179";"153";"201";"159";"117";"68";"67";"30";"15";"4";"2"
"5210208";"Iporá (GO)";"Total";"35684";"2053";"2199";"2033";"2258";"2292";"1689";"1256";"884";"609";"296";"109";"29";"14"
"5210307";"Israelândia (GO)";"Total";"2560";"108";"134";"115";"142";"149";"150";"120";"92";"42";"26";"6";"1";"1"
"5210406";"Itaberaí (GO)";"Total";"44734";"2999";"3172";"2937";"3075";"3691";"1572";"1118";"636";"408";"186";"81";"22";"6"
"5210562";"Itaguari (GO)";"Total";"4963";"257";"280";"302";"329";"362";"240";"165";"114";"71";"30";"7";"1";"-"
"5210604";"Itaguaru (GO)";"Total";"4904";"228";"261";"212";"280";"270";"275";"231";"154";"96";"50";"15";"2";"-"
"5210802";"Itajá (GO)";"Total";"4380";"256";"251";"282";"299";"272";"182";"165";"133";"83";"34";"15";"8";"-"
"5210901";"Itapaci (GO)";"Total";"21087";"1386";"1413";"1470";"1510";"1564";"781";"569";"398";"239";"102";"50";"15";"10"
"5211008";"Itapirapuã (GO)";"Total";"8007";"444";"497";"465";"499";"523";"360";"275";"191";"128";"59";"35";"10";"1"
"5211206";"Itapuranga (GO)";"Total";"26113";"1368";"1443";"1491";"1573";"1539";"1386";"1045";"624";"441";"195";"72";"25";"6"
"5211305";"Itarumã (GO)";"Total";"6101";"388";"428";"398";"423";"367";"232";"198";"132";"79";"41";"18";"3";"2"
"5211404";"Itauçu (GO)";"Total";"7736";"393";"423";"429";"440";"489";"406";"308";"224";"126";"54";"24";"17";"2"
"5211503";"Itumbiara (GO)";"Total";"107970";"6788";"7143";"6899";"7068";"7832";"4239";"3123";"2061";"1381";"679";"270";"62";"10"
"5211602";"Ivolândia (GO)";"Total";"2693";"145";"149";"166";"148";"138";"158";"120";"79";"36";"20";"10";"-";"1"
"5211701";"Jandaia (GO)";"Total";"6272";"339";"337";"369";"376";"354";"329";"252";"177";"131";"67";"22";"6";"-"
"5211800";"Jaraguá (GO)";"Total";"45223";"2825";"2943";"3066";"3449";"3498";"1682";"1130";"783";"470";"257";"104";"25";"4"
"5211909";"Jataí (GO)";"Total";"105729";"6870";"7407";"7168";"7732";"8963";"3451";"2750";"1790";"1198";"652";"290";"71";"18"
"5212006";"Jaupaci (GO)";"Total";"2924";"151";"145";"174";"176";"193";"167";"125";"71";"56";"37";"14";"4";"2"
"5212055";"Jesúpolis (GO)";"Total";"2123";"124";"145";"155";"133";"115";"103";"99";"60";"33";"15";"8";"-";"1"
"5212105";"Joviânia (GO)";"Total";"7159";"448";"443";"432";"459";"540";"304";"248";"122";"102";"46";"13";"3";"4"
"5212204";"Jussara (GO)";"Total";"19620";"1157";"1220";"1233";"1215";"1240";"882";"617";"434";"260";"149";"60";"15";"8"
"5212253";"Lagoa Santa (GO)";"Total";"1390";"107";"108";"87";"91";"84";"44";"41";"17";"13";"2";"3";"-";"-"
"5212303";"Leopoldo de Bulhões (GO)";"Total";"8745";"547";"564";"599";"555";"562";"392";"288";"169";"111";"45";"13";"2";"1"
"5212501";"Luziânia (GO)";"Total";"209129";"15848";"16734";"16094";"17708";"17746";"5337";"3702";"2201";"1385";"665";"259";"80";"18"
"5212600";"Mairipotaba (GO)";"Total";"2561";"114";"143";"148";"154";"117";"168";"94";"89";"39";"26";"7";"1";"1"
"5212709";"Mambaí (GO)";"Total";"8124";"723";"660";"624";"630";"645";"196";"151";"118";"67";"34";"15";"4";"2"
"5212808";"Mara Rosa (GO)";"Total";"10700";"687";"650";"656";"720";"717";"484";"352";"245";"162";"95";"34";"6";"1"
"5212907";"Marzagão (GO)";"Total";"2758";"185";"195";"193";"227";"227";"101";"89";"48";"30";"19";"6";"3";"-"
"5212956";"Matrinchã (GO)";"Total";"4042";"230";"247";"226";"293";"261";"184";"150";"100";"61";"20";"8";"1";"-"
"5213004";"Maurilândia (GO)";"Total";"10304";"692";"785";"770";"774";"757";"334";"275";"158";"125";"52";"17";"4";"3"
"5213053";"Mimoso de Goiás (GO)";"Total";"2614";"163";"190";"166";"198";"151";"139";"89";"61";"36";"13";"5";"1";"2"
"5213087";"Minaçu (GO)";"Total";"27075";"1690";"1769";"1820";"1918";"1744";"1192";"874";"540";"337";"151";"53";"12";"7"
"5213103";"Mineiros (GO)";"Total";"70081";"5069";"5452";"4944";"5114";"5883";"2012";"1374";"943";"598";"350";"132";"44";"13"
"5213400";"Moiporá (GO)";"Total";"1685";"78";"97";"90";"88";"80";"92";"76";"60";"36";"28";"6";"2";"-"
"5213509";"Monte Alegre de Goiás (GO)";"Total";"6692";"543";"577";"581";"566";"404";"270";"172";"132";"96";"46";"21";"7";"6"
"5213707";"Montes Claros de Goiás (GO)";"Total";"8756";"529";"544";"549";"517";"577";"362";"262";"182";"149";"64";"21";"2";"1"
"5213756";"Montividiu (GO)";"Total";"12521";"910";"920";"867";"987";"1008";"359";"258";"125";"80";"39";"21";"5";"-"
"5213772";"Montividiu do Norte (GO)";"Total";"3779";"236";"257";"220";"252";"246";"179";"126";"90";"46";"31";"3";"3";"-"
"5213806";"Morrinhos (GO)";"Total";"51351";"3118";"3335";"3120";"3501";"3793";"2075";"1625";"1087";"704";"330";"131";"34";"18"
"5213855";"Morro Agudo de Goiás (GO)";"Total";"2456";"126";"161";"154";"150";"135";"137";"85";"78";"48";"12";"9";"-";"1"
"5213905";"Mossâmedes (GO)";"Total";"4654";"241";"240";"263";"287";"273";"251";"184";"136";"92";"36";"10";"4";"-"
"5214002";"Mozarlândia (GO)";"Total";"14750";"1079";"1123";"991";"1089";"1200";"456";"317";"241";"121";"72";"23";"5";"1"
"5214051";"Mundo Novo (GO)";"Total";"6189";"339";"404";"386";"457";"435";"292";"192";"111";"66";"34";"12";"6";"1"
"5214101";"Mutunópolis (GO)";"Total";"3564";"209";"217";"210";"235";"219";"163";"131";"77";"44";"29";"8";"4";"1"
"5214408";"Nazário (GO)";"Total";"8189";"511";"569";"511";"549";"521";"339";"288";"179";"109";"60";"17";"1";"3"
"5214507";"Nerópolis (GO)";"Total";"31932";"2284";"2337";"2236";"2457";"2585";"994";"690";"451";"306";"153";"60";"15";"2"
"5214606";"Niquelândia (GO)";"Total";"34964";"1938";"2039";"2402";"2437";"2313";"1572";"1121";"747";"489";"228";"115";"24";"5"
"5214705";"Nova América (GO)";"Total";"2337";"126";"152";"138";"154";"138";"111";"86";"63";"35";"18";"10";"-";"-"
"5214804";"Nova Aurora (GO)";"Total";"2101";"105";"117";"136";"146";"122";"122";"90";"62";"41";"22";"15";"3";"-"
"5214838";"Nova Crixás (GO)";"Total";"12815";"941";"884";"845";"870";"869";"423";"335";"202";"138";"48";"27";"6";"2"
"5214861";"Nova Glória (GO)";"Total";"8310";"406";"480";"474";"551";"501";"455";"318";"238";"195";"78";"41";"12";"2"
"5214879";"Nova Iguaçu de Goiás (GO)";"Total";"3010";"194";"223";"219";"181";"191";"113";"105";"59";"44";"19";"3";"3";"1"
"5214903";"Nova Roma (GO)";"Total";"3076";"224";"181";"223";"222";"170";"178";"114";"84";"57";"26";"8";"6";"-"
"5215009";"Nova Veneza (GO)";"Total";"9481";"548";"600";"570";"677";"673";"419";"283";"228";"111";"65";"18";"8";"1"
"5215207";"Novo Brasil (GO)";"Total";"3527";"191";"188";"184";"198";"191";"180";"162";"115";"71";"37";"11";"2";"-"
"5215231";"Novo Gama (GO)";"Total";"103804";"8082";"8569";"8346";"9075";"9397";"2496";"1660";"989";"591";"264";"105";"29";"7"
"5215256";"Novo Planalto (GO)";"Total";"3716";"218";"252";"248";"231";"239";"140";"106";"87";"51";"24";"11";"2";"-"
"5215306";"Orizona (GO)";"Total";"16399";"979";"982";"907";"1005";"1127";"739";"622";"416";"249";"109";"57";"18";"3"
"5215405";"Ouro Verde de Goiás (GO)";"Total";"4057";"248";"243";"236";"284";"229";"221";"146";"104";"64";"20";"6";"2";"-"
"5215504";"Ouvidor (GO)";"Total";"7200";"419";"428";"482";"483";"491";"288";"203";"187";"76";"49";"23";"2";"2"
"5215603";"Padre Bernardo (GO)";"Total";"34967";"2622";"2734";"2697";"2946";"2719";"1166";"846";"577";"344";"153";"73";"27";"7"
"5215652";"Palestina de Goiás (GO)";"Total";"3132";"177";"205";"188";"190";"184";"143";"112";"79";"48";"24";"7";"1";"2"
"5215702";"Palmeiras de Goiás (GO)";"Total";"31858";"2215";"2385";"1930";"2221";"2656";"1068";"762";"509";"349";"161";"46";"14";"6"
"5215801";"Palmelo (GO)";"Total";"2259";"123";"121";"110";"153";"156";"136";"97";"69";"39";"21";"13";"2";"1"
"5215900";"Palminópolis (GO)";"Total";"3851";"228";"220";"216";"227";"259";"180";"154";"105";"64";"36";"11";"2";"-"
"5216007";"Panamá (GO)";"Total";"2455";"131";"133";"170";"153";"124";"130";"110";"64";"54";"34";"14";"1";"1"
"5216304";"Paranaiguara (GO)";"Total";"7607";"360";"447";"497";"452";"408";"401";"339";"204";"150";"70";"23";"9";"1"
"5216403";"Paraúna (GO)";"Total";"10659";"686";"706";"636";"706";"763";"421";"318";"213";"136";"71";"24";"12";"1"
"5216452";"Perolândia (GO)";"Total";"2964";"188";"227";"204";"230";"199";"125";"97";"59";"29";"12";"10";"3";"1"
"5216809";"Petrolina de Goiás (GO)";"Total";"9573";"475";"528";"522";"598";"576";"477";"353";"216";"177";"84";"35";"12";"3"
"5216908";"Pilar de Goiás (GO)";"Total";"2328";"154";"125";"138";"130";"115";"119";"79";"62";"37";"18";"4";"1";"1"
"5217104";"Piracanjuba (GO)";"Total";"24883";"1363";"1366";"1437";"1501";"1614";"1298";"1007";"686";"491";"217";"96";"27";"5"
"5217203";"Piranhas (GO)";"Total";"11712";"693";"677";"669";"695";"768";"578";"454";"320";"182";"113";"53";"6";"1"
"5217302";"Pirenópolis (GO)";"Total";"26690";"1561";"1740";"1712";"1856";"1896";"1142";"871";"563";"364";"187";"69";"22";"2"
"5217401";"Pires do Rio (GO)";"Total";"32373";"1922";"1881";"1893";"2155";"2604";"1293";"1037";"720";"448";"247";"97";"14";"5"
"5217609";"Planaltina (GO)";"Total";"105031";"7999";"8761";"8303";"8800";"9212";"2484";"1791";"1062";"577";"260";"102";"36";"5"
"5217708";"Pontalina (GO)";"Total";"18309";"942";"1048";"1077";"1150";"1274";"895";"673";"487";"338";"153";"60";"26";"11"
"5218003";"Porangatu (GO)";"Total";"44317";"2747";"2998";"3086";"3279";"3202";"1698";"1242";"816";"554";"269";"130";"36";"9"
"5218052";"Porteirão (GO)";"Total";"4070";"293";"319";"311";"313";"328";"125";"68";"55";"38";"15";"3";"-";"-"
"5218102";"Portelândia (GO)";"Total";"3280";"201";"243";"193";"225";"211";"170";"119";"87";"44";"28";"9";"1";"-"
"5218300";"Posse (GO)";"Total";"34914";"2521";"2721";"2747";"2887";"2782";"996";"623";"453";"296";"149";"62";"15";"6"
"5218391";"Professor Jamil (GO)";"Total";"3649";"192";"230";"202";"265";"226";"187";"153";"94";"58";"24";"9";"3";"-"
"5218508";"Quirinópolis (GO)";"Total";"48447";"2970";"3247";"3218";"3276";"3420";"1842";"1405";"967";"608";"323";"117";"36";"9"
"5218607";"Rialma (GO)";"Total";"12165";"753";"769";"706";"819";"864";"495";"376";"263";"156";"83";"34";"3";"1"
"5218706";"Rianápolis (GO)";"Total";"3980";"211";"240";"212";"242";"272";"221";"133";"104";"61";"26";"8";"3";"1"
"5218789";"Rio Quente (GO)";"Total";"3864";"257";"254";"269";"324";"299";"141";"108";"58";"27";"12";"7";"2";"-"
"5218805";"Rio Verde (GO)";"Total";"225696";"15683";"16644";"15141";"16383";"19745";"6035";"4169";"2739";"1660";"798";"321";"83";"19"
"5218904";"Rubiataba (GO)";"Total";"19788";"1137";"1177";"1185";"1283";"1431";"867";"680";"465";"263";"156";"53";"10";"4"
"5219001";"Sanclerlândia (GO)";"Total";"7918";"428";"464";"454";"493";"548";"373";"298";"221";"128";"65";"17";"3";"2"
"5219100";"Santa Bárbara de Goiás (GO)";"Total";"6149";"380";"414";"418";"441";"444";"254";"182";"108";"81";"31";"15";"5";"-"
"5219209";"Santa Cruz de Goiás (GO)";"Total";"3002";"139";"185";"177";"146";"119";"157";"139";"66";"45";"19";"8";"-";"1"
"5219258";"Santa Fé de Goiás (GO)";"Total";"4951";"305";"364";"328";"372";"407";"187";"135";"91";"43";"39";"15";"6";"-"
"5219308";"Santa Helena de Goiás (GO)";"Total";"38492";"2298";"2525";"2324";"2461";"2759";"1581";"1239";"753";"479";"262";"87";"25";"10"
"5219357";"Santa Isabel (GO)";"Total";"3538";"193";"193";"204";"197";"190";"187";"160";"102";"71";"44";"16";"5";"1"
"5219407";"Santa Rita do Araguaia (GO)";"Total";"5924";"404";"389";"406";"433";"406";"220";"176";"131";"89";"54";"16";"6";"1"
"5219456";"Santa Rita do Novo Destino (GO)";"Total";"2689";"144";"166";"178";"164";"145";"162";"96";"64";"35";"18";"6";"2";"2"
"5219506";"Santa Rosa de Goiás (GO)";"Total";"2820";"146";"139";"162";"170";"162";"185";"97";"82";"68";"20";"9";"3";"-"
"5219605";"Santa Tereza de Goiás (GO)";"Total";"3293";"182";"179";"217";"228";"191";"201";"144";"89";"62";"38";"16";"4";"1"
"5219704";"Santa Terezinha de Goiás (GO)";"Total";"10645";"613";"736";"629";"691";"685";"525";"389";"220";"170";"76";"38";"8";"2"
"5219712";"Santo Antônio da Barra (GO)";"Total";"4267";"250";"285";"304";"334";"303";"181";"154";"92";"56";"28";"10";"5";"-"
"5219738";"Santo Antônio de Goiás (GO)";"Total";"7386";"451";"547";"559";"543";"508";"249";"176";"114";"71";"29";"12";"3";"1"
"5219753";"Santo Antônio do Descoberto (GO)";"Total";"72127";"5730";"6123";"5873";"6421";"6333";"1788";"1251";"734";"482";"191";"80";"22";"6"
"5219803";"São Domingos (GO)";"Total";"9711";"659";"653";"768";"790";"611";"408";"270";"199";"106";"69";"22";"5";"4"
"5219902";"São Francisco de Goiás (GO)";"Total";"6378";"362";"467";"413";"410";"420";"306";"209";"163";"89";"46";"20";"6";"-"
"5220009";"São João d'Aliança (GO)";"Total";"14041";"1097";"1084";"1064";"1162";"1283";"370";"257";"173";"98";"32";"11";"6";"-"
"5220058";"São João da Paraúna (GO)";"Total";"1774";"86";"109";"108";"114";"109";"100";"87";"55";"30";"17";"8";"2";"2"
"5220108";"São Luís de Montes Belos (GO)";"Total";"33852";"2069";"1945";"2012";"2095";"2489";"1491";"1254";"784";"518";"244";"105";"25";"9"
"5220157";"São Luiz do Norte (GO)";"Total";"4837";"301";"350";"369";"345";"320";"201";"152";"82";"52";"29";"13";"2";"1"
"5220207";"São Miguel do Araguaia (GO)";"Total";"21900";"1255";"1355";"1398";"1607";"1467";"925";"699";"483";"312";"148";"69";"16";"5"
"5220264";"São Miguel do Passa Quatro (GO)";"Total";"4464";"234";"287";"315";"287";"239";"218";"168";"108";"60";"31";"10";"2";"1"
"5220280";"São Patrício (GO)";"Total";"2143";"105";"143";"119";"143";"123";"108";"90";"57";"30";"16";"13";"4";"-"
"5220405";"São Simão (GO)";"Total";"17020";"1000";"1103";"1066";"1079";"1112";"686";"553";"387";"215";"133";"39";"12";"4"
"5220454";"Senador Canedo (GO)";"Total";"155635";"12244";"12924";"11978";"12266";"13106";"3336";"2122";"1300";"766";"323";"151";"25";"10"
"5220504";"Serranópolis (GO)";"Total";"8027";"532";"588";"545";"591";"559";"267";"198";"183";"101";"47";"18";"3";"1"
"5220603";"Silvânia (GO)";"Total";"22245";"1329";"1437";"1473";"1581";"1657";"828";"645";"431";"236";"147";"45";"15";"6"
"5220686";"Simolândia (GO)";"Total";"5742";"385";"392";"414";"516";"440";"189";"129";"95";"64";"25";"14";"2";"1"
"5220702";"Sítio d'Abadia (GO)";"Total";"2927";"197";"197";"235";"218";"211";"123";"84";"44";"27";"14";"8";"2";"-"
"5221007";"Taquaral de Goiás (GO)";"Total";"4026";"190";"253";"226";"218";"227";"200";"158";"100";"51";"32";"12";"2";"1"
"5221080";"Teresina de Goiás (GO)";"Total";"2701";"249";"234";"257";"233";"188";"106";"65";"43";"39";"15";"13";"4";"2"
"5221197";"Terezópolis de Goiás (GO)";"Total";"7944";"499";"561";"573";"626";"628";"277";"174";"124";"92";"45";"15";"3";"1"
"5221304";"Três Ranchos (GO)";"Total";"2921";"156";"162";"173";"163";"161";"167";"136";"73";"51";"28";"7";"1";"2"
"5221403";"Trindade (GO)";"Total";"142431";"10037";"10704";"10160";"10583";"10886";"4257";"3081";"1852";"1133";"573";"193";"57";"11"
"5221452";"Trombas (GO)";"Total";"3120";"172";"174";"195";"229";"167";"173";"148";"92";"54";"27";"13";"2";"-"
"5221502";"Turvânia (GO)";"Total";"4480";"238";"269";"240";"262";"264";"274";"177";"137";"78";"45";"16";"1";"-"
"5221551";"Turvelândia (GO)";"Total";"4985";"370";"375";"384";"401";"329";"139";"131";"76";"37";"17";"5";"3";"-"
"5221577";"Uirapuru (GO)";"Total";"2798";"146";"178";"176";"199";"157";"133";"80";"74";"48";"13";"7";"1";"1"
"5221601";"Uruaçu (GO)";"Total";"42546";"2661";"2883";"2919";"3022";"3093";"1527";"1154";"887";"508";"276";"116";"31";"21"
"5221700";"Uruana (GO)";"Total";"13729";"757";"754";"818";"875";"967";"693";"515";"344";"242";"104";"39";"10";"3"
"5221809";"Urutaí (GO)";"Total";"3553";"215";"220";"200";"233";"267";"173";"129";"67";"64";"29";"3";"1";"1"
"5221858";"Valparaíso de Goiás (GO)";"Total";"198861";"14870";"15919";"14923";"15105";"16741";"3933";"2496";"1431";"860";"421";"154";"41";"5"
"5221908";"Varjão (GO)";"Total";"3716";"185";"231";"217";"233";"190";"209";"163";"107";"63";"38";"14";"3";"-"
"5222005";"Vianópolis (GO)";"Total";"14956";"1051";"966";"1028";"1047";"1108";"535";"398";"278";"171";"72";"35";"10";"3"
"5222054";"Vicentinópolis (GO)";"Total";"8768";"632";"596";"599";"680";"727";"269";"191";"100";"79";"38";"14";"5";"1"
"5222203";"Vila Boa (GO)";"Total";"4215";"316";"355";"356";"390";"306";"126";"87";"48";"24";"12";"10";"2";"1"
"5222302";"Vila Propício (GO)";"Total";"5815";"393";"401";"412";"441";"408";"240";"173";"101";"62";"34";"13";"6";"-"
"5300108";"Brasília (DF)";"Total";"2817381";"166848";"184611";"182774";"208546";"227966";"89949";"66188";"42396";"27501";"14401";"6121";"1720";"300"
"Fonte: IBGE - Censo Demográfico"

"Notas"
"1 - Dados do Universo."
"2- Os dados referentes aos municípios Abel Figueiredo (PA) e São Pedro da Água Branca (MA) foram corrigidos no dia 22/12/2023, impactando nos totais dos estados do Pará e do Maranhão e nos totais das Grandes Regiões do Norte e Nordeste."
""
"Legenda"
"Símbolo";"Significado"
"-";"Zero absoluto, não resultante de um cálculo ou arredondamento.
Ex: Em determinado município não existem pessoas de 14 anos de idade sem instrução."
"0";"Zero resultante de um cálculo ou arredondamento.
Ex: A inflação do feijão em determinada Região Metropolitana foi 0.
Determinado município produziu 400 kg de sementes de girassol e os dados da tabela são expressos em toneladas."
"X";"Valor inibido para não identificar o informante.
Ex: Determinado município só possui uma empresa produtora de cimento, logo o valor de sua produção deve ser inibido."
"..";"Valor não se aplica.
Ex: Não se pode obter o total da produção agrícola em determinado município quando os produtos agrícolas são contabilizados com unidades de medida distintas."
"...";"Valor não disponível.
Ex: A produção de feijão em determinado município não foi pesquisada ou determinado município não existia no ano da pesquisa."
"A a Z
(exceto X)";"Significa uma faixa de valores. Varia em função da tabela (se for o caso).
Ex: O nível de precisão da produção estimada de combustíveis está na faixa A (95 a 100%)"
