"id_municipio";"Concentração Urbana e Município";"Total";"Urbana";"Rural"
"1100015";"Alta Floresta D'Oeste (RO)";"21494";"12971";"8523"
"1100023";"Ariquemes (RO)";"96833";"83952";"12881"
"1100031";"Cabixi (RO)";"5351";"2846";"2505"
"1100049";"Cacoal (RO)";"86887";"71907";"14980"
"1100056";"Cerejeiras (RO)";"15890";"14116";"1774"
"1100064";"Colorado do Oeste (RO)";"15663";"11709";"3954"
"1100072";"Corumbiara (RO)";"7519";"2780";"4739"
"1100080";"Costa Marques (RO)";"12627";"6670";"5957"
"1100098";"Espigão D'Oeste (RO)";"29414";"21452";"7962"
"1100106";"Guajará-Mirim (RO)";"39387";"31737";"7650"
"1100114";"Jaru (RO)";"50591";"39807";"10784"
"1100122";"Ji-Paraná (RO)";"124333";"112983";"11350"
"1100130";"Machadinho D'Oeste (RO)";"30707";"16634";"14073"
"1100148";"Nova Brasilândia D'Oeste (RO)";"15679";"7309";"8370"
"1100155";"Ouro Preto do Oeste (RO)";"35044";"27701";"7343"
"1100189";"Pimenta Bueno (RO)";"35079";"28710";"6369"
"1100205";"Porto Velho (RO)";"460434";"426299";"34135"
"1100254";"Presidente Médici (RO)";"19327";"12381";"6946"
"1100262";"Rio Crespo (RO)";"3471";"1438";"2033"
"1100288";"Rolim de Moura (RO)";"56406";"47264";"9142"
"1100296";"Santa Luzia D'Oeste (RO)";"7419";"3256";"4163"
"1100304";"Vilhena (RO)";"95832";"90305";"5527"
"1100320";"São Miguel do Guaporé (RO)";"21635";"11961";"9674"
"1100338";"Nova Mamoré (RO)";"25444";"14719";"10725"
"1100346";"Alvorada D'Oeste (RO)";"13117";"7750";"5367"
"1100379";"Alto Alegre dos Parecis (RO)";"11479";"4986";"6493"
"1100403";"Alto Paraíso (RO)";"16320";"8158";"8162"
"1100452";"Buritis (RO)";"27992";"19414";"8578"
"1100502";"Novo Horizonte do Oeste (RO)";"7667";"3309";"4358"
"1100601";"Cacaulândia (RO)";"4150";"1932";"2218"
"1100700";"Campo Novo de Rondônia (RO)";"8844";"2731";"6113"
"1100809";"Candeias do Jamari (RO)";"22310";"17059";"5251"
"1100908";"Castanheiras (RO)";"3233";"767";"2466"
"1100924";"Chupinguaia (RO)";"9324";"5302";"4022"
"1100940";"Cujubim (RO)";"14863";"9723";"5140"
"1101005";"Governador Jorge Teixeira (RO)";"8001";"2543";"5458"
"1101104";"Itapuã do Oeste (RO)";"8548";"5916";"2632"
"1101203";"Ministro Andreazza (RO)";"6466";"2965";"3501"
"1101302";"Mirante da Serra (RO)";"9235";"4987";"4248"
"1101401";"Monte Negro (RO)";"11548";"5267";"6281"
"1101435";"Nova União (RO)";"6200";"1687";"4513"
"1101450";"Parecis (RO)";"4125";"1454";"2671"
"1101468";"Pimenteiras do Oeste (RO)";"2156";"1223";"933"
"1101476";"Primavera de Rondônia (RO)";"3076";"1390";"1686"
"1101484";"São Felipe D'Oeste (RO)";"5258";"2164";"3094"
"1101492";"São Francisco do Guaporé (RO)";"16286";"9260";"7026"
"1101500";"Seringueiras (RO)";"11171";"5086";"6085"
"1101559";"Teixeirópolis (RO)";"4256";"1641";"2615"
"1101609";"Theobroma (RO)";"8113";"2491";"5622"
"1101708";"Urupá (RO)";"10725";"5497";"5228"
"1101757";"Vale do Anari (RO)";"7788";"3513";"4275"
"1101807";"Vale do Paraíso (RO)";"6479";"2550";"3929"
"1200013";"Acrelândia (AC)";"14021";"7765";"6256"
"1200054";"Assis Brasil (AC)";"8100";"4818";"3282"
"1200104";"Brasiléia (AC)";"26000";"16744";"9256"
"1200138";"Bujari (AC)";"12917";"5942";"6975"
"1200179";"Capixaba (AC)";"10392";"4225";"6167"
"1200203";"Cruzeiro do Sul (AC)";"91888";"68215";"23673"
"1200252";"Epitaciolândia (AC)";"18757";"12921";"5836"
"1200302";"Feijó (AC)";"35426";"18113";"17313"
"1200328";"Jordão (AC)";"9222";"3674";"5548"
"1200336";"Mâncio Lima (AC)";"19294";"12727";"6567"
"1200344";"Manoel Urbano (AC)";"11996";"6725";"5271"
"1200351";"Marechal Thaumaturgo (AC)";"17093";"5894";"11199"
"1200385";"Plácido de Castro (AC)";"16560";"10739";"5821"
"1200393";"Porto Walter (AC)";"10735";"4951";"5784"
"1200401";"Rio Branco (AC)";"364756";"341025";"23731"
"1200427";"Rodrigues Alves (AC)";"14938";"5688";"9250"
"1200435";"Santa Rosa do Purus (AC)";"6723";"3291";"3432"
"1200450";"Senador Guiomard (AC)";"21454";"13355";"8099"
"1200500";"Sena Madureira (AC)";"41343";"26943";"14400"
"1200609";"Tarauacá (AC)";"43467";"24414";"19053"
"1200708";"Xapuri (AC)";"18243";"10308";"7935"
"1200807";"Porto Acre (AC)";"16693";"9465";"7228"
"1300029";"Alvarães (AM)";"15866";"8730";"7136"
"1300060";"Amaturá (AM)";"10819";"7771";"3048"
"1300086";"Anamã (AM)";"9962";"4811";"5151"
"1300102";"Anori (AM)";"17194";"10850";"6344"
"1300144";"Apuí (AM)";"20647";"10940";"9707"
"1300201";"Atalaia do Norte (AM)";"15314";"7933";"7381"
"1300300";"Autazes (AM)";"41564";"18585";"22979"
"1300409";"Barcelos (AM)";"18834";"10460";"8374"
"1300508";"Barreirinha (AM)";"31051";"16978";"14073"
"1300607";"Benjamin Constant (AM)";"37648";"28794";"8854"
"1300631";"Beruri (AM)";"20718";"12080";"8638"
"1300680";"Boa Vista do Ramos (AM)";"23785";"11873";"11912"
"1300706";"Boca do Acre (AM)";"35447";"22125";"13322"
"1300805";"Borba (AM)";"33080";"20416";"12664"
"1300839";"Caapiranga (AM)";"13469";"6965";"6504"
"1300904";"Canutama (AM)";"16869";"10088";"6781"
"1301001";"Carauari (AM)";"28742";"22681";"6061"
"1301100";"Careiro (AM)";"30792";"12940";"17852"
"1301159";"Careiro da Várzea (AM)";"19637";"2960";"16677"
"1301209";"Coari (AM)";"70616";"52896";"17720"
"1301308";"Codajás (AM)";"23549";"17837";"5712"
"1301407";"Eirunepé (AM)";"33170";"25892";"7278"
"1301506";"Envira (AM)";"17186";"12797";"4389"
"1301605";"Fonte Boa (AM)";"25871";"18064";"7807"
"1301654";"Guajará (AM)";"13815";"9257";"4558"
"1301704";"Humaitá (AM)";"57473";"42212";"15261"
"1301803";"Ipixuna (AM)";"24311";"16517";"7794"
"1301852";"Iranduba (AM)";"61163";"46642";"14521"
"1301902";"Itacoatiara (AM)";"103598";"73023";"30575"
"1301951";"Itamarati (AM)";"10937";"7401";"3536"
"1302009";"Itapiranga (AM)";"10162";"7953";"2209"
"1302108";"Japurá (AM)";"8858";"4995";"3863"
"1302207";"Juruá (AM)";"10742";"7215";"3527"
"1302306";"Jutaí (AM)";"25172";"16163";"9009"
"1302405";"Lábrea (AM)";"45448";"27687";"17761"
"1302504";"Manacapuru (AM)";"101883";"66353";"35530"
"1302553";"Manaquiri (AM)";"17107";"6603";"10504"
"1302603";"Manaus (AM)";"2063689";"2043677";"20012"
"1302702";"Manicoré (AM)";"53914";"30694";"23220"
"1302801";"Maraã (AM)";"15529";"7926";"7603"
"1302900";"Maués (AM)";"61204";"29196";"32008"
"1303007";"Nhamundá (AM)";"20136";"7496";"12640"
"1303106";"Nova Olinda do Norte (AM)";"27062";"16463";"10599"
"1303205";"Novo Airão (AM)";"15761";"11836";"3925"
"1303304";"Novo Aripuanã (AM)";"23818";"17907";"5911"
"1303403";"Parintins (AM)";"96372";"79675";"16697"
"1303502";"Pauini (AM)";"19373";"11898";"7475"
"1303536";"Presidente Figueiredo (AM)";"30668";"16772";"13896"
"1303569";"Rio Preto da Eva (AM)";"24936";"14145";"10791"
"1303601";"Santa Isabel do Rio Negro (AM)";"14164";"6902";"7262"
"1303700";"Santo Antônio do Içá (AM)";"28211";"21900";"6311"
"1303809";"São Gabriel da Cachoeira (AM)";"51795";"26600";"25195"
"1303908";"São Paulo de Olivença (AM)";"32967";"24118";"8849"
"1303957";"São Sebastião do Uatumã (AM)";"11670";"9527";"2143"
"1304005";"Silves (AM)";"11559";"5142";"6417"
"1304062";"Tabatinga (AM)";"66764";"55680";"11084"
"1304104";"Tapauá (AM)";"19599";"11339";"8260"
"1304203";"Tefé (AM)";"73669";"59584";"14085"
"1304237";"Tonantins (AM)";"19247";"11347";"7900"
"1304260";"Uarini (AM)";"14431";"9764";"4667"
"1304302";"Urucará (AM)";"18631";"12336";"6295"
"1304401";"Urucurituba (AM)";"23945";"15563";"8382"
"1400027";"Amajari (RR)";"13927";"2213";"11714"
"1400050";"Alto Alegre (RR)";"21096";"4763";"16333"
"1400100";"Boa Vista (RR)";"413486";"402169";"11317"
"1400159";"Bonfim (RR)";"13923";"5067";"8856"
"1400175";"Cantá (RR)";"18682";"4628";"14054"
"1400209";"Caracaraí (RR)";"20957";"11113";"9844"
"1400233";"Caroebe (RR)";"10656";"4945";"5711"
"1400282";"Iracema (RR)";"10023";"4265";"5758"
"1400308";"Mucajaí (RR)";"18095";"10121";"7974"
"1400407";"Normandia (RR)";"13986";"3234";"10752"
"1400456";"Pacaraima (RR)";"19305";"9251";"10054"
"1400472";"Rorainópolis (RR)";"32647";"24295";"8352"
"1400506";"São João da Baliza (RR)";"8858";"6287";"2571"
"1400605";"São Luiz do Anauá (RR)";"7315";"4363";"2952"
"1400704";"Uiramutã (RR)";"13751";"1056";"12695"
"1500107";"Abaetetuba (PA)";"158188";"98390";"59798"
"1500131";"Abel Figueiredo (PA)";"6136";"5366";"770"
"1500206";"Acará (PA)";"59023";"13079";"45944"
"1500305";"Afuá (PA)";"37765";"11875";"25890"
"1500347";"Água Azul do Norte (PA)";"18080";"9302";"8778"
"1500404";"Alenquer (PA)";"69377";"35153";"34224"
"1500503";"Almeirim (PA)";"34280";"22500";"11780"
"1500602";"Altamira (PA)";"126279";"104202";"22077"
"1500701";"Anajás (PA)";"28011";"12306";"15705"
"1500800";"Ananindeua (PA)";"478778";"477298";"1480"
"1500859";"Anapu (PA)";"31850";"15840";"16010"
"1500909";"Augusto Corrêa (PA)";"44573";"22944";"21629"
"1500958";"Aurora do Pará (PA)";"23774";"10136";"13638"
"1501006";"Aveiro (PA)";"18290";"4417";"13873"
"1501105";"Bagre (PA)";"31892";"13003";"18889"
"1501204";"Baião (PA)";"51641";"27311";"24330"
"1501253";"Bannach (PA)";"4031";"1611";"2420"
"1501303";"Barcarena (PA)";"126650";"104487";"22163"
"1501402";"Belém (PA)";"1303403";"1296633";"6770"
"1501451";"Belterra (PA)";"18099";"8778";"9321"
"1501501";"Benevides (PA)";"63567";"60298";"3269"
"1501576";"Bom Jesus do Tocantins (PA)";"18005";"10333";"7672"
"1501600";"Bonito (PA)";"12622";"6925";"5697"
"1501709";"Bragança (PA)";"123082";"87608";"35474"
"1501725";"Brasil Novo (PA)";"24718";"13404";"11314"
"1501758";"Brejo Grande do Araguaia (PA)";"6783";"3792";"2991"
"1501782";"Breu Branco (PA)";"45712";"28500";"17212"
"1501808";"Breves (PA)";"106968";"55509";"51459"
"1501907";"Bujaru (PA)";"24383";"8660";"15723"
"1501956";"Cachoeira do Piriá (PA)";"19630";"7152";"12478"
"1502004";"Cachoeira do Arari (PA)";"23981";"11363";"12618"
"1502103";"Cametá (PA)";"134184";"68213";"65971"
"1502152";"Canaã dos Carajás (PA)";"77079";"69332";"7747"
"1502202";"Capanema (PA)";"70394";"59704";"10690"
"1502301";"Capitão Poço (PA)";"56506";"31205";"25301"
"1502400";"Castanhal (PA)";"192256";"177867";"14389"
"1502509";"Chaves (PA)";"20757";"4686";"16071"
"1502608";"Colares (PA)";"12868";"5093";"7775"
"1502707";"Conceição do Araguaia (PA)";"44617";"33157";"11460"
"1502756";"Concórdia do Pará (PA)";"26881";"16492";"10389"
"1502764";"Cumaru do Norte (PA)";"14036";"5001";"9035"
"1502772";"Curionópolis (PA)";"19950";"17905";"2045"
"1502806";"Curralinho (PA)";"33903";"13515";"20388"
"1502855";"Curuá (PA)";"14117";"7358";"6759"
"1502905";"Curuçá (PA)";"41262";"24716";"16546"
"1502939";"Dom Eliseu (PA)";"58484";"49321";"9163"
"1502954";"Eldorado do Carajás (PA)";"28192";"17253";"10939"
"1503002";"Faro (PA)";"8728";"7198";"1530"
"1503044";"Floresta do Araguaia (PA)";"17898";"10449";"7449"
"1503077";"Garrafão do Norte (PA)";"24703";"14188";"10515"
"1503093";"Goianésia do Pará (PA)";"26362";"16790";"9572"
"1503101";"Gurupá (PA)";"31786";"13228";"18558"
"1503200";"Igarapé-Açu (PA)";"35797";"24862";"10935"
"1503309";"Igarapé-Miri (PA)";"64831";"28911";"35920"
"1503408";"Inhangapi (PA)";"10325";"3659";"6666"
"1503457";"Ipixuna do Pará (PA)";"30329";"15532";"14797"
"1503507";"Irituia (PA)";"30955";"8958";"21997"
"1503606";"Itaituba (PA)";"123314";"107284";"16030"
"1503705";"Itupiranga (PA)";"49754";"28558";"21196"
"1503754";"Jacareacanga (PA)";"24042";"10150";"13892"
"1503804";"Jacundá (PA)";"37707";"33701";"4006"
"1503903";"Juruti (PA)";"50881";"29791";"21090"
"1504000";"Limoeiro do Ajuru (PA)";"29569";"8735";"20834"
"1504059";"Mãe do Rio (PA)";"34353";"27834";"6519"
"1504109";"Magalhães Barata (PA)";"8115";"3857";"4258"
"1504208";"Marabá (PA)";"266533";"239719";"26814"
"1504307";"Maracanã (PA)";"25971";"10813";"15158"
"1504406";"Marapanim (PA)";"26573";"15249";"11324"
"1504422";"Marituba (PA)";"111785";"111479";"306"
"1504455";"Medicilândia (PA)";"27094";"10745";"16349"
"1504505";"Melgaço (PA)";"27881";"9657";"18224"
"1504604";"Mocajuba (PA)";"27198";"19424";"7774"
"1504703";"Moju (PA)";"84094";"33208";"50886"
"1504752";"Mojuí dos Campos (PA)";"23501";"8463";"15038"
"1504802";"Monte Alegre (PA)";"60012";"32654";"27358"
"1504901";"Muaná (PA)";"45368";"19561";"25807"
"1504950";"Nova Esperança do Piriá (PA)";"20478";"12730";"7748"
"1504976";"Nova Ipixuna (PA)";"13955";"7050";"6905"
"1505007";"Nova Timboteua (PA)";"12806";"9105";"3701"
"1505031";"Novo Progresso (PA)";"33638";"26931";"6707"
"1505064";"Novo Repartimento (PA)";"60732";"32689";"28043"
"1505106";"Óbidos (PA)";"52229";"31699";"20530"
"1505205";"Oeiras do Pará (PA)";"33844";"15669";"18175"
"1505304";"Oriximiná (PA)";"68294";"47358";"20936"
"1505403";"Ourém (PA)";"17855";"10884";"6971"
"1505437";"Ourilândia do Norte (PA)";"32467";"27495";"4972"
"1505486";"Pacajá (PA)";"41097";"18964";"22133"
"1505494";"Palestina do Pará (PA)";"6885";"4724";"2161"
"1505502";"Paragominas (PA)";"105550";"96150";"9400"
"1505536";"Parauapebas (PA)";"267836";"258225";"9611"
"1505551";"Pau D'Arco (PA)";"6931";"4239";"2692"
"1505601";"Peixe-Boi (PA)";"8285";"4986";"3299"
"1505635";"Piçarra (PA)";"12832";"5318";"7514"
"1505650";"Placas (PA)";"18668";"8060";"10608"
"1505700";"Ponta de Pedras (PA)";"24984";"13002";"11982"
"1505809";"Portel (PA)";"62503";"30223";"32280"
"1505908";"Porto de Moz (PA)";"40597";"19863";"20734"
"1506005";"Prainha (PA)";"35577";"18520";"17057"
"1506104";"Primavera (PA)";"10851";"7202";"3649"
"1506112";"Quatipuru (PA)";"11524";"9651";"1873"
"1506138";"Redenção (PA)";"85597";"81630";"3967"
"1506161";"Rio Maria (PA)";"18384";"13970";"4414"
"1506187";"Rondon do Pará (PA)";"53143";"33871";"19272"
"1506195";"Rurópolis (PA)";"35769";"21637";"14132"
"1506203";"Salinópolis (PA)";"44772";"41139";"3633"
"1506302";"Salvaterra (PA)";"24129";"17814";"6315"
"1506351";"Santa Bárbara do Pará (PA)";"21087";"13764";"7323"
"1506401";"Santa Cruz do Arari (PA)";"7445";"6270";"1175"
"1506500";"Santa Izabel do Pará (PA)";"73019";"58670";"14349"
"1506559";"Santa Luzia do Pará (PA)";"20370";"10952";"9418"
"1506583";"Santa Maria das Barreiras (PA)";"16548";"8180";"8368"
"1506609";"Santa Maria do Pará (PA)";"24624";"17080";"7544"
"1506708";"Santana do Araguaia (PA)";"32413";"25819";"6594"
"1506807";"Santarém (PA)";"331942";"264507";"67435"
"1506906";"Santarém Novo (PA)";"6116";"1910";"4206"
"1507003";"Santo Antônio do Tauá (PA)";"27461";"18317";"9144"
"1507102";"São Caetano de Odivelas (PA)";"16666";"9230";"7436"
"1507151";"São Domingos do Araguaia (PA)";"21092";"14890";"6202"
"1507201";"São Domingos do Capim (PA)";"30599";"9310";"21289"
"1507300";"São Félix do Xingu (PA)";"65418";"39114";"26304"
"1507409";"São Francisco do Pará (PA)";"14894";"7442";"7452"
"1507458";"São Geraldo do Araguaia (PA)";"24255";"16943";"7312"
"1507466";"São João da Ponta (PA)";"4430";"876";"3554"
"1507474";"São João de Pirabas (PA)";"20689";"13130";"7559"
"1507508";"São João do Araguaia (PA)";"13664";"5422";"8242"
"1507607";"São Miguel do Guamá (PA)";"52894";"37846";"15048"
"1507706";"São Sebastião da Boa Vista (PA)";"25643";"11260";"14383"
"1507755";"Sapucaia (PA)";"5847";"4764";"1083"
"1507805";"Senador José Porfírio (PA)";"22576";"8963";"13613"
"1507904";"Soure (PA)";"24204";"22543";"1661"
"1507953";"Tailândia (PA)";"72493";"62871";"9622"
"1507961";"Terra Alta (PA)";"10400";"5908";"4492"
"1507979";"Terra Santa (PA)";"18782";"16259";"2523"
"1508001";"Tomé-Açu (PA)";"67585";"42807";"24778"
"1508035";"Tracuateua (PA)";"28595";"10173";"18422"
"1508050";"Trairão (PA)";"15242";"9399";"5843"
"1508084";"Tucumã (PA)";"39550";"34117";"5433"
"1508100";"Tucuruí (PA)";"91306";"85560";"5746"
"1508126";"Ulianópolis (PA)";"37972";"26486";"11486"
"1508159";"Uruará (PA)";"43558";"25678";"17880"
"1508209";"Vigia (PA)";"50832";"39596";"11236"
"1508308";"Viseu (PA)";"58692";"29936";"28756"
"1508357";"Vitória do Xingu (PA)";"15607";"8700";"6907"
"1508407";"Xinguara (PA)";"52893";"46390";"6503"
"1600055";"Serra do Navio (AP)";"4673";"2721";"1952"
"1600105";"Amapá (AP)";"7943";"6631";"1312"
"1600154";"Pedra Branca do Amapari (AP)";"12847";"8607";"4240"
"1600204";"Calçoene (AP)";"10612";"8822";"1790"
"1600212";"Cutias (AP)";"4461";"2833";"1628"
"1600238";"Ferreira Gomes (AP)";"6666";"4726";"1940"
"1600253";"Itaubal (AP)";"5599";"2710";"2889"
"1600279";"Laranjal do Jari (AP)";"35114";"32285";"2829"
"1600303";"Macapá (AP)";"442933";"418800";"24133"
"1600402";"Mazagão (AP)";"21924";"11150";"10774"
"1600501";"Oiapoque (AP)";"27482";"18658";"8824"
"1600535";"Porto Grande (AP)";"17848";"12081";"5767"
"1600550";"Pracuúba (AP)";"3803";"1717";"2086"
"1600600";"Santana (AP)";"107618";"103232";"4386"
"1600709";"Tartarugalzinho (AP)";"12945";"7252";"5693"
"1600808";"Vitória do Jari (AP)";"11291";"9029";"2262"
"1700251";"Abreulândia (TO)";"2576";"1498";"1078"
"1700301";"Aguiarnópolis (TO)";"4497";"3746";"751"
"1700350";"Aliança do Tocantins (TO)";"5147";"4350";"797"
"1700400";"Almas (TO)";"6499";"5294";"1205"
"1700707";"Alvorada (TO)";"8802";"8314";"488"
"1701002";"Ananás (TO)";"10325";"7767";"2558"
"1701051";"Angico (TO)";"2876";"1995";"881"
"1701101";"Aparecida do Rio Negro (TO)";"4856";"3577";"1279"
"1701309";"Aragominas (TO)";"5290";"2541";"2749"
"1701903";"Araguacema (TO)";"5927";"2822";"3105"
"1702000";"Araguaçu (TO)";"8133";"5526";"2607"
"1702109";"Araguaína (TO)";"171301";"166572";"4729"
"1702158";"Araguanã (TO)";"4310";"2892";"1418"
"1702208";"Araguatins (TO)";"31918";"22680";"9238"
"1702307";"Arapoema (TO)";"5550";"4357";"1193"
"1702406";"Arraias (TO)";"10287";"7119";"3168"
"1702554";"Augustinópolis (TO)";"17484";"15109";"2375"
"1702703";"Aurora do Tocantins (TO)";"3342";"2271";"1071"
"1702901";"Axixá do Tocantins (TO)";"10262";"8471";"1791"
"1703008";"Babaçulândia (TO)";"7880";"4102";"3778"
"1703057";"Bandeirantes do Tocantins (TO)";"3407";"2086";"1321"
"1703073";"Barra do Ouro (TO)";"4476";"3331";"1145"
"1703107";"Barrolândia (TO)";"4846";"4073";"773"
"1703206";"Bernardo Sayão (TO)";"4229";"2184";"2045"
"1703305";"Bom Jesus do Tocantins (TO)";"4038";"3232";"806"
"1703602";"Brasilândia do Tocantins (TO)";"1974";"1281";"693"
"1703701";"Brejinho de Nazaré (TO)";"4725";"3754";"971"
"1703800";"Buriti do Tocantins (TO)";"10307";"7900";"2407"
"1703826";"Cachoeirinha (TO)";"1961";"1515";"446"
"1703842";"Campos Lindos (TO)";"8653";"6213";"2440"
"1703867";"Cariri do Tocantins (TO)";"4007";"2492";"1515"
"1703883";"Carmolândia (TO)";"2201";"1838";"363"
"1703891";"Carrasco Bonito (TO)";"3318";"1513";"1805"
"1703909";"Caseara (TO)";"4847";"3069";"1778"
"1704105";"Centenário (TO)";"2131";"1381";"750"
"1704600";"Chapada de Areia (TO)";"1501";"956";"545"
"1705102";"Chapada da Natividade (TO)";"3117";"1801";"1316"
"1705508";"Colinas do Tocantins (TO)";"34233";"33018";"1215"
"1705557";"Combinado (TO)";"4756";"4077";"679"
"1705607";"Conceição do Tocantins (TO)";"3887";"2829";"1058"
"1706001";"Couto Magalhães (TO)";"5331";"2737";"2594"
"1706100";"Cristalândia (TO)";"6371";"5197";"1174"
"1706258";"Crixás do Tocantins (TO)";"1470";"995";"475"
"1706506";"Darcinópolis (TO)";"5827";"4265";"1562"
"1707009";"Dianópolis (TO)";"17739";"15505";"2234"
"1707108";"Divinópolis do Tocantins (TO)";"7024";"5242";"1782"
"1707207";"Dois Irmãos do Tocantins (TO)";"6327";"3041";"3286"
"1707306";"Dueré (TO)";"4248";"2883";"1365"
"1707405";"Esperantina (TO)";"7530";"5821";"1709"
"1707553";"Fátima (TO)";"3467";"2931";"536"
"1707652";"Figueirópolis (TO)";"5211";"4145";"1066"
"1707702";"Filadélfia (TO)";"7712";"5030";"2682"
"1708205";"Formoso do Araguaia (TO)";"18881";"13450";"5431"
"1708254";"Tabocão (TO)";"3455";"2707";"748"
"1708304";"Goianorte (TO)";"4738";"2877";"1861"
"1709005";"Goiatins (TO)";"12433";"6855";"5578"
"1709302";"Guaraí (TO)";"24775";"22707";"2068"
"1709500";"Gurupi (TO)";"85125";"83125";"2000"
"1709807";"Ipueiras (TO)";"1590";"844";"746"
"1710508";"Itacajá (TO)";"6819";"4087";"2732"
"1710706";"Itaguatins (TO)";"5172";"2895";"2277"
"1710904";"Itapiratins (TO)";"3577";"2364";"1213"
"1711100";"Itaporã do Tocantins (TO)";"2404";"1574";"830"
"1711506";"Jaú do Tocantins (TO)";"3334";"1343";"1991"
"1711803";"Juarina (TO)";"2243";"1211";"1032"
"1711902";"Lagoa da Confusão (TO)";"15288";"11508";"3780"
"1711951";"Lagoa do Tocantins (TO)";"3516";"2510";"1006"
"1712009";"Lajeado (TO)";"3357";"2433";"924"
"1712157";"Lavandeira (TO)";"1626";"1069";"557"
"1712405";"Lizarda (TO)";"2999";"2184";"815"
"1712454";"Luzinópolis (TO)";"2717";"2000";"717"
"1712504";"Marianópolis do Tocantins (TO)";"4615";"2581";"2034"
"1712702";"Mateiros (TO)";"2748";"1552";"1196"
"1712801";"Maurilândia do Tocantins (TO)";"3095";"1834";"1261"
"1713205";"Miracema do Tocantins (TO)";"18566";"15366";"3200"
"1713304";"Miranorte (TO)";"12701";"11388";"1313"
"1713601";"Monte do Carmo (TO)";"5694";"2813";"2881"
"1713700";"Monte Santo do Tocantins (TO)";"2396";"1320";"1076"
"1713809";"Palmeiras do Tocantins (TO)";"4872";"2893";"1979"
"1713957";"Muricilândia (TO)";"3367";"1825";"1542"
"1714203";"Natividade (TO)";"8754";"7278";"1476"
"1714302";"Nazaré (TO)";"4521";"2008";"2513"
"1714880";"Nova Olinda (TO)";"10367";"7730";"2637"
"1715002";"Nova Rosalândia (TO)";"3362";"2780";"582"
"1715101";"Novo Acordo (TO)";"3969";"3265";"704"
"1715150";"Novo Alegre (TO)";"1846";"1379";"467"
"1715259";"Novo Jardim (TO)";"2230";"1673";"557"
"1715507";"Oliveira de Fátima (TO)";"1164";"983";"181"
"1715705";"Palmeirante (TO)";"4798";"1942";"2856"
"1715754";"Palmeirópolis (TO)";"6975";"5860";"1115"
"1716109";"Paraíso do Tocantins (TO)";"52360";"50619";"1741"
"1716208";"Paranã (TO)";"10542";"6226";"4316"
"1716307";"Pau D'Arco (TO)";"4043";"2805";"1238"
"1716505";"Pedro Afonso (TO)";"14055";"12908";"1147"
"1716604";"Peixe (TO)";"9317";"4560";"4757"
"1716653";"Pequizeiro (TO)";"4921";"2553";"2368"
"1716703";"Colméia (TO)";"8941";"6440";"2501"
"1717008";"Pindorama do Tocantins (TO)";"4478";"2899";"1579"
"1717206";"Piraquê (TO)";"2282";"1097";"1185"
"1717503";"Pium (TO)";"7128";"3804";"3324"
"1717800";"Ponte Alta do Bom Jesus (TO)";"4220";"2326";"1894"
"1717909";"Ponte Alta do Tocantins (TO)";"7586";"5163";"2423"
"1718006";"Porto Alegre do Tocantins (TO)";"2866";"2119";"747"
"1718204";"Porto Nacional (TO)";"64418";"57815";"6603"
"1718303";"Praia Norte (TO)";"9044";"5447";"3597"
"1718402";"Presidente Kennedy (TO)";"3047";"2586";"461"
"1718451";"Pugmil (TO)";"2193";"1759";"434"
"1718501";"Recursolândia (TO)";"3421";"1810";"1611"
"1718550";"Riachinho (TO)";"3960";"1786";"2174"
"1718659";"Rio da Conceição (TO)";"1768";"1604";"164"
"1718709";"Rio dos Bois (TO)";"2738";"1606";"1132"
"1718758";"Rio Sono (TO)";"4841";"2025";"2816"
"1718808";"Sampaio (TO)";"4215";"3520";"695"
"1718840";"Sandolândia (TO)";"3723";"2088";"1635"
"1718865";"Santa Fé do Araguaia (TO)";"7216";"4796";"2420"
"1718881";"Santa Maria do Tocantins (TO)";"2680";"1840";"840"
"1718899";"Santa Rita do Tocantins (TO)";"2219";"1002";"1217"
"1718907";"Santa Rosa do Tocantins (TO)";"4653";"3328";"1325"
"1719004";"Santa Tereza do Tocantins (TO)";"2781";"1833";"948"
"1720002";"Santa Terezinha do Tocantins (TO)";"2406";"1492";"914"
"1720101";"São Bento do Tocantins (TO)";"5654";"3230";"2424"
"1720150";"São Félix do Tocantins (TO)";"1783";"1273";"510"
"1720200";"São Miguel do Tocantins (TO)";"13241";"9186";"4055"
"1720259";"São Salvador do Tocantins (TO)";"2385";"1212";"1173"
"1720309";"São Sebastião do Tocantins (TO)";"4100";"3132";"968"
"1720499";"São Valério (TO)";"4422";"2983";"1439"
"1720655";"Silvanópolis (TO)";"5108";"4270";"838"
"1720804";"Sítio Novo do Tocantins (TO)";"10830";"5563";"5267"
"1720853";"Sucupira (TO)";"1577";"1138";"439"
"1720903";"Taguatinga (TO)";"14011";"10340";"3671"
"1720937";"Taipas do Tocantins (TO)";"2021";"1594";"427"
"1720978";"Talismã (TO)";"2456";"1456";"1000"
"1721000";"Palmas (TO)";"302692";"296241";"6451"
"1721109";"Tocantínia (TO)";"7459";"2623";"4836"
"1721208";"Tocantinópolis (TO)";"22615";"17483";"5132"
"1721257";"Tupirama (TO)";"1909";"1292";"617"
"1721307";"Tupiratins (TO)";"1874";"1096";"778"
"1722081";"Wanderlândia (TO)";"10522";"8837";"1685"
"1722107";"Xambioá (TO)";"10517";"8451";"2066"
"2100055";"Açailândia (MA)";"106550";"94580";"11970"
"2100105";"Afonso Cunha (MA)";"6144";"3035";"3109"
"2100154";"Água Doce do Maranhão (MA)";"12142";"3006";"9136"
"2100204";"Alcântara (MA)";"18467";"4987";"13480"
"2100303";"Aldeias Altas (MA)";"23286";"15716";"7570"
"2100402";"Altamira do Maranhão (MA)";"6447";"2966";"3481"
"2100436";"Alto Alegre do Maranhão (MA)";"24048";"19350";"4698"
"2100477";"Alto Alegre do Pindaré (MA)";"25710";"14079";"11631"
"2100501";"Alto Parnaíba (MA)";"11109";"8362";"2747"
"2100550";"Amapá do Maranhão (MA)";"7170";"5430";"1740"
"2100600";"Amarante do Maranhão (MA)";"37085";"15802";"21283"
"2100709";"Anajatuba (MA)";"25322";"8285";"17037"
"2100808";"Anapurus (MA)";"13793";"7716";"6077"
"2100832";"Apicum-Açu (MA)";"17519";"11593";"5926"
"2100873";"Araguanã (MA)";"11181";"5122";"6059"
"2100907";"Araioses (MA)";"39052";"11187";"27865"
"2100956";"Arame (MA)";"25517";"10557";"14960"
"2101004";"Arari (MA)";"29472";"17494";"11978"
"2101103";"Axixá (MA)";"11790";"4870";"6920"
"2101202";"Bacabal (MA)";"103711";"83031";"20680"
"2101251";"Bacabeira (MA)";"16966";"11815";"5151"
"2101301";"Bacuri (MA)";"16290";"8344";"7946"
"2101350";"Bacurituba (MA)";"5252";"1437";"3815"
"2101400";"Balsas (MA)";"101767";"89502";"12265"
"2101509";"Barão de Grajaú (MA)";"18984";"12496";"6488"
"2101608";"Barra do Corda (MA)";"84532";"58268";"26264"
"2101707";"Barreirinhas (MA)";"65589";"28711";"36878"
"2101731";"Belágua (MA)";"8460";"4448";"4012"
"2101772";"Bela Vista do Maranhão (MA)";"11750";"7028";"4722"
"2101806";"Benedito Leite (MA)";"5469";"3377";"2092"
"2101905";"Bequimão (MA)";"19584";"6005";"13579"
"2101939";"Bernardo do Mearim (MA)";"5840";"2583";"3257"
"2101970";"Boa Vista do Gurupi (MA)";"7574";"6148";"1426"
"2102002";"Bom Jardim (MA)";"33100";"16247";"16853"
"2102036";"Bom Jesus das Selvas (MA)";"28599";"18093";"10506"
"2102077";"Bom Lugar (MA)";"12212";"3876";"8336"
"2102101";"Brejo (MA)";"34120";"15992";"18128"
"2102150";"Brejo de Areia (MA)";"9218";"2990";"6228"
"2102200";"Buriti (MA)";"29685";"9890";"19795"
"2102309";"Buriti Bravo (MA)";"22455";"17040";"5415"
"2102325";"Buriticupu (MA)";"55499";"39923";"15576"
"2102358";"Buritirana (MA)";"12918";"3989";"8929"
"2102374";"Cachoeira Grande (MA)";"9732";"4339";"5393"
"2102408";"Cajapió (MA)";"10121";"3622";"6499"
"2102507";"Cajari (MA)";"16412";"3731";"12681"
"2102556";"Campestre do Maranhão (MA)";"12301";"9762";"2539"
"2102606";"Cândido Mendes (MA)";"19932";"13467";"6465"
"2102705";"Cantanhede (MA)";"24303";"16523";"7780"
"2102754";"Capinzal do Norte (MA)";"11374";"5987";"5387"
"2102804";"Carolina (MA)";"24062";"16712";"7350"
"2102903";"Carutapera (MA)";"24238";"17875";"6363"
"2103000";"Caxias (MA)";"156973";"121275";"35698"
"2103109";"Cedral (MA)";"10208";"2422";"7786"
"2103125";"Central do Maranhão (MA)";"7094";"4112";"2982"
"2103158";"Centro do Guilherme (MA)";"12342";"7142";"5200"
"2103174";"Centro Novo do Maranhão (MA)";"16267";"7365";"8902"
"2103208";"Chapadinha (MA)";"81386";"61373";"20013"
"2103257";"Cidelândia (MA)";"12878";"7063";"5815"
"2103307";"Codó (MA)";"114275";"83203";"31072"
"2103406";"Coelho Neto (MA)";"41658";"34494";"7164"
"2103505";"Colinas (MA)";"40316";"27683";"12633"
"2103554";"Conceição do Lago-Açu (MA)";"14915";"7083";"7832"
"2103604";"Coroatá (MA)";"59566";"42193";"17373"
"2103703";"Cururupu (MA)";"31558";"22523";"9035"
"2103752";"Davinópolis (MA)";"14404";"12718";"1686"
"2103802";"Dom Pedro (MA)";"23053";"16433";"6620"
"2103901";"Duque Bacelar (MA)";"10223";"5615";"4608"
"2104008";"Esperantinópolis (MA)";"18311";"10014";"8297"
"2104057";"Estreito (MA)";"33294";"25756";"7538"
"2104073";"Feira Nova do Maranhão (MA)";"8048";"2832";"5216"
"2104081";"Fernando Falcão (MA)";"10873";"2112";"8761"
"2104099";"Formosa da Serra Negra (MA)";"17719";"6527";"11192"
"2104107";"Fortaleza dos Nogueiras (MA)";"12640";"8128";"4512"
"2104206";"Fortuna (MA)";"16976";"10074";"6902"
"2104305";"Godofredo Viana (MA)";"10186";"8821";"1365"
"2104404";"Gonçalves Dias (MA)";"17206";"8218";"8988"
"2104503";"Governador Archer (MA)";"10231";"7401";"2830"
"2104552";"Governador Edison Lobão (MA)";"18411";"15417";"2994"
"2104602";"Governador Eugênio Barros (MA)";"13930";"4971";"8959"
"2104628";"Governador Luiz Rocha (MA)";"7063";"4903";"2160"
"2104651";"Governador Newton Bello (MA)";"10713";"5776";"4937"
"2104677";"Governador Nunes Freire (MA)";"23128";"15722";"7406"
"2104701";"Graça Aranha (MA)";"6023";"2843";"3180"
"2104800";"Grajaú (MA)";"73872";"47863";"26009"
"2104909";"Guimarães (MA)";"10290";"5577";"4713"
"2105005";"Humberto de Campos (MA)";"25680";"11554";"14126"
"2105104";"Icatu (MA)";"24794";"9589";"15205"
"2105153";"Igarapé do Meio (MA)";"13974";"7119";"6855"
"2105203";"Igarapé Grande (MA)";"10231";"6661";"3570"
"2105302";"Imperatriz (MA)";"273110";"262000";"11110"
"2105351";"Itaipava do Grajaú (MA)";"13828";"5965";"7863"
"2105401";"Itapecuru Mirim (MA)";"60440";"36726";"23714"
"2105427";"Itinga do Maranhão (MA)";"22513";"16923";"5590"
"2105450";"Jatobá (MA)";"7471";"3521";"3950"
"2105476";"Jenipapo dos Vieiras (MA)";"17076";"2813";"14263"
"2105500";"João Lisboa (MA)";"24709";"16974";"7735"
"2105609";"Joselândia (MA)";"14924";"7203";"7721"
"2105658";"Junco do Maranhão (MA)";"5146";"3016";"2130"
"2105708";"Lago da Pedra (MA)";"44403";"30983";"13420"
"2105807";"Lago do Junco (MA)";"9506";"4201";"5305"
"2105906";"Lago Verde (MA)";"14769";"5266";"9503"
"2105922";"Lagoa do Mato (MA)";"10572";"4986";"5586"
"2105948";"Lago dos Rodrigues (MA)";"8758";"4982";"3776"
"2105963";"Lagoa Grande do Maranhão (MA)";"11411";"7582";"3829"
"2105989";"Lajeado Novo (MA)";"7057";"3606";"3451"
"2106003";"Lima Campos (MA)";"11297";"6932";"4365"
"2106102";"Loreto (MA)";"11597";"6943";"4654"
"2106201";"Luís Domingues (MA)";"7161";"6200";"961"
"2106300";"Magalhães de Almeida (MA)";"13807";"7608";"6199"
"2106326";"Maracaçumé (MA)";"21149";"17619";"3530"
"2106359";"Marajá do Sena (MA)";"7027";"1498";"5529"
"2106375";"Maranhãozinho (MA)";"13761";"7840";"5921"
"2106409";"Mata Roma (MA)";"17090";"8809";"8281"
"2106508";"Matinha (MA)";"22034";"8498";"13536"
"2106607";"Matões (MA)";"32174";"16251";"15923"
"2106631";"Matões do Norte (MA)";"17432";"8343";"9089"
"2106672";"Milagres do Maranhão (MA)";"8818";"1575";"7243"
"2106706";"Mirador (MA)";"21030";"10943";"10087"
"2106755";"Miranda do Norte (MA)";"23864";"19844";"4020"
"2106805";"Mirinzal (MA)";"13978";"8961";"5017"
"2106904";"Monção (MA)";"27751";"12671";"15080"
"2107001";"Montes Altos (MA)";"9106";"4861";"4245"
"2107100";"Morros (MA)";"18554";"7544";"11010"
"2107209";"Nina Rodrigues (MA)";"14176";"5723";"8453"
"2107258";"Nova Colinas (MA)";"5021";"2314";"2707"
"2107308";"Nova Iorque (MA)";"4320";"2908";"1412"
"2107357";"Nova Olinda do Maranhão (MA)";"14314";"9522";"4792"
"2107407";"Olho d'Água das Cunhãs (MA)";"17919";"10176";"7743"
"2107456";"Olinda Nova do Maranhão (MA)";"13577";"6340";"7237"
"2107506";"Paço do Lumiar (MA)";"145643";"144832";"811"
"2107605";"Palmeirândia (MA)";"21059";"4064";"16995"
"2107704";"Paraibano (MA)";"18274";"14294";"3980"
"2107803";"Parnarama (MA)";"31250";"13278";"17972"
"2107902";"Passagem Franca (MA)";"17220";"11387";"5833"
"2108009";"Pastos Bons (MA)";"18802";"13560";"5242"
"2108058";"Paulino Neves (MA)";"17056";"6439";"10617"
"2108108";"Paulo Ramos (MA)";"20341";"11506";"8835"
"2108207";"Pedreiras (MA)";"37050";"30814";"6236"
"2108256";"Pedro do Rosário (MA)";"24320";"7857";"16463"
"2108306";"Penalva (MA)";"32511";"15248";"17263"
"2108405";"Peri Mirim (MA)";"11108";"3267";"7841"
"2108454";"Peritoró (MA)";"20479";"12623";"7856"
"2108504";"Pindaré-Mirim (MA)";"31429";"22162";"9267"
"2108603";"Pinheiro (MA)";"84621";"56660";"27961"
"2108702";"Pio XII (MA)";"21886";"12431";"9455"
"2108801";"Pirapemas (MA)";"17714";"11943";"5771"
"2108900";"Poção de Pedras (MA)";"17161";"8136";"9025"
"2109007";"Porto Franco (MA)";"23903";"19282";"4621"
"2109056";"Porto Rico do Maranhão (MA)";"5954";"2475";"3479"
"2109106";"Presidente Dutra (MA)";"45155";"32666";"12489"
"2109205";"Presidente Juscelino (MA)";"11356";"4423";"6933"
"2109239";"Presidente Médici (MA)";"4696";"3661";"1035"
"2109270";"Presidente Sarney (MA)";"17511";"8974";"8537"
"2109304";"Presidente Vargas (MA)";"10549";"4848";"5701"
"2109403";"Primeira Cruz (MA)";"13614";"4006";"9608"
"2109452";"Raposa (MA)";"30839";"30605";"234"
"2109502";"Riachão (MA)";"22145";"11672";"10473"
"2109551";"Ribamar Fiquene (MA)";"7420";"3793";"3627"
"2109601";"Rosário (MA)";"38475";"25577";"12898"
"2109700";"Sambaíba (MA)";"5568";"2924";"2644"
"2109759";"Santa Filomena do Maranhão (MA)";"6697";"2263";"4434"
"2109809";"Santa Helena (MA)";"41561";"20924";"20637"
"2109908";"Santa Inês (MA)";"85014";"76145";"8869"
"2110005";"Santa Luzia (MA)";"57635";"27123";"30512"
"2110039";"Santa Luzia do Paruá (MA)";"24307";"18463";"5844"
"2110104";"Santa Quitéria do Maranhão (MA)";"23957";"13427";"10530"
"2110203";"Santa Rita (MA)";"37035";"17526";"19509"
"2110237";"Santana do Maranhão (MA)";"10567";"2368";"8199"
"2110278";"Santo Amaro do Maranhão (MA)";"13949";"5547";"8402"
"2110302";"Santo Antônio dos Lopes (MA)";"14304";"7030";"7274"
"2110401";"São Benedito do Rio Preto (MA)";"18364";"11984";"6380"
"2110500";"São Bento (MA)";"46395";"27638";"18757"
"2110609";"São Bernardo (MA)";"26943";"13317";"13626"
"2110658";"São Domingos do Azeitão (MA)";"7992";"5605";"2387"
"2110708";"São Domingos do Maranhão (MA)";"34034";"18464";"15570"
"2110807";"São Félix de Balsas (MA)";"4402";"1710";"2692"
"2110856";"São Francisco do Brejão (MA)";"9051";"4719";"4332"
"2110906";"São Francisco do Maranhão (MA)";"12064";"4338";"7726"
"2111003";"São João Batista (MA)";"18544";"6062";"12482"
"2111029";"São João do Carú (MA)";"12251";"6693";"5558"
"2111052";"São João do Paraíso (MA)";"9904";"5574";"4330"
"2111078";"São João do Soter (MA)";"16889";"7379";"9510"
"2111102";"São João dos Patos (MA)";"25020";"21629";"3391"
"2111201";"São José de Ribamar (MA)";"244579";"240840";"3739"
"2111250";"São José dos Basílios (MA)";"6957";"2796";"4161"
"2111300";"São Luís (MA)";"1037775";"1029939";"7836"
"2111409";"São Luís Gonzaga do Maranhão (MA)";"17818";"7493";"10325"
"2111508";"São Mateus do Maranhão (MA)";"38829";"28774";"10055"
"2111532";"São Pedro da Água Branca (MA)";"14338";"11912";"2426"
"2111573";"São Pedro dos Crentes (MA)";"5783";"3147";"2636"
"2111607";"São Raimundo das Mangabeiras (MA)";"18672";"13767";"4905"
"2111631";"São Raimundo do Doca Bezerra (MA)";"5650";"1917";"3733"
"2111672";"São Roberto (MA)";"4544";"2469";"2075"
"2111706";"São Vicente Ferrer (MA)";"19498";"5537";"13961"
"2111722";"Satubinha (MA)";"8784";"3833";"4951"
"2111748";"Senador Alexandre Costa (MA)";"10207";"6227";"3980"
"2111763";"Senador La Rocque (MA)";"14700";"10103";"4597"
"2111789";"Serrano do Maranhão (MA)";"10202";"4428";"5774"
"2111805";"Sítio Novo (MA)";"17074";"5877";"11197"
"2111904";"Sucupira do Norte (MA)";"10238";"5699";"4539"
"2111953";"Sucupira do Riachão (MA)";"4985";"2690";"2295"
"2112001";"Tasso Fragoso (MA)";"8862";"6168";"2694"
"2112100";"Timbiras (MA)";"26484";"18710";"7774"
"2112209";"Timon (MA)";"174465";"155677";"18788"
"2112233";"Trizidela do Vale (MA)";"22484";"19071";"3413"
"2112274";"Tufilândia (MA)";"5507";"2993";"2514"
"2112308";"Tuntum (MA)";"36251";"17324";"18927"
"2112407";"Turiaçu (MA)";"37491";"12907";"24584"
"2112456";"Turilândia (MA)";"31638";"13599";"18039"
"2112506";"Tutóia (MA)";"53356";"29252";"24104"
"2112605";"Urbano Santos (MA)";"32812";"19704";"13108"
"2112704";"Vargem Grande (MA)";"43261";"28761";"14500"
"2112803";"Viana (MA)";"51442";"29609";"21833"
"2112852";"Vila Nova dos Martírios (MA)";"10362";"6745";"3617"
"2112902";"Vitória do Mearim (MA)";"30805";"18113";"12692"
"2113009";"Vitorino Freire (MA)";"30845";"17483";"13362"
"2114007";"Zé Doca (MA)";"40801";"27458";"13343"
"2200053";"Acauã (PI)";"6420";"1535";"4885"
"2200103";"Agricolândia (PI)";"4940";"4011";"929"
"2200202";"Água Branca (PI)";"17573";"15667";"1906"
"2200251";"Alagoinha do Piauí (PI)";"6819";"3820";"2999"
"2200277";"Alegrete do Piauí (PI)";"4634";"3038";"1596"
"2200301";"Alto Longá (PI)";"13479";"6724";"6755"
"2200400";"Altos (PI)";"47453";"34201";"13252"
"2200459";"Alvorada do Gurguéia (PI)";"5322";"2106";"3216"
"2200509";"Amarante (PI)";"17234";"9187";"8047"
"2200608";"Angical do Piauí (PI)";"6827";"5336";"1491"
"2200707";"Anísio de Abreu (PI)";"9407";"4765";"4642"
"2200806";"Antônio Almeida (PI)";"3152";"2520";"632"
"2200905";"Aroazes (PI)";"5369";"3480";"1889"
"2200954";"Aroeiras do Itaim (PI)";"2690";"361";"2329"
"2201002";"Arraial (PI)";"4520";"2570";"1950"
"2201051";"Assunção do Piauí (PI)";"7452";"3134";"4318"
"2201101";"Avelino Lopes (PI)";"10866";"7015";"3851"
"2201150";"Baixa Grande do Ribeiro (PI)";"13272";"8359";"4913"
"2201176";"Barra D'Alcântara (PI)";"3995";"2205";"1790"
"2201200";"Barras (PI)";"47938";"24319";"23619"
"2201309";"Barreiras do Piauí (PI)";"3264";"1941";"1323"
"2201408";"Barro Duro (PI)";"6640";"4901";"1739"
"2201507";"Batalha (PI)";"26300";"11616";"14684"
"2201556";"Bela Vista do Piauí (PI)";"4091";"1765";"2326"
"2201572";"Belém do Piauí (PI)";"3423";"2036";"1387"
"2201606";"Beneditinos (PI)";"9929";"6185";"3744"
"2201705";"Bertolínia (PI)";"5562";"4410";"1152"
"2201739";"Betânia do Piauí (PI)";"6220";"2186";"4034"
"2201770";"Boa Hora (PI)";"6902";"3319";"3583"
"2201804";"Bocaina (PI)";"4078";"1785";"2293"
"2201903";"Bom Jesus (PI)";"28796";"23614";"5182"
"2201919";"Bom Princípio do Piauí (PI)";"5636";"1915";"3721"
"2201929";"Bonfim do Piauí (PI)";"5913";"1790";"4123"
"2201945";"Boqueirão do Piauí (PI)";"6545";"3139";"3406"
"2201960";"Brasileira (PI)";"8436";"3952";"4484"
"2201988";"Brejo do Piauí (PI)";"3904";"1511";"2393"
"2202000";"Buriti dos Lopes (PI)";"19654";"12663";"6991"
"2202026";"Buriti dos Montes (PI)";"7434";"2712";"4722"
"2202059";"Cabeceiras do Piauí (PI)";"10212";"2407";"7805"
"2202075";"Cajazeiras do Piauí (PI)";"3108";"1174";"1934"
"2202083";"Cajueiro da Praia (PI)";"7957";"5688";"2269"
"2202091";"Caldeirão Grande do Piauí (PI)";"5503";"2153";"3350"
"2202109";"Campinas do Piauí (PI)";"4938";"1680";"3258"
"2202117";"Campo Alegre do Fidalgo (PI)";"4616";"1350";"3266"
"2202133";"Campo Grande do Piauí (PI)";"6020";"2357";"3663"
"2202174";"Campo Largo do Piauí (PI)";"7419";"1697";"5722"
"2202208";"Campo Maior (PI)";"45793";"34532";"11261"
"2202251";"Canavieira (PI)";"3414";"1695";"1719"
"2202307";"Canto do Buriti (PI)";"19365";"11781";"7584"
"2202406";"Capitão de Campos (PI)";"11100";"6604";"4496"
"2202455";"Capitão Gervásio Oliveira (PI)";"3974";"1488";"2486"
"2202505";"Caracol (PI)";"10318";"4045";"6273"
"2202539";"Caraúbas do Piauí (PI)";"5630";"1013";"4617"
"2202554";"Caridade do Piauí (PI)";"5033";"2323";"2710"
"2202604";"Castelo do Piauí (PI)";"19288";"11411";"7877"
"2202653";"Caxingó (PI)";"5496";"1013";"4483"
"2202703";"Cocal (PI)";"28212";"12630";"15582"
"2202711";"Cocal de Telha (PI)";"4911";"2693";"2218"
"2202729";"Cocal dos Alves (PI)";"6386";"3127";"3259"
"2202737";"Coivaras (PI)";"4117";"1664";"2453"
"2202752";"Colônia do Gurguéia (PI)";"6150";"4880";"1270"
"2202778";"Colônia do Piauí (PI)";"6994";"2846";"4148"
"2202802";"Conceição do Canindé (PI)";"4932";"2587";"2345"
"2202851";"Coronel José Dias (PI)";"4250";"1476";"2774"
"2202901";"Corrente (PI)";"27278";"17380";"9898"
"2203008";"Cristalândia do Piauí (PI)";"7356";"3351";"4005"
"2203107";"Cristino Castro (PI)";"10503";"7609";"2894"
"2203206";"Curimatá (PI)";"11270";"7960";"3310"
"2203230";"Currais (PI)";"4854";"1473";"3381"
"2203255";"Curralinhos (PI)";"4413";"1828";"2585"
"2203271";"Curral Novo do Piauí (PI)";"5073";"2365";"2708"
"2203305";"Demerval Lobão (PI)";"16352";"13766";"2586"
"2203354";"Dirceu Arcoverde (PI)";"7054";"2784";"4270"
"2203404";"Dom Expedito Lopes (PI)";"6320";"3754";"2566"
"2203420";"Domingos Mourão (PI)";"4075";"930";"3145"
"2203453";"Dom Inocêncio (PI)";"9159";"2978";"6181"
"2203503";"Elesbão Veloso (PI)";"13607";"9755";"3852"
"2203602";"Eliseu Martins (PI)";"4377";"3447";"930"
"2203701";"Esperantina (PI)";"40970";"25104";"15866"
"2203750";"Fartura do Piauí (PI)";"5284";"1380";"3904"
"2203800";"Flores do Piauí (PI)";"4414";"1945";"2469"
"2203859";"Floresta do Piauí (PI)";"2333";"991";"1342"
"2203909";"Floriano (PI)";"62036";"55966";"6070"
"2204006";"Francinópolis (PI)";"4505";"2829";"1676"
"2204105";"Francisco Ayres (PI)";"4412";"2135";"2277"
"2204154";"Francisco Macedo (PI)";"2929";"1341";"1588"
"2204204";"Francisco Santos (PI)";"8237";"4914";"3323"
"2204303";"Fronteiras (PI)";"10259";"7194";"3065"
"2204352";"Geminiano (PI)";"5445";"1477";"3968"
"2204402";"Gilbués (PI)";"10892";"7579";"3313"
"2204501";"Guadalupe (PI)";"10270";"9687";"583"
"2204550";"Guaribas (PI)";"4276";"1385";"2891"
"2204600";"Hugo Napoleão (PI)";"3518";"2884";"634"
"2204659";"Ilha Grande (PI)";"9274";"7851";"1423"
"2204709";"Inhuma (PI)";"14958";"7600";"7358"
"2204808";"Ipiranga do Piauí (PI)";"9420";"6276";"3144"
"2204907";"Isaías Coelho (PI)";"7774";"2253";"5521"
"2205003";"Itainópolis (PI)";"10790";"2944";"7846"
"2205102";"Itaueira (PI)";"10323";"6370";"3953"
"2205151";"Jacobina do Piauí (PI)";"5613";"2209";"3404"
"2205201";"Jaicós (PI)";"17527";"9026";"8501"
"2205250";"Jardim do Mulato (PI)";"4180";"1303";"2877"
"2205276";"Jatobá do Piauí (PI)";"4494";"955";"3539"
"2205300";"Jerumenha (PI)";"4497";"2468";"2029"
"2205359";"João Costa (PI)";"2970";"845";"2125"
"2205409";"Joaquim Pires (PI)";"13886";"4540";"9346"
"2205458";"Joca Marques (PI)";"5394";"1982";"3412"
"2205508";"José de Freitas (PI)";"42559";"27349";"15210"
"2205516";"Juazeiro do Piauí (PI)";"5214";"1786";"3428"
"2205524";"Júlio Borges (PI)";"5388";"1914";"3474"
"2205532";"Jurema (PI)";"4425";"725";"3700"
"2205540";"Lagoinha do Piauí (PI)";"2939";"1806";"1133"
"2205557";"Lagoa Alegre (PI)";"8256";"3399";"4857"
"2205565";"Lagoa do Barro do Piauí (PI)";"4995";"1514";"3481"
"2205573";"Lagoa de São Francisco (PI)";"6331";"2033";"4298"
"2205581";"Lagoa do Piauí (PI)";"4810";"2750";"2060"
"2205599";"Lagoa do Sítio (PI)";"4520";"1805";"2715"
"2205607";"Landri Sales (PI)";"5213";"3851";"1362"
"2205706";"Luís Correia (PI)";"30641";"14236";"16405"
"2205805";"Luzilândia (PI)";"25375";"14208";"11167"
"2205854";"Madeiro (PI)";"8032";"3516";"4516"
"2205904";"Manoel Emídio (PI)";"5209";"3649";"1560"
"2205953";"Marcolândia (PI)";"8533";"7408";"1125"
"2206001";"Marcos Parente (PI)";"4724";"4044";"680"
"2206050";"Massapê do Piauí (PI)";"5218";"941";"4277"
"2206100";"Matias Olímpio (PI)";"10641";"5259";"5382"
"2206209";"Miguel Alves (PI)";"32150";"10673";"21477"
"2206308";"Miguel Leão (PI)";"1318";"903";"415"
"2206357";"Milton Brandão (PI)";"6542";"1947";"4595"
"2206407";"Monsenhor Gil (PI)";"10255";"5672";"4583"
"2206506";"Monsenhor Hipólito (PI)";"7577";"3733";"3844"
"2206605";"Monte Alegre do Piauí (PI)";"10660";"3148";"7512"
"2206654";"Morro Cabeça no Tempo (PI)";"4377";"1672";"2705"
"2206670";"Morro do Chapéu do Piauí (PI)";"6425";"2430";"3995"
"2206696";"Murici dos Portelas (PI)";"9797";"2094";"7703"
"2206704";"Nazaré do Piauí (PI)";"6665";"3769";"2896"
"2206720";"Nazária (PI)";"10262";"3322";"6940"
"2206753";"Nossa Senhora de Nazaré (PI)";"5228";"1785";"3443"
"2206803";"Nossa Senhora dos Remédios (PI)";"8525";"3938";"4587"
"2206902";"Novo Oriente do Piauí (PI)";"6097";"3360";"2737"
"2206951";"Novo Santo Antônio (PI)";"2827";"1190";"1637"
"2207009";"Oeiras (PI)";"38161";"26570";"11591"
"2207108";"Olho D'Água do Piauí (PI)";"2637";"1410";"1227"
"2207207";"Padre Marcos (PI)";"6382";"3592";"2790"
"2207306";"Paes Landim (PI)";"4088";"2423";"1665"
"2207355";"Pajeú do Piauí (PI)";"3000";"1566";"1434"
"2207405";"Palmeira do Piauí (PI)";"4952";"1922";"3030"
"2207504";"Palmeirais (PI)";"13264";"5566";"7698"
"2207553";"Paquetá (PI)";"3813";"591";"3222"
"2207603";"Parnaguá (PI)";"10103";"5293";"4810"
"2207702";"Parnaíba (PI)";"162159";"154662";"7497"
"2207751";"Passagem Franca do Piauí (PI)";"4135";"2650";"1485"
"2207777";"Patos do Piauí (PI)";"5425";"2501";"2924"
"2207793";"Pau D'Arco do Piauí (PI)";"3880";"872";"3008"
"2207801";"Paulistana (PI)";"21055";"12558";"8497"
"2207850";"Pavussu (PI)";"3628";"1881";"1747"
"2207900";"Pedro II (PI)";"37894";"23706";"14188"
"2207934";"Pedro Laurentino (PI)";"2458";"1086";"1372"
"2207959";"Nova Santa Rita (PI)";"4076";"879";"3197"
"2208007";"Picos (PI)";"83090";"66061";"17029"
"2208106";"Pimenteiras (PI)";"11341";"4697";"6644"
"2208205";"Pio IX (PI)";"17613";"5821";"11792"
"2208304";"Piracuruca (PI)";"28846";"21530";"7316"
"2208403";"Piripiri (PI)";"65538";"49908";"15630"
"2208502";"Porto (PI)";"12052";"7871";"4181"
"2208551";"Porto Alegre do Piauí (PI)";"2364";"1668";"696"
"2208601";"Prata do Piauí (PI)";"3042";"2505";"537"
"2208650";"Queimada Nova (PI)";"8738";"2167";"6571"
"2208700";"Redenção do Gurguéia (PI)";"8394";"5400";"2994"
"2208809";"Regeneração (PI)";"17133";"13701";"3432"
"2208858";"Riacho Frio (PI)";"4165";"2581";"1584"
"2208874";"Ribeira do Piauí (PI)";"4055";"1074";"2981"
"2208908";"Ribeiro Gonçalves (PI)";"6164";"4429";"1735"
"2209005";"Rio Grande do Piauí (PI)";"5801";"4181";"1620"
"2209104";"Santa Cruz do Piauí (PI)";"5831";"4104";"1727"
"2209153";"Santa Cruz dos Milagres (PI)";"3435";"2658";"777"
"2209203";"Santa Filomena (PI)";"6087";"4085";"2002"
"2209302";"Santa Luz (PI)";"5336";"3290";"2046"
"2209351";"Santana do Piauí (PI)";"4125";"1917";"2208"
"2209377";"Santa Rosa do Piauí (PI)";"4650";"3374";"1276"
"2209401";"Santo Antônio de Lisboa (PI)";"5839";"3834";"2005"
"2209450";"Santo Antônio dos Milagres (PI)";"2138";"1152";"986"
"2209500";"Santo Inácio do Piauí (PI)";"3646";"2401";"1245"
"2209559";"São Braz do Piauí (PI)";"4358";"939";"3419"
"2209609";"São Félix do Piauí (PI)";"2842";"1661";"1181"
"2209658";"São Francisco de Assis do Piauí (PI)";"5572";"1860";"3712"
"2209708";"São Francisco do Piauí (PI)";"5392";"1709";"3683"
"2209757";"São Gonçalo do Gurguéia (PI)";"2947";"1506";"1441"
"2209807";"São Gonçalo do Piauí (PI)";"4837";"3629";"1208"
"2209856";"São João da Canabrava (PI)";"4242";"1247";"2995"
"2209872";"São João da Fronteira (PI)";"5522";"2648";"2874"
"2209906";"São João da Serra (PI)";"6114";"3903";"2211"
"2209955";"São João da Varjota (PI)";"4383";"1427";"2956"
"2209971";"São João do Arraial (PI)";"8186";"4829";"3357"
"2210003";"São João do Piauí (PI)";"21421";"15395";"6026"
"2210052";"São José do Divino (PI)";"4841";"2679";"2162"
"2210102";"São José do Peixe (PI)";"3297";"2157";"1140"
"2210201";"São José do Piauí (PI)";"6597";"3484";"3113"
"2210300";"São Julião (PI)";"6025";"4111";"1914"
"2210359";"São Lourenço do Piauí (PI)";"4410";"1373";"3037"
"2210375";"São Luis do Piauí (PI)";"2309";"818";"1491"
"2210383";"São Miguel da Baixa Grande (PI)";"2269";"1346";"923"
"2210391";"São Miguel do Fidalgo (PI)";"2829";"1162";"1667"
"2210409";"São Miguel do Tapuio (PI)";"17554";"7645";"9909"
"2210508";"São Pedro do Piauí (PI)";"13755";"8999";"4756"
"2210607";"São Raimundo Nonato (PI)";"38934";"26672";"12262"
"2210623";"Sebastião Barros (PI)";"3202";"1409";"1793"
"2210631";"Sebastião Leal (PI)";"4446";"2374";"2072"
"2210656";"Sigefredo Pacheco (PI)";"9460";"3409";"6051"
"2210706";"Simões (PI)";"14350";"7028";"7322"
"2210805";"Simplício Mendes (PI)";"13870";"8679";"5191"
"2210904";"Socorro do Piauí (PI)";"4141";"1602";"2539"
"2210938";"Sussuapara (PI)";"6220";"3219";"3001"
"2210953";"Tamboril do Piauí (PI)";"2949";"1566";"1383"
"2210979";"Tanque do Piauí (PI)";"2316";"1027";"1289"
"2211001";"Teresina (PI)";"866300";"821364";"44936"
"2211100";"União (PI)";"46119";"23937";"22182"
"2211209";"Uruçuí (PI)";"25203";"21507";"3696"
"2211308";"Valença do Piauí (PI)";"22279";"18067";"4212"
"2211357";"Várzea Branca (PI)";"5055";"1458";"3597"
"2211407";"Várzea Grande (PI)";"4417";"2830";"1587"
"2211506";"Vera Mendes (PI)";"3185";"1290";"1895"
"2211605";"Vila Nova do Piauí (PI)";"2935";"1254";"1681"
"2211704";"Wall Ferraz (PI)";"4059";"1279";"2780"
"2300101";"Abaiara (CE)";"10038";"5572";"4466"
"2300150";"Acarape (CE)";"14027";"8757";"5270"
"2300200";"Acaraú (CE)";"65264";"28894";"36370"
"2300309";"Acopiara (CE)";"44962";"24532";"20430"
"2300408";"Aiuaba (CE)";"14076";"5676";"8400"
"2300507";"Alcântaras (CE)";"11369";"4049";"7320"
"2300606";"Altaneira (CE)";"6782";"4964";"1818"
"2300705";"Alto Santo (CE)";"14155";"7080";"7075"
"2300754";"Amontada (CE)";"42156";"16880";"25276"
"2300804";"Antonina do Norte (CE)";"7245";"5492";"1753"
"2300903";"Apuiarés (CE)";"12928";"6698";"6230"
"2301000";"Aquiraz (CE)";"80645";"64013";"16632"
"2301109";"Aracati (CE)";"75113";"47536";"27577"
"2301208";"Aracoiaba (CE)";"25553";"16861";"8692"
"2301257";"Ararendá (CE)";"11096";"5250";"5846"
"2301307";"Araripe (CE)";"19783";"12121";"7662"
"2301406";"Aratuba (CE)";"11224";"3761";"7463"
"2301505";"Arneiroz (CE)";"7429";"4284";"3145"
"2301604";"Assaré (CE)";"21697";"12822";"8875"
"2301703";"Aurora (CE)";"23714";"12660";"11054"
"2301802";"Baixio (CE)";"5704";"2958";"2746"
"2301851";"Banabuiú (CE)";"17195";"9534";"7661"
"2301901";"Barbalha (CE)";"75033";"53864";"21169"
"2301950";"Barreira (CE)";"22392";"10583";"11809"
"2302008";"Barro (CE)";"19381";"12174";"7207"
"2302057";"Barroquinha (CE)";"14567";"9526";"5041"
"2302107";"Baturité (CE)";"35218";"26245";"8973"
"2302206";"Beberibe (CE)";"53114";"22208";"30906"
"2302305";"Bela Cruz (CE)";"32775";"12400";"20375"
"2302404";"Boa Viagem (CE)";"50411";"28632";"21779"
"2302503";"Brejo Santo (CE)";"51090";"32544";"18546"
"2302602";"Camocim (CE)";"62326";"46328";"15998"
"2302701";"Campos Sales (CE)";"25135";"18215";"6920"
"2302800";"Canindé (CE)";"74174";"50907";"23267"
"2302909";"Capistrano (CE)";"17254";"8089";"9165"
"2303006";"Caridade (CE)";"16377";"10477";"5900"
"2303105";"Cariré (CE)";"17632";"8678";"8954"
"2303204";"Caririaçu (CE)";"26320";"14807";"11513"
"2303303";"Cariús (CE)";"17015";"8677";"8338"
"2303402";"Carnaubal (CE)";"17210";"9901";"7309"
"2303501";"Cascavel (CE)";"72720";"51397";"21323"
"2303600";"Catarina (CE)";"10243";"5802";"4441"
"2303659";"Catunda (CE)";"10444";"6347";"4097"
"2303709";"Caucaia (CE)";"355679";"318612";"37067"
"2303808";"Cedro (CE)";"22344";"13989";"8355"
"2303907";"Chaval (CE)";"12462";"8736";"3726"
"2303931";"Choró (CE)";"12113";"4356";"7757"
"2303956";"Chorozinho (CE)";"20163";"12280";"7883"
"2304004";"Coreaú (CE)";"20953";"13848";"7105"
"2304103";"Crateús (CE)";"76390";"55929";"20461"
"2304202";"Crato (CE)";"131050";"109744";"21306"
"2304236";"Croatá (CE)";"17481";"10088";"7393"
"2304251";"Cruz (CE)";"29761";"11834";"17927"
"2304269";"Deputado Irapuan Pinheiro (CE)";"8932";"4123";"4809"
"2304277";"Ereré (CE)";"6474";"3570";"2904"
"2304285";"Eusébio (CE)";"74170";"73443";"727"
"2304301";"Farias Brito (CE)";"18217";"8522";"9695"
"2304350";"Forquilha (CE)";"24173";"18205";"5968"
"2304400";"Fortaleza (CE)";"2428708";"2428708";"-"
"2304459";"Fortim (CE)";"17294";"12379";"4915"
"2304509";"Frecheirinha (CE)";"15657";"10927";"4730"
"2304608";"General Sampaio (CE)";"6734";"3829";"2905"
"2304657";"Graça (CE)";"13801";"6258";"7543"
"2304707";"Granja (CE)";"53344";"26496";"26848"
"2304806";"Granjeiro (CE)";"4841";"2610";"2231"
"2304905";"Groaíras (CE)";"10910";"7671";"3239"
"2304954";"Guaiúba (CE)";"24325";"19264";"5061"
"2305001";"Guaraciaba do Norte (CE)";"42053";"20633";"21420"
"2305100";"Guaramiranga (CE)";"5654";"1569";"4085"
"2305209";"Hidrolândia (CE)";"17855";"11660";"6195"
"2305233";"Horizonte (CE)";"74755";"71167";"3588"
"2305266";"Ibaretama (CE)";"11956";"4557";"7399"
"2305308";"Ibiapina (CE)";"23965";"10894";"13071"
"2305332";"Ibicuitinga (CE)";"11611";"6246";"5365"
"2305357";"Icapuí (CE)";"21433";"12027";"9406"
"2305407";"Icó (CE)";"62642";"32127";"30515"
"2305506";"Iguatu (CE)";"98064";"74792";"23272"
"2305605";"Independência (CE)";"24024";"11739";"12285"
"2305654";"Ipaporanga (CE)";"11575";"6037";"5538"
"2305704";"Ipaumirim (CE)";"12083";"6659";"5424"
"2305803";"Ipu (CE)";"41081";"25089";"15992"
"2305902";"Ipueiras (CE)";"36798";"18624";"18174"
"2306009";"Iracema (CE)";"14001";"11167";"2834"
"2306108";"Irauçuba (CE)";"23915";"15409";"8506"
"2306207";"Itaiçaba (CE)";"7536";"4768";"2768"
"2306256";"Itaitinga (CE)";"64650";"52664";"11986"
"2306306";"Itapajé (CE)";"46426";"34990";"11436"
"2306405";"Itapipoca (CE)";"131123";"76685";"54438"
"2306504";"Itapiúna (CE)";"17841";"9224";"8617"
"2306553";"Itarema (CE)";"42957";"15355";"27602"
"2306603";"Itatira (CE)";"20424";"10080";"10344"
"2306702";"Jaguaretama (CE)";"17232";"8929";"8303"
"2306801";"Jaguaribara (CE)";"10356";"5934";"4422"
"2306900";"Jaguaribe (CE)";"33726";"23278";"10448"
"2307007";"Jaguaruana (CE)";"31701";"19307";"12394"
"2307106";"Jardim (CE)";"27411";"10182";"17229"
"2307205";"Jati (CE)";"7861";"4898";"2963"
"2307254";"Jijoca de Jericoacoara (CE)";"25555";"13288";"12267"
"2307304";"Juazeiro do Norte (CE)";"286120";"276678";"9442"
"2307403";"Jucás (CE)";"23922";"14829";"9093"
"2307502";"Lavras da Mangabeira (CE)";"30802";"18842";"11960"
"2307601";"Limoeiro do Norte (CE)";"59560";"43514";"16046"
"2307635";"Madalena (CE)";"16896";"10088";"6808"
"2307650";"Maracanaú (CE)";"234509";"230955";"3554"
"2307700";"Maranguape (CE)";"105093";"88317";"16776"
"2307809";"Marco (CE)";"25799";"16772";"9027"
"2307908";"Martinópole (CE)";"10846";"8021";"2825"
"2308005";"Massapê (CE)";"37697";"25750";"11947"
"2308104";"Mauriti (CE)";"45561";"24723";"20838"
"2308203";"Meruoca (CE)";"15157";"7935";"7222"
"2308302";"Milagres (CE)";"25900";"13696";"12204"
"2308351";"Milhã (CE)";"14123";"6958";"7165"
"2308377";"Miraíma (CE)";"14196";"8220";"5976"
"2308401";"Missão Velha (CE)";"36822";"16446";"20376"
"2308500";"Mombaça (CE)";"37735";"20605";"17130"
"2308609";"Monsenhor Tabosa (CE)";"17149";"9228";"7921"
"2308708";"Morada Nova (CE)";"61443";"38909";"22534"
"2308807";"Moraújo (CE)";"8254";"4556";"3698"
"2308906";"Morrinhos (CE)";"22753";"11649";"11104"
"2309003";"Mucambo (CE)";"13666";"8975";"4691"
"2309102";"Mulungu (CE)";"10569";"6710";"3859"
"2309201";"Nova Olinda (CE)";"15399";"10598";"4801"
"2309300";"Nova Russas (CE)";"30699";"23538";"7161"
"2309409";"Novo Oriente (CE)";"27545";"15005";"12540"
"2309458";"Ocara (CE)";"24493";"10337";"14156"
"2309508";"Orós (CE)";"19675";"14841";"4834"
"2309607";"Pacajus (CE)";"70983";"63662";"7321"
"2309706";"Pacatuba (CE)";"81524";"78731";"2793"
"2309805";"Pacoti (CE)";"11186";"4641";"6545"
"2309904";"Pacujá (CE)";"6175";"4014";"2161"
"2310001";"Palhano (CE)";"9346";"5908";"3438"
"2310100";"Palmácia (CE)";"10242";"4792";"5450"
"2310209";"Paracuru (CE)";"38980";"27528";"11452"
"2310258";"Paraipaba (CE)";"32216";"19255";"12961"
"2310308";"Parambu (CE)";"31445";"16659";"14786"
"2310407";"Paramoti (CE)";"10384";"6087";"4297"
"2310506";"Pedra Branca (CE)";"40187";"25580";"14607"
"2310605";"Penaforte (CE)";"8972";"6351";"2621"
"2310704";"Pentecoste (CE)";"37813";"24538";"13275"
"2310803";"Pereiro (CE)";"15274";"6644";"8630"
"2310852";"Pindoretama (CE)";"23391";"18263";"5128"
"2310902";"Piquet Carneiro (CE)";"16616";"9834";"6782"
"2310951";"Pires Ferreira (CE)";"10606";"4157";"6449"
"2311009";"Poranga (CE)";"12065";"7885";"4180"
"2311108";"Porteiras (CE)";"17050";"7499";"9551"
"2311207";"Potengi (CE)";"8833";"5085";"3748"
"2311231";"Potiretama (CE)";"5974";"2623";"3351"
"2311264";"Quiterianópolis (CE)";"20213";"7194";"13019"
"2311306";"Quixadá (CE)";"84168";"62899";"21269"
"2311355";"Quixelô (CE)";"15910";"5320";"10590"
"2311405";"Quixeramobim (CE)";"82177";"54969";"27208"
"2311504";"Quixeré (CE)";"20874";"14671";"6203"
"2311603";"Redenção (CE)";"27214";"16992";"10222"
"2311702";"Reriutaba (CE)";"18606";"10974";"7632"
"2311801";"Russas (CE)";"72928";"50179";"22749"
"2311900";"Saboeiro (CE)";"13854";"7591";"6263"
"2311959";"Salitre (CE)";"16633";"7666";"8967"
"2312007";"Santana do Acaraú (CE)";"30628";"14741";"15887"
"2312106";"Santana do Cariri (CE)";"16954";"7383";"9571"
"2312205";"Santa Quitéria (CE)";"40183";"26001";"14182"
"2312304";"São Benedito (CE)";"47640";"24991";"22649"
"2312403";"São Gonçalo do Amarante (CE)";"54143";"40204";"13939"
"2312502";"São João do Jaguaribe (CE)";"5855";"2518";"3337"
"2312601";"São Luís do Curu (CE)";"10822";"7676";"3146"
"2312700";"Senador Pompeu (CE)";"24266";"14919";"9347"
"2312809";"Senador Sá (CE)";"7262";"5423";"1839"
"2312908";"Sobral (CE)";"203023";"177937";"25086"
"2313005";"Solonópole (CE)";"18179";"8980";"9199"
"2313104";"Tabuleiro do Norte (CE)";"30652";"20022";"10630"
"2313203";"Tamboril (CE)";"24815";"14120";"10695"
"2313252";"Tarrafas (CE)";"7529";"3130";"4399"
"2313302";"Tauá (CE)";"61227";"39355";"21872"
"2313351";"Tejuçuoca (CE)";"17154";"6485";"10669"
"2313401";"Tianguá (CE)";"81506";"54780";"26726"
"2313500";"Trairi (CE)";"58415";"26102";"32313"
"2313559";"Tururu (CE)";"15412";"9667";"5745"
"2313609";"Ubajara (CE)";"32767";"15465";"17302"
"2313708";"Umari (CE)";"6871";"3881";"2990"
"2313757";"Umirim (CE)";"17470";"10374";"7096"
"2313807";"Uruburetama (CE)";"20189";"15178";"5011"
"2313906";"Uruoca (CE)";"13746";"7998";"5748"
"2313955";"Varjota (CE)";"18105";"13591";"4514"
"2314003";"Várzea Alegre (CE)";"38984";"23939";"15045"
"2314102";"Viçosa do Ceará (CE)";"59712";"18778";"40934"
"2400109";"Acari (RN)";"10597";"9230";"1367"
"2400208";"Assú (RN)";"56496";"42831";"13665"
"2400307";"Afonso Bezerra (RN)";"10839";"5777";"5062"
"2400406";"Água Nova (RN)";"2946";"1925";"1021"
"2400505";"Alexandria (RN)";"13640";"9949";"3691"
"2400604";"Almino Afonso (RN)";"4687";"3360";"1327"
"2400703";"Alto do Rodrigues (RN)";"12484";"9075";"3409"
"2400802";"Angicos (RN)";"11632";"10273";"1359"
"2400901";"Antônio Martins (RN)";"6577";"3639";"2938"
"2401008";"Apodi (RN)";"36093";"21508";"14585"
"2401107";"Areia Branca (RN)";"24093";"19757";"4336"
"2401206";"Arez (RN)";"13251";"8596";"4655"
"2401305";"Campo Grande (RN)";"9730";"5258";"4472"
"2401404";"Baía Formosa (RN)";"8825";"7025";"1800"
"2401453";"Baraúna (RN)";"26913";"18636";"8277"
"2401503";"Barcelona (RN)";"3986";"1997";"1989"
"2401602";"Bento Fernandes (RN)";"4807";"1990";"2817"
"2401651";"Bodó (RN)";"2306";"1368";"938"
"2401701";"Bom Jesus (RN)";"9952";"7896";"2056"
"2401800";"Brejinho (RN)";"12202";"9611";"2591"
"2401859";"Caiçara do Norte (RN)";"6293";"5654";"639"
"2401909";"Caiçara do Rio do Vento (RN)";"3268";"2639";"629"
"2402006";"Caicó (RN)";"61146";"57238";"3908"
"2402105";"Campo Redondo (RN)";"10215";"5841";"4374"
"2402204";"Canguaretama (RN)";"29668";"26200";"3468"
"2402303";"Caraúbas (RN)";"19727";"13860";"5867"
"2402402";"Carnaúba dos Dantas (RN)";"7992";"6594";"1398"
"2402501";"Carnaubais (RN)";"9714";"5050";"4664"
"2402600";"Ceará-Mirim (RN)";"79115";"53402";"25713"
"2402709";"Cerro Corá (RN)";"11000";"5249";"5751"
"2402808";"Coronel Ezequiel (RN)";"5117";"2917";"2200"
"2402907";"Coronel João Pessoa (RN)";"4237";"1785";"2452"
"2403004";"Cruzeta (RN)";"8005";"6777";"1228"
"2403103";"Currais Novos (RN)";"41313";"36008";"5305"
"2403202";"Doutor Severiano (RN)";"7044";"2717";"4327"
"2403251";"Parnamirim (RN)";"252716";"252716";"-"
"2403301";"Encanto (RN)";"6016";"3425";"2591"
"2403400";"Equador (RN)";"5360";"4530";"830"
"2403509";"Espírito Santo (RN)";"10620";"5387";"5233"
"2403608";"Extremoz (RN)";"61635";"53920";"7715"
"2403707";"Felipe Guerra (RN)";"5944";"4341";"1603"
"2403756";"Fernando Pedroza (RN)";"2938";"2546";"392"
"2403806";"Florânia (RN)";"10196";"7250";"2946"
"2403905";"Francisco Dantas (RN)";"2700";"1705";"995"
"2404002";"Frutuoso Gomes (RN)";"4122";"2871";"1251"
"2404101";"Galinhos (RN)";"2104";"1275";"829"
"2404200";"Goianinha (RN)";"26741";"21693";"5048"
"2404309";"Governador Dix-Sept Rosado (RN)";"11938";"6690";"5248"
"2404408";"Grossos (RN)";"9924";"7233";"2691"
"2404507";"Guamaré (RN)";"15295";"12452";"2843"
"2404606";"Ielmo Marinho (RN)";"11615";"1533";"10082"
"2404705";"Ipanguaçu (RN)";"14131";"6997";"7134"
"2404804";"Ipueira (RN)";"2035";"1885";"150"
"2404853";"Itajá (RN)";"7292";"6233";"1059"
"2404903";"Itaú (RN)";"5320";"4391";"929"
"2405009";"Jaçanã (RN)";"7834";"6452";"1382"
"2405108";"Jandaíra (RN)";"6562";"3939";"2623"
"2405207";"Janduís (RN)";"4746";"3657";"1089"
"2405306";"Januário Cicco (RN)";"9051";"4112";"4939"
"2405405";"Japi (RN)";"5117";"4106";"1011"
"2405504";"Jardim de Angicos (RN)";"2437";"902";"1535"
"2405603";"Jardim de Piranhas (RN)";"13977";"11615";"2362"
"2405702";"Jardim do Seridó (RN)";"11655";"9810";"1845"
"2405801";"João Câmara (RN)";"33290";"22561";"10729"
"2405900";"João Dias (RN)";"2076";"1314";"762"
"2406007";"José da Penha (RN)";"5803";"3086";"2717"
"2406106";"Jucurutu (RN)";"17793";"11772";"6021"
"2406155";"Jundiá (RN)";"3739";"841";"2898"
"2406205";"Lagoa d'Anta (RN)";"6654";"4678";"1976"
"2406304";"Lagoa de Pedras (RN)";"7338";"2152";"5186"
"2406403";"Lagoa de Velhos (RN)";"2567";"1794";"773"
"2406502";"Lagoa Nova (RN)";"15573";"7537";"8036"
"2406601";"Lagoa Salgada (RN)";"8319";"5657";"2662"
"2406700";"Lajes (RN)";"9866";"7938";"1928"
"2406809";"Lajes Pintadas (RN)";"4787";"2455";"2332"
"2406908";"Lucrécia (RN)";"3490";"2304";"1186"
"2407005";"Luís Gomes (RN)";"9070";"6502";"2568"
"2407104";"Macaíba (RN)";"82249";"63730";"18519"
"2407203";"Macau (RN)";"27369";"21947";"5422"
"2407252";"Major Sales (RN)";"3924";"3313";"611"
"2407302";"Marcelino Vieira (RN)";"7896";"4967";"2929"
"2407401";"Martins (RN)";"8179";"6054";"2125"
"2407500";"Maxaranguape (RN)";"10255";"7244";"3011"
"2407609";"Messias Targino (RN)";"4274";"3854";"420"
"2407708";"Montanhas (RN)";"11444";"9316";"2128"
"2407807";"Monte Alegre (RN)";"23031";"12850";"10181"
"2407906";"Monte das Gameleiras (RN)";"2276";"1500";"776"
"2408003";"Mossoró (RN)";"264577";"245330";"19247"
"2408102";"Natal (RN)";"751300";"751300";"-"
"2408201";"Nísia Floresta (RN)";"31942";"26987";"4955"
"2408300";"Nova Cruz (RN)";"34269";"23082";"11187"
"2408409";"Olho d'Água do Borges (RN)";"3905";"3136";"769"
"2408508";"Ouro Branco (RN)";"4913";"3639";"1274"
"2408607";"Paraná (RN)";"3934";"2399";"1535"
"2408706";"Paraú (RN)";"3579";"3167";"412"
"2408805";"Parazinho (RN)";"4801";"3199";"1602"
"2408904";"Parelhas (RN)";"21499";"18208";"3291"
"2408953";"Rio do Fogo (RN)";"10351";"6247";"4104"
"2409100";"Passa e Fica (RN)";"10896";"7426";"3470"
"2409209";"Passagem (RN)";"3115";"1821";"1294"
"2409308";"Patu (RN)";"11007";"9593";"1414"
"2409332";"Santa Maria (RN)";"4847";"3294";"1553"
"2409407";"Pau dos Ferros (RN)";"30479";"28010";"2469"
"2409506";"Pedra Grande (RN)";"3618";"1330";"2288"
"2409605";"Pedra Preta (RN)";"2441";"1054";"1387"
"2409704";"Pedro Avelino (RN)";"6242";"3654";"2588"
"2409803";"Pedro Velho (RN)";"13824";"7605";"6219"
"2409902";"Pendências (RN)";"12278";"10018";"2260"
"2410009";"Pilões (RN)";"2965";"2137";"828"
"2410108";"Poço Branco (RN)";"12390";"7111";"5279"
"2410207";"Portalegre (RN)";"7601";"4509";"3092"
"2410256";"Porto do Mangue (RN)";"5228";"2870";"2358"
"2410306";"Serra Caiada (RN)";"10125";"5684";"4441"
"2410405";"Pureza (RN)";"9362";"3709";"5653"
"2410504";"Rafael Fernandes (RN)";"5432";"3319";"2113"
"2410603";"Rafael Godeiro (RN)";"2934";"2009";"925"
"2410702";"Riacho da Cruz (RN)";"2701";"2391";"310"
"2410801";"Riacho de Santana (RN)";"4127";"1811";"2316"
"2410900";"Riachuelo (RN)";"7389";"4716";"2673"
"2411007";"Rodolfo Fernandes (RN)";"4242";"3633";"609"
"2411056";"Tibau (RN)";"5382";"4707";"675"
"2411106";"Ruy Barbosa (RN)";"3206";"1791";"1415"
"2411205";"Santa Cruz (RN)";"37313";"31995";"5318"
"2411403";"Santana do Matos (RN)";"12456";"6281";"6175"
"2411429";"Santana do Seridó (RN)";"2696";"1945";"751"
"2411502";"Santo Antônio (RN)";"22177";"14220";"7957"
"2411601";"São Bento do Norte (RN)";"3304";"1208";"2096"
"2411700";"São Bento do Trairí (RN)";"3792";"2382";"1410"
"2411809";"São Fernando (RN)";"3492";"2647";"845"
"2411908";"São Francisco do Oeste (RN)";"4161";"3488";"673"
"2412005";"São Gonçalo do Amarante (RN)";"115838";"105817";"10021"
"2412104";"São João do Sabugi (RN)";"5956";"5081";"875"
"2412203";"São José de Mipibu (RN)";"47286";"30837";"16449"
"2412302";"São José do Campestre (RN)";"11121";"9924";"1197"
"2412401";"São José do Seridó (RN)";"4558";"3724";"834"
"2412500";"São Miguel (RN)";"23537";"16047";"7490"
"2412559";"São Miguel do Gostoso (RN)";"10221";"5534";"4687"
"2412609";"São Paulo do Potengi (RN)";"16786";"12003";"4783"
"2412708";"São Pedro (RN)";"5776";"3563";"2213"
"2412807";"São Rafael (RN)";"7711";"5979";"1732"
"2412906";"São Tomé (RN)";"9972";"5570";"4402"
"2413003";"São Vicente (RN)";"6310";"4324";"1986"
"2413102";"Senador Elói de Souza (RN)";"5965";"2773";"3192"
"2413201";"Senador Georgino Avelino (RN)";"4065";"4023";"42"
"2413300";"Serra de São Bento (RN)";"5703";"3782";"1921"
"2413359";"Serra do Mel (RN)";"13091";"5457";"7634"
"2413409";"Serra Negra do Norte (RN)";"7597";"5314";"2283"
"2413508";"Serrinha (RN)";"6436";"2721";"3715"
"2413557";"Serrinha dos Pintos (RN)";"4659";"2640";"2019"
"2413607";"Severiano Melo (RN)";"5487";"2155";"3332"
"2413706";"Sítio Novo (RN)";"4654";"2704";"1950"
"2413805";"Taboleiro Grande (RN)";"2338";"2008";"330"
"2413904";"Taipu (RN)";"11422";"3304";"8118"
"2414001";"Tangará (RN)";"13281";"9968";"3313"
"2414100";"Tenente Ananias (RN)";"10262";"7415";"2847"
"2414159";"Tenente Laurentino Cruz (RN)";"5891";"4053";"1838"
"2414209";"Tibau do Sul (RN)";"16929";"11428";"5501"
"2414308";"Timbaúba dos Batistas (RN)";"2348";"2020";"328"
"2414407";"Touros (RN)";"33035";"14926";"18109"
"2414456";"Triunfo Potiguar (RN)";"3376";"2305";"1071"
"2414506";"Umarizal (RN)";"10078";"8746";"1332"
"2414605";"Upanema (RN)";"13577";"7658";"5919"
"2414704";"Várzea (RN)";"5233";"4060";"1173"
"2414753";"Venha-Ver (RN)";"3014";"1190";"1824"
"2414803";"Vera Cruz (RN)";"10735";"8146";"2589"
"2414902";"Viçosa (RN)";"1822";"1786";"36"
"2415008";"Vila Flor (RN)";"3174";"2942";"232"
"2500106";"Água Branca (PB)";"9335";"4494";"4841"
"2500205";"Aguiar (PB)";"5003";"2849";"2154"
"2500304";"Alagoa Grande (PB)";"26062";"16730";"9332"
"2500403";"Alagoa Nova (PB)";"21013";"11585";"9428"
"2500502";"Alagoinha (PB)";"13725";"9566";"4159"
"2500536";"Alcantil (PB)";"5578";"2622";"2956"
"2500577";"Algodão de Jandaíra (PB)";"2953";"1743";"1210"
"2500601";"Alhandra (PB)";"21730";"17963";"3767"
"2500700";"São João do Rio do Peixe (PB)";"17964";"7837";"10127"
"2500734";"Amparo (PB)";"2234";"1287";"947"
"2500775";"Aparecida (PB)";"7960";"4373";"3587"
"2500809";"Araçagi (PB)";"16646";"7370";"9276"
"2500908";"Arara (PB)";"12212";"9628";"2584"
"2501005";"Araruna (PB)";"17189";"9574";"7615"
"2501104";"Areia (PB)";"22633";"14689";"7944"
"2501153";"Areia de Baraúnas (PB)";"2005";"1057";"948"
"2501203";"Areial (PB)";"7128";"5563";"1565"
"2501302";"Aroeiras (PB)";"18705";"9721";"8984"
"2501351";"Assunção (PB)";"4152";"3306";"846"
"2501401";"Baía da Traição (PB)";"9224";"2728";"6496"
"2501500";"Bananeiras (PB)";"23134";"13597";"9537"
"2501534";"Baraúna (PB)";"4762";"3913";"849"
"2501575";"Barra de Santana (PB)";"8059";"1051";"7008"
"2501609";"Barra de Santa Rosa (PB)";"12904";"7949";"4955"
"2501708";"Barra de São Miguel (PB)";"5906";"2659";"3247"
"2501807";"Bayeux (PB)";"82742";"82350";"392"
"2501906";"Belém (PB)";"16401";"14031";"2370"
"2502003";"Belém do Brejo do Cruz (PB)";"6268";"5093";"1175"
"2502052";"Bernardino Batista (PB)";"3504";"1413";"2091"
"2502102";"Boa Ventura (PB)";"5207";"3851";"1356"
"2502151";"Boa Vista (PB)";"6377";"3777";"2600"
"2502201";"Bom Jesus (PB)";"2286";"1155";"1131"
"2502300";"Bom Sucesso (PB)";"4661";"2319";"2342"
"2502409";"Bonito de Santa Fé (PB)";"10252";"7502";"2750"
"2502508";"Boqueirão (PB)";"17598";"12953";"4645"
"2502607";"Igaracy (PB)";"5648";"4499";"1149"
"2502706";"Borborema (PB)";"4214";"3467";"747"
"2502805";"Brejo do Cruz (PB)";"13613";"11188";"2425"
"2502904";"Brejo dos Santos (PB)";"5742";"4865";"877"
"2503001";"Caaporã (PB)";"21193";"18048";"3145"
"2503100";"Cabaceiras (PB)";"5335";"2756";"2579"
"2503209";"Cabedelo (PB)";"66519";"66517";"2"
"2503308";"Cachoeira dos Índios (PB)";"9151";"4145";"5006"
"2503407";"Cacimba de Areia (PB)";"3291";"1753";"1538"
"2503506";"Cacimba de Dentro (PB)";"16064";"11324";"4740"
"2503555";"Cacimbas (PB)";"7223";"3383";"3840"
"2503605";"Caiçara (PB)";"6602";"4913";"1689"
"2503704";"Cajazeiras (PB)";"63239";"52616";"10623"
"2503753";"Cajazeirinhas (PB)";"2740";"1327";"1413"
"2503803";"Caldas Brandão (PB)";"5753";"3396";"2357"
"2503902";"Camalaú (PB)";"6085";"3622";"2463"
"2504009";"Campina Grande (PB)";"419379";"406198";"13181"
"2504033";"Capim (PB)";"6970";"6707";"263"
"2504074";"Caraúbas (PB)";"3944";"1805";"2139"
"2504108";"Carrapateira (PB)";"2312";"1647";"665"
"2504157";"Casserengue (PB)";"6889";"4011";"2878"
"2504207";"Catingueira (PB)";"4491";"3002";"1489"
"2504306";"Catolé do Rocha (PB)";"30661";"23975";"6686"
"2504355";"Caturité (PB)";"5254";"1289";"3965"
"2504405";"Conceição (PB)";"18260";"12427";"5833"
"2504504";"Condado (PB)";"6451";"4792";"1659"
"2504603";"Conde (PB)";"27605";"20510";"7095"
"2504702";"Congo (PB)";"4933";"3455";"1478"
"2504801";"Coremas (PB)";"14683";"12299";"2384"
"2504850";"Coxixola (PB)";"1824";"880";"944"
"2504900";"Cruz do Espírito Santo (PB)";"17095";"8798";"8297"
"2505006";"Cubati (PB)";"7580";"5238";"2342"
"2505105";"Cuité (PB)";"19719";"14311";"5408"
"2505204";"Cuitegi (PB)";"6730";"5634";"1096"
"2505238";"Cuité de Mamanguape (PB)";"6251";"2110";"4141"
"2505279";"Curral de Cima (PB)";"5254";"619";"4635"
"2505303";"Curral Velho (PB)";"2292";"1389";"903"
"2505352";"Damião (PB)";"4982";"3055";"1927"
"2505402";"Desterro (PB)";"8067";"5271";"2796"
"2505501";"Vista Serrana (PB)";"3641";"1801";"1840"
"2505600";"Diamante (PB)";"6299";"4109";"2190"
"2505709";"Dona Inês (PB)";"10380";"5330";"5050"
"2505808";"Duas Estradas (PB)";"3327";"2699";"628"
"2505907";"Emas (PB)";"3011";"2229";"782"
"2506004";"Esperança (PB)";"31231";"22403";"8828"
"2506103";"Fagundes (PB)";"11049";"6138";"4911"
"2506202";"Frei Martinho (PB)";"2846";"1964";"882"
"2506251";"Gado Bravo (PB)";"8179";"1426";"6753"
"2506301";"Guarabira (PB)";"57484";"51062";"6422"
"2506400";"Gurinhém (PB)";"13766";"6263";"7503"
"2506509";"Gurjão (PB)";"3242";"2285";"957"
"2506608";"Ibiara (PB)";"5631";"3815";"1816"
"2506707";"Imaculada (PB)";"10392";"5502";"4890"
"2506806";"Ingá (PB)";"17692";"12210";"5482"
"2506905";"Itabaiana (PB)";"23182";"19583";"3599"
"2507002";"Itaporanga (PB)";"23940";"18842";"5098"
"2507101";"Itapororoca (PB)";"18382";"12533";"5849"
"2507200";"Itatuba (PB)";"10499";"6306";"4193"
"2507309";"Jacaraú (PB)";"14477";"9070";"5407"
"2507408";"Jericó (PB)";"7516";"5380";"2136"
"2507507";"João Pessoa (PB)";"833932";"833387";"545"
"2507606";"Juarez Távora (PB)";"7796";"6027";"1769"
"2507705";"Juazeirinho (PB)";"17007";"9338";"7669"
"2507804";"Junco do Seridó (PB)";"6793";"4563";"2230"
"2507903";"Juripiranga (PB)";"10012";"9310";"702"
"2508000";"Juru (PB)";"9234";"4645";"4589"
"2508109";"Lagoa (PB)";"4415";"2811";"1604"
"2508208";"Lagoa de Dentro (PB)";"7819";"5018";"2801"
"2508307";"Lagoa Seca (PB)";"27730";"15001";"12729"
"2508406";"Lastro (PB)";"3162";"1430";"1732"
"2508505";"Livramento (PB)";"6877";"3786";"3091"
"2508554";"Logradouro (PB)";"4797";"3529";"1268"
"2508604";"Lucena (PB)";"12560";"10952";"1608"
"2508703";"Mãe d'Água (PB)";"3583";"1629";"1954"
"2508802";"Malta (PB)";"6046";"5428";"618"
"2508901";"Mamanguape (PB)";"44599";"36869";"7730"
"2509008";"Manaíra (PB)";"10434";"6808";"3626"
"2509057";"Marcação (PB)";"8999";"3178";"5821"
"2509107";"Mari (PB)";"21512";"17903";"3609"
"2509156";"Marizópolis (PB)";"6705";"5707";"998"
"2509206";"Massaranduba (PB)";"14139";"8547";"5592"
"2509305";"Mataraca (PB)";"8244";"7162";"1082"
"2509339";"Matinhas (PB)";"4571";"1076";"3495"
"2509370";"Mato Grosso (PB)";"2543";"1277";"1266"
"2509396";"Maturéia (PB)";"6433";"4747";"1686"
"2509404";"Mogeiro (PB)";"13899";"6180";"7719"
"2509503";"Montadas (PB)";"5812";"4085";"1727"
"2509602";"Monte Horebe (PB)";"4338";"2717";"1621"
"2509701";"Monteiro (PB)";"32277";"21809";"10468"
"2509800";"Mulungu (PB)";"8791";"4380";"4411"
"2509909";"Natuba (PB)";"8945";"3812";"5133"
"2510006";"Nazarezinho (PB)";"7203";"3631";"3572"
"2510105";"Nova Floresta (PB)";"9724";"8965";"759"
"2510204";"Nova Olinda (PB)";"5787";"3279";"2508"
"2510303";"Nova Palmeira (PB)";"4259";"2914";"1345"
"2510402";"Olho d'Água (PB)";"6060";"3743";"2317"
"2510501";"Olivedos (PB)";"3580";"2072";"1508"
"2510600";"Ouro Velho (PB)";"2918";"2021";"897"
"2510659";"Parari (PB)";"1720";"897";"823"
"2510709";"Passagem (PB)";"2463";"1220";"1243"
"2510808";"Patos (PB)";"103165";"100123";"3042"
"2510907";"Paulista (PB)";"11834";"6575";"5259"
"2511004";"Pedra Branca (PB)";"3739";"2625";"1114"
"2511103";"Pedra Lavrada (PB)";"6859";"3118";"3741"
"2511202";"Pedras de Fogo (PB)";"29662";"17645";"12017"
"2511301";"Piancó (PB)";"16441";"11982";"4459"
"2511400";"Picuí (PB)";"18333";"12772";"5561"
"2511509";"Pilar (PB)";"12311";"8708";"3603"
"2511608";"Pilões (PB)";"6815";"3932";"2883"
"2511707";"Pilõezinhos (PB)";"5329";"3479";"1850"
"2511806";"Pirpirituba (PB)";"9340";"7498";"1842"
"2511905";"Pitimbu (PB)";"16751";"10591";"6160"
"2512002";"Pocinhos (PB)";"17469";"11290";"6179"
"2512036";"Poço Dantas (PB)";"3830";"1393";"2437"
"2512077";"Poço de José de Moura (PB)";"4006";"1438";"2568"
"2512101";"Pombal (PB)";"32473";"27374";"5099"
"2512200";"Prata (PB)";"3915";"2617";"1298"
"2512309";"Princesa Isabel (PB)";"21114";"15758";"5356"
"2512408";"Puxinanã (PB)";"14277";"8126";"6151"
"2512507";"Queimadas (PB)";"47658";"28493";"19165"
"2512606";"Quixaba (PB)";"1743";"929";"814"
"2512705";"Remígio (PB)";"17885";"14311";"3574"
"2512721";"Pedro Régis (PB)";"5766";"2492";"3274"
"2512747";"Riachão (PB)";"2927";"1787";"1140"
"2512754";"Riachão do Bacamarte (PB)";"4690";"3030";"1660"
"2512762";"Riachão do Poço (PB)";"4738";"1713";"3025"
"2512788";"Riacho de Santo Antônio (PB)";"1955";"1504";"451"
"2512804";"Riacho dos Cavalos (PB)";"8493";"4718";"3775"
"2512903";"Rio Tinto (PB)";"24581";"15567";"9014"
"2513000";"Salgadinho (PB)";"3355";"1311";"2044"
"2513109";"Salgado de São Félix (PB)";"11505";"5134";"6371"
"2513158";"Santa Cecília (PB)";"7670";"2790";"4880"
"2513208";"Santa Cruz (PB)";"5947";"3018";"2929"
"2513307";"Santa Helena (PB)";"5865";"2838";"3027"
"2513356";"Santa Inês (PB)";"3227";"1448";"1779"
"2513406";"Santa Luzia (PB)";"14959";"13743";"1216"
"2513505";"Santana de Mangueira (PB)";"5010";"2426";"2584"
"2513604";"Santana dos Garrotes (PB)";"6569";"3868";"2701"
"2513653";"Joca Claudino (PB)";"2539";"958";"1581"
"2513703";"Santa Rita (PB)";"149910";"133226";"16684"
"2513802";"Santa Teresinha (PB)";"4402";"2562";"1840"
"2513851";"Santo André (PB)";"2622";"1209";"1413"
"2513901";"São Bento (PB)";"32235";"27198";"5037"
"2513927";"São Bentinho (PB)";"4327";"3231";"1096"
"2513943";"São Domingos do Cariri (PB)";"2585";"1449";"1136"
"2513968";"São Domingos (PB)";"2595";"1183";"1412"
"2513984";"São Francisco (PB)";"3137";"1265";"1872"
"2514008";"São João do Cariri (PB)";"4226";"2535";"1691"
"2514107";"São João do Tigre (PB)";"4263";"1466";"2797"
"2514206";"São José da Lagoa Tapada (PB)";"7126";"3175";"3951"
"2514305";"São José de Caiana (PB)";"5034";"2961";"2073"
"2514404";"São José de Espinharas (PB)";"4083";"1697";"2386"
"2514453";"São José dos Ramos (PB)";"5891";"2597";"3294"
"2514503";"São José de Piranhas (PB)";"19067";"12553";"6514"
"2514552";"São José de Princesa (PB)";"3416";"657";"2759"
"2514602";"São José do Bonfim (PB)";"3242";"1750";"1492"
"2514651";"São José do Brejo do Cruz (PB)";"1699";"1370";"329"
"2514701";"São José do Sabugi (PB)";"4138";"2966";"1172"
"2514800";"São José dos Cordeiros (PB)";"3411";"1784";"1627"
"2514909";"São Mamede (PB)";"7470";"6002";"1468"
"2515005";"São Miguel de Taipu (PB)";"7066";"3102";"3964"
"2515104";"São Sebastião de Lagoa de Roça (PB)";"11040";"5318";"5722"
"2515203";"São Sebastião do Umbuzeiro (PB)";"3279";"2310";"969"
"2515302";"Sapé (PB)";"51306";"39027";"12279"
"2515401";"São Vicente do Seridó (PB)";"10291";"5333";"4958"
"2515500";"Serra Branca (PB)";"13614";"9845";"3769"
"2515609";"Serra da Raiz (PB)";"3094";"2519";"575"
"2515708";"Serra Grande (PB)";"2942";"2273";"669"
"2515807";"Serra Redonda (PB)";"6828";"3695";"3133"
"2515906";"Serraria (PB)";"4885";"3541";"1344"
"2515930";"Sertãozinho (PB)";"5054";"4007";"1047"
"2515971";"Sobrado (PB)";"8236";"1007";"7229"
"2516003";"Solânea (PB)";"26774";"21283";"5491"
"2516102";"Soledade (PB)";"13968";"10693";"3275"
"2516151";"Sossêgo (PB)";"3345";"2111";"1234"
"2516201";"Sousa (PB)";"67259";"53437";"13822"
"2516300";"Sumé (PB)";"17166";"13677";"3489"
"2516409";"Tacima (PB)";"8010";"3709";"4301"
"2516508";"Taperoá (PB)";"14068";"9519";"4549"
"2516607";"Tavares (PB)";"14101";"8341";"5760"
"2516706";"Teixeira (PB)";"14631";"10546";"4085"
"2516755";"Tenório (PB)";"2966";"1938";"1028"
"2516805";"Triunfo (PB)";"9892";"5112";"4780"
"2516904";"Uiraúna (PB)";"14930";"10913";"4017"
"2517001";"Umbuzeiro (PB)";"9124";"4142";"4982"
"2517100";"Várzea (PB)";"2668";"2072";"596"
"2517209";"Vieirópolis (PB)";"4864";"1205";"3659"
"2517407";"Zabelê (PB)";"2228";"1492";"736"
"2600054";"Abreu e Lima (PE)";"98462";"96296";"2166"
"2600104";"Afogados da Ingazeira (PE)";"40241";"32148";"8093"
"2600203";"Afrânio (PE)";"18674";"6019";"12655"
"2600302";"Agrestina (PE)";"23779";"18820";"4959"
"2600401";"Água Preta (PE)";"26461";"17261";"9200"
"2600500";"Águas Belas (PE)";"41548";"26976";"14572"
"2600609";"Alagoinha (PE)";"13542";"8199";"5343"
"2600708";"Aliança (PE)";"35741";"28759";"6982"
"2600807";"Altinho (PE)";"20674";"13792";"6882"
"2600906";"Amaraji (PE)";"18205";"14805";"3400"
"2601003";"Angelim (PE)";"10241";"6572";"3669"
"2601052";"Araçoiaba (PE)";"19243";"17685";"1558"
"2601102";"Araripina (PE)";"85088";"50875";"34213"
"2601201";"Arcoverde (PE)";"77742";"72614";"5128"
"2601300";"Barra de Guabiraba (PE)";"12263";"10814";"1449"
"2601409";"Barreiros (PE)";"40121";"35123";"4998"
"2601508";"Belém de Maria (PE)";"10378";"7429";"2949"
"2601607";"Belém do São Francisco (PE)";"18301";"12101";"6200"
"2601706";"Belo Jardim (PE)";"79507";"67653";"11854"
"2601805";"Betânia (PE)";"11232";"4095";"7137"
"2601904";"Bezerros (PE)";"61694";"52987";"8707"
"2602001";"Bodocó (PE)";"34478";"14790";"19688"
"2602100";"Bom Conselho (PE)";"44294";"30460";"13834"
"2602209";"Bom Jardim (PE)";"37629";"17743";"19886"
"2602308";"Bonito (PE)";"37474";"28504";"8970"
"2602407";"Brejão (PE)";"9079";"3721";"5358"
"2602506";"Brejinho (PE)";"7720";"3927";"3793"
"2602605";"Brejo da Madre de Deus (PE)";"48648";"38814";"9834"
"2602704";"Buenos Aires (PE)";"12808";"9224";"3584"
"2602803";"Buíque (PE)";"52097";"22347";"29750"
"2602902";"Cabo de Santo Agostinho (PE)";"203440";"190874";"12566"
"2603009";"Cabrobó (PE)";"30294";"20026";"10268"
"2603108";"Cachoeirinha (PE)";"19899";"16634";"3265"
"2603207";"Caetés (PE)";"28827";"8769";"20058"
"2603306";"Calçado (PE)";"11093";"3759";"7334"
"2603405";"Calumbi (PE)";"5228";"2110";"3118"
"2603454";"Camaragibe (PE)";"147771";"147771";"-"
"2603504";"Camocim de São Félix (PE)";"17419";"14792";"2627"
"2603603";"Camutanga (PE)";"7750";"6633";"1117"
"2603702";"Canhotinho (PE)";"24329";"16451";"7878"
"2603801";"Capoeiras (PE)";"18338";"6734";"11604"
"2603900";"Carnaíba (PE)";"18644";"8894";"9750"
"2603926";"Carnaubeira da Penha (PE)";"12239";"2077";"10162"
"2604007";"Carpina (PE)";"79293";"75286";"4007"
"2604106";"Caruaru (PE)";"378048";"348487";"29561"
"2604155";"Casinhas (PE)";"12967";"2276";"10691"
"2604205";"Catende (PE)";"32156";"25247";"6909"
"2604304";"Cedro (PE)";"10518";"6773";"3745"
"2604403";"Chã de Alegria (PE)";"12984";"10640";"2344"
"2604502";"Chã Grande (PE)";"20546";"12635";"7911"
"2604601";"Condado (PE)";"24587";"22637";"1950"
"2604700";"Correntes (PE)";"17131";"10365";"6766"
"2604809";"Cortês (PE)";"10198";"7979";"2219"
"2604908";"Cumaru (PE)";"15920";"7783";"8137"
"2605004";"Cupira (PE)";"23518";"22185";"1333"
"2605103";"Custódia (PE)";"37699";"25373";"12326"
"2605152";"Dormentes (PE)";"17188";"7809";"9379"
"2605202";"Escada (PE)";"59891";"52787";"7104"
"2605301";"Exu (PE)";"31843";"15658";"16185"
"2605400";"Feira Nova (PE)";"21427";"17403";"4024"
"2605459";"Fernando de Noronha (PE)";"3167";"3086";"81"
"2605509";"Ferreiros (PE)";"15026";"13268";"1758"
"2605608";"Flores (PE)";"20347";"9224";"11123"
"2605707";"Floresta (PE)";"30137";"22086";"8051"
"2605806";"Frei Miguelinho (PE)";"13636";"4245";"9391"
"2605905";"Gameleira (PE)";"18214";"14823";"3391"
"2606002";"Garanhuns (PE)";"142506";"129585";"12921"
"2606101";"Glória do Goitá (PE)";"29347";"20788";"8559"
"2606200";"Goiana (PE)";"81055";"76278";"4777"
"2606309";"Granito (PE)";"6967";"3842";"3125"
"2606408";"Gravatá (PE)";"86516";"74128";"12388"
"2606507";"Iati (PE)";"17165";"8063";"9102"
"2606606";"Ibimirim (PE)";"26593";"14874";"11719"
"2606705";"Ibirajuba (PE)";"7140";"3278";"3862"
"2606804";"Igarassu (PE)";"115196";"110232";"4964"
"2606903";"Iguaracy (PE)";"11081";"5899";"5182"
"2607000";"Inajá (PE)";"25603";"11640";"13963"
"2607109";"Ingazeira (PE)";"4765";"2507";"2258"
"2607208";"Ipojuca (PE)";"98932";"84762";"14170"
"2607307";"Ipubi (PE)";"29009";"18876";"10133"
"2607406";"Itacuruba (PE)";"4284";"3146";"1138"
"2607505";"Itaíba (PE)";"32650";"11140";"21510"
"2607604";"Ilha de Itamaracá (PE)";"24540";"21088";"3452"
"2607653";"Itambé (PE)";"34935";"32125";"2810"
"2607703";"Itapetim (PE)";"13791";"8656";"5135"
"2607752";"Itapissuma (PE)";"27749";"27354";"395"
"2607802";"Itaquitinga (PE)";"16554";"13387";"3167"
"2607901";"Jaboatão dos Guararapes (PE)";"644037";"639384";"4653"
"2607950";"Jaqueira (PE)";"10247";"6765";"3482"
"2608008";"Jataúba (PE)";"15843";"10153";"5690"
"2608057";"Jatobá (PE)";"14020";"8369";"5651"
"2608107";"João Alfredo (PE)";"27725";"16307";"11418"
"2608206";"Joaquim Nabuco (PE)";"13269";"10670";"2599"
"2608255";"Jucati (PE)";"11517";"5250";"6267"
"2608305";"Jupi (PE)";"15329";"10022";"5307"
"2608404";"Jurema (PE)";"13648";"10864";"2784"
"2608453";"Lagoa do Carro (PE)";"17981";"13687";"4294"
"2608503";"Lagoa de Itaenga (PE)";"19003";"15827";"3176"
"2608602";"Lagoa do Ouro (PE)";"11933";"6816";"5117"
"2608701";"Lagoa dos Gatos (PE)";"14076";"9378";"4698"
"2608750";"Lagoa Grande (PE)";"24088";"16997";"7091"
"2608800";"Lajedo (PE)";"39582";"31894";"7688"
"2608909";"Limoeiro (PE)";"56510";"45762";"10748"
"2609006";"Macaparana (PE)";"23879";"18132";"5747"
"2609105";"Machados (PE)";"11333";"8548";"2785"
"2609154";"Manari (PE)";"23763";"5477";"18286"
"2609204";"Maraial (PE)";"9359";"6918";"2441"
"2609303";"Mirandiba (PE)";"14166";"7279";"6887"
"2609402";"Moreno (PE)";"55292";"50017";"5275"
"2609501";"Nazaré da Mata (PE)";"30648";"28295";"2353"
"2609600";"Olinda (PE)";"349976";"349976";"-"
"2609709";"Orobó (PE)";"21808";"9895";"11913"
"2609808";"Orocó (PE)";"13613";"5148";"8465"
"2609907";"Ouricuri (PE)";"65245";"33827";"31418"
"2610004";"Palmares (PE)";"54584";"42821";"11763"
"2610103";"Palmeirina (PE)";"7031";"4559";"2472"
"2610202";"Panelas (PE)";"22991";"14312";"8679"
"2610301";"Paranatama (PE)";"12199";"2537";"9662"
"2610400";"Parnamirim (PE)";"18612";"7972";"10640"
"2610509";"Passira (PE)";"28340";"14678";"13662"
"2610608";"Paudalho (PE)";"56665";"46995";"9670"
"2610707";"Paulista (PE)";"342167";"341986";"181"
"2610806";"Pedra (PE)";"22795";"12605";"10190"
"2610905";"Pesqueira (PE)";"62722";"45564";"17158"
"2611002";"Petrolândia (PE)";"34161";"24768";"9393"
"2611101";"Petrolina (PE)";"386791";"349477";"37314"
"2611200";"Poção (PE)";"10500";"6758";"3742"
"2611309";"Pombos (PE)";"27552";"17910";"9642"
"2611408";"Primavera (PE)";"13838";"8649";"5189"
"2611507";"Quipapá (PE)";"17928";"12619";"5309"
"2611533";"Quixaba (PE)";"6554";"3376";"3178"
"2611606";"Recife (PE)";"1488920";"1488920";"-"
"2611705";"Riacho das Almas (PE)";"20639";"10547";"10092"
"2611804";"Ribeirão (PE)";"33507";"27981";"5526"
"2611903";"Rio Formoso (PE)";"20009";"14501";"5508"
"2612000";"Sairé (PE)";"10887";"6565";"4322"
"2612109";"Salgadinho (PE)";"5727";"2053";"3674"
"2612208";"Salgueiro (PE)";"62372";"50187";"12185"
"2612307";"Saloá (PE)";"13836";"8108";"5728"
"2612406";"Sanharó (PE)";"18624";"14211";"4413"
"2612455";"Santa Cruz (PE)";"13841";"5275";"8566"
"2612471";"Santa Cruz da Baixa Verde (PE)";"11567";"6354";"5213"
"2612505";"Santa Cruz do Capibaribe (PE)";"98254";"95749";"2505"
"2612554";"Santa Filomena (PE)";"12106";"4439";"7667"
"2612604";"Santa Maria da Boa Vista (PE)";"40578";"14945";"25633"
"2612703";"Santa Maria do Cambucá (PE)";"14013";"3950";"10063"
"2612802";"Santa Terezinha (PE)";"10244";"6747";"3497"
"2612901";"São Benedito do Sul (PE)";"13113";"8116";"4997"
"2613008";"São Bento do Una (PE)";"49449";"29893";"19556"
"2613107";"São Caitano (PE)";"37126";"29410";"7716"
"2613206";"São João (PE)";"23837";"12922";"10915"
"2613305";"São Joaquim do Monte (PE)";"20037";"14766";"5271"
"2613404";"São José da Coroa Grande (PE)";"18825";"14478";"4347"
"2613503";"São José do Belmonte (PE)";"34843";"19788";"15055"
"2613602";"São José do Egito (PE)";"31004";"20665";"10339"
"2613701";"São Lourenço da Mata (PE)";"111249";"105738";"5511"
"2613800";"São Vicente Férrer (PE)";"16677";"12232";"4445"
"2613909";"Serra Talhada (PE)";"92228";"73891";"18337"
"2614006";"Serrita (PE)";"18207";"6534";"11673"
"2614105";"Sertânia (PE)";"32811";"18787";"14024"
"2614204";"Sirinhaém (PE)";"37596";"30369";"7227"
"2614303";"Moreilândia (PE)";"10540";"6718";"3822"
"2614402";"Solidão (PE)";"5210";"1929";"3281"
"2614501";"Surubim (PE)";"64120";"50651";"13469"
"2614600";"Tabira (PE)";"27681";"20949";"6732"
"2614709";"Tacaimbó (PE)";"13738";"7785";"5953"
"2614808";"Tacaratu (PE)";"23902";"11442";"12460"
"2614857";"Tamandaré (PE)";"23561";"18813";"4748"
"2615003";"Taquaritinga do Norte (PE)";"24736";"17492";"7244"
"2615102";"Terezinha (PE)";"6513";"3273";"3240"
"2615201";"Terra Nova (PE)";"8920";"6072";"2848"
"2615300";"Timbaúba (PE)";"46147";"39647";"6500"
"2615409";"Toritama (PE)";"41137";"40360";"777"
"2615508";"Tracunhaém (PE)";"13867";"11523";"2344"
"2615607";"Trindade (PE)";"30321";"24138";"6183"
"2615706";"Triunfo (PE)";"14705";"8613";"6092"
"2615805";"Tupanatinga (PE)";"26937";"10576";"16361"
"2615904";"Tuparetama (PE)";"8005";"6491";"1514"
"2616001";"Venturosa (PE)";"17251";"11273";"5978"
"2616100";"Verdejante (PE)";"9169";"2766";"6403"
"2616183";"Vertente do Lério (PE)";"7558";"1948";"5610"
"2616209";"Vertentes (PE)";"21959";"16402";"5557"
"2616308";"Vicência (PE)";"26359";"15502";"10857"
"2616407";"Vitória de Santo Antão (PE)";"134084";"121364";"12720"
"2616506";"Xexéu (PE)";"11611";"10518";"1093"
"2700102";"Água Branca (AL)";"19008";"6114";"12894"
"2700201";"Anadia (AL)";"13966";"9229";"4737"
"2700300";"Arapiraca (AL)";"234696";"216413";"18283"
"2700409";"Atalaia (AL)";"37512";"26790";"10722"
"2700508";"Barra de Santo Antônio (AL)";"16365";"15629";"736"
"2700607";"Barra de São Miguel (AL)";"7944";"7518";"426"
"2700706";"Batalha (AL)";"16448";"12206";"4242"
"2700805";"Belém (AL)";"4722";"2431";"2291"
"2700904";"Belo Monte (AL)";"5936";"1166";"4770"
"2701001";"Boca da Mata (AL)";"21187";"19215";"1972"
"2701100";"Branquinha (AL)";"9603";"6215";"3388"
"2701209";"Cacimbinhas (AL)";"10482";"5691";"4791"
"2701308";"Cajueiro (AL)";"16024";"14490";"1534"
"2701357";"Campestre (AL)";"6665";"6024";"641"
"2701407";"Campo Alegre (AL)";"32106";"30642";"1464"
"2701506";"Campo Grande (AL)";"8143";"4112";"4031"
"2701605";"Canapi (AL)";"15559";"5460";"10099"
"2701704";"Capela (AL)";"15032";"11972";"3060"
"2701803";"Carneiros (AL)";"8999";"5867";"3132"
"2701902";"Chã Preta (AL)";"5910";"4263";"1647"
"2702009";"Coité do Nóia (AL)";"10810";"5136";"5674"
"2702108";"Colônia Leopoldina (AL)";"15816";"13168";"2648"
"2702207";"Coqueiro Seco (AL)";"5581";"5002";"579"
"2702306";"Coruripe (AL)";"50414";"44935";"5479"
"2702355";"Craíbas (AL)";"25397";"12845";"12552"
"2702405";"Delmiro Gouveia (AL)";"51318";"40999";"10319"
"2702504";"Dois Riachos (AL)";"9805";"5588";"4217"
"2702553";"Estrela de Alagoas (AL)";"15429";"4217";"11212"
"2702603";"Feira Grande (AL)";"22712";"8153";"14559"
"2702702";"Feliz Deserto (AL)";"3963";"3186";"777"
"2702801";"Flexeiras (AL)";"9618";"6736";"2882"
"2702900";"Girau do Ponciano (AL)";"36102";"12272";"23830"
"2703007";"Ibateguara (AL)";"13731";"11397";"2334"
"2703106";"Igaci (AL)";"23995";"6055";"17940"
"2703205";"Igreja Nova (AL)";"21372";"4496";"16876"
"2703304";"Inhapi (AL)";"15167";"6578";"8589"
"2703403";"Jacaré dos Homens (AL)";"5083";"3162";"1921"
"2703502";"Jacuípe (AL)";"5352";"3979";"1373"
"2703601";"Japaratinga (AL)";"9219";"5750";"3469"
"2703700";"Jaramataia (AL)";"4985";"2537";"2448"
"2703759";"Jequiá da Praia (AL)";"9470";"4244";"5226"
"2703809";"Joaquim Gomes (AL)";"17150";"11434";"5716"
"2703908";"Jundiá (AL)";"4092";"3167";"925"
"2704005";"Junqueiro (AL)";"23907";"11713";"12194"
"2704104";"Lagoa da Canoa (AL)";"18457";"9803";"8654"
"2704203";"Limoeiro de Anadia (AL)";"24740";"8747";"15993"
"2704302";"Maceió (AL)";"957916";"957593";"323"
"2704401";"Major Isidoro (AL)";"17700";"9883";"7817"
"2704500";"Maragogi (AL)";"32174";"25407";"6767"
"2704609";"Maravilha (AL)";"9534";"5112";"4422"
"2704708";"Marechal Deodoro (AL)";"60370";"59140";"1230"
"2704807";"Maribondo (AL)";"13679";"10127";"3552"
"2704906";"Mar Vermelho (AL)";"3155";"1523";"1632"
"2705002";"Mata Grande (AL)";"21844";"5782";"16062"
"2705101";"Matriz de Camaragibe (AL)";"23857";"21853";"2004"
"2705200";"Messias (AL)";"15405";"13417";"1988"
"2705309";"Minador do Negrão (AL)";"4845";"2239";"2606"
"2705408";"Monteirópolis (AL)";"7184";"2875";"4309"
"2705507";"Murici (AL)";"25187";"22952";"2235"
"2705606";"Novo Lino (AL)";"10020";"7261";"2759"
"2705705";"Olho d'Água das Flores (AL)";"20695";"14219";"6476"
"2705804";"Olho d'Água do Casado (AL)";"8349";"4441";"3908"
"2705903";"Olho d'Água Grande (AL)";"4330";"1313";"3017"
"2706000";"Olivença (AL)";"10812";"4562";"6250"
"2706109";"Ouro Branco (AL)";"11446";"7554";"3892"
"2706208";"Palestina (AL)";"4325";"3133";"1192"
"2706307";"Palmeira dos Índios (AL)";"71574";"53006";"18568"
"2706406";"Pão de Açúcar (AL)";"23823";"11214";"12609"
"2706422";"Pariconha (AL)";"10573";"3331";"7242"
"2706448";"Paripueira (AL)";"13835";"13130";"705"
"2706505";"Passo de Camaragibe (AL)";"13804";"9682";"4122"
"2706604";"Paulo Jacinto (AL)";"6576";"5230";"1346"
"2706703";"Penedo (AL)";"58650";"47134";"11516"
"2706802";"Piaçabuçu (AL)";"15908";"13238";"2670"
"2706901";"Pilar (AL)";"35370";"34641";"729"
"2707008";"Pindoba (AL)";"2731";"1586";"1145"
"2707107";"Piranhas (AL)";"22609";"17018";"5591"
"2707206";"Poço das Trincheiras (AL)";"12518";"2262";"10256"
"2707305";"Porto Calvo (AL)";"24071";"20107";"3964"
"2707404";"Porto de Pedras (AL)";"9295";"7107";"2188"
"2707503";"Porto Real do Colégio (AL)";"20082";"9340";"10742"
"2707602";"Quebrangulo (AL)";"11080";"7175";"3905"
"2707701";"Rio Largo (AL)";"93927";"91991";"1936"
"2707800";"Roteiro (AL)";"6474";"5898";"576"
"2707909";"Santa Luzia do Norte (AL)";"6919";"6819";"100"
"2708006";"Santana do Ipanema (AL)";"46220";"30875";"15345"
"2708105";"Santana do Mundaú (AL)";"11323";"6969";"4354"
"2708204";"São Brás (AL)";"6555";"3948";"2607"
"2708303";"São José da Laje (AL)";"20813";"16313";"4500"
"2708402";"São José da Tapera (AL)";"30604";"13481";"17123"
"2708501";"São Luís do Quitunde (AL)";"30873";"23317";"7556"
"2708600";"São Miguel dos Campos (AL)";"51990";"49880";"2110"
"2708709";"São Miguel dos Milagres (AL)";"8482";"7955";"527"
"2708808";"São Sebastião (AL)";"31786";"13947";"17839"
"2708907";"Satuba (AL)";"24278";"23348";"930"
"2708956";"Senador Rui Palmeira (AL)";"12303";"3911";"8392"
"2709004";"Tanque d'Arca (AL)";"5796";"2143";"3653"
"2709103";"Taquarana (AL)";"19032";"9441";"9591"
"2709152";"Teotônio Vilela (AL)";"38053";"32135";"5918"
"2709202";"Traipu (AL)";"23565";"7283";"16282"
"2709301";"União dos Palmares (AL)";"59280";"49361";"9919"
"2709400";"Viçosa (AL)";"24092";"18573";"5519"
"2800100";"Amparo do São Francisco (SE)";"2170";"1701";"469"
"2800209";"Aquidabã (SE)";"20131";"11847";"8284"
"2800308";"Aracaju (SE)";"602757";"602743";"14"
"2800407";"Arauá (SE)";"10318";"4375";"5943"
"2800506";"Areia Branca (SE)";"18081";"13994";"4087"
"2800605";"Barra dos Coqueiros (SE)";"41511";"41146";"365"
"2800670";"Boquim (SE)";"24636";"17774";"6862"
"2800704";"Brejo Grande (SE)";"7841";"3933";"3908"
"2801009";"Campo do Brito (SE)";"18149";"11579";"6570"
"2801108";"Canhoba (SE)";"3791";"1553";"2238"
"2801207";"Canindé de São Francisco (SE)";"26834";"17902";"8932"
"2801306";"Capela (SE)";"31645";"21955";"9690"
"2801405";"Carira (SE)";"19939";"12577";"7362"
"2801504";"Carmópolis (SE)";"13853";"13390";"463"
"2801603";"Cedro de São João (SE)";"5391";"4677";"714"
"2801702";"Cristinápolis (SE)";"17100";"13283";"3817"
"2801900";"Cumbe (SE)";"3824";"2219";"1605"
"2802007";"Divina Pastora (SE)";"4340";"2170";"2170"
"2802106";"Estância (SE)";"65078";"57224";"7854"
"2802205";"Feira Nova (SE)";"5975";"3979";"1996"
"2802304";"Frei Paulo (SE)";"14530";"11837";"2693"
"2802403";"Gararu (SE)";"11096";"3123";"7973"
"2802502";"General Maynard (SE)";"3037";"2066";"971"
"2802601";"Graccho Cardoso (SE)";"5834";"2905";"2929"
"2802700";"Ilha das Flores (SE)";"8321";"7537";"784"
"2802809";"Indiaroba (SE)";"16549";"5494";"11055"
"2802908";"Itabaiana (SE)";"103440";"86535";"16905"
"2803005";"Itabaianinha (SE)";"40678";"24130";"16548"
"2803104";"Itabi (SE)";"4745";"2691";"2054"
"2803203";"Itaporanga d'Ajuda (SE)";"34411";"16459";"17952"
"2803302";"Japaratuba (SE)";"16209";"10481";"5728"
"2803401";"Japoatã (SE)";"13407";"4576";"8831"
"2803500";"Lagarto (SE)";"101579";"75444";"26135"
"2803609";"Laranjeiras (SE)";"23975";"22284";"1691"
"2803708";"Macambira (SE)";"6838";"3751";"3087"
"2803807";"Malhada dos Bois (SE)";"3579";"1434";"2145"
"2803906";"Malhador (SE)";"11533";"6018";"5515"
"2804003";"Maruim (SE)";"15719";"13931";"1788"
"2804102";"Moita Bonita (SE)";"11050";"5270";"5780"
"2804201";"Monte Alegre de Sergipe (SE)";"14336";"9170";"5166"
"2804300";"Muribeca (SE)";"7822";"3638";"4184"
"2804409";"Neópolis (SE)";"16426";"8656";"7770"
"2804458";"Nossa Senhora Aparecida (SE)";"9232";"4628";"4604"
"2804508";"Nossa Senhora da Glória (SE)";"41212";"28772";"12440"
"2804607";"Nossa Senhora das Dores (SE)";"24996";"19023";"5973"
"2804706";"Nossa Senhora de Lourdes (SE)";"6268";"3499";"2769"
"2804805";"Nossa Senhora do Socorro (SE)";"192330";"189586";"2744"
"2804904";"Pacatuba (SE)";"12502";"4997";"7505"
"2805000";"Pedra Mole (SE)";"2778";"1263";"1515"
"2805109";"Pedrinhas (SE)";"7396";"5672";"1724"
"2805208";"Pinhão (SE)";"5677";"3681";"1996"
"2805307";"Pirambu (SE)";"7913";"4645";"3268"
"2805406";"Poço Redondo (SE)";"33439";"14808";"18631"
"2805505";"Poço Verde (SE)";"21794";"13049";"8745"
"2805604";"Porto da Folha (SE)";"26576";"12797";"13779"
"2805703";"Propriá (SE)";"26618";"22640";"3978"
"2805802";"Riachão do Dantas (SE)";"18313";"7347";"10966"
"2805901";"Riachuelo (SE)";"8748";"7358";"1390"
"2806008";"Ribeirópolis (SE)";"17033";"12609";"4424"
"2806107";"Rosário do Catete (SE)";"9295";"8124";"1171"
"2806206";"Salgado (SE)";"20279";"10072";"10207"
"2806305";"Santa Luzia do Itanhy (SE)";"13616";"3229";"10387"
"2806404";"Santana do São Francisco (SE)";"7346";"4535";"2811"
"2806503";"Santa Rosa de Lima (SE)";"3937";"2209";"1728"
"2806602";"Santo Amaro das Brotas (SE)";"11092";"7926";"3166"
"2806701";"São Cristóvão (SE)";"95612";"84379";"11233"
"2806800";"São Domingos (SE)";"10327";"5716";"4611"
"2806909";"São Francisco (SE)";"3243";"2364";"879"
"2807006";"São Miguel do Aleixo (SE)";"3434";"1859";"1575"
"2807105";"Simão Dias (SE)";"42578";"22989";"19589"
"2807204";"Siriri (SE)";"7834";"3828";"4006"
"2807303";"Telha (SE)";"3274";"1928";"1346"
"2807402";"Tobias Barreto (SE)";"50905";"37955";"12950"
"2807501";"Tomar do Geru (SE)";"12012";"6401";"5611"
"2807600";"Umbaúba (SE)";"23917";"19568";"4349"
"2900108";"Abaíra (BA)";"7301";"3555";"3746"
"2900207";"Abaré (BA)";"17639";"9858";"7781"
"2900306";"Acajutiba (BA)";"13795";"10347";"3448"
"2900355";"Adustina (BA)";"14201";"7166";"7035"
"2900405";"Água Fria (BA)";"14497";"5937";"8560"
"2900504";"Érico Cardoso (BA)";"10604";"2284";"8320"
"2900603";"Aiquara (BA)";"4447";"2597";"1850"
"2900702";"Alagoinhas (BA)";"151055";"132509";"18546"
"2900801";"Alcobaça (BA)";"24530";"12857";"11673"
"2900900";"Almadina (BA)";"5218";"4430";"788"
"2901007";"Amargosa (BA)";"36521";"28063";"8458"
"2901106";"Amélia Rodrigues (BA)";"24138";"19926";"4212"
"2901155";"América Dourada (BA)";"15137";"11725";"3412"
"2901205";"Anagé (BA)";"25438";"6525";"18913"
"2901304";"Andaraí (BA)";"13080";"8095";"4985"
"2901353";"Andorinha (BA)";"15012";"6662";"8350"
"2901403";"Angical (BA)";"13732";"6425";"7307"
"2901502";"Anguera (BA)";"11031";"4749";"6282"
"2901601";"Antas (BA)";"14206";"8569";"5637"
"2901700";"Antônio Cardoso (BA)";"11146";"3842";"7304"
"2901809";"Antônio Gonçalves (BA)";"10862";"5584";"5278"
"2901908";"Aporá (BA)";"15922";"8951";"6971"
"2901957";"Apuarema (BA)";"6913";"5154";"1759"
"2902005";"Aracatu (BA)";"13936";"4584";"9352"
"2902054";"Araçás (BA)";"11557";"6114";"5443"
"2902104";"Araci (BA)";"48294";"23433";"24861"
"2902203";"Aramari (BA)";"9833";"5573";"4260"
"2902252";"Arataca (BA)";"10191";"5426";"4765"
"2902302";"Aratuípe (BA)";"8677";"5468";"3209"
"2902401";"Aurelino Leal (BA)";"11179";"9631";"1548"
"2902500";"Baianópolis (BA)";"13614";"3869";"9745"
"2902609";"Baixa Grande (BA)";"18220";"8097";"10123"
"2902658";"Banzaê (BA)";"11958";"4416";"7542"
"2902708";"Barra (BA)";"51092";"24613";"26479"
"2902807";"Barra da Estiva (BA)";"26026";"14096";"11930"
"2902906";"Barra do Choça (BA)";"36539";"24997";"11542"
"2903003";"Barra do Mendes (BA)";"13836";"7832";"6004"
"2903102";"Barra do Rocha (BA)";"5775";"3904";"1871"
"2903201";"Barreiras (BA)";"159734";"143943";"15791"
"2903235";"Barro Alto (BA)";"13453";"7518";"5935"
"2903276";"Barrocas (BA)";"15203";"7128";"8075"
"2903300";"Barro Preto (BA)";"5833";"4793";"1040"
"2903409";"Belmonte (BA)";"20121";"16497";"3624"
"2903508";"Belo Campo (BA)";"18412";"10306";"8106"
"2903607";"Biritinga (BA)";"15146";"4146";"11000"
"2903706";"Boa Nova (BA)";"13690";"7341";"6349"
"2903805";"Boa Vista do Tupim (BA)";"16873";"7755";"9118"
"2903904";"Bom Jesus da Lapa (BA)";"65550";"47911";"17639"
"2903953";"Bom Jesus da Serra (BA)";"9730";"3435";"6295"
"2904001";"Boninal (BA)";"13622";"6422";"7200"
"2904050";"Bonito (BA)";"15844";"8064";"7780"
"2904100";"Boquira (BA)";"19322";"7071";"12251"
"2904209";"Botuporã (BA)";"11024";"4816";"6208"
"2904308";"Brejões (BA)";"12943";"8821";"4122"
"2904407";"Brejolândia (BA)";"9108";"1941";"7167"
"2904506";"Brotas de Macaúbas (BA)";"11765";"3788";"7977"
"2904605";"Brumado (BA)";"70510";"52256";"18254"
"2904704";"Buerarema (BA)";"14804";"13106";"1698"
"2904753";"Buritirama (BA)";"19589";"8182";"11407"
"2904803";"Caatiba (BA)";"6205";"4371";"1834"
"2904852";"Cabaceiras do Paraguaçu (BA)";"16559";"5297";"11262"
"2904902";"Cachoeira (BA)";"29250";"19994";"9256"
"2905008";"Caculé (BA)";"22462";"15143";"7319"
"2905107";"Caém (BA)";"10384";"5047";"5337"
"2905156";"Caetanos (BA)";"11266";"3684";"7582"
"2905206";"Caetité (BA)";"52012";"32973";"19039"
"2905305";"Cafarnaum (BA)";"17466";"12048";"5418"
"2905404";"Cairu (BA)";"17761";"14966";"2795"
"2905503";"Caldeirão Grande (BA)";"13080";"7592";"5488"
"2905602";"Camacan (BA)";"22579";"19977";"2602"
"2905701";"Camaçari (BA)";"300372";"293928";"6444"
"2905800";"Camamu (BA)";"30469";"16200";"14269"
"2905909";"Campo Alegre de Lourdes (BA)";"30671";"9539";"21132"
"2906006";"Campo Formoso (BA)";"71377";"40746";"30631"
"2906105";"Canápolis (BA)";"10225";"3934";"6291"
"2906204";"Canarana (BA)";"24206";"14481";"9725"
"2906303";"Canavieiras (BA)";"32683";"25105";"7578"
"2906402";"Candeal (BA)";"7772";"3426";"4346"
"2906501";"Candeias (BA)";"72382";"66248";"6134"
"2906600";"Candiba (BA)";"13016";"7756";"5260"
"2906709";"Cândido Sales (BA)";"25247";"18972";"6275"
"2906808";"Cansanção (BA)";"37439";"14651";"22788"
"2906824";"Canudos (BA)";"16105";"10253";"5852"
"2906857";"Capela do Alto Alegre (BA)";"10744";"5607";"5137"
"2906873";"Capim Grosso (BA)";"33235";"28268";"4967"
"2906899";"Caraíbas (BA)";"9940";"2936";"7004"
"2906907";"Caravelas (BA)";"20580";"15263";"5317"
"2907004";"Cardeal da Silva (BA)";"8365";"6263";"2102"
"2907103";"Carinhanha (BA)";"28869";"17665";"11204"
"2907202";"Casa Nova (BA)";"72086";"45903";"26183"
"2907301";"Castro Alves (BA)";"24712";"15783";"8929"
"2907400";"Catolândia (BA)";"3434";"1126";"2308"
"2907509";"Catu (BA)";"48148";"41224";"6924"
"2907558";"Caturama (BA)";"8841";"2820";"6021"
"2907608";"Central (BA)";"16348";"8185";"8163"
"2907707";"Chorrochó (BA)";"10579";"5772";"4807"
"2907806";"Cícero Dantas (BA)";"30907";"20783";"10124"
"2907905";"Cipó (BA)";"17230";"12202";"5028"
"2908002";"Coaraci (BA)";"17333";"15989";"1344"
"2908101";"Cocos (BA)";"19151";"10261";"8890"
"2908200";"Conceição da Feira (BA)";"20800";"13842";"6958"
"2908309";"Conceição do Almeida (BA)";"15794";"7478";"8316"
"2908408";"Conceição do Coité (BA)";"67825";"44725";"23100"
"2908507";"Conceição do Jacuípe (BA)";"35308";"33035";"2273"
"2908606";"Conde (BA)";"23654";"14392";"9262"
"2908705";"Condeúba (BA)";"17053";"8094";"8959"
"2908804";"Contendas do Sincorá (BA)";"4333";"2623";"1710"
"2908903";"Coração de Maria (BA)";"26692";"11867";"14825"
"2909000";"Cordeiros (BA)";"7546";"2615";"4931"
"2909109";"Coribe (BA)";"13990";"8759";"5231"
"2909208";"Coronel João Sá (BA)";"17056";"8841";"8215"
"2909307";"Correntina (BA)";"32457";"17116";"15341"
"2909406";"Cotegipe (BA)";"13063";"6783";"6280"
"2909505";"Cravolândia (BA)";"4415";"2990";"1425"
"2909604";"Crisópolis (BA)";"19729";"11182";"8547"
"2909703";"Cristópolis (BA)";"13993";"5677";"8316"
"2909802";"Cruz das Almas (BA)";"60348";"47267";"13081"
"2909901";"Curaçá (BA)";"34180";"17812";"16368"
"2910008";"Dário Meira (BA)";"10820";"6601";"4219"
"2910057";"Dias d'Ávila (BA)";"71485";"69766";"1719"
"2910107";"Dom Basílio (BA)";"11884";"2617";"9267"
"2910206";"Dom Macedo Costa (BA)";"4407";"2226";"2181"
"2910305";"Elísio Medrado (BA)";"7808";"3472";"4336"
"2910404";"Encruzilhada (BA)";"19107";"11439";"7668"
"2910503";"Entre Rios (BA)";"38098";"28327";"9771"
"2910602";"Esplanada (BA)";"32554";"22713";"9841"
"2910701";"Euclides da Cunha (BA)";"61456";"32246";"29210"
"2910727";"Eunápolis (BA)";"113710";"106861";"6849"
"2910750";"Fátima (BA)";"17895";"7995";"9900"
"2910776";"Feira da Mata (BA)";"5631";"3653";"1978"
"2910800";"Feira de Santana (BA)";"616272";"578086";"38186"
"2910859";"Filadélfia (BA)";"17897";"10108";"7789"
"2910909";"Firmino Alves (BA)";"4873";"4191";"682"
"2911006";"Floresta Azul (BA)";"11059";"8345";"2714"
"2911105";"Formosa do Rio Preto (BA)";"25899";"17139";"8760"
"2911204";"Gandu (BA)";"32178";"26907";"5271"
"2911253";"Gavião (BA)";"4360";"2998";"1362"
"2911303";"Gentio do Ouro (BA)";"10884";"5807";"5077"
"2911402";"Glória (BA)";"15524";"4815";"10709"
"2911501";"Gongogi (BA)";"5555";"3966";"1589"
"2911600";"Governador Mangabeira (BA)";"20605";"9400";"11205"
"2911659";"Guajeru (BA)";"8050";"2429";"5621"
"2911709";"Guanambi (BA)";"87817";"73447";"14370"
"2911808";"Guaratinga (BA)";"19049";"11832";"7217"
"2911857";"Heliópolis (BA)";"12309";"6131";"6178"
"2911907";"Iaçu (BA)";"24607";"19518";"5089"
"2912004";"Ibiassucê (BA)";"10429";"5160";"5269"
"2912103";"Ibicaraí (BA)";"21665";"20098";"1567"
"2912202";"Ibicoara (BA)";"20785";"13657";"7128"
"2912301";"Ibicuí (BA)";"13934";"11432";"2502"
"2912400";"Ibipeba (BA)";"16603";"11150";"5453"
"2912509";"Ibipitanga (BA)";"13863";"6169";"7694"
"2912608";"Ibiquera (BA)";"3725";"2557";"1168"
"2912707";"Ibirapitanga (BA)";"25344";"13987";"11357"
"2912806";"Ibirapuã (BA)";"8896";"5769";"3127"
"2912905";"Ibirataia (BA)";"18792";"15681";"3111"
"2913002";"Ibitiara (BA)";"14637";"4032";"10605"
"2913101";"Ibititá (BA)";"16969";"8509";"8460"
"2913200";"Ibotirama (BA)";"26309";"21437";"4872"
"2913309";"Ichu (BA)";"6190";"3709";"2481"
"2913408";"Igaporã (BA)";"15527";"8709";"6818"
"2913457";"Igrapiúna (BA)";"13151";"4486";"8665"
"2913507";"Iguaí (BA)";"21491";"13871";"7620"
"2913606";"Ilhéus (BA)";"178649";"161851";"16798"
"2913705";"Inhambupe (BA)";"33790";"16450";"17340"
"2913804";"Ipecaetá (BA)";"13709";"3595";"10114"
"2913903";"Ipiaú (BA)";"40706";"37548";"3158"
"2914000";"Ipirá (BA)";"56876";"33546";"23330"
"2914109";"Ipupiara (BA)";"9935";"6441";"3494"
"2914208";"Irajuba (BA)";"6101";"3386";"2715"
"2914307";"Iramaia (BA)";"10752";"5041";"5711"
"2914406";"Iraquara (BA)";"23879";"7883";"15996"
"2914505";"Irará (BA)";"28043";"12708";"15335"
"2914604";"Irecê (BA)";"74507";"70891";"3616"
"2914653";"Itabela (BA)";"28165";"24019";"4146"
"2914703";"Itaberaba (BA)";"65073";"53505";"11568"
"2914802";"Itabuna (BA)";"186708";"183648";"3060"
"2914901";"Itacaré (BA)";"27704";"17630";"10074"
"2915007";"Itaeté (BA)";"13472";"8552";"4920"
"2915106";"Itagi (BA)";"13803";"10571";"3232"
"2915205";"Itagibá (BA)";"15310";"11095";"4215"
"2915304";"Itagimirim (BA)";"6347";"5005";"1342"
"2915353";"Itaguaçu da Bahia (BA)";"12311";"3842";"8469"
"2915403";"Itaju do Colônia (BA)";"6037";"4984";"1053"
"2915502";"Itajuípe (BA)";"18781";"15575";"3206"
"2915601";"Itamaraju (BA)";"59605";"48310";"11295"
"2915700";"Itamari (BA)";"7051";"5397";"1654"
"2915809";"Itambé (BA)";"24394";"20539";"3855"
"2915908";"Itanagra (BA)";"5914";"3592";"2322"
"2916005";"Itanhém (BA)";"17813";"12561";"5252"
"2916104";"Itaparica (BA)";"19789";"19789";"-"
"2916203";"Itapé (BA)";"10341";"8289";"2052"
"2916302";"Itapebi (BA)";"9174";"7272";"1902"
"2916401";"Itapetinga (BA)";"65897";"63924";"1973"
"2916500";"Itapicuru (BA)";"31679";"12660";"19019"
"2916609";"Itapitanga (BA)";"10279";"6379";"3900"
"2916708";"Itaquara (BA)";"8153";"5059";"3094"
"2916807";"Itarantim (BA)";"17052";"14674";"2378"
"2916856";"Itatim (BA)";"15737";"11970";"3767"
"2916906";"Itiruçu (BA)";"10999";"8718";"2281"
"2917003";"Itiúba (BA)";"33872";"13028";"20844"
"2917102";"Itororó (BA)";"16617";"15385";"1232"
"2917201";"Ituaçu (BA)";"17914";"7568";"10346"
"2917300";"Ituberá (BA)";"21902";"16195";"5707"
"2917334";"Iuiu (BA)";"11118";"7888";"3230"
"2917359";"Jaborandi (BA)";"9275";"3579";"5696"
"2917409";"Jacaraci (BA)";"14436";"5463";"8973"
"2917508";"Jacobina (BA)";"82590";"70373";"12217"
"2917607";"Jaguaquara (BA)";"45964";"37804";"8160"
"2917706";"Jaguarari (BA)";"32703";"23555";"9148"
"2917805";"Jaguaripe (BA)";"17659";"7197";"10462"
"2917904";"Jandaíra (BA)";"9285";"5907";"3378"
"2918001";"Jequié (BA)";"158813";"147036";"11777"
"2918100";"Jeremoabo (BA)";"37626";"19726";"17900"
"2918209";"Jiquiriçá (BA)";"13629";"6390";"7239"
"2918308";"Jitaúna (BA)";"14355";"10231";"4124"
"2918357";"João Dourado (BA)";"24854";"19065";"5789"
"2918407";"Juazeiro (BA)";"237821";"202653";"35168"
"2918456";"Jucuruçu (BA)";"9655";"4521";"5134"
"2918506";"Jussara (BA)";"16354";"10096";"6258"
"2918555";"Jussari (BA)";"5888";"4336";"1552"
"2918605";"Jussiape (BA)";"7379";"3177";"4202"
"2918704";"Lafaiete Coutinho (BA)";"4075";"2410";"1665"
"2918753";"Lagoa Real (BA)";"14105";"3746";"10359"
"2918803";"Laje (BA)";"21052";"7370";"13682"
"2918902";"Lajedão (BA)";"3845";"2423";"1422"
"2919009";"Lajedinho (BA)";"3527";"1313";"2214"
"2919058";"Lajedo do Tabocal (BA)";"7494";"4820";"2674"
"2919108";"Lamarão (BA)";"9015";"2247";"6768"
"2919157";"Lapão (BA)";"25736";"16452";"9284"
"2919207";"Lauro de Freitas (BA)";"203331";"203279";"52"
"2919306";"Lençóis (BA)";"10774";"8588";"2186"
"2919405";"Licínio de Almeida (BA)";"11834";"6378";"5456"
"2919504";"Livramento de Nossa Senhora (BA)";"43903";"23803";"20100"
"2919553";"Luís Eduardo Magalhães (BA)";"107909";"104868";"3041"
"2919603";"Macajuba (BA)";"10454";"6631";"3823"
"2919702";"Macarani (BA)";"21599";"16345";"5254"
"2919801";"Macaúbas (BA)";"41859";"19549";"22310"
"2919900";"Macururé (BA)";"7256";"2684";"4572"
"2919926";"Madre de Deus (BA)";"18504";"18504";"-"
"2919959";"Maetinga (BA)";"6973";"3351";"3622"
"2920007";"Maiquinique (BA)";"8731";"7020";"1711"
"2920106";"Mairi (BA)";"17674";"11440";"6234"
"2920205";"Malhada (BA)";"15398";"8487";"6911"
"2920304";"Malhada de Pedras (BA)";"8670";"3539";"5131"
"2920403";"Manoel Vitorino (BA)";"13860";"7639";"6221"
"2920452";"Mansidão (BA)";"13919";"5836";"8083"
"2920502";"Maracás (BA)";"27620";"21780";"5840"
"2920601";"Maragogipe (BA)";"35859";"21340";"14519"
"2920700";"Maraú (BA)";"24527";"12103";"12424"
"2920809";"Marcionílio Souza (BA)";"9267";"5182";"4085"
"2920908";"Mascote (BA)";"13544";"11140";"2404"
"2921005";"Mata de São João (BA)";"42566";"34864";"7702"
"2921054";"Matina (BA)";"10330";"3973";"6357"
"2921104";"Medeiros Neto (BA)";"22194";"17493";"4701"
"2921203";"Miguel Calmon (BA)";"24661";"14895";"9766"
"2921302";"Milagres (BA)";"11071";"9038";"2033"
"2921401";"Mirangaba (BA)";"15734";"7541";"8193"
"2921450";"Mirante (BA)";"10187";"2174";"8013"
"2921500";"Monte Santo (BA)";"47780";"12544";"35236"
"2921609";"Morpará (BA)";"7996";"5332";"2664"
"2921708";"Morro do Chapéu (BA)";"33594";"21927";"11667"
"2921807";"Mortugaba (BA)";"11143";"5948";"5195"
"2921906";"Mucugê (BA)";"12137";"5167";"6970"
"2922003";"Mucuri (BA)";"37977";"30844";"7133"
"2922052";"Mulungu do Morro (BA)";"13152";"6190";"6962"
"2922102";"Mundo Novo (BA)";"17305";"12329";"4976"
"2922201";"Muniz Ferreira (BA)";"7190";"3850";"3340"
"2922250";"Muquém do São Francisco (BA)";"10443";"4179";"6264"
"2922300";"Muritiba (BA)";"28707";"19152";"9555"
"2922409";"Mutuípe (BA)";"20037";"10135";"9902"
"2922508";"Nazaré (BA)";"27060";"21809";"5251"
"2922607";"Nilo Peçanha (BA)";"12063";"5441";"6622"
"2922656";"Nordestina (BA)";"18523";"6542";"11981"
"2922706";"Nova Canaã (BA)";"13715";"6765";"6950"
"2922730";"Nova Fátima (BA)";"7967";"5807";"2160"
"2922755";"Nova Ibiá (BA)";"6501";"3173";"3328"
"2922805";"Nova Itarana (BA)";"7780";"6172";"1608"
"2922854";"Nova Redenção (BA)";"7538";"4934";"2604"
"2922904";"Nova Soure (BA)";"24236";"11102";"13134"
"2923001";"Nova Viçosa (BA)";"39509";"35335";"4174"
"2923035";"Novo Horizonte (BA)";"11162";"4443";"6719"
"2923050";"Novo Triunfo (BA)";"10660";"6680";"3980"
"2923100";"Olindina (BA)";"22633";"11482";"11151"
"2923209";"Oliveira dos Brejinhos (BA)";"20715";"8300";"12415"
"2923308";"Ouriçangas (BA)";"7716";"3490";"4226"
"2923357";"Ourolândia (BA)";"19243";"11632";"7611"
"2923407";"Palmas de Monte Alto (BA)";"20078";"10017";"10061"
"2923506";"Palmeiras (BA)";"10339";"6792";"3547"
"2923605";"Paramirim (BA)";"20351";"12642";"7709"
"2923704";"Paratinga (BA)";"29252";"12251";"17001"
"2923803";"Paripiranga (BA)";"26604";"10873";"15731"
"2923902";"Pau Brasil (BA)";"9370";"6332";"3038"
"2924009";"Paulo Afonso (BA)";"112870";"98589";"14281"
"2924058";"Pé de Serra (BA)";"13243";"6994";"6249"
"2924108";"Pedrão (BA)";"6235";"2003";"4232"
"2924207";"Pedro Alexandre (BA)";"13954";"4971";"8983"
"2924306";"Piatã (BA)";"20086";"10808";"9278"
"2924405";"Pilão Arcado (BA)";"35357";"13047";"22310"
"2924504";"Pindaí (BA)";"14731";"4450";"10281"
"2924603";"Pindobaçu (BA)";"19083";"13895";"5188"
"2924652";"Pintadas (BA)";"10325";"6524";"3801"
"2924678";"Piraí do Norte (BA)";"10974";"4374";"6600"
"2924702";"Piripá (BA)";"9152";"5099";"4053"
"2924801";"Piritiba (BA)";"17566";"12089";"5477"
"2924900";"Planaltino (BA)";"8022";"3790";"4232"
"2925006";"Planalto (BA)";"23334";"15675";"7659"
"2925105";"Poções (BA)";"48293";"37354";"10939"
"2925204";"Pojuca (BA)";"32136";"28577";"3559"
"2925253";"Ponto Novo (BA)";"17938";"12587";"5351"
"2925303";"Porto Seguro (BA)";"168326";"151519";"16807"
"2925402";"Potiraguá (BA)";"10274";"9429";"845"
"2925501";"Prado (BA)";"35003";"23234";"11769"
"2925600";"Presidente Dutra (BA)";"15130";"9337";"5793"
"2925709";"Presidente Jânio Quadros (BA)";"12621";"5120";"7501"
"2925758";"Presidente Tancredo Neves (BA)";"27734";"15555";"12179"
"2925808";"Queimadas (BA)";"25988";"13713";"12275"
"2925907";"Quijingue (BA)";"25272";"8885";"16387"
"2925931";"Quixabeira (BA)";"9461";"4900";"4561"
"2925956";"Rafael Jambeiro (BA)";"19662";"6851";"12811"
"2926004";"Remanso (BA)";"40586";"26839";"13747"
"2926103";"Retirolândia (BA)";"13651";"7202";"6449"
"2926202";"Riachão das Neves (BA)";"21642";"11017";"10625"
"2926301";"Riachão do Jacuípe (BA)";"33386";"24955";"8431"
"2926400";"Riacho de Santana (BA)";"30711";"13571";"17140"
"2926509";"Ribeira do Amparo (BA)";"13841";"5659";"8182"
"2926608";"Ribeira do Pombal (BA)";"54010";"34361";"19649"
"2926657";"Ribeirão do Largo (BA)";"9740";"4287";"5453"
"2926707";"Rio de Contas (BA)";"13184";"6625";"6559"
"2926806";"Rio do Antônio (BA)";"13146";"6034";"7112"
"2926905";"Rio do Pires (BA)";"10497";"5423";"5074"
"2927002";"Rio Real (BA)";"35362";"24678";"10684"
"2927101";"Rodelas (BA)";"10308";"8168";"2140"
"2927200";"Ruy Barbosa (BA)";"28282";"22143";"6139"
"2927309";"Salinas da Margarida (BA)";"14987";"14510";"477"
"2927408";"Salvador (BA)";"2417678";"2417678";"-"
"2927507";"Santa Bárbara (BA)";"20952";"9631";"11321"
"2927606";"Santa Brígida (BA)";"14965";"5179";"9786"
"2927705";"Santa Cruz Cabrália (BA)";"29185";"23205";"5980"
"2927804";"Santa Cruz da Vitória (BA)";"4681";"4131";"550"
"2927903";"Santa Inês (BA)";"10300";"9071";"1229"
"2928000";"Santaluz (BA)";"37834";"24232";"13602"
"2928059";"Santa Luzia (BA)";"13896";"8359";"5537"
"2928109";"Santa Maria da Vitória (BA)";"38604";"24700";"13904"
"2928208";"Santana (BA)";"24755";"13931";"10824"
"2928307";"Santanópolis (BA)";"8716";"2048";"6668"
"2928406";"Santa Rita de Cássia (BA)";"27390";"17617";"9773"
"2928505";"Santa Terezinha (BA)";"10441";"2985";"7456"
"2928604";"Santo Amaro (BA)";"56012";"43126";"12886"
"2928703";"Santo Antônio de Jesus (BA)";"103055";"92210";"10845"
"2928802";"Santo Estêvão (BA)";"52276";"34482";"17794"
"2928901";"São Desidério (BA)";"32828";"17111";"15717"
"2928950";"São Domingos (BA)";"8426";"6030";"2396"
"2929008";"São Félix (BA)";"11026";"7115";"3911"
"2929057";"São Félix do Coribe (BA)";"15194";"11470";"3724"
"2929107";"São Felipe (BA)";"20283";"11168";"9115"
"2929206";"São Francisco do Conde (BA)";"38733";"36193";"2540"
"2929255";"São Gabriel (BA)";"18600";"11721";"6879"
"2929305";"São Gonçalo dos Campos (BA)";"39513";"28814";"10699"
"2929354";"São José da Vitória (BA)";"5315";"4540";"775"
"2929370";"São José do Jacuípe (BA)";"10187";"7277";"2910"
"2929404";"São Miguel das Matas (BA)";"10334";"4061";"6273"
"2929503";"São Sebastião do Passé (BA)";"40958";"33738";"7220"
"2929602";"Sapeaçu (BA)";"17963";"10011";"7952"
"2929701";"Sátiro Dias (BA)";"16008";"5479";"10529"
"2929750";"Saubara (BA)";"11438";"11169";"269"
"2929800";"Saúde (BA)";"10478";"6012";"4466"
"2929909";"Seabra (BA)";"46160";"24979";"21181"
"2930006";"Sebastião Laranjeiras (BA)";"9360";"4054";"5306"
"2930105";"Senhor do Bonfim (BA)";"74523";"62220";"12303"
"2930154";"Serra do Ramalho (BA)";"34222";"18290";"15932"
"2930204";"Sento Sé (BA)";"38154";"25146";"13008"
"2930303";"Serra Dourada (BA)";"17066";"6462";"10604"
"2930402";"Serra Preta (BA)";"17996";"8442";"9554"
"2930501";"Serrinha (BA)";"80435";"53430";"27005"
"2930600";"Serrolândia (BA)";"13335";"9346";"3989"
"2930709";"Simões Filho (BA)";"114559";"112280";"2279"
"2930758";"Sítio do Mato (BA)";"13408";"7440";"5968"
"2930766";"Sítio do Quinto (BA)";"14773";"7913";"6860"
"2930774";"Sobradinho (BA)";"25475";"22987";"2488"
"2930808";"Souto Soares (BA)";"17054";"6654";"10400"
"2930907";"Tabocas do Brejo Velho (BA)";"11979";"4320";"7659"
"2931004";"Tanhaçu (BA)";"21006";"9288";"11718"
"2931053";"Tanque Novo (BA)";"17158";"9141";"8017"
"2931103";"Tanquinho (BA)";"7717";"5826";"1891"
"2931202";"Taperoá (BA)";"18044";"8452";"9592"
"2931301";"Tapiramutá (BA)";"15818";"11774";"4044"
"2931350";"Teixeira de Freitas (BA)";"145216";"140983";"4233"
"2931400";"Teodoro Sampaio (BA)";"7110";"5841";"1269"
"2931509";"Teofilândia (BA)";"21176";"8876";"12300"
"2931608";"Teolândia (BA)";"15332";"5203";"10129"
"2931707";"Terra Nova (BA)";"10798";"9674";"1124"
"2931806";"Tremedal (BA)";"16296";"4296";"12000"
"2931905";"Tucano (BA)";"48736";"26140";"22596"
"2932002";"Uauá (BA)";"24665";"11772";"12893"
"2932101";"Ubaíra (BA)";"18626";"9198";"9428"
"2932200";"Ubaitaba (BA)";"17596";"15774";"1822"
"2932309";"Ubatã (BA)";"16094";"14350";"1744"
"2932408";"Uibaí (BA)";"13432";"8846";"4586"
"2932457";"Umburanas (BA)";"13642";"8392";"5250"
"2932507";"Una (BA)";"18131";"12227";"5904"
"2932606";"Urandi (BA)";"15355";"6434";"8921"
"2932705";"Uruçuca (BA)";"21420";"16497";"4923"
"2932804";"Utinga (BA)";"16277";"11872";"4405"
"2932903";"Valença (BA)";"85655";"62487";"23168"
"2933000";"Valente (BA)";"24362";"16103";"8259"
"2933059";"Várzea da Roça (BA)";"13800";"7480";"6320"
"2933109";"Várzea do Poço (BA)";"8101";"5493";"2608"
"2933158";"Várzea Nova (BA)";"13377";"9411";"3966"
"2933174";"Varzedo (BA)";"9913";"4286";"5627"
"2933208";"Vera Cruz (BA)";"42529";"41431";"1098"
"2933257";"Vereda (BA)";"6003";"2997";"3006"
"2933307";"Vitória da Conquista (BA)";"370879";"334412";"36467"
"2933406";"Wagner (BA)";"9503";"6800";"2703"
"2933455";"Wanderley (BA)";"12968";"6705";"6263"
"2933505";"Wenceslau Guimarães (BA)";"24474";"11695";"12779"
"2933604";"Xique-Xique (BA)";"44757";"34726";"10031"
"3100104";"Abadia dos Dourados (MG)";"6272";"4392";"1880"
"3100203";"Abaeté (MG)";"22675";"20260";"2415"
"3100302";"Abre Campo (MG)";"13927";"8495";"5432"
"3100401";"Acaiaca (MG)";"3909";"2834";"1075"
"3100500";"Açucena (MG)";"8943";"4521";"4422"
"3100609";"Água Boa (MG)";"12589";"6742";"5847"
"3100708";"Água Comprida (MG)";"2108";"1651";"457"
"3100807";"Aguanil (MG)";"4357";"3407";"950"
"3100906";"Águas Formosas (MG)";"18448";"14496";"3952"
"3101003";"Águas Vermelhas (MG)";"14037";"10340";"3697"
"3101102";"Aimorés (MG)";"25269";"20613";"4656"
"3101201";"Aiuruoca (MG)";"6233";"3126";"3107"
"3101300";"Alagoa (MG)";"2749";"1442";"1307"
"3101409";"Albertina (MG)";"2952";"2107";"845"
"3101508";"Além Paraíba (MG)";"30717";"29115";"1602"
"3101607";"Alfenas (MG)";"78970";"74923";"4047"
"3101631";"Alfredo Vasconcelos (MG)";"6931";"4864";"2067"
"3101706";"Almenara (MG)";"40364";"34259";"6105"
"3101805";"Alpercata (MG)";"6903";"5658";"1245"
"3101904";"Alpinópolis (MG)";"18300";"15144";"3156"
"3102001";"Alterosa (MG)";"13915";"10501";"3414"
"3102050";"Alto Caparaó (MG)";"5795";"4660";"1135"
"3102100";"Alto Rio Doce (MG)";"10891";"5731";"5160"
"3102209";"Alvarenga (MG)";"3975";"2116";"1859"
"3102308";"Alvinópolis (MG)";"15059";"11542";"3517"
"3102407";"Alvorada de Minas (MG)";"4159";"1861";"2298"
"3102506";"Amparo do Serra (MG)";"4541";"2548";"1993"
"3102605";"Andradas (MG)";"40553";"31664";"8889"
"3102704";"Cachoeira de Pajeú (MG)";"9110";"5891";"3219"
"3102803";"Andrelândia (MG)";"11927";"9964";"1963"
"3102852";"Angelândia (MG)";"7718";"4521";"3197"
"3102902";"Antônio Carlos (MG)";"11095";"8345";"2750"
"3103009";"Antônio Dias (MG)";"9219";"4739";"4480"
"3103108";"Antônio Prado de Minas (MG)";"1538";"1070";"468"
"3103207";"Araçaí (MG)";"2181";"1709";"472"
"3103306";"Aracitaba (MG)";"2049";"1707";"342"
"3103405";"Araçuaí (MG)";"34297";"25477";"8820"
"3103504";"Araguari (MG)";"117808";"111224";"6584"
"3103603";"Arantina (MG)";"2915";"2679";"236"
"3103702";"Araponga (MG)";"8048";"3416";"4632"
"3103751";"Araporã (MG)";"8479";"8143";"336"
"3103801";"Arapuá (MG)";"2631";"2076";"555"
"3103900";"Araújos (MG)";"9199";"7890";"1309"
"3104007";"Araxá (MG)";"111691";"109812";"1879"
"3104106";"Arceburgo (MG)";"9177";"8195";"982"
"3104205";"Arcos (MG)";"41416";"39507";"1909"
"3104304";"Areado (MG)";"13881";"12199";"1682"
"3104403";"Argirita (MG)";"2688";"2150";"538"
"3104452";"Aricanduva (MG)";"4719";"2369";"2350"
"3104502";"Arinos (MG)";"17272";"11474";"5798"
"3104601";"Astolfo Dutra (MG)";"14138";"12687";"1451"
"3104700";"Ataléia (MG)";"13736";"8084";"5652"
"3104809";"Augusto de Lima (MG)";"4538";"2892";"1646"
"3104908";"Baependi (MG)";"18366";"14568";"3798"
"3105004";"Baldim (MG)";"7492";"5685";"1807"
"3105103";"Bambuí (MG)";"23546";"20672";"2874"
"3105202";"Bandeira (MG)";"4741";"2579";"2162"
"3105301";"Bandeira do Sul (MG)";"5943";"5415";"528"
"3105400";"Barão de Cocais (MG)";"30778";"29324";"1454"
"3105509";"Barão do Monte Alto (MG)";"4964";"3999";"965"
"3105608";"Barbacena (MG)";"125317";"115454";"9863"
"3105707";"Barra Longa (MG)";"5666";"3633";"2033"
"3105905";"Barroso (MG)";"20080";"19522";"558"
"3106002";"Bela Vista de Minas (MG)";"10167";"9863";"304"
"3106101";"Belmiro Braga (MG)";"3244";"1888";"1356"
"3106200";"Belo Horizonte (MG)";"2315560";"2315560";"-"
"3106309";"Belo Oriente (MG)";"23928";"20435";"3493"
"3106408";"Belo Vale (MG)";"8627";"4311";"4316"
"3106507";"Berilo (MG)";"9826";"4555";"5271"
"3106606";"Bertópolis (MG)";"4451";"2631";"1820"
"3106655";"Berizal (MG)";"4201";"3359";"842"
"3106705";"Betim (MG)";"411846";"409949";"1897"
"3106804";"Bias Fortes (MG)";"3361";"1556";"1805"
"3106903";"Bicas (MG)";"13978";"13315";"663"
"3107000";"Biquinhas (MG)";"2383";"1721";"662"
"3107109";"Boa Esperança (MG)";"39848";"34677";"5171"
"3107208";"Bocaina de Minas (MG)";"5348";"2631";"2717"
"3107307";"Bocaiúva (MG)";"48032";"41558";"6474"
"3107406";"Bom Despacho (MG)";"51737";"48828";"2909"
"3107505";"Bom Jardim de Minas (MG)";"6783";"6081";"702"
"3107604";"Bom Jesus da Penha (MG)";"4474";"3464";"1010"
"3107703";"Bom Jesus do Amparo (MG)";"5631";"3374";"2257"
"3107802";"Bom Jesus do Galho (MG)";"14536";"10303";"4233"
"3107901";"Bom Repouso (MG)";"12649";"7007";"5642"
"3108008";"Bom Sucesso (MG)";"17151";"15012";"2139"
"3108107";"Bonfim (MG)";"7434";"3921";"3513"
"3108206";"Bonfinópolis de Minas (MG)";"5528";"3849";"1679"
"3108255";"Bonito de Minas (MG)";"10204";"3847";"6357"
"3108305";"Borda da Mata (MG)";"17404";"14243";"3161"
"3108404";"Botelhos (MG)";"14828";"11460";"3368"
"3108503";"Botumirim (MG)";"5790";"3518";"2272"
"3108552";"Brasilândia de Minas (MG)";"15020";"13624";"1396"
"3108602";"Brasília de Minas (MG)";"32025";"22961";"9064"
"3108701";"Brás Pires (MG)";"4260";"2658";"1602"
"3108800";"Braúnas (MG)";"4441";"1644";"2797"
"3108909";"Brazópolis (MG)";"14246";"8903";"5343"
"3109006";"Brumadinho (MG)";"38915";"33233";"5682"
"3109105";"Bueno Brandão (MG)";"10911";"5396";"5515"
"3109204";"Buenópolis (MG)";"9150";"7416";"1734"
"3109253";"Bugre (MG)";"4041";"1875";"2166"
"3109303";"Buritis (MG)";"24030";"18516";"5514"
"3109402";"Buritizeiro (MG)";"23910";"21793";"2117"
"3109451";"Cabeceira Grande (MG)";"6627";"5327";"1300"
"3109501";"Cabo Verde (MG)";"11410";"7167";"4243"
"3109600";"Cachoeira da Prata (MG)";"3693";"3453";"240"
"3109709";"Cachoeira de Minas (MG)";"11883";"8016";"3867"
"3109808";"Cachoeira Dourada (MG)";"2315";"2026";"289"
"3109907";"Caetanópolis (MG)";"11435";"8766";"2669"
"3110004";"Caeté (MG)";"38776";"34809";"3967"
"3110103";"Caiana (MG)";"5304";"2862";"2442"
"3110202";"Cajuri (MG)";"4088";"2285";"1803"
"3110301";"Caldas (MG)";"14217";"8991";"5226"
"3110400";"Camacho (MG)";"2838";"1595";"1243"
"3110509";"Camanducaia (MG)";"26097";"18759";"7338"
"3110608";"Cambuí (MG)";"29536";"25146";"4390"
"3110707";"Cambuquira (MG)";"12313";"10198";"2115"
"3110806";"Campanário (MG)";"2923";"2485";"438"
"3110905";"Campanha (MG)";"15935";"13929";"2006"
"3111002";"Campestre (MG)";"20696";"12633";"8063"
"3111101";"Campina Verde (MG)";"18011";"13915";"4096"
"3111150";"Campo Azul (MG)";"3714";"2160";"1554"
"3111200";"Campo Belo (MG)";"52277";"50241";"2036"
"3111309";"Campo do Meio (MG)";"11377";"9565";"1812"
"3111408";"Campo Florido (MG)";"8466";"7039";"1427"
"3111507";"Campos Altos (MG)";"12979";"11786";"1193"
"3111606";"Campos Gerais (MG)";"26105";"19267";"6838"
"3111705";"Canaã (MG)";"4715";"2209";"2506"
"3111804";"Canápolis (MG)";"10608";"9684";"924"
"3111903";"Cana Verde (MG)";"5272";"4511";"761"
"3112000";"Candeias (MG)";"14001";"10896";"3105"
"3112059";"Cantagalo (MG)";"3974";"2586";"1388"
"3112109";"Caparaó (MG)";"5048";"2480";"2568"
"3112208";"Capela Nova (MG)";"4362";"2398";"1964"
"3112307";"Capelinha (MG)";"39626";"32578";"7048"
"3112406";"Capetinga (MG)";"6562";"5724";"838"
"3112505";"Capim Branco (MG)";"10663";"10183";"480"
"3112604";"Capinópolis (MG)";"14655";"13929";"726"
"3112653";"Capitão Andrade (MG)";"4585";"3490";"1095"
"3112703";"Capitão Enéas (MG)";"14108";"12174";"1934"
"3112802";"Capitólio (MG)";"10380";"8055";"2325"
"3112901";"Caputira (MG)";"8936";"5021";"3915"
"3113008";"Caraí (MG)";"19548";"9891";"9657"
"3113107";"Caranaíba (MG)";"2933";"1268";"1665"
"3113206";"Carandaí (MG)";"23812";"19051";"4761"
"3113305";"Carangola (MG)";"31240";"26158";"5082"
"3113404";"Caratinga (MG)";"87360";"73299";"14061"
"3113503";"Carbonita (MG)";"8512";"7498";"1014"
"3113602";"Careaçu (MG)";"6816";"5143";"1673"
"3113701";"Carlos Chagas (MG)";"18615";"12811";"5804"
"3113800";"Carmésia (MG)";"2605";"1263";"1342"
"3113909";"Carmo da Cachoeira (MG)";"11547";"8942";"2605"
"3114006";"Carmo da Mata (MG)";"11019";"9333";"1686"
"3114105";"Carmo de Minas (MG)";"13797";"10838";"2959"
"3114204";"Carmo do Cajuru (MG)";"23479";"21326";"2153"
"3114303";"Carmo do Paranaíba (MG)";"29011";"25752";"3259"
"3114402";"Carmo do Rio Claro (MG)";"20954";"15917";"5037"
"3114501";"Carmópolis de Minas (MG)";"18003";"15296";"2707"
"3114550";"Carneirinho (MG)";"9422";"7520";"1902"
"3114600";"Carrancas (MG)";"4049";"2904";"1145"
"3114709";"Carvalhópolis (MG)";"3341";"2481";"860"
"3114808";"Carvalhos (MG)";"4422";"2840";"1582"
"3114907";"Casa Grande (MG)";"2214";"1197";"1017"
"3115003";"Cascalho Rico (MG)";"2712";"1862";"850"
"3115102";"Cássia (MG)";"17155";"14882";"2273"
"3115201";"Conceição da Barra de Minas (MG)";"3560";"2578";"982"
"3115300";"Cataguases (MG)";"66261";"63702";"2559"
"3115359";"Catas Altas (MG)";"5473";"4850";"623"
"3115409";"Catas Altas da Noruega (MG)";"3110";"1514";"1596"
"3115458";"Catuji (MG)";"7030";"3206";"3824"
"3115474";"Catuti (MG)";"4739";"2846";"1893"
"3115508";"Caxambu (MG)";"21056";"20677";"379"
"3115607";"Cedro do Abaeté (MG)";"1081";"957";"124"
"3115706";"Central de Minas (MG)";"6171";"5251";"920"
"3115805";"Centralina (MG)";"10207";"9763";"444"
"3115904";"Chácara (MG)";"3075";"2284";"791"
"3116001";"Chalé (MG)";"6075";"3711";"2364"
"3116100";"Chapada do Norte (MG)";"10337";"4505";"5832"
"3116159";"Chapada Gaúcha (MG)";"12355";"8541";"3814"
"3116209";"Chiador (MG)";"2800";"2099";"701"
"3116308";"Cipotânea (MG)";"5581";"3392";"2189"
"3116407";"Claraval (MG)";"4658";"2502";"2156"
"3116506";"Claro dos Poções (MG)";"7166";"5252";"1914"
"3116605";"Cláudio (MG)";"30159";"26638";"3521"
"3116704";"Coimbra (MG)";"7117";"5478";"1639"
"3116803";"Coluna (MG)";"8163";"4027";"4136"
"3116902";"Comendador Gomes (MG)";"2773";"1756";"1017"
"3117009";"Comercinho (MG)";"6660";"3139";"3521"
"3117108";"Conceição da Aparecida (MG)";"10371";"7058";"3313"
"3117207";"Conceição das Pedras (MG)";"2772";"1607";"1165"
"3117306";"Conceição das Alagoas (MG)";"28381";"26991";"1390"
"3117405";"Conceição de Ipanema (MG)";"4409";"1540";"2869"
"3117504";"Conceição do Mato Dentro (MG)";"23163";"17962";"5201"
"3117603";"Conceição do Pará (MG)";"5415";"2153";"3262"
"3117702";"Conceição do Rio Verde (MG)";"12541";"11279";"1262"
"3117801";"Conceição dos Ouros (MG)";"10880";"9020";"1860"
"3117836";"Cônego Marinho (MG)";"7237";"3622";"3615"
"3117876";"Confins (MG)";"7350";"7111";"239"
"3117900";"Congonhal (MG)";"11083";"8349";"2734"
"3118007";"Congonhas (MG)";"52890";"51131";"1759"
"3118106";"Congonhas do Norte (MG)";"4831";"3611";"1220"
"3118205";"Conquista (MG)";"6694";"6010";"684"
"3118304";"Conselheiro Lafaiete (MG)";"131621";"127182";"4439"
"3118403";"Conselheiro Pena (MG)";"20824";"17033";"3791"
"3118502";"Consolação (MG)";"1563";"984";"579"
"3118601";"Contagem (MG)";"621863";"621016";"847"
"3118700";"Coqueiral (MG)";"9023";"6779";"2244"
"3118809";"Coração de Jesus (MG)";"25377";"15465";"9912"
"3118908";"Cordisburgo (MG)";"7547";"4615";"2932"
"3119005";"Cordislândia (MG)";"3200";"2720";"480"
"3119104";"Corinto (MG)";"23532";"21396";"2136"
"3119203";"Coroaci (MG)";"10884";"6218";"4666"
"3119302";"Coromandel (MG)";"28894";"23983";"4911"
"3119401";"Coronel Fabriciano (MG)";"104736";"102795";"1941"
"3119500";"Coronel Murta (MG)";"8200";"6471";"1729"
"3119609";"Coronel Pacheco (MG)";"2762";"1833";"929"
"3119708";"Coronel Xavier Chaves (MG)";"3486";"1959";"1527"
"3119807";"Córrego Danta (MG)";"2960";"1908";"1052"
"3119906";"Córrego do Bom Jesus (MG)";"4272";"2327";"1945"
"3119955";"Córrego Fundo (MG)";"6133";"5436";"697"
"3120003";"Córrego Novo (MG)";"2875";"1936";"939"
"3120102";"Couto de Magalhães de Minas (MG)";"4245";"3894";"351"
"3120151";"Crisólita (MG)";"5265";"3235";"2030"
"3120201";"Cristais (MG)";"12197";"10168";"2029"
"3120300";"Cristália (MG)";"5121";"3065";"2056"
"3120409";"Cristiano Otoni (MG)";"4667";"3813";"854"
"3120508";"Cristina (MG)";"10374";"7050";"3324"
"3120607";"Crucilândia (MG)";"5434";"3672";"1762"
"3120706";"Cruzeiro da Fortaleza (MG)";"3521";"2918";"603"
"3120805";"Cruzília (MG)";"15362";"14247";"1115"
"3120839";"Cuparaque (MG)";"3983";"3446";"537"
"3120870";"Curral de Dentro (MG)";"7406";"6547";"859"
"3120904";"Curvelo (MG)";"80665";"74328";"6337"
"3121001";"Datas (MG)";"5465";"4237";"1228"
"3121100";"Delfim Moreira (MG)";"7952";"3068";"4884"
"3121209";"Delfinópolis (MG)";"8393";"6088";"2305"
"3121258";"Delta (MG)";"10494";"10108";"386"
"3121308";"Descoberto (MG)";"4928";"4155";"773"
"3121407";"Desterro de Entre Rios (MG)";"7653";"4390";"3263"
"3121506";"Desterro do Melo (MG)";"2994";"1508";"1486"
"3121605";"Diamantina (MG)";"47702";"43295";"4407"
"3121704";"Diogo de Vasconcelos (MG)";"3549";"1258";"2291"
"3121803";"Dionísio (MG)";"6847";"5864";"983"
"3121902";"Divinésia (MG)";"4226";"3066";"1160"
"3122009";"Divino (MG)";"20706";"13006";"7700"
"3122108";"Divino das Laranjeiras (MG)";"4178";"3580";"598"
"3122207";"Divinolândia de Minas (MG)";"6516";"5598";"918"
"3122306";"Divinópolis (MG)";"231091";"225480";"5611"
"3122355";"Divisa Alegre (MG)";"6321";"6194";"127"
"3122405";"Divisa Nova (MG)";"5851";"4905";"946"
"3122454";"Divisópolis (MG)";"10213";"8270";"1943"
"3122470";"Dom Bosco (MG)";"3697";"2504";"1193"
"3122504";"Dom Cavati (MG)";"4904";"4370";"534"
"3122603";"Dom Joaquim (MG)";"4899";"3682";"1217"
"3122702";"Dom Silvério (MG)";"5228";"4295";"933"
"3122801";"Dom Viçoso (MG)";"3095";"1261";"1834"
"3122900";"Dona Euzébia (MG)";"6093";"5263";"830"
"3123007";"Dores de Campos (MG)";"10007";"9320";"687"
"3123106";"Dores de Guanhães (MG)";"5029";"1974";"3055"
"3123205";"Dores do Indaiá (MG)";"12630";"11921";"709"
"3123304";"Dores do Turvo (MG)";"4987";"2817";"2170"
"3123403";"Doresópolis (MG)";"1461";"1175";"286"
"3123502";"Douradoquara (MG)";"1829";"1426";"403"
"3123528";"Durandé (MG)";"7817";"3760";"4057"
"3123601";"Elói Mendes (MG)";"26336";"22424";"3912"
"3123700";"Engenheiro Caldas (MG)";"13622";"10251";"3371"
"3123809";"Engenheiro Navarro (MG)";"6354";"4947";"1407"
"3123858";"Entre Folhas (MG)";"5179";"4041";"1138"
"3123908";"Entre Rios de Minas (MG)";"14746";"11947";"2799"
"3124005";"Ervália (MG)";"20255";"11555";"8700"
"3124104";"Esmeraldas (MG)";"85598";"81267";"4331"
"3124203";"Espera Feliz (MG)";"24102";"15769";"8333"
"3124302";"Espinosa (MG)";"30443";"18547";"11896"
"3124401";"Espírito Santo do Dourado (MG)";"6611";"3229";"3382"
"3124500";"Estiva (MG)";"11502";"6145";"5357"
"3124609";"Estrela Dalva (MG)";"2186";"1948";"238"
"3124708";"Estrela do Indaiá (MG)";"2772";"2419";"353"
"3124807";"Estrela do Sul (MG)";"6840";"5678";"1162"
"3124906";"Eugenópolis (MG)";"10801";"8205";"2596"
"3125002";"Ewbank da Câmara (MG)";"3875";"3688";"187"
"3125101";"Extrema (MG)";"53482";"46548";"6934"
"3125200";"Fama (MG)";"2578";"1828";"750"
"3125309";"Faria Lemos (MG)";"3188";"2384";"804"
"3125408";"Felício dos Santos (MG)";"5133";"2726";"2407"
"3125507";"São Gonçalo do Rio Preto (MG)";"3032";"2026";"1006"
"3125606";"Felisburgo (MG)";"6489";"5168";"1321"
"3125705";"Felixlândia (MG)";"13978";"11452";"2526"
"3125804";"Fernandes Tourinho (MG)";"2789";"2005";"784"
"3125903";"Ferros (MG)";"9590";"4747";"4843"
"3125952";"Fervedouro (MG)";"10445";"5217";"5228"
"3126000";"Florestal (MG)";"8045";"6967";"1078"
"3126109";"Formiga (MG)";"68248";"63459";"4789"
"3126208";"Formoso (MG)";"7949";"5346";"2603"
"3126307";"Fortaleza de Minas (MG)";"3477";"2525";"952"
"3126406";"Fortuna de Minas (MG)";"3093";"2202";"891"
"3126505";"Francisco Badaró (MG)";"7366";"3382";"3984"
"3126604";"Francisco Dumont (MG)";"4503";"3503";"1000"
"3126703";"Francisco Sá (MG)";"23476";"15572";"7904"
"3126752";"Franciscópolis (MG)";"5034";"2497";"2537"
"3126802";"Frei Gaspar (MG)";"5640";"3174";"2466"
"3126901";"Frei Inocêncio (MG)";"8226";"6478";"1748"
"3126950";"Frei Lagonegro (MG)";"3391";"928";"2463"
"3127008";"Fronteira (MG)";"14540";"13677";"863"
"3127057";"Fronteira dos Vales (MG)";"4345";"2686";"1659"
"3127073";"Fruta de Leite (MG)";"4647";"2447";"2200"
"3127107";"Frutal (MG)";"58588";"55335";"3253"
"3127206";"Funilândia (MG)";"4686";"3357";"1329"
"3127305";"Galiléia (MG)";"6222";"5103";"1119"
"3127339";"Gameleiras (MG)";"4793";"1649";"3144"
"3127354";"Glaucilândia (MG)";"2928";"1340";"1588"
"3127370";"Goiabeira (MG)";"2830";"2398";"432"
"3127388";"Goianá (MG)";"4053";"3152";"901"
"3127404";"Gonçalves (MG)";"4727";"1478";"3249"
"3127503";"Gonzaga (MG)";"5230";"3111";"2119"
"3127602";"Gouveia (MG)";"11331";"9422";"1909"
"3127701";"Governador Valadares (MG)";"257171";"248924";"8247"
"3127800";"Grão Mogol (MG)";"13901";"7336";"6565"
"3127909";"Grupiara (MG)";"1392";"1205";"187"
"3128006";"Guanhães (MG)";"32244";"27169";"5075"
"3128105";"Guapé (MG)";"13772";"9429";"4343"
"3128204";"Guaraciaba (MG)";"9753";"3856";"5897"
"3128253";"Guaraciama (MG)";"5051";"3305";"1746"
"3128303";"Guaranésia (MG)";"19150";"17438";"1712"
"3128402";"Guarani (MG)";"7714";"5783";"1931"
"3128501";"Guarará (MG)";"3149";"2928";"221"
"3128600";"Guarda-Mor (MG)";"6539";"3888";"2651"
"3128709";"Guaxupé (MG)";"50911";"48403";"2508"
"3128808";"Guidoval (MG)";"7131";"5366";"1765"
"3128907";"Guimarânia (MG)";"8478";"6991";"1487"
"3129004";"Guiricema (MG)";"7778";"4626";"3152"
"3129103";"Gurinhatã (MG)";"5192";"2565";"2627"
"3129202";"Heliodora (MG)";"6134";"4580";"1554"
"3129301";"Iapu (MG)";"12030";"7411";"4619"
"3129400";"Ibertioga (MG)";"5198";"3812";"1386"
"3129509";"Ibiá (MG)";"22229";"18566";"3663"
"3129608";"Ibiaí (MG)";"6286";"5179";"1107"
"3129657";"Ibiracatu (MG)";"5081";"2948";"2133"
"3129707";"Ibiraci (MG)";"10948";"8031";"2917"
"3129806";"Ibirité (MG)";"170537";"170099";"438"
"3129905";"Ibitiúra de Minas (MG)";"3365";"2324";"1041"
"3130002";"Ibituruna (MG)";"2698";"2431";"267"
"3130051";"Icaraí de Minas (MG)";"10677";"3318";"7359"
"3130101";"Igarapé (MG)";"45847";"44541";"1306"
"3130200";"Igaratinga (MG)";"10830";"9518";"1312"
"3130309";"Iguatama (MG)";"6826";"5905";"921"
"3130408";"Ijaci (MG)";"7003";"6172";"831"
"3130507";"Ilicínea (MG)";"12741";"9873";"2868"
"3130556";"Imbé de Minas (MG)";"6986";"2671";"4315"
"3130606";"Inconfidentes (MG)";"7301";"4086";"3215"
"3130655";"Indaiabira (MG)";"6346";"2762";"3584"
"3130705";"Indianópolis (MG)";"6171";"4221";"1950"
"3130804";"Ingaí (MG)";"2580";"1700";"880"
"3130903";"Inhapim (MG)";"22692";"13628";"9064"
"3131000";"Inhaúma (MG)";"6239";"4242";"1997"
"3131109";"Inimutaba (MG)";"7371";"5654";"1717"
"3131158";"Ipaba (MG)";"17136";"15690";"1446"
"3131208";"Ipanema (MG)";"19522";"16466";"3056"
"3131307";"Ipatinga (MG)";"227731";"227128";"603"
"3131406";"Ipiaçu (MG)";"3775";"3470";"305"
"3131505";"Ipuiúna (MG)";"9135";"6838";"2297"
"3131604";"Iraí de Minas (MG)";"7180";"6261";"919"
"3131703";"Itabira (MG)";"113343";"105995";"7348"
"3131802";"Itabirinha (MG)";"10362";"8372";"1990"
"3131901";"Itabirito (MG)";"53365";"51747";"1618"
"3132008";"Itacambira (MG)";"4252";"1565";"2687"
"3132107";"Itacarambi (MG)";"17208";"13388";"3820"
"3132206";"Itaguara (MG)";"13846";"11084";"2762"
"3132305";"Itaipé (MG)";"10463";"4950";"5513"
"3132404";"Itajubá (MG)";"93073";"83423";"9650"
"3132503";"Itamarandiba (MG)";"32948";"25779";"7169"
"3132602";"Itamarati de Minas (MG)";"3690";"3102";"588"
"3132701";"Itambacuri (MG)";"21042";"15142";"5900"
"3132800";"Itambé do Mato Dentro (MG)";"2142";"1209";"933"
"3132909";"Itamogi (MG)";"10770";"8544";"2226"
"3133006";"Itamonte (MG)";"14786";"11205";"3581"
"3133105";"Itanhandu (MG)";"15236";"12792";"2444"
"3133204";"Itanhomi (MG)";"11128";"8666";"2462"
"3133303";"Itaobim (MG)";"19151";"14998";"4153"
"3133402";"Itapagipe (MG)";"13690";"11022";"2668"
"3133501";"Itapecerica (MG)";"21046";"17570";"3476"
"3133600";"Itapeva (MG)";"12692";"8933";"3759"
"3133709";"Itatiaiuçu (MG)";"12966";"10201";"2765"
"3133758";"Itaú de Minas (MG)";"14406";"14042";"364"
"3133808";"Itaúna (MG)";"97669";"93148";"4521"
"3133907";"Itaverava (MG)";"5642";"2855";"2787"
"3134004";"Itinga (MG)";"13745";"8551";"5194"
"3134103";"Itueta (MG)";"6055";"3729";"2326"
"3134202";"Ituiutaba (MG)";"102217";"98459";"3758"
"3134301";"Itumirim (MG)";"6638";"5741";"897"
"3134400";"Iturama (MG)";"38295";"36743";"1552"
"3134509";"Itutinga (MG)";"4217";"3224";"993"
"3134608";"Jaboticatubas (MG)";"20406";"13847";"6559"
"3134707";"Jacinto (MG)";"11042";"8547";"2495"
"3134806";"Jacuí (MG)";"7495";"4623";"2872"
"3134905";"Jacutinga (MG)";"25525";"22316";"3209"
"3135001";"Jaguaraçu (MG)";"3092";"2366";"726"
"3135050";"Jaíba (MG)";"37660";"21499";"16161"
"3135076";"Jampruca (MG)";"4296";"2597";"1699"
"3135100";"Janaúba (MG)";"70699";"64647";"6052"
"3135209";"Januária (MG)";"65150";"43910";"21240"
"3135308";"Japaraíba (MG)";"4506";"3645";"861"
"3135357";"Japonvar (MG)";"8127";"3679";"4448"
"3135407";"Jeceaba (MG)";"6197";"3989";"2208"
"3135456";"Jenipapo de Minas (MG)";"6100";"3298";"2802"
"3135506";"Jequeri (MG)";"12419";"8036";"4383"
"3135605";"Jequitaí (MG)";"6484";"5020";"1464"
"3135704";"Jequitibá (MG)";"5883";"2656";"3227"
"3135803";"Jequitinhonha (MG)";"24007";"17893";"6114"
"3135902";"Jesuânia (MG)";"5138";"3352";"1786"
"3136009";"Joaíma (MG)";"13888";"9960";"3928"
"3136108";"Joanésia (MG)";"4329";"1792";"2537"
"3136207";"João Monlevade (MG)";"80187";"80123";"64"
"3136306";"João Pinheiro (MG)";"46801";"39151";"7650"
"3136405";"Joaquim Felício (MG)";"3854";"2514";"1340"
"3136504";"Jordânia (MG)";"10304";"7816";"2488"
"3136520";"José Gonçalves de Minas (MG)";"3969";"1383";"2586"
"3136553";"José Raydan (MG)";"4268";"2066";"2202"
"3136579";"Josenópolis (MG)";"3630";"2450";"1180"
"3136603";"Nova União (MG)";"5909";"3415";"2494"
"3136652";"Juatuba (MG)";"30716";"30136";"580"
"3136702";"Juiz de Fora (MG)";"540756";"534750";"6006"
"3136801";"Juramento (MG)";"3768";"2275";"1493"
"3136900";"Juruaia (MG)";"11084";"6306";"4778"
"3136959";"Juvenília (MG)";"5789";"4394";"1395"
"3137007";"Ladainha (MG)";"14383";"4666";"9717"
"3137106";"Lagamar (MG)";"6631";"4674";"1957"
"3137205";"Lagoa da Prata (MG)";"51412";"50632";"780"
"3137304";"Lagoa dos Patos (MG)";"3313";"2615";"698"
"3137403";"Lagoa Dourada (MG)";"12769";"7364";"5405"
"3137502";"Lagoa Formosa (MG)";"18904";"15131";"3773"
"3137536";"Lagoa Grande (MG)";"8969";"7235";"1734"
"3137601";"Lagoa Santa (MG)";"75145";"74112";"1033"
"3137700";"Lajinha (MG)";"20835";"13240";"7595"
"3137809";"Lambari (MG)";"20414";"15888";"4526"
"3137908";"Lamim (MG)";"3184";"1536";"1648"
"3138005";"Laranjal (MG)";"5963";"4613";"1350"
"3138104";"Lassance (MG)";"7124";"4270";"2854"
"3138203";"Lavras (MG)";"104761";"100177";"4584"
"3138302";"Leandro Ferreira (MG)";"3199";"2272";"927"
"3138351";"Leme do Prado (MG)";"4341";"2533";"1808"
"3138401";"Leopoldina (MG)";"51145";"46737";"4408"
"3138500";"Liberdade (MG)";"4737";"3477";"1260"
"3138609";"Lima Duarte (MG)";"17221";"14527";"2694"
"3138625";"Limeira do Oeste (MG)";"8687";"7278";"1409"
"3138658";"Lontra (MG)";"8790";"6221";"2569"
"3138674";"Luisburgo (MG)";"6956";"2363";"4593"
"3138682";"Luislândia (MG)";"6210";"3154";"3056"
"3138708";"Luminárias (MG)";"5586";"4291";"1295"
"3138807";"Luz (MG)";"17875";"16451";"1424"
"3138906";"Machacalis (MG)";"6487";"5166";"1321"
"3139003";"Machado (MG)";"37684";"31478";"6206"
"3139102";"Madre de Deus de Minas (MG)";"5191";"4160";"1031"
"3139201";"Malacacheta (MG)";"17516";"12431";"5085"
"3139250";"Mamonas (MG)";"5997";"3498";"2499"
"3139300";"Manga (MG)";"18886";"13208";"5678"
"3139409";"Manhuaçu (MG)";"91886";"74989";"16897"
"3139508";"Manhumirim (MG)";"20613";"16525";"4088"
"3139607";"Mantena (MG)";"26535";"22151";"4384"
"3139706";"Maravilhas (MG)";"7333";"5118";"2215"
"3139805";"Mar de Espanha (MG)";"12721";"12085";"636"
"3139904";"Maria da Fé (MG)";"14247";"9510";"4737"
"3140001";"Mariana (MG)";"61387";"56758";"4629"
"3140100";"Marilac (MG)";"4224";"3513";"711"
"3140159";"Mário Campos (MG)";"15900";"15431";"469"
"3140209";"Maripá de Minas (MG)";"3387";"2843";"544"
"3140308";"Marliéria (MG)";"4592";"3167";"1425"
"3140407";"Marmelópolis (MG)";"3200";"1691";"1509"
"3140506";"Martinho Campos (MG)";"14003";"12109";"1894"
"3140530";"Martins Soares (MG)";"8396";"4639";"3757"
"3140555";"Mata Verde (MG)";"9112";"7488";"1624"
"3140605";"Materlândia (MG)";"3963";"1767";"2196"
"3140704";"Mateus Leme (MG)";"37841";"35454";"2387"
"3140803";"Matias Barbosa (MG)";"14121";"13319";"802"
"3140852";"Matias Cardoso (MG)";"8895";"5188";"3707"
"3140902";"Matipó (MG)";"18552";"15290";"3262"
"3141009";"Mato Verde (MG)";"12038";"9007";"3031"
"3141108";"Matozinhos (MG)";"37618";"37079";"539"
"3141207";"Matutina (MG)";"3814";"2816";"998"
"3141306";"Medeiros (MG)";"3900";"2277";"1623"
"3141405";"Medina (MG)";"20156";"14708";"5448"
"3141504";"Mendes Pimentel (MG)";"5606";"3363";"2243"
"3141603";"Mercês (MG)";"10373";"7838";"2535"
"3141702";"Mesquita (MG)";"5040";"3392";"1648"
"3141801";"Minas Novas (MG)";"24405";"12382";"12023"
"3141900";"Minduri (MG)";"3741";"3452";"289"
"3142007";"Mirabela (MG)";"13651";"11185";"2466"
"3142106";"Miradouro (MG)";"8968";"6226";"2742"
"3142205";"Miraí (MG)";"13633";"11828";"1805"
"3142254";"Miravânia (MG)";"3985";"1896";"2089"
"3142304";"Moeda (MG)";"5125";"2209";"2916"
"3142403";"Moema (MG)";"7548";"6949";"599"
"3142502";"Monjolos (MG)";"2169";"1482";"687"
"3142601";"Monsenhor Paulo (MG)";"8340";"6577";"1763"
"3142700";"Montalvânia (MG)";"14060";"9191";"4869"
"3142809";"Monte Alegre de Minas (MG)";"20170";"16414";"3756"
"3142908";"Monte Azul (MG)";"20328";"12698";"7630"
"3143005";"Monte Belo (MG)";"13046";"9554";"3492"
"3143104";"Monte Carmelo (MG)";"47692";"44138";"3554"
"3143153";"Monte Formoso (MG)";"4381";"1706";"2675"
"3143203";"Monte Santo de Minas (MG)";"20890";"17279";"3611"
"3143302";"Montes Claros (MG)";"414240";"397426";"16814"
"3143401";"Monte Sião (MG)";"24089";"20313";"3776"
"3143450";"Montezuma (MG)";"6888";"3325";"3563"
"3143500";"Morada Nova de Minas (MG)";"9067";"7142";"1925"
"3143609";"Morro da Garça (MG)";"2411";"1589";"822"
"3143708";"Morro do Pilar (MG)";"3133";"2617";"516"
"3143807";"Munhoz (MG)";"7451";"3888";"3563"
"3143906";"Muriaé (MG)";"104108";"97858";"6250"
"3144003";"Mutum (MG)";"27635";"14915";"12720"
"3144102";"Muzambinho (MG)";"21891";"16933";"4958"
"3144201";"Nacip Raydan (MG)";"2459";"1669";"790"
"3144300";"Nanuque (MG)";"35038";"33378";"1660"
"3144359";"Naque (MG)";"6303";"5989";"314"
"3144375";"Natalândia (MG)";"3520";"2628";"892"
"3144409";"Natércia (MG)";"4691";"3219";"1472"
"3144508";"Nazareno (MG)";"8179";"6567";"1612"
"3144607";"Nepomuceno (MG)";"25018";"20868";"4150"
"3144656";"Ninheira (MG)";"10588";"3631";"6957"
"3144672";"Nova Belém (MG)";"3151";"1485";"1666"
"3144706";"Nova Era (MG)";"17438";"15926";"1512"
"3144805";"Nova Lima (MG)";"111697";"111170";"527"
"3144904";"Nova Módica (MG)";"3663";"2436";"1227"
"3145000";"Nova Ponte (MG)";"14598";"13527";"1071"
"3145059";"Nova Porteirinha (MG)";"6706";"3724";"2982"
"3145109";"Nova Resende (MG)";"16387";"9529";"6858"
"3145208";"Nova Serrana (MG)";"105552";"103419";"2133"
"3145307";"Novo Cruzeiro (MG)";"26975";"12087";"14888"
"3145356";"Novo Oriente de Minas (MG)";"10275";"6129";"4146"
"3145372";"Novorizonte (MG)";"4571";"3091";"1480"
"3145406";"Olaria (MG)";"1945";"1140";"805"
"3145455";"Olhos-d'Água (MG)";"5385";"3546";"1839"
"3145505";"Olímpio Noronha (MG)";"2555";"2303";"252"
"3145604";"Oliveira (MG)";"39262";"36261";"3001"
"3145703";"Oliveira Fortes (MG)";"2027";"1220";"807"
"3145802";"Onça de Pitangui (MG)";"2969";"1694";"1275"
"3145851";"Oratórios (MG)";"4917";"3596";"1321"
"3145877";"Orizânia (MG)";"8437";"3079";"5358"
"3145901";"Ouro Branco (MG)";"38724";"35351";"3373"
"3146008";"Ouro Fino (MG)";"32094";"25381";"6713"
"3146107";"Ouro Preto (MG)";"74821";"67800";"7021"
"3146206";"Ouro Verde de Minas (MG)";"5757";"3763";"1994"
"3146255";"Padre Carvalho (MG)";"5058";"3141";"1917"
"3146305";"Padre Paraíso (MG)";"17334";"12140";"5194"
"3146404";"Paineiras (MG)";"4224";"3460";"764"
"3146503";"Pains (MG)";"8142";"7164";"978"
"3146552";"Pai Pedro (MG)";"5551";"2072";"3479"
"3146602";"Paiva (MG)";"1474";"1173";"301"
"3146701";"Palma (MG)";"5707";"4763";"944"
"3146750";"Palmópolis (MG)";"6301";"4702";"1599"
"3146909";"Papagaios (MG)";"13920";"11981";"1939"
"3147006";"Paracatu (MG)";"94023";"84016";"10007"
"3147105";"Pará de Minas (MG)";"97139";"92231";"4908"
"3147204";"Paraguaçu (MG)";"21723";"18299";"3424"
"3147303";"Paraisópolis (MG)";"20445";"17319";"3126"
"3147402";"Paraopeba (MG)";"24107";"20862";"3245"
"3147501";"Passabém (MG)";"1600";"938";"662"
"3147600";"Passa Quatro (MG)";"15515";"13886";"1629"
"3147709";"Passa Tempo (MG)";"8473";"6948";"1525"
"3147808";"Passa Vinte (MG)";"2233";"1496";"737"
"3147907";"Passos (MG)";"111939";"107413";"4526"
"3147956";"Patis (MG)";"4837";"2485";"2352"
"3148004";"Patos de Minas (MG)";"159235";"149348";"9887"
"3148103";"Patrocínio (MG)";"89826";"81224";"8602"
"3148202";"Patrocínio do Muriaé (MG)";"5576";"4633";"943"
"3148301";"Paula Cândido (MG)";"8659";"5038";"3621"
"3148400";"Paulistas (MG)";"4389";"2514";"1875"
"3148509";"Pavão (MG)";"8047";"5010";"3037"
"3148608";"Peçanha (MG)";"17446";"10101";"7345"
"3148707";"Pedra Azul (MG)";"24410";"22049";"2361"
"3148756";"Pedra Bonita (MG)";"7320";"2312";"5008"
"3148806";"Pedra do Anta (MG)";"3311";"2249";"1062"
"3148905";"Pedra do Indaiá (MG)";"4112";"2185";"1927"
"3149002";"Pedra Dourada (MG)";"2757";"2041";"716"
"3149101";"Pedralva (MG)";"10760";"5277";"5483"
"3149150";"Pedras de Maria da Cruz (MG)";"10433";"6232";"4201"
"3149200";"Pedrinópolis (MG)";"3344";"2916";"428"
"3149309";"Pedro Leopoldo (MG)";"62580";"60913";"1667"
"3149408";"Pedro Teixeira (MG)";"1810";"1261";"549"
"3149507";"Pequeri (MG)";"3351";"3189";"162"
"3149606";"Pequi (MG)";"4155";"3079";"1076"
"3149705";"Perdigão (MG)";"12268";"10820";"1448"
"3149804";"Perdizes (MG)";"17151";"13463";"3688"
"3149903";"Perdões (MG)";"21384";"19265";"2119"
"3149952";"Periquito (MG)";"6553";"4819";"1734"
"3150000";"Pescador (MG)";"3570";"2949";"621"
"3150109";"Piau (MG)";"2796";"1658";"1138"
"3150158";"Piedade de Caratinga (MG)";"8529";"5603";"2926"
"3150208";"Piedade de Ponte Nova (MG)";"3976";"3352";"624"
"3150307";"Piedade do Rio Grande (MG)";"4604";"3707";"897"
"3150406";"Piedade dos Gerais (MG)";"5019";"2704";"2315"
"3150505";"Pimenta (MG)";"8563";"7347";"1216"
"3150539";"Pingo-d'Água (MG)";"4706";"4152";"554"
"3150570";"Pintópolis (MG)";"7084";"3252";"3832"
"3150604";"Piracema (MG)";"6700";"3613";"3087"
"3150703";"Pirajuba (MG)";"5537";"5375";"162"
"3150802";"Piranga (MG)";"17018";"7224";"9794"
"3150901";"Piranguçu (MG)";"6041";"2072";"3969"
"3151008";"Piranguinho (MG)";"9120";"5959";"3161"
"3151107";"Pirapetinga (MG)";"11077";"9955";"1122"
"3151206";"Pirapora (MG)";"55606";"54544";"1062"
"3151305";"Piraúba (MG)";"11610";"9704";"1906"
"3151404";"Pitangui (MG)";"26685";"23832";"2853"
"3151503";"Piumhi (MG)";"36062";"33754";"2308"
"3151602";"Planura (MG)";"11145";"10828";"317"
"3151701";"Poço Fundo (MG)";"16390";"9782";"6608"
"3151800";"Poços de Caldas (MG)";"163742";"160094";"3648"
"3151909";"Pocrane (MG)";"8350";"5522";"2828"
"3152006";"Pompéu (MG)";"31047";"27810";"3237"
"3152105";"Ponte Nova (MG)";"57776";"52848";"4928"
"3152131";"Ponto Chique (MG)";"3747";"2744";"1003"
"3152170";"Ponto dos Volantes (MG)";"10883";"4983";"5900"
"3152204";"Porteirinha (MG)";"37438";"21065";"16373"
"3152303";"Porto Firme (MG)";"10569";"6037";"4532"
"3152402";"Poté (MG)";"13666";"8683";"4983"
"3152501";"Pouso Alegre (MG)";"152217";"139608";"12609"
"3152600";"Pouso Alto (MG)";"6566";"3599";"2967"
"3152709";"Prados (MG)";"9048";"6528";"2520"
"3152808";"Prata (MG)";"28342";"23104";"5238"
"3152907";"Pratápolis (MG)";"8406";"7279";"1127"
"3153004";"Pratinha (MG)";"3559";"2082";"1477"
"3153103";"Presidente Bernardes (MG)";"4850";"1872";"2978"
"3153202";"Presidente Juscelino (MG)";"3465";"1760";"1705"
"3153301";"Presidente Kubitschek (MG)";"3071";"2272";"799"
"3153400";"Presidente Olegário (MG)";"18765";"14496";"4269"
"3153509";"Alto Jequitibá (MG)";"8397";"4984";"3413"
"3153608";"Prudente de Morais (MG)";"11466";"10933";"533"
"3153707";"Quartel Geral (MG)";"3179";"2700";"479"
"3153806";"Queluzito (MG)";"1770";"955";"815"
"3153905";"Raposos (MG)";"16279";"16018";"261"
"3154002";"Raul Soares (MG)";"23423";"16071";"7352"
"3154101";"Recreio (MG)";"11007";"10150";"857"
"3154150";"Reduto (MG)";"7848";"4680";"3168"
"3154200";"Resende Costa (MG)";"11230";"9247";"1983"
"3154309";"Resplendor (MG)";"17226";"13058";"4168"
"3154408";"Ressaquinha (MG)";"4548";"3200";"1348"
"3154457";"Riachinho (MG)";"6863";"4209";"2654"
"3154507";"Riacho dos Machados (MG)";"8756";"4882";"3874"
"3154606";"Ribeirão das Neves (MG)";"329794";"326792";"3002"
"3154705";"Ribeirão Vermelho (MG)";"4080";"3773";"307"
"3154804";"Rio Acima (MG)";"10261";"9545";"716"
"3154903";"Rio Casca (MG)";"12789";"11172";"1617"
"3155009";"Rio Doce (MG)";"2484";"1647";"837"
"3155108";"Rio do Prado (MG)";"4639";"3320";"1319"
"3155207";"Rio Espera (MG)";"5429";"2504";"2925"
"3155306";"Rio Manso (MG)";"5568";"3926";"1642"
"3155405";"Rio Novo (MG)";"8518";"7334";"1184"
"3155504";"Rio Paranaíba (MG)";"14532";"11195";"3337"
"3155603";"Rio Pardo de Minas (MG)";"28271";"12012";"16259"
"3155702";"Rio Piracicaba (MG)";"14631";"12361";"2270"
"3155801";"Rio Pomba (MG)";"17443";"15272";"2171"
"3155900";"Rio Preto (MG)";"5141";"4176";"965"
"3156007";"Rio Vermelho (MG)";"12641";"6270";"6371"
"3156106";"Ritápolis (MG)";"4994";"3598";"1396"
"3156205";"Rochedo de Minas (MG)";"2291";"2143";"148"
"3156304";"Rodeiro (MG)";"8664";"8095";"569"
"3156403";"Romaria (MG)";"3386";"2577";"809"
"3156452";"Rosário da Limeira (MG)";"4734";"2657";"2077"
"3156502";"Rubelita (MG)";"5679";"3307";"2372"
"3156601";"Rubim (MG)";"10298";"8320";"1978"
"3156700";"Sabará (MG)";"129380";"127809";"1571"
"3156809";"Sabinópolis (MG)";"14240";"9763";"4477"
"3156908";"Sacramento (MG)";"26670";"23214";"3456"
"3157005";"Salinas (MG)";"40178";"33787";"6391"
"3157104";"Salto da Divisa (MG)";"6110";"5141";"969"
"3157203";"Santa Bárbara (MG)";"30466";"28535";"1931"
"3157252";"Santa Bárbara do Leste (MG)";"8458";"4522";"3936"
"3157278";"Santa Bárbara do Monte Verde (MG)";"3095";"2000";"1095"
"3157302";"Santa Bárbara do Tugúrio (MG)";"4208";"2251";"1957"
"3157336";"Santa Cruz de Minas (MG)";"8109";"8109";"-"
"3157377";"Santa Cruz de Salinas (MG)";"3910";"1957";"1953"
"3157401";"Santa Cruz do Escalvado (MG)";"4673";"1769";"2904"
"3157500";"Santa Efigênia de Minas (MG)";"4039";"2960";"1079"
"3157609";"Santa Fé de Minas (MG)";"3522";"2153";"1369"
"3157658";"Santa Helena de Minas (MG)";"5938";"3584";"2354"
"3157708";"Santa Juliana (MG)";"15734";"14619";"1115"
"3157807";"Santa Luzia (MG)";"219132";"216561";"2571"
"3157906";"Santa Margarida (MG)";"16395";"9012";"7383"
"3158003";"Santa Maria de Itabira (MG)";"10485";"6743";"3742"
"3158102";"Santa Maria do Salto (MG)";"4755";"3357";"1398"
"3158201";"Santa Maria do Suaçuí (MG)";"12788";"10112";"2676"
"3158300";"Santana da Vargem (MG)";"6691";"5643";"1048"
"3158409";"Santana de Cataguases (MG)";"3489";"3006";"483"
"3158508";"Santana de Pirapama (MG)";"7030";"3094";"3936"
"3158607";"Santana do Deserto (MG)";"3747";"2624";"1123"
"3158706";"Santana do Garambéu (MG)";"2137";"1668";"469"
"3158805";"Santana do Jacaré (MG)";"4214";"4136";"78"
"3158904";"Santana do Manhuaçu (MG)";"8987";"4246";"4741"
"3158953";"Santana do Paraíso (MG)";"44800";"43623";"1177"
"3159001";"Santana do Riacho (MG)";"5313";"3480";"1833"
"3159100";"Santana dos Montes (MG)";"3469";"2210";"1259"
"3159209";"Santa Rita de Caldas (MG)";"8460";"5395";"3065"
"3159308";"Santa Rita de Jacutinga (MG)";"4755";"3752";"1003"
"3159357";"Santa Rita de Minas (MG)";"6773";"4840";"1933"
"3159407";"Santa Rita de Ibitipoca (MG)";"3301";"2253";"1048"
"3159506";"Santa Rita do Itueto (MG)";"5826";"2715";"3111"
"3159605";"Santa Rita do Sapucaí (MG)";"40635";"36394";"4241"
"3159704";"Santa Rosa da Serra (MG)";"3382";"2927";"455"
"3159803";"Santa Vitória (MG)";"20973";"18017";"2956"
"3159902";"Santo Antônio do Amparo (MG)";"17285";"15716";"1569"
"3160009";"Santo Antônio do Aventureiro (MG)";"3769";"3063";"706"
"3160108";"Santo Antônio do Grama (MG)";"4229";"3682";"547"
"3160207";"Santo Antônio do Itambé (MG)";"3915";"1323";"2592"
"3160306";"Santo Antônio do Jacinto (MG)";"10327";"6611";"3716"
"3160405";"Santo Antônio do Monte (MG)";"27295";"24312";"2983"
"3160454";"Santo Antônio do Retiro (MG)";"6629";"1991";"4638"
"3160504";"Santo Antônio do Rio Abaixo (MG)";"1808";"1061";"747"
"3160603";"Santo Hipólito (MG)";"2717";"2070";"647"
"3160702";"Santos Dumont (MG)";"42406";"39586";"2820"
"3160801";"São Bento Abade (MG)";"4713";"4342";"371"
"3160900";"São Brás do Suaçuí (MG)";"3989";"3682";"307"
"3160959";"São Domingos das Dores (MG)";"5626";"2773";"2853"
"3161007";"São Domingos do Prata (MG)";"17392";"12073";"5319"
"3161056";"São Félix de Minas (MG)";"3200";"2350";"850"
"3161106";"São Francisco (MG)";"52762";"36933";"15829"
"3161205";"São Francisco de Paula (MG)";"6187";"4928";"1259"
"3161304";"São Francisco de Sales (MG)";"5732";"4559";"1173"
"3161403";"São Francisco do Glória (MG)";"4800";"3152";"1648"
"3161502";"São Geraldo (MG)";"10282";"8415";"1867"
"3161601";"São Geraldo da Piedade (MG)";"3305";"1512";"1793"
"3161650";"São Geraldo do Baixio (MG)";"3143";"2344";"799"
"3161700";"São Gonçalo do Abaeté (MG)";"7375";"6230";"1145"
"3161809";"São Gonçalo do Pará (MG)";"11770";"10283";"1487"
"3161908";"São Gonçalo do Rio Abaixo (MG)";"11850";"8354";"3496"
"3162005";"São Gonçalo do Sapucaí (MG)";"23959";"20982";"2977"
"3162104";"São Gotardo (MG)";"40910";"38315";"2595"
"3162203";"São João Batista do Glória (MG)";"7652";"6484";"1168"
"3162252";"São João da Lagoa (MG)";"4822";"2822";"2000"
"3162302";"São João da Mata (MG)";"2914";"1774";"1140"
"3162401";"São João da Ponte (MG)";"23930";"9239";"14691"
"3162450";"São João das Missões (MG)";"13024";"5126";"7898"
"3162500";"São João del Rei (MG)";"90225";"85789";"4436"
"3162559";"São João do Manhuaçu (MG)";"11246";"5976";"5270"
"3162575";"São João do Manteninha (MG)";"5331";"4708";"623"
"3162609";"São João do Oriente (MG)";"7070";"5932";"1138"
"3162658";"São João do Pacuí (MG)";"3972";"2065";"1907"
"3162708";"São João do Paraíso (MG)";"23910";"14993";"8917"
"3162807";"São João Evangelista (MG)";"15315";"11595";"3720"
"3162906";"São João Nepomuceno (MG)";"25565";"24656";"909"
"3162922";"São Joaquim de Bicas (MG)";"34348";"31437";"2911"
"3162948";"São José da Barra (MG)";"7793";"6014";"1779"
"3162955";"São José da Lapa (MG)";"26090";"25622";"468"
"3163003";"São José da Safira (MG)";"3806";"2801";"1005"
"3163102";"São José da Varginha (MG)";"4536";"3312";"1224"
"3163201";"São José do Alegre (MG)";"4133";"3043";"1090"
"3163300";"São José do Divino (MG)";"3464";"2632";"832"
"3163409";"São José do Goiabal (MG)";"5396";"4174";"1222"
"3163508";"São José do Jacuri (MG)";"6197";"2189";"4008"
"3163607";"São José do Mantimento (MG)";"2753";"1648";"1105"
"3163706";"São Lourenço (MG)";"44798";"44244";"554"
"3163805";"São Miguel do Anta (MG)";"6334";"3570";"2764"
"3163904";"São Pedro da União (MG)";"4885";"3156";"1729"
"3164001";"São Pedro dos Ferros (MG)";"7166";"6170";"996"
"3164100";"São Pedro do Suaçuí (MG)";"5103";"2755";"2348"
"3164209";"São Romão (MG)";"10315";"7435";"2880"
"3164308";"São Roque de Minas (MG)";"7129";"4747";"2382"
"3164407";"São Sebastião da Bela Vista (MG)";"6387";"4785";"1602"
"3164431";"São Sebastião da Vargem Alegre (MG)";"3113";"1951";"1162"
"3164472";"São Sebastião do Anta (MG)";"6194";"4668";"1526"
"3164506";"São Sebastião do Maranhão (MG)";"10079";"3771";"6308"
"3164605";"São Sebastião do Oeste (MG)";"8815";"6527";"2288"
"3164704";"São Sebastião do Paraíso (MG)";"71796";"66696";"5100"
"3164803";"São Sebastião do Rio Preto (MG)";"1259";"811";"448"
"3164902";"São Sebastião do Rio Verde (MG)";"2300";"1608";"692"
"3165008";"São Tiago (MG)";"11192";"9227";"1965"
"3165107";"São Tomás de Aquino (MG)";"6740";"5405";"1335"
"3165206";"São Tomé das Letras (MG)";"6904";"4004";"2900"
"3165305";"São Vicente de Minas (MG)";"6804";"6029";"775"
"3165404";"Sapucaí-Mirim (MG)";"6311";"4282";"2029"
"3165503";"Sardoá (MG)";"5104";"2247";"2857"
"3165537";"Sarzedo (MG)";"36844";"36477";"367"
"3165552";"Setubinha (MG)";"9917";"3460";"6457"
"3165560";"Sem-Peixe (MG)";"2433";"1455";"978"
"3165578";"Senador Amaral (MG)";"6206";"3933";"2273"
"3165602";"Senador Cortes (MG)";"2240";"1847";"393"
"3165701";"Senador Firmino (MG)";"7716";"6172";"1544"
"3165800";"Senador José Bento (MG)";"2068";"725";"1343"
"3165909";"Senador Modestino Gonçalves (MG)";"4008";"1921";"2087"
"3166006";"Senhora de Oliveira (MG)";"5483";"3670";"1813"
"3166105";"Senhora do Porto (MG)";"3067";"1602";"1465"
"3166204";"Senhora dos Remédios (MG)";"10384";"5377";"5007"
"3166303";"Sericita (MG)";"7345";"4042";"3303"
"3166402";"Seritinga (MG)";"1819";"1564";"255"
"3166501";"Serra Azul de Minas (MG)";"3792";"1974";"1818"
"3166600";"Serra da Saudade (MG)";"833";"542";"291"
"3166709";"Serra dos Aimorés (MG)";"6944";"5900";"1044"
"3166808";"Serra do Salitre (MG)";"11801";"9177";"2624"
"3166907";"Serrania (MG)";"7621";"6903";"718"
"3166956";"Serranópolis de Minas (MG)";"4399";"2003";"2396"
"3167004";"Serranos (MG)";"1990";"1595";"395"
"3167103";"Serro (MG)";"21952";"14286";"7666"
"3167202";"Sete Lagoas (MG)";"227397";"219933";"7464"
"3167301";"Silveirânia (MG)";"2323";"1661";"662"
"3167400";"Silvianópolis (MG)";"6179";"3825";"2354"
"3167509";"Simão Pereira (MG)";"2947";"1827";"1120"
"3167608";"Simonésia (MG)";"19750";"9535";"10215"
"3167707";"Sobrália (MG)";"5137";"3728";"1409"
"3167806";"Soledade de Minas (MG)";"5613";"3751";"1862"
"3167905";"Tabuleiro (MG)";"4014";"2934";"1080"
"3168002";"Taiobeiras (MG)";"33050";"28730";"4320"
"3168051";"Taparuba (MG)";"3387";"2464";"923"
"3168101";"Tapira (MG)";"4118";"2601";"1517"
"3168200";"Tapiraí (MG)";"1690";"988";"702"
"3168309";"Taquaraçu de Minas (MG)";"4224";"2182";"2042"
"3168408";"Tarumirim (MG)";"14709";"9970";"4739"
"3168507";"Teixeiras (MG)";"12255";"8790";"3465"
"3168606";"Teófilo Otoni (MG)";"137418";"116963";"20455"
"3168705";"Timóteo (MG)";"81579";"81448";"131"
"3168804";"Tiradentes (MG)";"7744";"6236";"1508"
"3168903";"Tiros (MG)";"7883";"6009";"1874"
"3169000";"Tocantins (MG)";"16185";"13738";"2447"
"3169059";"Tocos do Moji (MG)";"3826";"2068";"1758"
"3169109";"Toledo (MG)";"7214";"4135";"3079"
"3169208";"Tombos (MG)";"8609";"7367";"1242"
"3169307";"Três Corações (MG)";"75485";"69324";"6161"
"3169356";"Três Marias (MG)";"28895";"26914";"1981"
"3169406";"Três Pontas (MG)";"55255";"50712";"4543"
"3169505";"Tumiritinga (MG)";"5886";"4231";"1655"
"3169604";"Tupaciguara (MG)";"25470";"23442";"2028"
"3169703";"Turmalina (MG)";"20000";"16370";"3630"
"3169802";"Turvolândia (MG)";"4935";"3261";"1674"
"3169901";"Ubá (MG)";"103365";"99163";"4202"
"3170008";"Ubaí (MG)";"11708";"6116";"5592"
"3170057";"Ubaporanga (MG)";"13017";"6357";"6660"
"3170107";"Uberaba (MG)";"337836";"330362";"7474"
"3170206";"Uberlândia (MG)";"713224";"703198";"10026"
"3170305";"Umburatiba (MG)";"2684";"2198";"486"
"3170404";"Unaí (MG)";"86619";"72817";"13802"
"3170438";"União de Minas (MG)";"3828";"2366";"1462"
"3170479";"Uruana de Minas (MG)";"3282";"2349";"933"
"3170503";"Urucânia (MG)";"10600";"8730";"1870"
"3170529";"Urucuia (MG)";"17479";"9129";"8350"
"3170578";"Vargem Alegre (MG)";"5780";"5007";"773"
"3170602";"Vargem Bonita (MG)";"2158";"1567";"591"
"3170651";"Vargem Grande do Rio Pardo (MG)";"4633";"2711";"1922"
"3170701";"Varginha (MG)";"136467";"132780";"3687"
"3170750";"Varjão de Minas (MG)";"6969";"5887";"1082"
"3170800";"Várzea da Palma (MG)";"33744";"30154";"3590"
"3170909";"Varzelândia (MG)";"18840";"10046";"8794"
"3171006";"Vazante (MG)";"19975";"17014";"2961"
"3171030";"Verdelândia (MG)";"7672";"4578";"3094"
"3171071";"Veredinha (MG)";"5181";"3852";"1329"
"3171105";"Veríssimo (MG)";"3411";"2173";"1238"
"3171154";"Vermelho Novo (MG)";"4899";"1978";"2921"
"3171204";"Vespasiano (MG)";"129246";"128378";"868"
"3171303";"Viçosa (MG)";"76430";"71178";"5252"
"3171402";"Vieiras (MG)";"3700";"2142";"1558"
"3171501";"Mathias Lobato (MG)";"3038";"2674";"364"
"3171600";"Virgem da Lapa (MG)";"11804";"7554";"4250"
"3171709";"Virgínia (MG)";"8908";"4914";"3994"
"3171808";"Virginópolis (MG)";"10314";"6451";"3863"
"3171907";"Virgolândia (MG)";"4552";"2877";"1675"
"3172004";"Visconde do Rio Branco (MG)";"39160";"34811";"4349"
"3172103";"Volta Grande (MG)";"4443";"3655";"788"
"3172202";"Wenceslau Braz (MG)";"2356";"1338";"1018"
"3200102";"Afonso Cláudio (ES)";"30684";"16575";"14109"
"3200136";"Águia Branca (ES)";"9711";"3363";"6348"
"3200169";"Água Doce do Norte (ES)";"12042";"7442";"4600"
"3200201";"Alegre (ES)";"29177";"22417";"6760"
"3200300";"Alfredo Chaves (ES)";"13836";"6994";"6842"
"3200359";"Alto Rio Novo (ES)";"7434";"4277";"3157"
"3200409";"Anchieta (ES)";"29984";"24069";"5915"
"3200508";"Apiacá (ES)";"7223";"5361";"1862"
"3200607";"Aracruz (ES)";"94765";"82350";"12415"
"3200706";"Atílio Vivácqua (ES)";"10540";"7376";"3164"
"3200805";"Baixo Guandu (ES)";"30674";"25792";"4882"
"3200904";"Barra de São Francisco (ES)";"42498";"29428";"13070"
"3201001";"Boa Esperança (ES)";"13608";"10447";"3161"
"3201100";"Bom Jesus do Norte (ES)";"10254";"9680";"574"
"3201159";"Brejetuba (ES)";"12985";"4202";"8783"
"3201209";"Cachoeiro de Itapemirim (ES)";"185786";"173720";"12066"
"3201308";"Cariacica (ES)";"353491";"349420";"4071"
"3201407";"Castelo (ES)";"36930";"26725";"10205"
"3201506";"Colatina (ES)";"120033";"107205";"12828"
"3201605";"Conceição da Barra (ES)";"27458";"22975";"4483"
"3201704";"Conceição do Castelo (ES)";"11937";"6743";"5194"
"3201803";"Divino de São Lourenço (ES)";"5083";"2157";"2926"
"3201902";"Domingos Martins (ES)";"35416";"13487";"21929"
"3202009";"Dores do Rio Preto (ES)";"6596";"3835";"2761"
"3202108";"Ecoporanga (ES)";"21992";"14760";"7232"
"3202207";"Fundão (ES)";"18014";"15550";"2464"
"3202256";"Governador Lindenberg (ES)";"11009";"5111";"5898"
"3202306";"Guaçuí (ES)";"29358";"24261";"5097"
"3202405";"Guarapari (ES)";"124656";"118113";"6543"
"3202454";"Ibatiba (ES)";"25380";"16256";"9124"
"3202504";"Ibiraçu (ES)";"11723";"9363";"2360"
"3202553";"Ibitirama (ES)";"9520";"4418";"5102"
"3202603";"Iconha (ES)";"12326";"7914";"4412"
"3202652";"Irupi (ES)";"13710";"5820";"7890"
"3202702";"Itaguaçu (ES)";"13589";"7986";"5603"
"3202801";"Itapemirim (ES)";"39832";"26430";"13402"
"3202900";"Itarana (ES)";"10597";"5586";"5011"
"3203007";"Iúna (ES)";"28590";"17540";"11050"
"3203056";"Jaguaré (ES)";"28931";"20676";"8255"
"3203106";"Jerônimo Monteiro (ES)";"11575";"9085";"2490"
"3203130";"João Neiva (ES)";"14079";"11612";"2467"
"3203163";"Laranja da Terra (ES)";"11094";"3825";"7269"
"3203205";"Linhares (ES)";"166786";"147814";"18972"
"3203304";"Mantenópolis (ES)";"12770";"8965";"3805"
"3203320";"Marataízes (ES)";"41929";"34504";"7425"
"3203346";"Marechal Floriano (ES)";"17641";"8903";"8738"
"3203353";"Marilândia (ES)";"12387";"8270";"4117"
"3203403";"Mimoso do Sul (ES)";"24475";"15263";"9212"
"3203502";"Montanha (ES)";"18900";"15394";"3506"
"3203601";"Mucurici (ES)";"5466";"4197";"1269"
"3203700";"Muniz Freire (ES)";"18153";"8834";"9319"
"3203809";"Muqui (ES)";"13745";"9562";"4183"
"3203908";"Nova Venécia (ES)";"49065";"36160";"12905"
"3204005";"Pancas (ES)";"18893";"9428";"9465"
"3204054";"Pedro Canário (ES)";"21522";"19782";"1740"
"3204104";"Pinheiros (ES)";"23915";"18892";"5023"
"3204203";"Piúma (ES)";"22300";"21760";"540"
"3204252";"Ponto Belo (ES)";"6497";"5429";"1068"
"3204302";"Presidente Kennedy (ES)";"13696";"4743";"8953"
"3204351";"Rio Bananal (ES)";"19274";"8535";"10739"
"3204401";"Rio Novo do Sul (ES)";"11069";"6956";"4113"
"3204500";"Santa Leopoldina (ES)";"13106";"2831";"10275"
"3204559";"Santa Maria de Jetibá (ES)";"41636";"17936";"23700"
"3204609";"Santa Teresa (ES)";"22808";"14181";"8627"
"3204658";"São Domingos do Norte (ES)";"8589";"3906";"4683"
"3204708";"São Gabriel da Palha (ES)";"32252";"25165";"7087"
"3204807";"São José do Calçado (ES)";"10878";"9142";"1736"
"3204906";"São Mateus (ES)";"123752";"100109";"23643"
"3204955";"São Roque do Canaã (ES)";"10886";"6153";"4733"
"3205002";"Serra (ES)";"520653";"518261";"2392"
"3205010";"Sooretama (ES)";"26502";"22192";"4310"
"3205036";"Vargem Alta (ES)";"19563";"10700";"8863"
"3205069";"Venda Nova do Imigrante (ES)";"23831";"19085";"4746"
"3205101";"Viana (ES)";"73423";"69782";"3641"
"3205150";"Vila Pavão (ES)";"8911";"4062";"4849"
"3205176";"Vila Valério (ES)";"13728";"4957";"8771"
"3205200";"Vila Velha (ES)";"467722";"458164";"9558"
"3205309";"Vitória (ES)";"322869";"322869";"-"
"3300100";"Angra dos Reis (RJ)";"167434";"163657";"3777"
"3300159";"Aperibé (RJ)";"11034";"10126";"908"
"3300209";"Araruama (RJ)";"129671";"124455";"5216"
"3300225";"Areal (RJ)";"11828";"10876";"952"
"3300233";"Armação dos Búzios (RJ)";"40006";"40006";"-"
"3300258";"Arraial do Cabo (RJ)";"30986";"30986";"-"
"3300308";"Barra do Piraí (RJ)";"92883";"90389";"2494"
"3300407";"Barra Mansa (RJ)";"169894";"168071";"1823"
"3300456";"Belford Roxo (RJ)";"483087";"483087";"-"
"3300506";"Bom Jardim (RJ)";"28102";"21765";"6337"
"3300605";"Bom Jesus do Itabapoana (RJ)";"35173";"31368";"3805"
"3300704";"Cabo Frio (RJ)";"222161";"221102";"1059"
"3300803";"Cachoeiras de Macacu (RJ)";"56943";"48012";"8931"
"3300902";"Cambuci (RJ)";"14616";"12002";"2614"
"3300936";"Carapebus (RJ)";"13847";"11323";"2524"
"3300951";"Comendador Levy Gasparian (RJ)";"8741";"8469";"272"
"3301009";"Campos dos Goytacazes (RJ)";"483540";"452346";"31194"
"3301108";"Cantagalo (RJ)";"19390";"16586";"2804"
"3301157";"Cardoso Moreira (RJ)";"12958";"9237";"3721"
"3301207";"Carmo (RJ)";"17198";"15521";"1677"
"3301306";"Casimiro de Abreu (RJ)";"46110";"43723";"2387"
"3301405";"Conceição de Macabu (RJ)";"21104";"19013";"2091"
"3301504";"Cordeiro (RJ)";"20783";"20238";"545"
"3301603";"Duas Barras (RJ)";"10980";"7899";"3081"
"3301702";"Duque de Caxias (RJ)";"808161";"806209";"1952"
"3301801";"Engenheiro Paulo de Frontin (RJ)";"12242";"10109";"2133"
"3301850";"Guapimirim (RJ)";"51696";"50066";"1630"
"3301876";"Iguaba Grande (RJ)";"27920";"27846";"74"
"3301900";"Itaboraí (RJ)";"224267";"222002";"2265"
"3302007";"Itaguaí (RJ)";"116841";"114431";"2410"
"3302056";"Italva (RJ)";"14073";"10941";"3132"
"3302106";"Itaocara (RJ)";"22919";"18673";"4246"
"3302205";"Itaperuna (RJ)";"101041";"95235";"5806"
"3302254";"Itatiaia (RJ)";"30908";"30409";"499"
"3302270";"Japeri (RJ)";"96289";"95203";"1086"
"3302304";"Laje do Muriaé (RJ)";"7336";"5640";"1696"
"3302403";"Macaé (RJ)";"246391";"239745";"6646"
"3302452";"Macuco (RJ)";"5415";"4929";"486"
"3302502";"Magé (RJ)";"228127";"225431";"2696"
"3302601";"Mangaratiba (RJ)";"41220";"38984";"2236"
"3302700";"Maricá (RJ)";"197277";"195421";"1856"
"3302809";"Mendes (RJ)";"17502";"17144";"358"
"3302858";"Mesquita (RJ)";"167127";"167127";"-"
"3302908";"Miguel Pereira (RJ)";"26582";"24027";"2555"
"3303005";"Miracema (RJ)";"26881";"25264";"1617"
"3303104";"Natividade (RJ)";"15074";"13322";"1752"
"3303203";"Nilópolis (RJ)";"146774";"146774";"-"
"3303302";"Niterói (RJ)";"481749";"481749";"-"
"3303401";"Nova Friburgo (RJ)";"189939";"170778";"19161"
"3303500";"Nova Iguaçu (RJ)";"785867";"782611";"3256"
"3303609";"Paracambi (RJ)";"41375";"39268";"2107"
"3303708";"Paraíba do Sul (RJ)";"42063";"38591";"3472"
"3303807";"Paraty (RJ)";"45243";"36230";"9013"
"3303856";"Paty do Alferes (RJ)";"29619";"22775";"6844"
"3303906";"Petrópolis (RJ)";"278881";"270361";"8520"
"3303955";"Pinheiral (RJ)";"24298";"22870";"1428"
"3304003";"Piraí (RJ)";"27474";"23300";"4174"
"3304102";"Porciúncula (RJ)";"17288";"13862";"3426"
"3304110";"Porto Real (RJ)";"20373";"20228";"145"
"3304128";"Quatis (RJ)";"13682";"12838";"844"
"3304144";"Queimados (RJ)";"140523";"140514";"9"
"3304151";"Quissamã (RJ)";"22393";"18156";"4237"
"3304201";"Resende (RJ)";"129612";"126005";"3607"
"3304300";"Rio Bonito (RJ)";"56276";"49239";"7037"
"3304409";"Rio Claro (RJ)";"17401";"14301";"3100"
"3304508";"Rio das Flores (RJ)";"8954";"7349";"1605"
"3304524";"Rio das Ostras (RJ)";"156491";"156045";"446"
"3304557";"Rio de Janeiro (RJ)";"6211223";"6211164";"59"
"3304607";"Santa Maria Madalena (RJ)";"10232";"7309";"2923"
"3304706";"Santo Antônio de Pádua (RJ)";"41325";"37798";"3527"
"3304755";"São Francisco de Itabapoana (RJ)";"45059";"27903";"17156"
"3304805";"São Fidélis (RJ)";"38961";"32290";"6671"
"3304904";"São Gonçalo (RJ)";"896744";"896488";"256"
"3305000";"São João da Barra (RJ)";"36573";"29176";"7397"
"3305109";"São João de Meriti (RJ)";"440962";"440962";"-"
"3305133";"São José de Ubá (RJ)";"7070";"3435";"3635"
"3305158";"São José do Vale do Rio Preto (RJ)";"22080";"12682";"9398"
"3305208";"São Pedro da Aldeia (RJ)";"104029";"101149";"2880"
"3305307";"São Sebastião do Alto (RJ)";"7750";"4450";"3300"
"3305406";"Sapucaia (RJ)";"17729";"14076";"3653"
"3305505";"Saquarema (RJ)";"89559";"87013";"2546"
"3305554";"Seropédica (RJ)";"80596";"78608";"1988"
"3305604";"Silva Jardim (RJ)";"21352";"17377";"3975"
"3305703";"Sumidouro (RJ)";"15206";"6150";"9056"
"3305752";"Tanguá (RJ)";"31086";"28377";"2709"
"3305802";"Teresópolis (RJ)";"165123";"146010";"19113"
"3305901";"Trajano de Moraes (RJ)";"10302";"6236";"4066"
"3306008";"Três Rios (RJ)";"78346";"76498";"1848"
"3306107";"Valença (RJ)";"68088";"64237";"3851"
"3306156";"Varre-Sai (RJ)";"10207";"6581";"3626"
"3306206";"Vassouras (RJ)";"33976";"29519";"4457"
"3306305";"Volta Redonda (RJ)";"261563";"260931";"632"
"3500105";"Adamantina (SP)";"34687";"33536";"1151"
"3500204";"Adolfo (SP)";"4351";"4005";"346"
"3500303";"Aguaí (SP)";"32072";"29895";"2177"
"3500402";"Águas da Prata (SP)";"7369";"6459";"910"
"3500501";"Águas de Lindóia (SP)";"17930";"15627";"2303"
"3500550";"Águas de Santa Bárbara (SP)";"7177";"6315";"862"
"3500600";"Águas de São Pedro (SP)";"2780";"2780";"-"
"3500709";"Agudos (SP)";"37680";"36054";"1626"
"3500758";"Alambari (SP)";"6141";"4558";"1583"
"3500808";"Alfredo Marcondes (SP)";"4445";"3741";"704"
"3500907";"Altair (SP)";"3451";"2963";"488"
"3501004";"Altinópolis (SP)";"16818";"15228";"1590"
"3501103";"Alto Alegre (SP)";"3841";"3101";"740"
"3501152";"Alumínio (SP)";"17301";"16657";"644"
"3501202";"Álvares Florence (SP)";"3915";"2622";"1293"
"3501301";"Álvares Machado (SP)";"27255";"25223";"2032"
"3501400";"Álvaro de Carvalho (SP)";"4808";"2904";"1904"
"3501509";"Alvinlândia (SP)";"2885";"2642";"243"
"3501608";"Americana (SP)";"237240";"236829";"411"
"3501707";"Américo Brasiliense (SP)";"33019";"32755";"264"
"3501806";"Américo de Campos (SP)";"5870";"5166";"704"
"3501905";"Amparo (SP)";"68008";"62726";"5282"
"3502002";"Analândia (SP)";"4589";"3896";"693"
"3502101";"Andradina (SP)";"59783";"54732";"5051"
"3502200";"Angatuba (SP)";"24022";"17016";"7006"
"3502309";"Anhembi (SP)";"5674";"4626";"1048"
"3502408";"Anhumas (SP)";"4023";"3394";"629"
"3502507";"Aparecida (SP)";"32569";"31916";"653"
"3502606";"Aparecida d'Oeste (SP)";"4086";"3233";"853"
"3502705";"Apiaí (SP)";"24585";"19298";"5287"
"3502754";"Araçariguama (SP)";"21522";"18895";"2627"
"3502804";"Araçatuba (SP)";"200124";"196751";"3373"
"3502903";"Araçoiaba da Serra (SP)";"32443";"28831";"3612"
"3503000";"Aramina (SP)";"5420";"5150";"270"
"3503109";"Arandu (SP)";"6885";"5579";"1306"
"3503158";"Arapeí (SP)";"2330";"1577";"753"
"3503208";"Araraquara (SP)";"242228";"238618";"3610"
"3503307";"Araras (SP)";"130866";"126982";"3884"
"3503356";"Arco-Íris (SP)";"2044";"1306";"738"
"3503406";"Arealva (SP)";"8130";"6389";"1741"
"3503505";"Areias (SP)";"3577";"2772";"805"
"3503604";"Areiópolis (SP)";"10130";"9902";"228"
"3503703";"Ariranha (SP)";"7602";"7358";"244"
"3503802";"Artur Nogueira (SP)";"51456";"48173";"3283"
"3503901";"Arujá (SP)";"86678";"84095";"2583"
"3503950";"Aspásia (SP)";"1842";"1445";"397"
"3504008";"Assis (SP)";"101409";"97630";"3779"
"3504107";"Atibaia (SP)";"158647";"142259";"16388"
"3504206";"Auriflama (SP)";"13692";"12367";"1325"
"3504305";"Avaí (SP)";"4483";"2966";"1517"
"3504404";"Avanhandava (SP)";"11263";"9642";"1621"
"3504503";"Avaré (SP)";"92805";"88128";"4677"
"3504602";"Bady Bassitt (SP)";"27260";"26080";"1180"
"3504701";"Balbinos (SP)";"3887";"3787";"100"
"3504800";"Bálsamo (SP)";"9596";"8898";"698"
"3504909";"Bananal (SP)";"9969";"8047";"1922"
"3505005";"Barão de Antonina (SP)";"3531";"2358";"1173"
"3505104";"Barbosa (SP)";"5640";"5171";"469"
"3505203";"Bariri (SP)";"31595";"30527";"1068"
"3505302";"Barra Bonita (SP)";"34346";"33890";"456"
"3505351";"Barra do Chapéu (SP)";"5179";"1904";"3275"
"3505401";"Barra do Turvo (SP)";"6876";"3092";"3784"
"3505500";"Barretos (SP)";"122485";"118864";"3621"
"3505609";"Barrinha (SP)";"32092";"31901";"191"
"3505708";"Barueri (SP)";"316473";"316358";"115"
"3505807";"Bastos (SP)";"21503";"18715";"2788"
"3505906";"Batatais (SP)";"58402";"56726";"1676"
"3506003";"Bauru (SP)";"379146";"369919";"9227"
"3506102";"Bebedouro (SP)";"76373";"73727";"2646"
"3506201";"Bento de Abreu (SP)";"2606";"2407";"199"
"3506300";"Bernardino de Campos (SP)";"11607";"9626";"1981"
"3506359";"Bertioga (SP)";"64188";"63511";"677"
"3506409";"Bilac (SP)";"7319";"6877";"442"
"3506508";"Birigui (SP)";"118979";"116413";"2566"
"3506607";"Biritiba Mirim (SP)";"29683";"24201";"5482"
"3506706";"Boa Esperança do Sul (SP)";"12978";"12203";"775"
"3506805";"Bocaina (SP)";"11259";"10691";"568"
"3506904";"Bofete (SP)";"10460";"7469";"2991"
"3507001";"Boituva (SP)";"61081";"58775";"2306"
"3507100";"Bom Jesus dos Perdões (SP)";"22006";"20336";"1670"
"3507159";"Bom Sucesso de Itararé (SP)";"3555";"2477";"1078"
"3507209";"Borá (SP)";"907";"738";"169"
"3507308";"Boracéia (SP)";"4715";"4445";"270"
"3507407";"Borborema (SP)";"14226";"13121";"1105"
"3507456";"Borebi (SP)";"2713";"2352";"361"
"3507506";"Botucatu (SP)";"145155";"140601";"4554"
"3507605";"Bragança Paulista (SP)";"176811";"164358";"12453"
"3507704";"Braúna (SP)";"5356";"4855";"501"
"3507753";"Brejo Alegre (SP)";"2565";"2168";"397"
"3507803";"Brodowski (SP)";"25201";"24576";"625"
"3507902";"Brotas (SP)";"23898";"22015";"1883"
"3508009";"Buri (SP)";"20250";"16771";"3479"
"3508108";"Buritama (SP)";"17210";"16264";"946"
"3508207";"Buritizal (SP)";"4356";"3772";"584"
"3508306";"Cabrália Paulista (SP)";"4299";"3561";"738"
"3508405";"Cabreúva (SP)";"47011";"43400";"3611"
"3508504";"Caçapava (SP)";"96202";"92926";"3276"
"3508603";"Cachoeira Paulista (SP)";"31564";"29274";"2290"
"3508702";"Caconde (SP)";"17101";"11832";"5269"
"3508801";"Cafelândia (SP)";"16654";"15318";"1336"
"3508900";"Caiabu (SP)";"3712";"2987";"725"
"3509007";"Caieiras (SP)";"95032";"94087";"945"
"3509106";"Caiuá (SP)";"5466";"2332";"3134"
"3509205";"Cajamar (SP)";"92689";"91845";"844"
"3509254";"Cajati (SP)";"28515";"21935";"6580"
"3509304";"Cajobi (SP)";"9133";"8670";"463"
"3509403";"Cajuru (SP)";"23830";"21246";"2584"
"3509452";"Campina do Monte Alegre (SP)";"5954";"4933";"1021"
"3509502";"Campinas (SP)";"1139047";"1132934";"6113"
"3509601";"Campo Limpo Paulista (SP)";"77632";"76183";"1449"
"3509700";"Campos do Jordão (SP)";"46974";"43094";"3880"
"3509809";"Campos Novos Paulista (SP)";"4888";"3906";"982"
"3509908";"Cananéia (SP)";"12289";"10838";"1451"
"3509957";"Canas (SP)";"4931";"4473";"458"
"3510005";"Cândido Mota (SP)";"29449";"27861";"1588"
"3510104";"Cândido Rodrigues (SP)";"2889";"2454";"435"
"3510153";"Canitar (SP)";"6283";"6125";"158"
"3510203";"Capão Bonito (SP)";"46337";"39428";"6909"
"3510302";"Capela do Alto (SP)";"22866";"18052";"4814"
"3510401";"Capivari (SP)";"50068";"48190";"1878"
"3510500";"Caraguatatuba (SP)";"134873";"132970";"1903"
"3510609";"Carapicuíba (SP)";"386984";"386984";"-"
"3510708";"Cardoso (SP)";"11345";"10445";"900"
"3510807";"Casa Branca (SP)";"28083";"23907";"4176"
"3510906";"Cássia dos Coqueiros (SP)";"2799";"1895";"904"
"3511003";"Castilho (SP)";"19977";"15289";"4688"
"3511102";"Catanduva (SP)";"115791";"114736";"1055"
"3511201";"Catiguá (SP)";"7003";"6703";"300"
"3511300";"Cedral (SP)";"12618";"11506";"1112"
"3511409";"Cerqueira César (SP)";"21469";"18314";"3155"
"3511508";"Cerquilho (SP)";"44695";"42340";"2355"
"3511607";"Cesário Lange (SP)";"19048";"14690";"4358"
"3511706";"Charqueada (SP)";"15535";"14455";"1080"
"3511904";"Clementina (SP)";"6982";"6736";"246"
"3512001";"Colina (SP)";"18486";"17601";"885"
"3512100";"Colômbia (SP)";"6629";"4684";"1945"
"3512209";"Conchal (SP)";"28101";"26778";"1323"
"3512308";"Conchas (SP)";"15232";"11924";"3308"
"3512407";"Cordeirópolis (SP)";"24514";"23427";"1087"
"3512506";"Coroados (SP)";"5400";"4608";"792"
"3512605";"Coronel Macedo (SP)";"4280";"3541";"739"
"3512704";"Corumbataí (SP)";"4195";"2713";"1482"
"3512803";"Cosmópolis (SP)";"59773";"58263";"1510"
"3512902";"Cosmorama (SP)";"8719";"6800";"1919"
"3513009";"Cotia (SP)";"274413";"266653";"7760"
"3513108";"Cravinhos (SP)";"33281";"32754";"527"
"3513207";"Cristais Paulista (SP)";"9272";"7629";"1643"
"3513306";"Cruzália (SP)";"2108";"1418";"690"
"3513405";"Cruzeiro (SP)";"74961";"73138";"1823"
"3513504";"Cubatão (SP)";"112476";"112336";"140"
"3513603";"Cunha (SP)";"22110";"13050";"9060"
"3513702";"Descalvado (SP)";"31756";"28806";"2950"
"3513801";"Diadema (SP)";"393237";"393237";"-"
"3513850";"Dirce Reis (SP)";"1620";"1320";"300"
"3513900";"Divinolândia (SP)";"11158";"7670";"3488"
"3514007";"Dobrada (SP)";"8759";"8556";"203"
"3514106";"Dois Córregos (SP)";"24510";"23529";"981"
"3514205";"Dolcinópolis (SP)";"2207";"1974";"233"
"3514304";"Dourado (SP)";"8096";"7602";"494"
"3514403";"Dracena (SP)";"45474";"42064";"3410"
"3514502";"Duartina (SP)";"12328";"11108";"1220"
"3514601";"Dumont (SP)";"9471";"9252";"219"
"3514700";"Echaporã (SP)";"6205";"5228";"977"
"3514809";"Eldorado (SP)";"13069";"6872";"6197"
"3514908";"Elias Fausto (SP)";"17699";"15384";"2315"
"3514924";"Elisiário (SP)";"3138";"2929";"209"
"3514957";"Embaúba (SP)";"2323";"2051";"272"
"3515004";"Embu das Artes (SP)";"250691";"249223";"1468"
"3515103";"Embu-Guaçu (SP)";"66970";"60024";"6946"
"3515129";"Emilianópolis (SP)";"3014";"2670";"344"
"3515152";"Engenheiro Coelho (SP)";"19566";"18405";"1161"
"3515186";"Espírito Santo do Pinhal (SP)";"39816";"36189";"3627"
"3515194";"Espírito Santo do Turvo (SP)";"4157";"3565";"592"
"3515202";"Estrela d'Oeste (SP)";"9417";"7898";"1519"
"3515301";"Estrela do Norte (SP)";"2703";"2225";"478"
"3515350";"Euclides da Cunha Paulista (SP)";"7924";"4933";"2991"
"3515400";"Fartura (SP)";"16641";"13455";"3186"
"3515509";"Fernandópolis (SP)";"71186";"68905";"2281"
"3515608";"Fernando Prestes (SP)";"5942";"5348";"594"
"3515657";"Fernão (SP)";"1656";"1002";"654"
"3515707";"Ferraz de Vasconcelos (SP)";"179198";"177680";"1518"
"3515806";"Flora Rica (SP)";"1487";"1216";"271"
"3515905";"Floreal (SP)";"2733";"2288";"445"
"3516002";"Flórida Paulista (SP)";"12958";"10460";"2498"
"3516101";"Florínea (SP)";"3851";"2534";"1317"
"3516200";"Franca (SP)";"352536";"347312";"5224"
"3516309";"Francisco Morato (SP)";"165139";"164374";"765"
"3516408";"Franco da Rocha (SP)";"144849";"139074";"5775"
"3516507";"Gabriel Monteiro (SP)";"2763";"2459";"304"
"3516606";"Gália (SP)";"6380";"5155";"1225"
"3516705";"Garça (SP)";"42110";"39928";"2182"
"3516804";"Gastão Vidigal (SP)";"3252";"2944";"308"
"3516853";"Gavião Peixoto (SP)";"4702";"4228";"474"
"3516903";"General Salgado (SP)";"10312";"9219";"1093"
"3517000";"Getulina (SP)";"10232";"7833";"2399"
"3517109";"Glicério (SP)";"4138";"3432";"706"
"3517208";"Guaiçara (SP)";"11239";"10446";"793"
"3517307";"Guaimbê (SP)";"5512";"4877";"635"
"3517406";"Guaíra (SP)";"39279";"38036";"1243"
"3517505";"Guapiaçu (SP)";"21711";"20284";"1427"
"3517604";"Guapiara (SP)";"17071";"6907";"10164"
"3517703";"Guará (SP)";"18606";"18149";"457"
"3517802";"Guaraçaí (SP)";"7441";"5886";"1555"
"3517901";"Guaraci (SP)";"10350";"9634";"716"
"3518008";"Guarani d'Oeste (SP)";"1968";"1712";"256"
"3518107";"Guarantã (SP)";"6427";"5261";"1166"
"3518206";"Guararapes (SP)";"31043";"29504";"1539"
"3518305";"Guararema (SP)";"31236";"25724";"5512"
"3518404";"Guaratinguetá (SP)";"118044";"113199";"4845"
"3518503";"Guareí (SP)";"15013";"8143";"6870"
"3518602";"Guariba (SP)";"37498";"36350";"1148"
"3518701";"Guarujá (SP)";"287634";"286839";"795"
"3518800";"Guarulhos (SP)";"1291771";"1291152";"619"
"3518859";"Guatapará (SP)";"7320";"6109";"1211"
"3518909";"Guzolândia (SP)";"4246";"3732";"514"
"3519006";"Herculândia (SP)";"9125";"8166";"959"
"3519055";"Holambra (SP)";"15094";"11954";"3140"
"3519071";"Hortolândia (SP)";"236641";"235854";"787"
"3519105";"Iacanga (SP)";"10437";"9758";"679"
"3519204";"Iacri (SP)";"6131";"5147";"984"
"3519253";"Iaras (SP)";"8010";"3195";"4815"
"3519303";"Ibaté (SP)";"32178";"31726";"452"
"3519402";"Ibirá (SP)";"11690";"11108";"582"
"3519501";"Ibirarema (SP)";"6385";"6024";"361"
"3519600";"Ibitinga (SP)";"60033";"58254";"1779"
"3519709";"Ibiúna (SP)";"75605";"52704";"22901"
"3519808";"Icém (SP)";"7819";"6557";"1262"
"3519907";"Iepê (SP)";"7619";"6728";"891"
"3520004";"Igaraçu do Tietê (SP)";"23106";"22815";"291"
"3520103";"Igarapava (SP)";"26212";"25486";"726"
"3520202";"Igaratá (SP)";"10605";"7860";"2745"
"3520301";"Iguape (SP)";"29115";"22465";"6650"
"3520400";"Ilhabela (SP)";"34934";"33863";"1071"
"3520426";"Ilha Comprida (SP)";"13419";"13138";"281"
"3520442";"Ilha Solteira (SP)";"25549";"22651";"2898"
"3520509";"Indaiatuba (SP)";"255748";"251296";"4452"
"3520608";"Indiana (SP)";"5090";"4467";"623"
"3520707";"Indiaporã (SP)";"4035";"3335";"700"
"3520806";"Inúbia Paulista (SP)";"3615";"3329";"286"
"3520905";"Ipaussu (SP)";"13712";"13317";"395"
"3521002";"Iperó (SP)";"36459";"30246";"6213"
"3521101";"Ipeúna (SP)";"6831";"6292";"539"
"3521150";"Ipiguá (SP)";"6761";"5798";"963"
"3521200";"Iporanga (SP)";"4046";"1893";"2153"
"3521309";"Ipuã (SP)";"14454";"14093";"361"
"3521408";"Iracemápolis (SP)";"21967";"21845";"122"
"3521507";"Irapuã (SP)";"6867";"6227";"640"
"3521606";"Irapuru (SP)";"7085";"5231";"1854"
"3521705";"Itaberá (SP)";"17983";"12320";"5663"
"3521804";"Itaí (SP)";"25180";"20867";"4313"
"3521903";"Itajobi (SP)";"16989";"14990";"1999"
"3522000";"Itaju (SP)";"3618";"2927";"691"
"3522109";"Itanhaém (SP)";"112476";"111273";"1203"
"3522158";"Itaoca (SP)";"3422";"1605";"1817"
"3522208";"Itapecerica da Serra (SP)";"158522";"149831";"8691"
"3522307";"Itapetininga (SP)";"157790";"142544";"15246"
"3522406";"Itapeva (SP)";"89728";"76424";"13304"
"3522505";"Itapevi (SP)";"232297";"228691";"3606"
"3522604";"Itapira (SP)";"72022";"68103";"3919"
"3522653";"Itapirapuã Paulista (SP)";"4306";"1945";"2361"
"3522703";"Itápolis (SP)";"39493";"36689";"2804"
"3522802";"Itaporanga (SP)";"14085";"10518";"3567"
"3522901";"Itapuí (SP)";"13659";"13315";"344"
"3523008";"Itapura (SP)";"3979";"3351";"628"
"3523107";"Itaquaquecetuba (SP)";"369275";"369263";"12"
"3523206";"Itararé (SP)";"44438";"41996";"2442"
"3523305";"Itariri (SP)";"15528";"11958";"3570"
"3523404";"Itatiba (SP)";"121590";"117099";"4491"
"3523503";"Itatinga (SP)";"19070";"16408";"2662"
"3523602";"Itirapina (SP)";"16148";"14848";"1300"
"3523701";"Itirapuã (SP)";"5779";"5020";"759"
"3523800";"Itobi (SP)";"8046";"7011";"1035"
"3523909";"Itu (SP)";"168240";"160865";"7375"
"3524006";"Itupeva (SP)";"70616";"66875";"3741"
"3524105";"Ituverava (SP)";"37571";"36527";"1044"
"3524204";"Jaborandi (SP)";"6221";"5902";"319"
"3524303";"Jaboticabal (SP)";"71821";"70288";"1533"
"3524402";"Jacareí (SP)";"240275";"234905";"5370"
"3524501";"Jaci (SP)";"7613";"6927";"686"
"3524600";"Jacupiranga (SP)";"16097";"10575";"5522"
"3524709";"Jaguariúna (SP)";"59347";"57505";"1842"
"3524808";"Jales (SP)";"48776";"46068";"2708"
"3524907";"Jambeiro (SP)";"6397";"4534";"1863"
"3525003";"Jandira (SP)";"118045";"118045";"-"
"3525102";"Jardinópolis (SP)";"45282";"42208";"3074"
"3525201";"Jarinu (SP)";"37535";"32828";"4707"
"3525300";"Jaú (SP)";"133497";"131154";"2343"
"3525409";"Jeriquara (SP)";"3863";"3412";"451"
"3525508";"Joanópolis (SP)";"12815";"9299";"3516"
"3525607";"João Ramalho (SP)";"4371";"3864";"507"
"3525706";"José Bonifácio (SP)";"36633";"33990";"2643"
"3525805";"Júlio Mesquita (SP)";"4254";"3978";"276"
"3525854";"Jumirim (SP)";"3056";"2008";"1048"
"3525904";"Jundiaí (SP)";"443221";"429315";"13906"
"3526001";"Junqueirópolis (SP)";"20448";"18958";"1490"
"3526100";"Juquiá (SP)";"17154";"11489";"5665"
"3526209";"Juquitiba (SP)";"27404";"15693";"11711"
"3526308";"Lagoinha (SP)";"5083";"3172";"1911"
"3526407";"Laranjal Paulista (SP)";"26261";"23256";"3005"
"3526506";"Lavínia (SP)";"9689";"4178";"5511"
"3526605";"Lavrinhas (SP)";"7171";"6645";"526"
"3526704";"Leme (SP)";"98161";"96438";"1723"
"3526803";"Lençóis Paulista (SP)";"66505";"64851";"1654"
"3526902";"Limeira (SP)";"291869";"283051";"8818"
"3527009";"Lindóia (SP)";"7014";"6030";"984"
"3527108";"Lins (SP)";"74779";"73902";"877"
"3527207";"Lorena (SP)";"84855";"82530";"2325"
"3527256";"Lourdes (SP)";"1950";"1682";"268"
"3527306";"Louveira (SP)";"51847";"49676";"2171"
"3527405";"Lucélia (SP)";"20061";"16654";"3407"
"3527504";"Lucianópolis (SP)";"2372";"1923";"449"
"3527603";"Luís Antônio (SP)";"12265";"12020";"245"
"3527702";"Luiziânia (SP)";"4701";"4284";"417"
"3527801";"Lupércio (SP)";"3981";"3602";"379"
"3527900";"Lutécia (SP)";"2661";"2111";"550"
"3528007";"Macatuba (SP)";"16829";"16336";"493"
"3528106";"Macaubal (SP)";"7481";"6694";"787"
"3528205";"Macedônia (SP)";"3963";"2924";"1039"
"3528304";"Magda (SP)";"3165";"2648";"517"
"3528403";"Mairinque (SP)";"50027";"46495";"3532"
"3528502";"Mairiporã (SP)";"93853";"84643";"9210"
"3528601";"Manduri (SP)";"9871";"8633";"1238"
"3528700";"Marabá Paulista (SP)";"4573";"1725";"2848"
"3528809";"Maracaí (SP)";"12673";"11553";"1120"
"3528858";"Marapoama (SP)";"3292";"2933";"359"
"3528908";"Mariápolis (SP)";"3513";"3025";"488"
"3529005";"Marília (SP)";"237627";"234898";"2729"
"3529104";"Marinópolis (SP)";"1860";"1500";"360"
"3529203";"Martinópolis (SP)";"24881";"21312";"3569"
"3529302";"Matão (SP)";"79033";"77592";"1441"
"3529401";"Mauá (SP)";"418261";"416971";"1290"
"3529500";"Mendonça (SP)";"6159";"5473";"686"
"3529609";"Meridiano (SP)";"4572";"3709";"863"
"3529658";"Mesópolis (SP)";"1952";"1620";"332"
"3529708";"Miguelópolis (SP)";"19441";"18525";"916"
"3529807";"Mineiros do Tietê (SP)";"11230";"10795";"435"
"3529906";"Miracatu (SP)";"18553";"11992";"6561"
"3530003";"Mira Estrela (SP)";"3126";"2511";"615"
"3530102";"Mirandópolis (SP)";"27983";"24887";"3096"
"3530201";"Mirante do Paranapanema (SP)";"15917";"9559";"6358"
"3530300";"Mirassol (SP)";"63337";"61711";"1626"
"3530409";"Mirassolândia (SP)";"4669";"4035";"634"
"3530508";"Mococa (SP)";"67681";"64211";"3470"
"3530607";"Mogi das Cruzes (SP)";"451505";"424082";"27423"
"3530706";"Mogi Guaçu (SP)";"153658";"149262";"4396"
"3530805";"Mogi Mirim (SP)";"92558";"87305";"5253"
"3530904";"Mombuca (SP)";"3722";"3169";"553"
"3531001";"Monções (SP)";"1937";"1753";"184"
"3531100";"Mongaguá (SP)";"61951";"61244";"707"
"3531209";"Monte Alegre do Sul (SP)";"8627";"6066";"2561"
"3531308";"Monte Alto (SP)";"47574";"45899";"1675"
"3531407";"Monte Aprazível (SP)";"22280";"20756";"1524"
"3531506";"Monte Azul Paulista (SP)";"18151";"17088";"1063"
"3531605";"Monte Castelo (SP)";"4222";"3567";"655"
"3531704";"Monteiro Lobato (SP)";"4138";"1548";"2590"
"3531803";"Monte Mor (SP)";"64662";"62751";"1911"
"3531902";"Morro Agudo (SP)";"27933";"26879";"1054"
"3532009";"Morungaba (SP)";"13720";"11660";"2060"
"3532058";"Motuca (SP)";"4034";"2947";"1087"
"3532108";"Murutinga do Sul (SP)";"3737";"2742";"995"
"3532157";"Nantes (SP)";"2660";"2440";"220"
"3532207";"Narandiba (SP)";"5713";"5123";"590"
"3532306";"Natividade da Serra (SP)";"6999";"2918";"4081"
"3532405";"Nazaré Paulista (SP)";"18217";"9127";"9090"
"3532504";"Neves Paulista (SP)";"9699";"8714";"985"
"3532603";"Nhandeara (SP)";"9852";"8200";"1652"
"3532702";"Nipoã (SP)";"4750";"4327";"423"
"3532801";"Nova Aliança (SP)";"6693";"5999";"694"
"3532827";"Nova Campina (SP)";"8497";"6035";"2462"
"3532843";"Nova Canaã Paulista (SP)";"2032";"1352";"680"
"3532868";"Nova Castilho (SP)";"1062";"775";"287"
"3532900";"Nova Europa (SP)";"9311";"8957";"354"
"3533007";"Nova Granada (SP)";"19419";"17874";"1545"
"3533106";"Nova Guataporanga (SP)";"2156";"1954";"202"
"3533205";"Nova Independência (SP)";"4609";"3504";"1105"
"3533254";"Novais (SP)";"4412";"4139";"273"
"3533304";"Nova Luzitânia (SP)";"2837";"2493";"344"
"3533403";"Nova Odessa (SP)";"62019";"61546";"473"
"3533502";"Novo Horizonte (SP)";"38324";"36600";"1724"
"3533601";"Nuporanga (SP)";"7391";"6923";"468"
"3533700";"Ocauçu (SP)";"4331";"3705";"626"
"3533809";"Óleo (SP)";"2512";"1921";"591"
"3533908";"Olímpia (SP)";"55074";"53355";"1719"
"3534005";"Onda Verde (SP)";"4771";"4359";"412"
"3534104";"Oriente (SP)";"6085";"5778";"307"
"3534203";"Orindiúva (SP)";"6024";"5613";"411"
"3534302";"Orlândia (SP)";"38319";"37515";"804"
"3534401";"Osasco (SP)";"728615";"728606";"9"
"3534500";"Oscar Bressane (SP)";"2470";"2050";"420"
"3534609";"Osvaldo Cruz (SP)";"31272";"28953";"2319"
"3534708";"Ourinhos (SP)";"103970";"102054";"1916"
"3534757";"Ouroeste (SP)";"10294";"9408";"886"
"3534807";"Ouro Verde (SP)";"7779";"7359";"420"
"3534906";"Pacaembu (SP)";"14877";"8936";"5941"
"3535002";"Palestina (SP)";"11476";"9953";"1523"
"3535101";"Palmares Paulista (SP)";"9650";"9459";"191"
"3535200";"Palmeira d'Oeste (SP)";"8903";"7335";"1568"
"3535309";"Palmital (SP)";"19594";"18583";"1011"
"3535408";"Panorama (SP)";"14964";"14541";"423"
"3535507";"Paraguaçu Paulista (SP)";"41120";"37717";"3403"
"3535606";"Paraibuna (SP)";"17667";"10817";"6850"
"3535705";"Paraíso (SP)";"6099";"5315";"784"
"3535804";"Paranapanema (SP)";"19395";"15850";"3545"
"3535903";"Paranapuã (SP)";"4031";"3697";"334"
"3536000";"Parapuã (SP)";"10580";"9208";"1372"
"3536109";"Pardinho (SP)";"7153";"6210";"943"
"3536208";"Pariquera-Açu (SP)";"19233";"14273";"4960"
"3536257";"Parisi (SP)";"2892";"2500";"392"
"3536307";"Patrocínio Paulista (SP)";"14512";"12428";"2084"
"3536406";"Paulicéia (SP)";"7955";"7193";"762"
"3536505";"Paulínia (SP)";"110537";"109486";"1051"
"3536570";"Paulistânia (SP)";"2090";"1575";"515"
"3536604";"Paulo de Faria (SP)";"7400";"6526";"874"
"3536703";"Pederneiras (SP)";"44827";"41958";"2869"
"3536802";"Pedra Bela (SP)";"6557";"1773";"4784"
"3536901";"Pedranópolis (SP)";"2787";"1737";"1050"
"3537008";"Pedregulho (SP)";"15525";"12351";"3174"
"3537107";"Pedreira (SP)";"43112";"42393";"719"
"3537156";"Pedrinhas Paulista (SP)";"2804";"2536";"268"
"3537206";"Pedro de Toledo (SP)";"11281";"7417";"3864"
"3537305";"Penápolis (SP)";"61679";"59241";"2438"
"3537404";"Pereira Barreto (SP)";"24095";"22574";"1521"
"3537503";"Pereiras (SP)";"8737";"6236";"2501"
"3537602";"Peruíbe (SP)";"68352";"66742";"1610"
"3537701";"Piacatu (SP)";"5519";"5102";"417"
"3537800";"Piedade (SP)";"52970";"30232";"22738"
"3537909";"Pilar do Sul (SP)";"27619";"21933";"5686"
"3538006";"Pindamonhangaba (SP)";"165428";"159364";"6064"
"3538105";"Pindorama (SP)";"14542";"13800";"742"
"3538204";"Pinhalzinho (SP)";"15224";"9139";"6085"
"3538303";"Piquerobi (SP)";"3264";"2654";"610"
"3538501";"Piquete (SP)";"12490";"11462";"1028"
"3538600";"Piracaia (SP)";"26029";"21415";"4614"
"3538709";"Piracicaba (SP)";"423323";"414248";"9075"
"3538808";"Piraju (SP)";"29436";"27568";"1868"
"3538907";"Pirajuí (SP)";"22431";"18284";"4147"
"3539004";"Pirangi (SP)";"10885";"10054";"831"
"3539103";"Pirapora do Bom Jesus (SP)";"18370";"17730";"640"
"3539202";"Pirapozinho (SP)";"25348";"24048";"1300"
"3539301";"Pirassununga (SP)";"73545";"70538";"3007"
"3539400";"Piratininga (SP)";"15108";"13169";"1939"
"3539509";"Pitangueiras (SP)";"33674";"32404";"1270"
"3539608";"Planalto (SP)";"4389";"3881";"508"
"3539707";"Platina (SP)";"3025";"2530";"495"
"3539806";"Poá (SP)";"103765";"103574";"191"
"3539905";"Poloni (SP)";"5592";"5127";"465"
"3540002";"Pompéia (SP)";"20196";"19088";"1108"
"3540101";"Pongaí (SP)";"3395";"2875";"520"
"3540200";"Pontal (SP)";"37607";"36728";"879"
"3540259";"Pontalinda (SP)";"4127";"3454";"673"
"3540309";"Pontes Gestal (SP)";"2387";"2142";"245"
"3540408";"Populina (SP)";"4127";"3422";"705"
"3540507";"Porangaba (SP)";"10451";"6024";"4427"
"3540606";"Porto Feliz (SP)";"56497";"47870";"8627"
"3540705";"Porto Ferreira (SP)";"52649";"51883";"766"
"3540754";"Potim (SP)";"20392";"17370";"3022"
"3540804";"Potirendaba (SP)";"18496";"16923";"1573"
"3540853";"Pracinha (SP)";"2578";"1312";"1266"
"3540903";"Pradópolis (SP)";"17078";"15859";"1219"
"3541000";"Praia Grande (SP)";"349935";"348851";"1084"
"3541059";"Pratânia (SP)";"5126";"4144";"982"
"3541109";"Presidente Alves (SP)";"3804";"3313";"491"
"3541208";"Presidente Bernardes (SP)";"14490";"9876";"4614"
"3541307";"Presidente Epitácio (SP)";"39505";"36569";"2936"
"3541406";"Presidente Prudente (SP)";"225668";"220299";"5369"
"3541505";"Presidente Venceslau (SP)";"35201";"33252";"1949"
"3541604";"Promissão (SP)";"35131";"30115";"5016"
"3541653";"Quadra (SP)";"3405";"1514";"1891"
"3541703";"Quatá (SP)";"13163";"12508";"655"
"3541802";"Queiroz (SP)";"3265";"2987";"278"
"3541901";"Queluz (SP)";"9159";"8273";"886"
"3542008";"Quintana (SP)";"7038";"6520";"518"
"3542107";"Rafard (SP)";"8965";"8003";"962"
"3542206";"Rancharia (SP)";"28588";"25813";"2775"
"3542305";"Redenção da Serra (SP)";"4494";"2415";"2079"
"3542404";"Regente Feijó (SP)";"20145";"18644";"1501"
"3542503";"Reginópolis (SP)";"7662";"5224";"2438"
"3542602";"Registro (SP)";"59947";"52316";"7631"
"3542701";"Restinga (SP)";"6404";"5290";"1114"
"3542800";"Ribeira (SP)";"3132";"1666";"1466"
"3542909";"Ribeirão Bonito (SP)";"10989";"10190";"799"
"3543006";"Ribeirão Branco (SP)";"18627";"9973";"8654"
"3543105";"Ribeirão Corrente (SP)";"4608";"3806";"802"
"3543204";"Ribeirão do Sul (SP)";"4677";"3719";"958"
"3543238";"Ribeirão dos Índios (SP)";"2025";"1755";"270"
"3543253";"Ribeirão Grande (SP)";"7450";"3004";"4446"
"3543303";"Ribeirão Pires (SP)";"115559";"113651";"1908"
"3543402";"Ribeirão Preto (SP)";"698642";"696033";"2609"
"3543501";"Riversul (SP)";"5599";"4198";"1401"
"3543600";"Rifaina (SP)";"4049";"3583";"466"
"3543709";"Rincão (SP)";"9098";"7558";"1540"
"3543808";"Rinópolis (SP)";"9259";"7734";"1525"
"3543907";"Rio Claro (SP)";"201418";"198673";"2745"
"3544004";"Rio das Pedras (SP)";"31328";"30151";"1177"
"3544103";"Rio Grande da Serra (SP)";"44170";"41384";"2786"
"3544202";"Riolândia (SP)";"10309";"7375";"2934"
"3544251";"Rosana (SP)";"17440";"13829";"3611"
"3544301";"Roseira (SP)";"10832";"10107";"725"
"3544400";"Rubiácea (SP)";"2700";"2396";"304"
"3544509";"Rubinéia (SP)";"3833";"3425";"408"
"3544608";"Sabino (SP)";"5112";"4598";"514"
"3544707";"Sagres (SP)";"2474";"1964";"510"
"3544806";"Sales (SP)";"6437";"5971";"466"
"3544905";"Sales Oliveira (SP)";"11411";"10819";"592"
"3545001";"Salesópolis (SP)";"15202";"9750";"5452"
"3545100";"Salmourão (SP)";"4808";"4416";"392"
"3545159";"Saltinho (SP)";"8161";"7312";"849"
"3545209";"Salto (SP)";"134319";"132758";"1561"
"3545308";"Salto de Pirapora (SP)";"43748";"40579";"3169"
"3545407";"Salto Grande (SP)";"9050";"8492";"558"
"3545506";"Sandovalina (SP)";"3645";"2529";"1116"
"3545605";"Santa Adélia (SP)";"14018";"13395";"623"
"3545704";"Santa Albertina (SP)";"6393";"5600";"793"
"3545803";"Santa Bárbara d'Oeste (SP)";"183347";"182330";"1017"
"3546009";"Santa Branca (SP)";"13975";"11864";"2111"
"3546108";"Santa Clara d'Oeste (SP)";"2598";"2035";"563"
"3546207";"Santa Cruz da Conceição (SP)";"4277";"3476";"801"
"3546256";"Santa Cruz da Esperança (SP)";"2116";"1609";"507"
"3546306";"Santa Cruz das Palmeiras (SP)";"28864";"28204";"660"
"3546405";"Santa Cruz do Rio Pardo (SP)";"46442";"43342";"3100"
"3546504";"Santa Ernestina (SP)";"6118";"5889";"229"
"3546603";"Santa Fé do Sul (SP)";"34794";"33705";"1089"
"3546702";"Santa Gertrudes (SP)";"23611";"23344";"267"
"3546801";"Santa Isabel (SP)";"53174";"42313";"10861"
"3546900";"Santa Lúcia (SP)";"7149";"6965";"184"
"3547007";"Santa Maria da Serra (SP)";"5243";"4861";"382"
"3547106";"Santa Mercedes (SP)";"2956";"2672";"284"
"3547205";"Santana da Ponte Pensa (SP)";"1670";"1230";"440"
"3547304";"Santana de Parnaíba (SP)";"154105";"152769";"1336"
"3547403";"Santa Rita d'Oeste (SP)";"2733";"2109";"624"
"3547502";"Santa Rita do Passa Quatro (SP)";"24833";"22977";"1856"
"3547601";"Santa Rosa de Viterbo (SP)";"23411";"22626";"785"
"3547650";"Santa Salete (SP)";"1645";"1175";"470"
"3547700";"Santo Anastácio (SP)";"17963";"16798";"1165"
"3547809";"Santo André (SP)";"748919";"748086";"833"
"3547908";"Santo Antônio da Alegria (SP)";"6775";"5484";"1291"
"3548005";"Santo Antônio de Posse (SP)";"23244";"21698";"1546"
"3548054";"Santo Antônio do Aracanguá (SP)";"8379";"6728";"1651"
"3548104";"Santo Antônio do Jardim (SP)";"6126";"3973";"2153"
"3548203";"Santo Antônio do Pinhal (SP)";"7133";"3502";"3631"
"3548302";"Santo Expedito (SP)";"3000";"2678";"322"
"3548401";"Santópolis do Aguapeí (SP)";"3899";"3763";"136"
"3548500";"Santos (SP)";"418608";"418295";"313"
"3548609";"São Bento do Sapucaí (SP)";"11674";"6294";"5380"
"3548708";"São Bernardo do Campo (SP)";"810729";"806963";"3766"
"3548807";"São Caetano do Sul (SP)";"165655";"165655";"-"
"3548906";"São Carlos (SP)";"254857";"249463";"5394"
"3549003";"São Francisco (SP)";"2602";"2007";"595"
"3549102";"São João da Boa Vista (SP)";"92547";"87940";"4607"
"3549201";"São João das Duas Pontes (SP)";"2580";"1998";"582"
"3549250";"São João de Iracema (SP)";"1846";"1528";"318"
"3549300";"São João do Pau d'Alho (SP)";"2242";"1969";"273"
"3549409";"São Joaquim da Barra (SP)";"48558";"47891";"667"
"3549508";"São José da Bela Vista (SP)";"7626";"6982";"644"
"3549607";"São José do Barreiro (SP)";"3853";"2735";"1118"
"3549706";"São José do Rio Pardo (SP)";"52205";"47332";"4873"
"3549805";"São José do Rio Preto (SP)";"480393";"476448";"3945"
"3549904";"São José dos Campos (SP)";"697054";"688155";"8899"
"3549953";"São Lourenço da Serra (SP)";"16067";"8352";"7715"
"3550001";"São Luiz do Paraitinga (SP)";"10337";"5744";"4593"
"3550100";"São Manuel (SP)";"37289";"35649";"1640"
"3550209";"São Miguel Arcanjo (SP)";"32039";"21827";"10212"
"3550308";"São Paulo (SP)";"11451999";"11434786";"17213"
"3550407";"São Pedro (SP)";"38256";"36784";"1472"
"3550506";"São Pedro do Turvo (SP)";"7217";"5491";"1726"
"3550605";"São Roque (SP)";"79484";"71684";"7800"
"3550704";"São Sebastião (SP)";"81595";"80265";"1330"
"3550803";"São Sebastião da Grama (SP)";"10441";"8104";"2337"
"3550902";"São Simão (SP)";"13442";"12256";"1186"
"3551009";"São Vicente (SP)";"329911";"329607";"304"
"3551108";"Sarapuí (SP)";"10369";"7528";"2841"
"3551207";"Sarutaiá (SP)";"3704";"3284";"420"
"3551306";"Sebastianópolis do Sul (SP)";"3130";"2606";"524"
"3551405";"Serra Azul (SP)";"12746";"11963";"783"
"3551504";"Serrana (SP)";"43909";"43597";"312"
"3551603";"Serra Negra (SP)";"29894";"25111";"4783"
"3551702";"Sertãozinho (SP)";"126887";"125732";"1155"
"3551801";"Sete Barras (SP)";"12730";"7238";"5492"
"3551900";"Severínia (SP)";"14576";"13888";"688"
"3552007";"Silveiras (SP)";"6186";"3228";"2958"
"3552106";"Socorro (SP)";"40122";"24633";"15489"
"3552205";"Sorocaba (SP)";"723682";"718444";"5238"
"3552304";"Sud Mennucci (SP)";"7355";"6434";"921"
"3552403";"Sumaré (SP)";"279545";"278311";"1234"
"3552502";"Suzano (SP)";"307429";"303500";"3929"
"3552551";"Suzanápolis (SP)";"3408";"2646";"762"
"3552601";"Tabapuã (SP)";"11323";"10491";"832"
"3552700";"Tabatinga (SP)";"14769";"13415";"1354"
"3552809";"Taboão da Serra (SP)";"273542";"273542";"-"
"3552908";"Taciba (SP)";"6260";"5214";"1046"
"3553005";"Taguaí (SP)";"12669";"11486";"1183"
"3553104";"Taiaçu (SP)";"5677";"5290";"387"
"3553203";"Taiúva (SP)";"6548";"5187";"1361"
"3553302";"Tambaú (SP)";"21435";"19581";"1854"
"3553401";"Tanabi (SP)";"25265";"23020";"2245"
"3553500";"Tapiraí (SP)";"7996";"5654";"2342"
"3553609";"Tapiratiba (SP)";"11816";"10315";"1501"
"3553658";"Taquaral (SP)";"2619";"2504";"115"
"3553708";"Taquaritinga (SP)";"52260";"49992";"2268"
"3553807";"Taquarituba (SP)";"24350";"20421";"3929"
"3553856";"Taquarivaí (SP)";"6876";"3455";"3421"
"3553906";"Tarabai (SP)";"6536";"6032";"504"
"3553955";"Tarumã (SP)";"14882";"14361";"521"
"3554003";"Tatuí (SP)";"123942";"120091";"3851"
"3554102";"Taubaté (SP)";"310739";"305526";"5213"
"3554201";"Tejupá (SP)";"4127";"2938";"1189"
"3554300";"Teodoro Sampaio (SP)";"22173";"18746";"3427"
"3554409";"Terra Roxa (SP)";"7904";"7630";"274"
"3554508";"Tietê (SP)";"37663";"34196";"3467"
"3554607";"Timburi (SP)";"2464";"1885";"579"
"3554656";"Torre de Pedra (SP)";"2046";"1692";"354"
"3554706";"Torrinha (SP)";"9335";"8066";"1269"
"3554755";"Trabiju (SP)";"1682";"1554";"128"
"3554805";"Tremembé (SP)";"51173";"42414";"8759"
"3554904";"Três Fronteiras (SP)";"6804";"6159";"645"
"3554953";"Tuiuti (SP)";"6778";"3206";"3572"
"3555000";"Tupã (SP)";"63928";"60682";"3246"
"3555109";"Tupi Paulista (SP)";"15854";"12373";"3481"
"3555208";"Turiúba (SP)";"1818";"1502";"316"
"3555307";"Turmalina (SP)";"1669";"1261";"408"
"3555356";"Ubarana (SP)";"5365";"5066";"299"
"3555406";"Ubatuba (SP)";"92981";"87042";"5939"
"3555505";"Ubirajara (SP)";"5132";"4069";"1063"
"3555604";"Uchoa (SP)";"10394";"9691";"703"
"3555703";"União Paulista (SP)";"1603";"1296";"307"
"3555802";"Urânia (SP)";"8833";"7728";"1105"
"3555901";"Uru (SP)";"1387";"1165";"222"
"3556008";"Urupês (SP)";"13744";"12792";"952"
"3556107";"Valentim Gentil (SP)";"14098";"12948";"1150"
"3556206";"Valinhos (SP)";"126373";"121921";"4452"
"3556305";"Valparaíso (SP)";"24241";"23479";"762"
"3556354";"Vargem (SP)";"10512";"6764";"3748"
"3556404";"Vargem Grande do Sul (SP)";"40133";"38354";"1779"
"3556453";"Vargem Grande Paulista (SP)";"50415";"49865";"550"
"3556503";"Várzea Paulista (SP)";"115771";"115437";"334"
"3556602";"Vera Cruz (SP)";"10176";"8989";"1187"
"3556701";"Vinhedo (SP)";"76540";"75558";"982"
"3556800";"Viradouro (SP)";"17414";"16934";"480"
"3556909";"Vista Alegre do Alto (SP)";"8109";"7663";"446"
"3556958";"Vitória Brasil (SP)";"1794";"1513";"281"
"3557006";"Votorantim (SP)";"127923";"125021";"2902"
"3557105";"Votuporanga (SP)";"96634";"93876";"2758"
"3557154";"Zacarias (SP)";"2692";"2190";"502"
"3557204";"Chavantes (SP)";"12211";"11841";"370"
"3557303";"Estiva Gerbi (SP)";"11295";"10467";"828"
"4100103";"Abatiá (PR)";"7241";"5472";"1769"
"4100202";"Adrianópolis (PR)";"6256";"2072";"4184"
"4100301";"Agudos do Sul (PR)";"10233";"4234";"5999"
"4100400";"Almirante Tamandaré (PR)";"119825";"114555";"5270"
"4100459";"Altamira do Paraná (PR)";"3590";"1944";"1646"
"4100509";"Altônia (PR)";"18742";"14810";"3932"
"4100608";"Alto Paraná (PR)";"13909";"12010";"1899"
"4100707";"Alto Piquiri (PR)";"9727";"8522";"1205"
"4100806";"Alvorada do Sul (PR)";"10326";"9082";"1244"
"4100905";"Amaporã (PR)";"4762";"4054";"708"
"4101002";"Ampére (PR)";"19620";"15840";"3780"
"4101051";"Anahy (PR)";"2918";"2365";"553"
"4101101";"Andirá (PR)";"19878";"18998";"880"
"4101150";"Ângulo (PR)";"3235";"2699";"536"
"4101200";"Antonina (PR)";"18091";"15692";"2399"
"4101309";"Antônio Olinto (PR)";"7018";"1211";"5807"
"4101408";"Apucarana (PR)";"130134";"125919";"4215"
"4101507";"Arapongas (PR)";"119138";"116879";"2259"
"4101606";"Arapoti (PR)";"25777";"22438";"3339"
"4101655";"Arapuã (PR)";"3527";"2063";"1464"
"4101705";"Araruna (PR)";"14485";"12297";"2188"
"4101804";"Araucária (PR)";"151666";"139682";"11984"
"4101853";"Ariranha do Ivaí (PR)";"2329";"1046";"1283"
"4101903";"Assaí (PR)";"13797";"12461";"1336"
"4102000";"Assis Chateaubriand (PR)";"36808";"33230";"3578"
"4102109";"Astorga (PR)";"25475";"23579";"1896"
"4102208";"Atalaia (PR)";"3980";"3361";"619"
"4102307";"Balsa Nova (PR)";"13395";"7353";"6042"
"4102406";"Bandeirantes (PR)";"31273";"28776";"2497"
"4102505";"Barbosa Ferraz (PR)";"10795";"8756";"2039"
"4102604";"Barracão (PR)";"9759";"7318";"2441"
"4102703";"Barra do Jacaré (PR)";"2814";"2104";"710"
"4102752";"Bela Vista da Caroba (PR)";"4031";"1536";"2495"
"4102802";"Bela Vista do Paraíso (PR)";"14833";"14156";"677"
"4102901";"Bituruna (PR)";"15533";"10204";"5329"
"4103008";"Boa Esperança (PR)";"4558";"4000";"558"
"4103024";"Boa Esperança do Iguaçu (PR)";"2455";"1080";"1375"
"4103040";"Boa Ventura de São Roque (PR)";"6378";"2003";"4375"
"4103057";"Boa Vista da Aparecida (PR)";"7924";"5487";"2437"
"4103107";"Bocaiúva do Sul (PR)";"13299";"7670";"5629"
"4103156";"Bom Jesus do Sul (PR)";"3980";"1496";"2484"
"4103206";"Bom Sucesso (PR)";"6581";"5786";"795"
"4103222";"Bom Sucesso do Sul (PR)";"3202";"1738";"1464"
"4103305";"Borrazópolis (PR)";"7735";"6587";"1148"
"4103354";"Braganey (PR)";"4854";"3299";"1555"
"4103370";"Brasilândia do Sul (PR)";"3708";"3249";"459"
"4103404";"Cafeara (PR)";"2627";"2177";"450"
"4103453";"Cafelândia (PR)";"18997";"17160";"1837"
"4103479";"Cafezal do Sul (PR)";"4473";"3686";"787"
"4103503";"Califórnia (PR)";"8710";"7442";"1268"
"4103602";"Cambará (PR)";"23212";"22067";"1145"
"4103701";"Cambé (PR)";"107208";"104725";"2483"
"4103800";"Cambira (PR)";"9460";"8201";"1259"
"4103909";"Campina da Lagoa (PR)";"15723";"13772";"1951"
"4103958";"Campina do Simão (PR)";"3936";"1546";"2390"
"4104006";"Campina Grande do Sul (PR)";"47825";"41669";"6156"
"4104055";"Campo Bonito (PR)";"4027";"2482";"1545"
"4104105";"Campo do Tenente (PR)";"7508";"4852";"2656"
"4104204";"Campo Largo (PR)";"136327";"121533";"14794"
"4104253";"Campo Magro (PR)";"30160";"25656";"4504"
"4104303";"Campo Mourão (PR)";"99432";"96246";"3186"
"4104402";"Cândido de Abreu (PR)";"15244";"5542";"9702"
"4104428";"Candói (PR)";"14973";"8323";"6650"
"4104451";"Cantagalo (PR)";"10933";"8231";"2702"
"4104501";"Capanema (PR)";"20481";"14625";"5856"
"4104600";"Capitão Leônidas Marques (PR)";"14648";"11943";"2705"
"4104659";"Carambeí (PR)";"23283";"18659";"4624"
"4104709";"Carlópolis (PR)";"16905";"12296";"4609"
"4104808";"Cascavel (PR)";"348051";"334139";"13912"
"4104907";"Castro (PR)";"73075";"57067";"16008"
"4105003";"Catanduvas (PR)";"10446";"6367";"4079"
"4105102";"Centenário do Sul (PR)";"10832";"9284";"1548"
"4105201";"Cerro Azul (PR)";"16134";"6333";"9801"
"4105300";"Céu Azul (PR)";"11087";"8986";"2101"
"4105409";"Chopinzinho (PR)";"21085";"14821";"6264"
"4105508";"Cianorte (PR)";"79527";"72880";"6647"
"4105607";"Cidade Gaúcha (PR)";"11467";"10901";"566"
"4105706";"Clevelândia (PR)";"15070";"13521";"1549"
"4105805";"Colombo (PR)";"232212";"221242";"10970"
"4105904";"Colorado (PR)";"22896";"21301";"1595"
"4106001";"Congonhinhas (PR)";"8320";"5200";"3120"
"4106100";"Conselheiro Mairinck (PR)";"3461";"2404";"1057"
"4106209";"Contenda (PR)";"19128";"12357";"6771"
"4106308";"Corbélia (PR)";"17470";"15339";"2131"
"4106407";"Cornélio Procópio (PR)";"45206";"43495";"1711"
"4106456";"Coronel Domingos Soares (PR)";"5649";"2027";"3622"
"4106506";"Coronel Vivida (PR)";"23331";"17752";"5579"
"4106555";"Corumbataí do Sul (PR)";"3760";"2488";"1272"
"4106571";"Cruzeiro do Iguaçu (PR)";"4133";"2728";"1405"
"4106605";"Cruzeiro do Oeste (PR)";"23831";"21348";"2483"
"4106704";"Cruzeiro do Sul (PR)";"4494";"3637";"857"
"4106803";"Cruz Machado (PR)";"15978";"5724";"10254"
"4106852";"Cruzmaltina (PR)";"2892";"1707";"1185"
"4106902";"Curitiba (PR)";"1773718";"1773718";"-"
"4107009";"Curiúva (PR)";"13647";"10366";"3281"
"4107108";"Diamante do Norte (PR)";"5142";"4262";"880"
"4107124";"Diamante do Sul (PR)";"3171";"1416";"1755"
"4107157";"Diamante D'Oeste (PR)";"4557";"2414";"2143"
"4107207";"Dois Vizinhos (PR)";"44869";"36317";"8552"
"4107256";"Douradina (PR)";"9161";"7348";"1813"
"4107306";"Doutor Camargo (PR)";"6327";"5719";"608"
"4107405";"Enéas Marques (PR)";"5999";"2199";"3800"
"4107504";"Engenheiro Beltrão (PR)";"12454";"11316";"1138"
"4107520";"Esperança Nova (PR)";"1849";"1191";"658"
"4107538";"Entre Rios do Oeste (PR)";"4575";"3362";"1213"
"4107546";"Espigão Alto do Iguaçu (PR)";"4797";"2274";"2523"
"4107553";"Farol (PR)";"3039";"2126";"913"
"4107603";"Faxinal (PR)";"16389";"14566";"1823"
"4107652";"Fazenda Rio Grande (PR)";"148873";"146644";"2229"
"4107702";"Fênix (PR)";"4492";"3967";"525"
"4107736";"Fernandes Pinheiro (PR)";"6255";"2858";"3397"
"4107751";"Figueira (PR)";"8062";"6849";"1213"
"4107801";"Floraí (PR)";"4792";"4520";"272"
"4107850";"Flor da Serra do Sul (PR)";"4364";"2065";"2299"
"4107900";"Floresta (PR)";"10458";"10200";"258"
"4108007";"Florestópolis (PR)";"11446";"10740";"706"
"4108106";"Flórida (PR)";"2652";"2438";"214"
"4108205";"Formosa do Oeste (PR)";"7635";"5574";"2061"
"4108304";"Foz do Iguaçu (PR)";"285415";"283803";"1612"
"4108320";"Francisco Alves (PR)";"8116";"6775";"1341"
"4108403";"Francisco Beltrão (PR)";"96666";"84539";"12127"
"4108452";"Foz do Jordão (PR)";"4926";"3715";"1211"
"4108502";"General Carneiro (PR)";"11062";"8491";"2571"
"4108551";"Godoy Moreira (PR)";"2977";"1598";"1379"
"4108601";"Goioerê (PR)";"28437";"26358";"2079"
"4108650";"Goioxim (PR)";"6566";"2472";"4094"
"4108700";"Grandes Rios (PR)";"5641";"3420";"2221"
"4108809";"Guaíra (PR)";"32097";"28692";"3405"
"4108908";"Guairaçá (PR)";"6587";"5593";"994"
"4108957";"Guamiranga (PR)";"7856";"2477";"5379"
"4109005";"Guapirama (PR)";"4626";"3593";"1033"
"4109104";"Guaporema (PR)";"2191";"1767";"424"
"4109203";"Guaraci (PR)";"4748";"3906";"842"
"4109302";"Guaraniaçu (PR)";"13735";"8083";"5652"
"4109401";"Guarapuava (PR)";"182093";"169606";"12487"
"4109500";"Guaraqueçaba (PR)";"7430";"2744";"4686"
"4109609";"Guaratuba (PR)";"42062";"38549";"3513"
"4109658";"Honório Serpa (PR)";"4941";"2282";"2659"
"4109708";"Ibaiti (PR)";"28830";"23530";"5300"
"4109757";"Ibema (PR)";"6218";"5213";"1005"
"4109807";"Ibiporã (PR)";"51603";"50639";"964"
"4109906";"Icaraíma (PR)";"8991";"7117";"1874"
"4110003";"Iguaraçu (PR)";"5338";"4859";"479"
"4110052";"Iguatu (PR)";"2144";"1542";"602"
"4110078";"Imbaú (PR)";"14249";"9553";"4696"
"4110102";"Imbituva (PR)";"29924";"21815";"8109"
"4110201";"Inácio Martins (PR)";"9670";"6145";"3525"
"4110300";"Inajá (PR)";"2536";"2395";"141"
"4110409";"Indianópolis (PR)";"4448";"3656";"792"
"4110508";"Ipiranga (PR)";"14142";"5185";"8957"
"4110607";"Iporã (PR)";"15746";"13444";"2302"
"4110656";"Iracema do Oeste (PR)";"2343";"1942";"401"
"4110706";"Irati (PR)";"59250";"48845";"10405"
"4110805";"Iretama (PR)";"10684";"6882";"3802"
"4110904";"Itaguajé (PR)";"4481";"3505";"976"
"4110953";"Itaipulândia (PR)";"11485";"8117";"3368"
"4111001";"Itambaracá (PR)";"5908";"5016";"892"
"4111100";"Itambé (PR)";"6111";"5816";"295"
"4111209";"Itapejara d'Oeste (PR)";"12344";"9117";"3227"
"4111258";"Itaperuçu (PR)";"31217";"25910";"5307"
"4111308";"Itaúna do Sul (PR)";"3572";"2922";"650"
"4111407";"Ivaí (PR)";"13229";"6552";"6677"
"4111506";"Ivaiporã (PR)";"32720";"29574";"3146"
"4111555";"Ivaté (PR)";"6831";"5673";"1158"
"4111605";"Ivatuba (PR)";"2708";"2326";"382"
"4111704";"Jaboti (PR)";"5427";"3523";"1904"
"4111803";"Jacarezinho (PR)";"40375";"37680";"2695"
"4111902";"Jaguapitã (PR)";"15122";"13949";"1173"
"4112009";"Jaguariaíva (PR)";"35141";"31310";"3831"
"4112108";"Jandaia do Sul (PR)";"21408";"19785";"1623"
"4112207";"Janiópolis (PR)";"5870";"3996";"1874"
"4112306";"Japira (PR)";"4972";"2991";"1981"
"4112405";"Japurá (PR)";"9144";"8537";"607"
"4112504";"Jardim Alegre (PR)";"12004";"8132";"3872"
"4112603";"Jardim Olinda (PR)";"1343";"930";"413"
"4112702";"Jataizinho (PR)";"11813";"11071";"742"
"4112751";"Jesuítas (PR)";"10506";"8464";"2042"
"4112801";"Joaquim Távora (PR)";"11945";"9433";"2512"
"4112900";"Jundiaí do Sul (PR)";"3333";"2097";"1236"
"4112959";"Juranda (PR)";"7771";"6501";"1270"
"4113007";"Jussara (PR)";"6690";"6155";"535"
"4113106";"Kaloré (PR)";"4582";"3517";"1065"
"4113205";"Lapa (PR)";"45003";"27464";"17539"
"4113254";"Laranjal (PR)";"5600";"2334";"3266"
"4113304";"Laranjeiras do Sul (PR)";"32227";"27183";"5044"
"4113403";"Leópolis (PR)";"3752";"2477";"1275"
"4113429";"Lidianópolis (PR)";"3938";"2744";"1194"
"4113452";"Lindoeste (PR)";"5175";"3208";"1967"
"4113502";"Loanda (PR)";"23225";"21552";"1673"
"4113601";"Lobato (PR)";"4601";"4248";"353"
"4113700";"Londrina (PR)";"555965";"540361";"15604"
"4113734";"Luiziana (PR)";"6690";"4983";"1707"
"4113759";"Lunardelli (PR)";"4872";"3826";"1046"
"4113809";"Lupionópolis (PR)";"4813";"4496";"317"
"4113908";"Mallet (PR)";"13428";"8165";"5263"
"4114005";"Mamborê (PR)";"13452";"10870";"2582"
"4114104";"Mandaguaçu (PR)";"31457";"30168";"1289"
"4114203";"Mandaguari (PR)";"36716";"35039";"1677"
"4114302";"Mandirituba (PR)";"27439";"12422";"15017"
"4114351";"Manfrinópolis (PR)";"2770";"803";"1967"
"4114401";"Mangueirinha (PR)";"16603";"9963";"6640"
"4114500";"Manoel Ribas (PR)";"14240";"8349";"5891"
"4114609";"Marechal Cândido Rondon (PR)";"55836";"48064";"7772"
"4114708";"Maria Helena (PR)";"5865";"4308";"1557"
"4114807";"Marialva (PR)";"41851";"36417";"5434"
"4114906";"Marilândia do Sul (PR)";"8677";"6910";"1767"
"4115002";"Marilena (PR)";"7253";"5770";"1483"
"4115101";"Mariluz (PR)";"9847";"8457";"1390"
"4115200";"Maringá (PR)";"409657";"407192";"2465"
"4115309";"Mariópolis (PR)";"6371";"4674";"1697"
"4115358";"Maripá (PR)";"6555";"4359";"2196"
"4115408";"Marmeleiro (PR)";"15901";"11278";"4623"
"4115457";"Marquinho (PR)";"4504";"1478";"3026"
"4115507";"Marumbi (PR)";"4699";"4230";"469"
"4115606";"Matelândia (PR)";"18450";"14254";"4196"
"4115705";"Matinhos (PR)";"39259";"38919";"340"
"4115739";"Mato Rico (PR)";"3267";"918";"2349"
"4115754";"Mauá da Serra (PR)";"9383";"8221";"1162"
"4115804";"Medianeira (PR)";"54369";"49790";"4579"
"4115853";"Mercedes (PR)";"5931";"3449";"2482"
"4115903";"Mirador (PR)";"2238";"1495";"743"
"4116000";"Miraselva (PR)";"1966";"1670";"296"
"4116059";"Missal (PR)";"11064";"6782";"4282"
"4116109";"Moreira Sales (PR)";"11175";"9593";"1582"
"4116208";"Morretes (PR)";"18309";"10309";"8000"
"4116307";"Munhoz de Melo (PR)";"3951";"3337";"614"
"4116406";"Nossa Senhora das Graças (PR)";"3669";"3097";"572"
"4116505";"Nova Aliança do Ivaí (PR)";"1323";"967";"356"
"4116604";"Nova América da Colina (PR)";"3280";"2656";"624"
"4116703";"Nova Aurora (PR)";"13765";"11191";"2574"
"4116802";"Nova Cantu (PR)";"6790";"4499";"2291"
"4116901";"Nova Esperança (PR)";"26585";"24725";"1860"
"4116950";"Nova Esperança do Sudoeste (PR)";"5597";"2212";"3385"
"4117008";"Nova Fátima (PR)";"7225";"6452";"773"
"4117057";"Nova Laranjeiras (PR)";"12074";"3058";"9016"
"4117107";"Nova Londrina (PR)";"12923";"11922";"1001"
"4117206";"Nova Olímpia (PR)";"5833";"5314";"519"
"4117214";"Nova Santa Bárbara (PR)";"4184";"3695";"489"
"4117222";"Nova Santa Rosa (PR)";"8322";"6437";"1885"
"4117255";"Nova Prata do Iguaçu (PR)";"12699";"8373";"4326"
"4117271";"Nova Tebas (PR)";"6848";"3019";"3829"
"4117297";"Novo Itacolomi (PR)";"3125";"2111";"1014"
"4117305";"Ortigueira (PR)";"24192";"13060";"11132"
"4117404";"Ourizona (PR)";"3187";"3021";"166"
"4117453";"Ouro Verde do Oeste (PR)";"6785";"5051";"1734"
"4117503";"Paiçandu (PR)";"45962";"45402";"560"
"4117602";"Palmas (PR)";"48247";"43478";"4769"
"4117701";"Palmeira (PR)";"33855";"21843";"12012"
"4117800";"Palmital (PR)";"13033";"7416";"5617"
"4117909";"Palotina (PR)";"35011";"32010";"3001"
"4118006";"Paraíso do Norte (PR)";"13245";"12239";"1006"
"4118105";"Paranacity (PR)";"9557";"9010";"547"
"4118204";"Paranaguá (PR)";"145829";"139579";"6250"
"4118303";"Paranapoema (PR)";"2398";"2202";"196"
"4118402";"Paranavaí (PR)";"92001";"88878";"3123"
"4118451";"Pato Bragado (PR)";"5733";"4076";"1657"
"4118501";"Pato Branco (PR)";"91836";"87304";"4532"
"4118600";"Paula Freitas (PR)";"5666";"2656";"3010"
"4118709";"Paulo Frontin (PR)";"6343";"2241";"4102"
"4118808";"Peabiru (PR)";"13346";"11880";"1466"
"4118857";"Perobal (PR)";"7189";"5784";"1405"
"4118907";"Pérola (PR)";"11878";"10525";"1353"
"4119004";"Pérola d'Oeste (PR)";"6221";"3576";"2645"
"4119103";"Piên (PR)";"13655";"6068";"7587"
"4119152";"Pinhais (PR)";"127019";"127019";"-"
"4119202";"Pinhalão (PR)";"6566";"4323";"2243"
"4119251";"Pinhal de São Bento (PR)";"2761";"1267";"1494"
"4119301";"Pinhão (PR)";"29886";"18678";"11208"
"4119400";"Piraí do Sul (PR)";"23651";"17694";"5957"
"4119509";"Piraquara (PR)";"118730";"108665";"10065"
"4119608";"Pitanga (PR)";"33567";"22995";"10572"
"4119657";"Pitangueiras (PR)";"3046";"2632";"414"
"4119707";"Planaltina do Paraná (PR)";"4070";"2869";"1201"
"4119806";"Planalto (PR)";"14374";"7770";"6604"
"4119905";"Ponta Grossa (PR)";"358371";"352053";"6318"
"4119954";"Pontal do Paraná (PR)";"30425";"29965";"460"
"4120002";"Porecatu (PR)";"11624";"11045";"579"
"4120101";"Porto Amazonas (PR)";"4098";"3546";"552"
"4120150";"Porto Barreiro (PR)";"3110";"941";"2169"
"4120200";"Porto Rico (PR)";"3182";"2537";"645"
"4120309";"Porto Vitória (PR)";"3562";"1997";"1565"
"4120333";"Prado Ferreira (PR)";"3709";"3496";"213"
"4120358";"Pranchita (PR)";"5737";"4207";"1530"
"4120408";"Presidente Castelo Branco (PR)";"4336";"4044";"292"
"4120507";"Primeiro de Maio (PR)";"10082";"9162";"920"
"4120606";"Prudentópolis (PR)";"49393";"27005";"22388"
"4120655";"Quarto Centenário (PR)";"4201";"2839";"1362"
"4120705";"Quatiguá (PR)";"8099";"7553";"546"
"4120804";"Quatro Barras (PR)";"24191";"21748";"2443"
"4120853";"Quatro Pontes (PR)";"4480";"3066";"1414"
"4120903";"Quedas do Iguaçu (PR)";"30738";"21692";"9046"
"4121000";"Querência do Norte (PR)";"10685";"7302";"3383"
"4121109";"Quinta do Sol (PR)";"5001";"3758";"1243"
"4121208";"Quitandinha (PR)";"18398";"5358";"13040"
"4121257";"Ramilândia (PR)";"4221";"2494";"1727"
"4121307";"Rancho Alegre (PR)";"3512";"3149";"363"
"4121356";"Rancho Alegre D'Oeste (PR)";"2618";"2282";"336"
"4121406";"Realeza (PR)";"19247";"15382";"3865"
"4121505";"Rebouças (PR)";"14514";"8677";"5837"
"4121604";"Renascença (PR)";"6845";"4085";"2760"
"4121703";"Reserva (PR)";"24573";"16010";"8563"
"4121752";"Reserva do Iguaçu (PR)";"6553";"4011";"2542"
"4121802";"Ribeirão Claro (PR)";"12364";"8916";"3448"
"4121901";"Ribeirão do Pinhal (PR)";"13060";"11607";"1453"
"4122008";"Rio Azul (PR)";"14025";"5937";"8088"
"4122107";"Rio Bom (PR)";"3197";"2287";"910"
"4122156";"Rio Bonito do Iguaçu (PR)";"13929";"5098";"8831"
"4122172";"Rio Branco do Ivaí (PR)";"3808";"2037";"1771"
"4122206";"Rio Branco do Sul (PR)";"37558";"27151";"10407"
"4122305";"Rio Negro (PR)";"31324";"25735";"5589"
"4122404";"Rolândia (PR)";"71670";"69134";"2536"
"4122503";"Roncador (PR)";"11251";"7845";"3406"
"4122602";"Rondon (PR)";"9097";"7785";"1312"
"4122651";"Rosário do Ivaí (PR)";"5435";"2725";"2710"
"4122701";"Sabáudia (PR)";"8822";"7962";"860"
"4122800";"Salgado Filho (PR)";"4075";"2561";"1514"
"4122909";"Salto do Itararé (PR)";"5192";"4000";"1192"
"4123006";"Salto do Lontra (PR)";"15223";"9641";"5582"
"4123105";"Santa Amélia (PR)";"3394";"2556";"838"
"4123204";"Santa Cecília do Pavão (PR)";"3365";"2990";"375"
"4123303";"Santa Cruz de Monte Castelo (PR)";"8613";"6590";"2023"
"4123402";"Santa Fé (PR)";"11378";"10384";"994"
"4123501";"Santa Helena (PR)";"25492";"18081";"7411"
"4123600";"Santa Inês (PR)";"1748";"1100";"648"
"4123709";"Santa Isabel do Ivaí (PR)";"8912";"7736";"1176"
"4123808";"Santa Izabel do Oeste (PR)";"14070";"9109";"4961"
"4123824";"Santa Lúcia (PR)";"3644";"2501";"1143"
"4123857";"Santa Maria do Oeste (PR)";"9934";"3040";"6894"
"4123907";"Santa Mariana (PR)";"11066";"9535";"1531"
"4123956";"Santa Mônica (PR)";"3356";"2531";"825"
"4124004";"Santana do Itararé (PR)";"5514";"3960";"1554"
"4124020";"Santa Tereza do Oeste (PR)";"13174";"11886";"1288"
"4124053";"Santa Terezinha de Itaipu (PR)";"24262";"22005";"2257"
"4124103";"Santo Antônio da Platina (PR)";"44369";"39748";"4621"
"4124202";"Santo Antônio do Caiuá (PR)";"2493";"2060";"433"
"4124301";"Santo Antônio do Paraíso (PR)";"2125";"1774";"351"
"4124400";"Santo Antônio do Sudoeste (PR)";"23673";"17690";"5983"
"4124509";"Santo Inácio (PR)";"6181";"5461";"720"
"4124608";"São Carlos do Ivaí (PR)";"6587";"6371";"216"
"4124707";"São Jerônimo da Serra (PR)";"10830";"6151";"4679"
"4124806";"São João (PR)";"11886";"8865";"3021"
"4124905";"São João do Caiuá (PR)";"5586";"4947";"639"
"4125001";"São João do Ivaí (PR)";"10667";"9094";"1573"
"4125100";"São João do Triunfo (PR)";"13726";"4193";"9533"
"4125209";"São Jorge d'Oeste (PR)";"9378";"6217";"3161"
"4125308";"São Jorge do Ivaí (PR)";"5168";"4624";"544"
"4125357";"São Jorge do Patrocínio (PR)";"6504";"4922";"1582"
"4125407";"São José da Boa Vista (PR)";"6040";"3808";"2232"
"4125456";"São José das Palmeiras (PR)";"3957";"2557";"1400"
"4125506";"São José dos Pinhais (PR)";"329628";"309323";"20305"
"4125555";"São Manoel do Paraná (PR)";"2138";"1634";"504"
"4125605";"São Mateus do Sul (PR)";"42366";"25967";"16399"
"4125704";"São Miguel do Iguaçu (PR)";"29122";"21681";"7441"
"4125753";"São Pedro do Iguaçu (PR)";"5784";"3968";"1816"
"4125803";"São Pedro do Ivaí (PR)";"8690";"7820";"870"
"4125902";"São Pedro do Paraná (PR)";"2661";"1809";"852"
"4126009";"São Sebastião da Amoreira (PR)";"8063";"7293";"770"
"4126108";"São Tomé (PR)";"5232";"4744";"488"
"4126207";"Sapopema (PR)";"6695";"4126";"2569"
"4126256";"Sarandi (PR)";"118455";"117880";"575"
"4126272";"Saudade do Iguaçu (PR)";"6108";"3946";"2162"
"4126306";"Sengés (PR)";"17270";"14395";"2875"
"4126355";"Serranópolis do Iguaçu (PR)";"5007";"3106";"1901"
"4126405";"Sertaneja (PR)";"5616";"5087";"529"
"4126504";"Sertanópolis (PR)";"15930";"14986";"944"
"4126603";"Siqueira Campos (PR)";"22811";"18726";"4085"
"4126652";"Sulina (PR)";"3440";"1644";"1796"
"4126678";"Tamarana (PR)";"10707";"6480";"4227"
"4126702";"Tamboara (PR)";"4880";"4291";"589"
"4126801";"Tapejara (PR)";"15869";"14286";"1583"
"4126900";"Tapira (PR)";"5745";"3674";"2071"
"4127007";"Teixeira Soares (PR)";"9547";"5082";"4465"
"4127106";"Telêmaco Borba (PR)";"75042";"73723";"1319"
"4127205";"Terra Boa (PR)";"17568";"16233";"1335"
"4127304";"Terra Rica (PR)";"14842";"12586";"2256"
"4127403";"Terra Roxa (PR)";"18119";"14178";"3941"
"4127502";"Tibagi (PR)";"19961";"12555";"7406"
"4127601";"Tijucas do Sul (PR)";"17621";"9249";"8372"
"4127700";"Toledo (PR)";"150470";"138024";"12446"
"4127809";"Tomazina (PR)";"8426";"4284";"4142"
"4127858";"Três Barras do Paraná (PR)";"11135";"6762";"4373"
"4127882";"Tunas do Paraná (PR)";"6219";"4334";"1885"
"4127908";"Tuneiras do Oeste (PR)";"8067";"6143";"1924"
"4127957";"Tupãssi (PR)";"8077";"6770";"1307"
"4127965";"Turvo (PR)";"14231";"6832";"7399"
"4128005";"Ubiratã (PR)";"24749";"22295";"2454"
"4128104";"Umuarama (PR)";"117095";"111070";"6025"
"4128203";"União da Vitória (PR)";"55033";"51881";"3152"
"4128302";"Uniflor (PR)";"2136";"1836";"300"
"4128401";"Uraí (PR)";"10406";"9104";"1302"
"4128500";"Wenceslau Braz (PR)";"19188";"15777";"3411"
"4128534";"Ventania (PR)";"9681";"7121";"2560"
"4128559";"Vera Cruz do Oeste (PR)";"8215";"6310";"1905"
"4128609";"Verê (PR)";"7932";"4190";"3742"
"4128625";"Alto Paraíso (PR)";"3055";"1943";"1112"
"4128633";"Doutor Ulysses (PR)";"5697";"1644";"4053"
"4128658";"Virmond (PR)";"3811";"2285";"1526"
"4128708";"Vitorino (PR)";"9706";"7494";"2212"
"4128807";"Xambrê (PR)";"5798";"4230";"1568"
"4200051";"Abdon Batista (SC)";"2598";"1173";"1425"
"4200101";"Abelardo Luz (SC)";"17392";"11382";"6010"
"4200200";"Agrolândia (SC)";"10990";"8264";"2726"
"4200309";"Agronômica (SC)";"6055";"3591";"2464"
"4200408";"Água Doce (SC)";"6508";"3514";"2994"
"4200507";"Águas de Chapecó (SC)";"6036";"3583";"2453"
"4200556";"Águas Frias (SC)";"2839";"1305";"1534"
"4200606";"Águas Mornas (SC)";"6743";"3666";"3077"
"4200705";"Alfredo Wagner (SC)";"10481";"4019";"6462"
"4200754";"Alto Bela Vista (SC)";"1856";"662";"1194"
"4200804";"Anchieta (SC)";"5943";"3444";"2499"
"4200903";"Angelina (SC)";"5358";"1094";"4264"
"4201000";"Anita Garibaldi (SC)";"8285";"4755";"3530"
"4201109";"Anitápolis (SC)";"3593";"1436";"2157"
"4201208";"Antônio Carlos (SC)";"11224";"6385";"4839"
"4201257";"Apiúna (SC)";"9811";"4683";"5128"
"4201273";"Arabutã (SC)";"4378";"1843";"2535"
"4201307";"Araquari (SC)";"45283";"42366";"2917"
"4201406";"Araranguá (SC)";"71922";"66387";"5535"
"4201505";"Armazém (SC)";"8834";"5702";"3132"
"4201604";"Arroio Trinta (SC)";"3556";"2518";"1038"
"4201653";"Arvoredo (SC)";"2510";"904";"1606"
"4201703";"Ascurra (SC)";"8319";"7759";"560"
"4201802";"Atalanta (SC)";"3227";"1585";"1642"
"4201901";"Aurora (SC)";"6780";"2935";"3845"
"4201950";"Balneário Arroio do Silva (SC)";"15820";"15689";"131"
"4202008";"Balneário Camboriú (SC)";"139155";"139155";"-"
"4202057";"Balneário Barra do Sul (SC)";"14912";"14091";"821"
"4202073";"Balneário Gaivota (SC)";"15669";"14359";"1310"
"4202081";"Bandeirante (SC)";"3144";"1478";"1666"
"4202099";"Barra Bonita (SC)";"1668";"389";"1279"
"4202107";"Barra Velha (SC)";"45369";"43191";"2178"
"4202131";"Bela Vista do Toldo (SC)";"5872";"1277";"4595"
"4202156";"Belmonte (SC)";"2658";"1533";"1125"
"4202206";"Benedito Novo (SC)";"10520";"5842";"4678"
"4202305";"Biguaçu (SC)";"76773";"70811";"5962"
"4202404";"Blumenau (SC)";"361261";"351597";"9664"
"4202438";"Bocaina do Sul (SC)";"3515";"1283";"2232"
"4202453";"Bombinhas (SC)";"25058";"25053";"5"
"4202503";"Bom Jardim da Serra (SC)";"4026";"2253";"1773"
"4202537";"Bom Jesus (SC)";"2777";"1800";"977"
"4202578";"Bom Jesus do Oeste (SC)";"2187";"816";"1371"
"4202602";"Bom Retiro (SC)";"8418";"6223";"2195"
"4202701";"Botuverá (SC)";"5363";"1982";"3381"
"4202800";"Braço do Norte (SC)";"33773";"27778";"5995"
"4202859";"Braço do Trombudo (SC)";"4026";"2473";"1553"
"4202875";"Brunópolis (SC)";"2489";"979";"1510"
"4202909";"Brusque (SC)";"141385";"138926";"2459"
"4203006";"Caçador (SC)";"73720";"67465";"6255"
"4203105";"Caibi (SC)";"6304";"4172";"2132"
"4203154";"Calmon (SC)";"3443";"2297";"1146"
"4203204";"Camboriú (SC)";"103074";"99618";"3456"
"4203253";"Capão Alto (SC)";"2625";"1124";"1501"
"4203303";"Campo Alegre (SC)";"12501";"7280";"5221"
"4203402";"Campo Belo do Sul (SC)";"7257";"4727";"2530"
"4203501";"Campo Erê (SC)";"9623";"7676";"1947"
"4203600";"Campos Novos (SC)";"36932";"30970";"5962"
"4203709";"Canelinha (SC)";"12821";"9481";"3340"
"4203808";"Canoinhas (SC)";"55016";"43782";"11234"
"4203907";"Capinzal (SC)";"23314";"20340";"2974"
"4203956";"Capivari de Baixo (SC)";"23975";"23524";"451"
"4204004";"Catanduvas (SC)";"10566";"9401";"1165"
"4204103";"Caxambu do Sul (SC)";"4614";"2620";"1994"
"4204152";"Celso Ramos (SC)";"2805";"1235";"1570"
"4204178";"Cerro Negro (SC)";"3317";"1012";"2305"
"4204194";"Chapadão do Lageado (SC)";"2950";"608";"2342"
"4204202";"Chapecó (SC)";"254785";"242335";"12450"
"4204251";"Cocal do Sul (SC)";"17240";"15406";"1834"
"4204301";"Concórdia (SC)";"81646";"69164";"12482"
"4204350";"Cordilheira Alta (SC)";"4781";"2283";"2498"
"4204400";"Coronel Freitas (SC)";"10388";"6882";"3506"
"4204459";"Coronel Martins (SC)";"2065";"951";"1114"
"4204509";"Corupá (SC)";"15267";"12004";"3263"
"4204558";"Correia Pinto (SC)";"15727";"13558";"2169"
"4204608";"Criciúma (SC)";"214493";"209482";"5011"
"4204707";"Cunha Porã (SC)";"10953";"7277";"3676"
"4204756";"Cunhataí (SC)";"1968";"932";"1036"
"4204806";"Curitibanos (SC)";"40045";"37206";"2839"
"4204905";"Descanso (SC)";"8530";"4555";"3975"
"4205001";"Dionísio Cerqueira (SC)";"15008";"11509";"3499"
"4205100";"Dona Emma (SC)";"4221";"2306";"1915"
"4205159";"Doutor Pedrinho (SC)";"3637";"2382";"1255"
"4205175";"Entre Rios (SC)";"3402";"1090";"2312"
"4205191";"Ermo (SC)";"2269";"1247";"1022"
"4205209";"Erval Velho (SC)";"4885";"3462";"1423"
"4205308";"Faxinal dos Guedes (SC)";"11192";"9290";"1902"
"4205357";"Flor do Sertão (SC)";"1783";"481";"1302"
"4205407";"Florianópolis (SC)";"537211";"534827";"2384"
"4205431";"Formosa do Sul (SC)";"2682";"1441";"1241"
"4205456";"Forquilhinha (SC)";"31431";"28764";"2667"
"4205506";"Fraiburgo (SC)";"33481";"29437";"4044"
"4205555";"Frei Rogério (SC)";"2411";"916";"1495"
"4205605";"Galvão (SC)";"3210";"2259";"951"
"4205704";"Garopaba (SC)";"29959";"29060";"899"
"4205803";"Garuva (SC)";"18545";"14171";"4374"
"4205902";"Gaspar (SC)";"72570";"66940";"5630"
"4206009";"Governador Celso Ramos (SC)";"16915";"16414";"501"
"4206108";"Grão-Pará (SC)";"6277";"3194";"3083"
"4206207";"Gravatal (SC)";"12435";"5545";"6890"
"4206306";"Guabiruba (SC)";"24543";"23012";"1531"
"4206405";"Guaraciaba (SC)";"10796";"6203";"4593"
"4206504";"Guaramirim (SC)";"46711";"43891";"2820"
"4206603";"Guarujá do Sul (SC)";"4829";"3485";"1344"
"4206652";"Guatambú (SC)";"8425";"4593";"3832"
"4206702";"Herval d'Oeste (SC)";"21724";"19409";"2315"
"4206751";"Ibiam (SC)";"2008";"724";"1284"
"4206801";"Ibicaré (SC)";"3269";"1519";"1750"
"4206900";"Ibirama (SC)";"19862";"17710";"2152"
"4207007";"Içara (SC)";"59035";"52560";"6475"
"4207106";"Ilhota (SC)";"17046";"11532";"5514"
"4207205";"Imaruí (SC)";"11881";"3929";"7952"
"4207304";"Imbituba (SC)";"52579";"51388";"1191"
"4207403";"Imbuia (SC)";"5982";"2574";"3408"
"4207502";"Indaial (SC)";"71549";"69190";"2359"
"4207577";"Iomerê (SC)";"2877";"1187";"1690"
"4207601";"Ipira (SC)";"4578";"2785";"1793"
"4207650";"Iporã do Oeste (SC)";"9335";"5346";"3989"
"4207684";"Ipuaçu (SC)";"7730";"2137";"5593"
"4207700";"Ipumirim (SC)";"7816";"4186";"3630"
"4207759";"Iraceminha (SC)";"3986";"1585";"2401"
"4207809";"Irani (SC)";"10195";"7779";"2416"
"4207858";"Irati (SC)";"2069";"850";"1219"
"4207908";"Irineópolis (SC)";"10285";"4000";"6285"
"4208005";"Itá (SC)";"7067";"4860";"2207"
"4208104";"Itaiópolis (SC)";"22051";"13057";"8994"
"4208203";"Itajaí (SC)";"264054";"255583";"8471"
"4208302";"Itapema (SC)";"75940";"74903";"1037"
"4208401";"Itapiranga (SC)";"16638";"9483";"7155"
"4208450";"Itapoá (SC)";"30750";"29714";"1036"
"4208500";"Ituporanga (SC)";"26525";"18659";"7866"
"4208609";"Jaborá (SC)";"4310";"2228";"2082"
"4208708";"Jacinto Machado (SC)";"10624";"6263";"4361"
"4208807";"Jaguaruna (SC)";"20375";"16869";"3506"
"4208906";"Jaraguá do Sul (SC)";"182660";"171556";"11104"
"4208955";"Jardinópolis (SC)";"1776";"1068";"708"
"4209003";"Joaçaba (SC)";"30146";"28159";"1987"
"4209102";"Joinville (SC)";"616317";"597288";"19029"
"4209151";"José Boiteux (SC)";"5985";"2317";"3668"
"4209177";"Jupiá (SC)";"2555";"1491";"1064"
"4209201";"Lacerdópolis (SC)";"2248";"1236";"1012"
"4209300";"Lages (SC)";"164981";"161249";"3732"
"4209409";"Laguna (SC)";"42785";"40802";"1983"
"4209458";"Lajeado Grande (SC)";"1702";"858";"844"
"4209508";"Laurentino (SC)";"7932";"6149";"1783"
"4209607";"Lauro Müller (SC)";"14381";"11640";"2741"
"4209706";"Lebon Régis (SC)";"11472";"7848";"3624"
"4209805";"Leoberto Leal (SC)";"3330";"971";"2359"
"4209854";"Lindóia do Sul (SC)";"4549";"2467";"2082"
"4209904";"Lontras (SC)";"12873";"9982";"2891"
"4210001";"Luiz Alves (SC)";"11684";"5567";"6117"
"4210035";"Luzerna (SC)";"5794";"4165";"1629"
"4210050";"Macieira (SC)";"1778";"727";"1051"
"4210100";"Mafra (SC)";"55286";"44562";"10724"
"4210209";"Major Gercino (SC)";"3214";"1103";"2111"
"4210308";"Major Vieira (SC)";"7425";"3135";"4290"
"4210407";"Maracajá (SC)";"7815";"6399";"1416"
"4210506";"Maravilha (SC)";"28251";"23682";"4569"
"4210555";"Marema (SC)";"2184";"881";"1303"
"4210605";"Massaranduba (SC)";"17162";"9470";"7692"
"4210704";"Matos Costa (SC)";"2761";"1494";"1267"
"4210803";"Meleiro (SC)";"7006";"4323";"2683"
"4210852";"Mirim Doce (SC)";"2511";"1164";"1347"
"4210902";"Modelo (SC)";"4080";"2771";"1309"
"4211009";"Mondaí (SC)";"10066";"6905";"3161"
"4211058";"Monte Carlo (SC)";"9117";"8444";"673"
"4211108";"Monte Castelo (SC)";"7736";"4512";"3224"
"4211207";"Morro da Fumaça (SC)";"18537";"16297";"2240"
"4211256";"Morro Grande (SC)";"3010";"1367";"1643"
"4211306";"Navegantes (SC)";"86401";"82872";"3529"
"4211405";"Nova Erechim (SC)";"5155";"3919";"1236"
"4211454";"Nova Itaberaba (SC)";"4536";"1912";"2624"
"4211504";"Nova Trento (SC)";"13727";"10453";"3274"
"4211603";"Nova Veneza (SC)";"13664";"10906";"2758"
"4211652";"Novo Horizonte (SC)";"2643";"1306";"1337"
"4211702";"Orleans (SC)";"23661";"18823";"4838"
"4211751";"Otacílio Costa (SC)";"17312";"15983";"1329"
"4211801";"Ouro (SC)";"7032";"4907";"2125"
"4211850";"Ouro Verde (SC)";"2181";"1058";"1123"
"4211876";"Paial (SC)";"1927";"512";"1415"
"4211892";"Painel (SC)";"2215";"1041";"1174"
"4211900";"Palhoça (SC)";"222598";"219912";"2686"
"4212007";"Palma Sola (SC)";"7605";"5788";"1817"
"4212056";"Palmeira (SC)";"2561";"1201";"1360"
"4212106";"Palmitos (SC)";"15626";"10693";"4933"
"4212205";"Papanduva (SC)";"19150";"13016";"6134"
"4212239";"Paraíso (SC)";"4267";"1831";"2436"
"4212254";"Passo de Torres (SC)";"12897";"12261";"636"
"4212270";"Passos Maia (SC)";"4034";"1542";"2492"
"4212304";"Paulo Lopes (SC)";"9063";"7380";"1683"
"4212403";"Pedras Grandes (SC)";"4245";"1262";"2983"
"4212502";"Penha (SC)";"33663";"33605";"58"
"4212601";"Peritiba (SC)";"2992";"1716";"1276"
"4212650";"Pescaria Brava (SC)";"10190";"8293";"1897"
"4212700";"Petrolândia (SC)";"6716";"2841";"3875"
"4212809";"Balneário Piçarras (SC)";"27127";"24888";"2239"
"4212908";"Pinhalzinho (SC)";"21972";"19307";"2665"
"4213005";"Pinheiro Preto (SC)";"3473";"2213";"1260"
"4213104";"Piratuba (SC)";"5769";"3792";"1977"
"4213153";"Planalto Alegre (SC)";"2946";"1711";"1235"
"4213203";"Pomerode (SC)";"34289";"29923";"4366"
"4213302";"Ponte Alta (SC)";"4437";"3396";"1041"
"4213351";"Ponte Alta do Norte (SC)";"3210";"2849";"361"
"4213401";"Ponte Serrada (SC)";"10649";"9274";"1375"
"4213500";"Porto Belo (SC)";"27688";"26010";"1678"
"4213609";"Porto União (SC)";"32970";"28648";"4322"
"4213708";"Pouso Redondo (SC)";"17123";"11135";"5988"
"4213807";"Praia Grande (SC)";"8270";"6028";"2242"
"4213906";"Presidente Castello Branco (SC)";"1689";"662";"1027"
"4214003";"Presidente Getúlio (SC)";"20010";"15599";"4411"
"4214102";"Presidente Nereu (SC)";"2301";"1079";"1222"
"4214151";"Princesa (SC)";"2964";"1247";"1717"
"4214201";"Quilombo (SC)";"11022";"7466";"3556"
"4214300";"Rancho Queimado (SC)";"3279";"1364";"1915"
"4214409";"Rio das Antas (SC)";"6253";"3133";"3120"
"4214508";"Rio do Campo (SC)";"6452";"3129";"3323"
"4214607";"Rio do Oeste (SC)";"7747";"4633";"3114"
"4214706";"Rio dos Cedros (SC)";"10865";"6371";"4494"
"4214805";"Rio do Sul (SC)";"72587";"67639";"4948"
"4214904";"Rio Fortuna (SC)";"4847";"2241";"2606"
"4215000";"Rio Negrinho (SC)";"39261";"35092";"4169"
"4215059";"Rio Rufino (SC)";"2397";"1033";"1364"
"4215075";"Riqueza (SC)";"4768";"2662";"2106"
"4215109";"Rodeio (SC)";"12757";"10491";"2266"
"4215208";"Romelândia (SC)";"4823";"2082";"2741"
"4215307";"Salete (SC)";"7489";"5058";"2431"
"4215356";"Saltinho (SC)";"3632";"1702";"1930"
"4215406";"Salto Veloso (SC)";"4390";"3621";"769"
"4215455";"Sangão (SC)";"12882";"7298";"5584"
"4215505";"Santa Cecília (SC)";"15546";"13736";"1810"
"4215554";"Santa Helena (SC)";"2425";"1291";"1134"
"4215604";"Santa Rosa de Lima (SC)";"2088";"579";"1509"
"4215653";"Santa Rosa do Sul (SC)";"9792";"5258";"4534"
"4215679";"Santa Terezinha (SC)";"8066";"1917";"6149"
"4215687";"Santa Terezinha do Progresso (SC)";"2576";"847";"1729"
"4215695";"Santiago do Sul (SC)";"1651";"941";"710"
"4215703";"Santo Amaro da Imperatriz (SC)";"27272";"24556";"2716"
"4215752";"São Bernardino (SC)";"2684";"1185";"1499"
"4215802";"São Bento do Sul (SC)";"83277";"78582";"4695"
"4215901";"São Bonifácio (SC)";"2946";"657";"2289"
"4216008";"São Carlos (SC)";"10282";"7336";"2946"
"4216057";"São Cristóvão do Sul (SC)";"6084";"3758";"2326"
"4216107";"São Domingos (SC)";"9226";"6649";"2577"
"4216206";"São Francisco do Sul (SC)";"52674";"49089";"3585"
"4216255";"São João do Oeste (SC)";"6295";"2775";"3520"
"4216305";"São João Batista (SC)";"32687";"30184";"2503"
"4216354";"São João do Itaperiú (SC)";"4463";"2465";"1998"
"4216404";"São João do Sul (SC)";"8668";"3351";"5317"
"4216503";"São Joaquim (SC)";"25939";"18521";"7418"
"4216602";"São José (SC)";"270299";"269449";"850"
"4216701";"São José do Cedro (SC)";"14167";"9739";"4428"
"4216800";"São José do Cerrito (SC)";"8708";"2940";"5768"
"4216909";"São Lourenço do Oeste (SC)";"24791";"20356";"4435"
"4217006";"São Ludgero (SC)";"13509";"11057";"2452"
"4217105";"São Martinho (SC)";"3405";"1290";"2115"
"4217154";"São Miguel da Boa Vista (SC)";"1781";"559";"1222"
"4217204";"São Miguel do Oeste (SC)";"44330";"39628";"4702"
"4217253";"São Pedro de Alcântara (SC)";"5776";"4225";"1551"
"4217303";"Saudades (SC)";"10265";"6523";"3742"
"4217402";"Schroeder (SC)";"20061";"18235";"1826"
"4217501";"Seara (SC)";"18620";"14005";"4615"
"4217550";"Serra Alta (SC)";"3303";"2139";"1164"
"4217600";"Siderópolis (SC)";"13714";"10884";"2830"
"4217709";"Sombrio (SC)";"29991";"25894";"4097"
"4217758";"Sul Brasil (SC)";"2832";"1206";"1626"
"4217808";"Taió (SC)";"18310";"12079";"6231"
"4217907";"Tangará (SC)";"8143";"5080";"3063"
"4217956";"Tigrinhos (SC)";"2329";"976";"1353"
"4218004";"Tijucas (SC)";"51592";"47463";"4129"
"4218103";"Timbé do Sul (SC)";"5386";"2678";"2708"
"4218202";"Timbó (SC)";"46099";"42977";"3122"
"4218251";"Timbó Grande (SC)";"7342";"4432";"2910"
"4218301";"Três Barras (SC)";"19746";"16961";"2785"
"4218350";"Treviso (SC)";"3782";"2047";"1735"
"4218400";"Treze de Maio (SC)";"7362";"3981";"3381"
"4218509";"Treze Tílias (SC)";"8787";"6976";"1811"
"4218608";"Trombudo Central (SC)";"7274";"5049";"2225"
"4218707";"Tubarão (SC)";"110088";"103793";"6295"
"4218756";"Tunápolis (SC)";"4916";"1726";"3190"
"4218806";"Turvo (SC)";"13043";"9333";"3710"
"4218855";"União do Oeste (SC)";"2774";"1469";"1305"
"4218905";"Urubici (SC)";"10834";"7914";"2920"
"4218954";"Urupema (SC)";"2656";"1291";"1365"
"4219002";"Urussanga (SC)";"20919";"15060";"5859"
"4219101";"Vargeão (SC)";"3634";"2247";"1387"
"4219150";"Vargem (SC)";"2627";"1042";"1585"
"4219176";"Vargem Bonita (SC)";"4576";"2656";"1920"
"4219200";"Vidal Ramos (SC)";"6189";"2628";"3561"
"4219309";"Videira (SC)";"55466";"51209";"4257"
"4219358";"Vitor Meireles (SC)";"5370";"1714";"3656"
"4219408";"Witmarsum (SC)";"4255";"1713";"2542"
"4219507";"Xanxerê (SC)";"51607";"48543";"3064"
"4219606";"Xavantina (SC)";"3653";"1212";"2441"
"4219705";"Xaxim (SC)";"31918";"27883";"4035"
"4219853";"Zortéa (SC)";"3930";"3500";"430"
"4220000";"Balneário Rincão (SC)";"15981";"15748";"233"
"4300034";"Aceguá (RS)";"4170";"1531";"2639"
"4300059";"Água Santa (RS)";"3912";"1703";"2209"
"4300109";"Agudo (RS)";"16041";"8192";"7849"
"4300208";"Ajuricaba (RS)";"6720";"4312";"2408"
"4300307";"Alecrim (RS)";"6123";"2522";"3601"
"4300406";"Alegrete (RS)";"72409";"65603";"6806"
"4300455";"Alegria (RS)";"3651";"1701";"1950"
"4300471";"Almirante Tamandaré do Sul (RS)";"1969";"1017";"952"
"4300505";"Alpestre (RS)";"7117";"2575";"4542"
"4300554";"Alto Alegre (RS)";"1800";"877";"923"
"4300570";"Alto Feliz (RS)";"3072";"1110";"1962"
"4300604";"Alvorada (RS)";"187315";"187315";"-"
"4300638";"Amaral Ferrador (RS)";"5310";"1713";"3597"
"4300646";"Ametista do Sul (RS)";"7650";"4813";"2837"
"4300661";"André da Rocha (RS)";"1135";"571";"564"
"4300703";"Anta Gorda (RS)";"5957";"2916";"3041"
"4300802";"Antônio Prado (RS)";"13045";"9580";"3465"
"4300851";"Arambaré (RS)";"4112";"3271";"841"
"4300877";"Araricá (RS)";"8525";"6852";"1673"
"4300901";"Aratiba (RS)";"6483";"3865";"2618"
"4301008";"Arroio do Meio (RS)";"21958";"18105";"3853"
"4301057";"Arroio do Sal (RS)";"11057";"10629";"428"
"4301073";"Arroio do Padre (RS)";"2599";"691";"1908"
"4301107";"Arroio dos Ratos (RS)";"14601";"13378";"1223"
"4301206";"Arroio do Tigre (RS)";"12058";"6203";"5855"
"4301305";"Arroio Grande (RS)";"17558";"15446";"2112"
"4301404";"Arvorezinha (RS)";"10322";"6897";"3425"
"4301503";"Augusto Pestana (RS)";"7149";"4084";"3065"
"4301552";"Áurea (RS)";"3396";"1771";"1625"
"4301602";"Bagé (RS)";"117938";"114883";"3055"
"4301636";"Balneário Pinhal (RS)";"14955";"14825";"130"
"4301651";"Barão (RS)";"6461";"4168";"2293"
"4301701";"Barão de Cotegipe (RS)";"7144";"5263";"1881"
"4301750";"Barão do Triunfo (RS)";"5889";"831";"5058"
"4301800";"Barracão (RS)";"4831";"3094";"1737"
"4301859";"Barra do Guarita (RS)";"3161";"2010";"1151"
"4301875";"Barra do Quaraí (RS)";"4241";"3187";"1054"
"4301909";"Barra do Ribeiro (RS)";"12225";"9378";"2847"
"4301925";"Barra do Rio Azul (RS)";"1696";"464";"1232"
"4301958";"Barra Funda (RS)";"2498";"1801";"697"
"4302006";"Barros Cassal (RS)";"9296";"4117";"5179"
"4302055";"Benjamin Constant do Sul (RS)";"2082";"471";"1611"
"4302105";"Bento Gonçalves (RS)";"123151";"117146";"6005"
"4302154";"Boa Vista das Missões (RS)";"1933";"1209";"724"
"4302204";"Boa Vista do Buricá (RS)";"6966";"4929";"2037"
"4302220";"Boa Vista do Cadeado (RS)";"2229";"633";"1596"
"4302238";"Boa Vista do Incra (RS)";"2271";"941";"1330"
"4302253";"Boa Vista do Sul (RS)";"2779";"463";"2316"
"4302303";"Bom Jesus (RS)";"11202";"8833";"2369"
"4302352";"Bom Princípio (RS)";"13142";"11014";"2128"
"4302378";"Bom Progresso (RS)";"2096";"1254";"842"
"4302402";"Bom Retiro do Sul (RS)";"12294";"9879";"2415"
"4302451";"Boqueirão do Leão (RS)";"6247";"1671";"4576"
"4302501";"Bossoroca (RS)";"5890";"3432";"2458"
"4302584";"Bozano (RS)";"2151";"797";"1354"
"4302600";"Braga (RS)";"3268";"2301";"967"
"4302659";"Brochier (RS)";"4966";"2467";"2499"
"4302709";"Butiá (RS)";"19084";"18398";"686"
"4302808";"Caçapava do Sul (RS)";"32515";"25209";"7306"
"4302907";"Cacequi (RS)";"11157";"8962";"2195"
"4303004";"Cachoeira do Sul (RS)";"80070";"69191";"10879"
"4303103";"Cachoeirinha (RS)";"136258";"136258";"-"
"4303202";"Cacique Doble (RS)";"4603";"1712";"2891"
"4303301";"Caibaté (RS)";"4704";"3098";"1606"
"4303400";"Caiçara (RS)";"4836";"2127";"2709"
"4303509";"Camaquã (RS)";"62200";"50570";"11630"
"4303558";"Camargo (RS)";"2981";"1838";"1143"
"4303608";"Cambará do Sul (RS)";"6361";"4637";"1724"
"4303673";"Campestre da Serra (RS)";"3242";"1359";"1883"
"4303707";"Campina das Missões (RS)";"5882";"2650";"3232"
"4303806";"Campinas do Sul (RS)";"5284";"4313";"971"
"4303905";"Campo Bom (RS)";"62886";"60504";"2382"
"4304002";"Campo Novo (RS)";"4975";"4004";"971"
"4304101";"Campos Borges (RS)";"3613";"2212";"1401"
"4304200";"Candelária (RS)";"28906";"16341";"12565"
"4304309";"Cândido Godói (RS)";"6294";"2244";"4050"
"4304358";"Candiota (RS)";"10710";"8346";"2364"
"4304408";"Canela (RS)";"48946";"47451";"1495"
"4304507";"Canguçu (RS)";"49680";"20832";"28848"
"4304606";"Canoas (RS)";"347657";"347657";"-"
"4304614";"Canudos do Vale (RS)";"1656";"434";"1222"
"4304622";"Capão Bonito do Sul (RS)";"1733";"411";"1322"
"4304630";"Capão da Canoa (RS)";"63594";"62865";"729"
"4304655";"Capão do Cipó (RS)";"3119";"978";"2141"
"4304663";"Capão do Leão (RS)";"26487";"24929";"1558"
"4304671";"Capivari do Sul (RS)";"3991";"3483";"508"
"4304689";"Capela de Santana (RS)";"11159";"7780";"3379"
"4304697";"Capitão (RS)";"2921";"1312";"1609"
"4304705";"Carazinho (RS)";"61804";"60407";"1397"
"4304713";"Caraá (RS)";"7394";"2057";"5337"
"4304804";"Carlos Barbosa (RS)";"30420";"24456";"5964"
"4304853";"Carlos Gomes (RS)";"1368";"432";"936"
"4304903";"Casca (RS)";"9465";"6526";"2939"
"4304952";"Caseiros (RS)";"3000";"1584";"1416"
"4305009";"Catuípe (RS)";"8674";"6113";"2561"
"4305108";"Caxias do Sul (RS)";"463501";"447132";"16369"
"4305116";"Centenário (RS)";"2721";"1190";"1531"
"4305124";"Cerrito (RS)";"5808";"3601";"2207"
"4305132";"Cerro Branco (RS)";"3802";"1184";"2618"
"4305157";"Cerro Grande (RS)";"2379";"1159";"1220"
"4305173";"Cerro Grande do Sul (RS)";"9178";"2810";"6368"
"4305207";"Cerro Largo (RS)";"13705";"11207";"2498"
"4305306";"Chapada (RS)";"9540";"6411";"3129"
"4305355";"Charqueadas (RS)";"35012";"34024";"988"
"4305371";"Charrua (RS)";"2768";"640";"2128"
"4305405";"Chiapetta (RS)";"3913";"2828";"1085"
"4305439";"Chuí (RS)";"6262";"6084";"178"
"4305447";"Chuvisca (RS)";"4597";"337";"4260"
"4305454";"Cidreira (RS)";"17071";"16717";"354"
"4305504";"Ciríaco (RS)";"4149";"2551";"1598"
"4305587";"Colinas (RS)";"2423";"1093";"1330"
"4305603";"Colorado (RS)";"3258";"1953";"1305"
"4305702";"Condor (RS)";"6406";"4604";"1802"
"4305801";"Constantina (RS)";"10385";"8072";"2313"
"4305835";"Coqueiro Baixo (RS)";"1290";"258";"1032"
"4305850";"Coqueiros do Sul (RS)";"2211";"971";"1240"
"4305871";"Coronel Barros (RS)";"2822";"1576";"1246"
"4305900";"Coronel Bicaco (RS)";"6144";"4518";"1626"
"4305934";"Coronel Pilar (RS)";"1607";"197";"1410"
"4305959";"Cotiporã (RS)";"3846";"2113";"1733"
"4305975";"Coxilha (RS)";"2667";"1772";"895"
"4306007";"Crissiumal (RS)";"12886";"6804";"6082"
"4306056";"Cristal (RS)";"7299";"5093";"2206"
"4306072";"Cristal do Sul (RS)";"2692";"1269";"1423"
"4306106";"Cruz Alta (RS)";"58913";"57216";"1697"
"4306130";"Cruzaltense (RS)";"1635";"483";"1152"
"4306205";"Cruzeiro do Sul (RS)";"11600";"7408";"4192"
"4306304";"David Canabarro (RS)";"4321";"2416";"1905"
"4306320";"Derrubadas (RS)";"2751";"1186";"1565"
"4306353";"Dezesseis de Novembro (RS)";"2507";"685";"1822"
"4306379";"Dilermando de Aguiar (RS)";"2806";"1068";"1738"
"4306403";"Dois Irmãos (RS)";"30709";"30265";"444"
"4306429";"Dois Irmãos das Missões (RS)";"2090";"1130";"960"
"4306452";"Dois Lajeados (RS)";"3097";"1657";"1440"
"4306502";"Dom Feliciano (RS)";"13051";"3567";"9484"
"4306551";"Dom Pedro de Alcântara (RS)";"2562";"1093";"1469"
"4306601";"Dom Pedrito (RS)";"36981";"33652";"3329"
"4306700";"Dona Francisca (RS)";"3079";"2047";"1032"
"4306734";"Doutor Maurício Cardoso (RS)";"4470";"2668";"1802"
"4306759";"Doutor Ricardo (RS)";"1888";"990";"898"
"4306767";"Eldorado do Sul (RS)";"39559";"37163";"2396"
"4306809";"Encantado (RS)";"22962";"20522";"2440"
"4306908";"Encruzilhada do Sul (RS)";"23819";"17623";"6196"
"4306924";"Engenho Velho (RS)";"1296";"582";"714"
"4306932";"Entre-Ijuís (RS)";"9158";"5596";"3562"
"4306957";"Entre Rios do Sul (RS)";"2685";"1981";"704"
"4306973";"Erebango (RS)";"3054";"1989";"1065"
"4307005";"Erechim (RS)";"105705";"101874";"3831"
"4307054";"Ernestina (RS)";"3034";"1784";"1250"
"4307104";"Herval (RS)";"6191";"4332";"1859"
"4307203";"Erval Grande (RS)";"4930";"3195";"1735"
"4307302";"Erval Seco (RS)";"6787";"3495";"3292"
"4307401";"Esmeralda (RS)";"3195";"2086";"1109"
"4307450";"Esperança do Sul (RS)";"3226";"946";"2280"
"4307500";"Espumoso (RS)";"15173";"11757";"3416"
"4307559";"Estação (RS)";"5582";"4854";"728"
"4307609";"Estância Velha (RS)";"47924";"46535";"1389"
"4307708";"Esteio (RS)";"76137";"76096";"41"
"4307807";"Estrela (RS)";"32183";"27575";"4608"
"4307815";"Estrela Velha (RS)";"3070";"1334";"1736"
"4307831";"Eugênio de Castro (RS)";"2633";"1679";"954"
"4307864";"Fagundes Varela (RS)";"2566";"1419";"1147"
"4307906";"Farroupilha (RS)";"70286";"60749";"9537"
"4308003";"Faxinal do Soturno (RS)";"6702";"4942";"1760"
"4308052";"Faxinalzinho (RS)";"2520";"1462";"1058"
"4308078";"Fazenda Vilanova (RS)";"4291";"2459";"1832"
"4308102";"Feliz (RS)";"13764";"10924";"2840"
"4308201";"Flores da Cunha (RS)";"30892";"24421";"6471"
"4308250";"Floriano Peixoto (RS)";"1668";"440";"1228"
"4308300";"Fontoura Xavier (RS)";"9550";"4935";"4615"
"4308409";"Formigueiro (RS)";"6413";"2738";"3675"
"4308433";"Forquetinha (RS)";"2393";"734";"1659"
"4308458";"Fortaleza dos Valos (RS)";"4477";"3254";"1223"
"4308508";"Frederico Westphalen (RS)";"32627";"27279";"5348"
"4308607";"Garibaldi (RS)";"34335";"30892";"3443"
"4308656";"Garruchos (RS)";"2688";"919";"1769"
"4308706";"Gaurama (RS)";"5665";"3764";"1901"
"4308805";"General Câmara (RS)";"7612";"4471";"3141"
"4308854";"Gentil (RS)";"1744";"959";"785"
"4308904";"Getúlio Vargas (RS)";"16602";"14796";"1806"
"4309001";"Giruá (RS)";"16013";"12951";"3062"
"4309050";"Glorinha (RS)";"7658";"4183";"3475"
"4309100";"Gramado (RS)";"40134";"34688";"5446"
"4309126";"Gramado dos Loureiros (RS)";"2014";"620";"1394"
"4309159";"Gramado Xavier (RS)";"3304";"509";"2795"
"4309209";"Gravataí (RS)";"265074";"254651";"10423"
"4309258";"Guabiju (RS)";"1417";"744";"673"
"4309308";"Guaíba (RS)";"92924";"90594";"2330"
"4309407";"Guaporé (RS)";"25268";"23132";"2136"
"4309506";"Guarani das Missões (RS)";"7415";"4904";"2511"
"4309555";"Harmonia (RS)";"5378";"3687";"1691"
"4309571";"Herveiras (RS)";"2565";"564";"2001"
"4309605";"Horizontina (RS)";"18851";"16009";"2842"
"4309654";"Hulha Negra (RS)";"5976";"2556";"3420"
"4309704";"Humaitá (RS)";"4681";"2959";"1722"
"4309753";"Ibarama (RS)";"3732";"1213";"2519"
"4309803";"Ibiaçá (RS)";"4527";"3150";"1377"
"4309902";"Ibiraiaras (RS)";"6776";"3830";"2946"
"4309951";"Ibirapuitã (RS)";"3723";"2555";"1168"
"4310009";"Ibirubá (RS)";"21583";"17974";"3609"
"4310108";"Igrejinha (RS)";"32808";"30729";"2079"
"4310207";"Ijuí (RS)";"84780";"77517";"7263"
"4310306";"Ilópolis (RS)";"4157";"2331";"1826"
"4310330";"Imbé (RS)";"26824";"26822";"2"
"4310363";"Imigrante (RS)";"3080";"1761";"1319"
"4310405";"Independência (RS)";"6427";"4488";"1939"
"4310413";"Inhacorá (RS)";"2014";"1303";"711"
"4310439";"Ipê (RS)";"5399";"3204";"2195"
"4310462";"Ipiranga do Sul (RS)";"1720";"738";"982"
"4310504";"Iraí (RS)";"7482";"4311";"3171"
"4310538";"Itaara (RS)";"5572";"4487";"1085"
"4310553";"Itacurubi (RS)";"2995";"1372";"1623"
"4310579";"Itapuca (RS)";"1937";"545";"1392"
"4310603";"Itaqui (RS)";"35768";"31908";"3860"
"4310652";"Itati (RS)";"2638";"856";"1782"
"4310702";"Itatiba do Sul (RS)";"3208";"1739";"1469"
"4310751";"Ivorá (RS)";"1929";"730";"1199"
"4310801";"Ivoti (RS)";"22983";"21145";"1838"
"4310850";"Jaboticaba (RS)";"3779";"1957";"1822"
"4310876";"Jacuizinho (RS)";"2040";"601";"1439"
"4310900";"Jacutinga (RS)";"3338";"2428";"910"
"4311007";"Jaguarão (RS)";"26603";"24718";"1885"
"4311106";"Jaguari (RS)";"10579";"6405";"4174"
"4311122";"Jaquirana (RS)";"3690";"2413";"1277"
"4311130";"Jari (RS)";"3349";"913";"2436"
"4311155";"Jóia (RS)";"7184";"2210";"4974"
"4311205";"Júlio de Castilhos (RS)";"18226";"15458";"2768"
"4311239";"Lagoa Bonita do Sul (RS)";"2251";"463";"1788"
"4311254";"Lagoão (RS)";"5341";"1889";"3452"
"4311270";"Lagoa dos Três Cantos (RS)";"1738";"1126";"612"
"4311304";"Lagoa Vermelha (RS)";"27659";"24591";"3068"
"4311403";"Lajeado (RS)";"93646";"93323";"323"
"4311429";"Lajeado do Bugre (RS)";"2601";"845";"1756"
"4311502";"Lavras do Sul (RS)";"7157";"5853";"1304"
"4311601";"Liberato Salzano (RS)";"4781";"1628";"3153"
"4311627";"Lindolfo Collor (RS)";"6248";"5248";"1000"
"4311643";"Linha Nova (RS)";"1683";"439";"1244"
"4311700";"Machadinho (RS)";"5735";"3885";"1850"
"4311718";"Maçambará (RS)";"4425";"1191";"3234"
"4311734";"Mampituba (RS)";"3131";"824";"2307"
"4311759";"Manoel Viana (RS)";"6801";"5170";"1631"
"4311775";"Maquiné (RS)";"7418";"2576";"4842"
"4311791";"Maratá (RS)";"2470";"879";"1591"
"4311809";"Marau (RS)";"45124";"40884";"4240"
"4311908";"Marcelino Ramos (RS)";"4320";"2337";"1983"
"4311981";"Mariana Pimentel (RS)";"3916";"653";"3263"
"4312005";"Mariano Moro (RS)";"1858";"1132";"726"
"4312054";"Marques de Souza (RS)";"3969";"1709";"2260"
"4312104";"Mata (RS)";"4698";"2788";"1910"
"4312138";"Mato Castelhano (RS)";"2553";"735";"1818"
"4312153";"Mato Leitão (RS)";"4859";"2073";"2786"
"4312179";"Mato Queimado (RS)";"1795";"696";"1099"
"4312203";"Maximiliano de Almeida (RS)";"4191";"2927";"1264"
"4312252";"Minas do Leão (RS)";"7505";"7250";"255"
"4312302";"Miraguaí (RS)";"4427";"2332";"2095"
"4312351";"Montauri (RS)";"1499";"794";"705"
"4312377";"Monte Alegre dos Campos (RS)";"3180";"722";"2458"
"4312385";"Monte Belo do Sul (RS)";"2557";"802";"1755"
"4312401";"Montenegro (RS)";"64322";"52684";"11638"
"4312427";"Mormaço (RS)";"2756";"716";"2040"
"4312443";"Morrinhos do Sul (RS)";"3071";"1469";"1602"
"4312450";"Morro Redondo (RS)";"6046";"2916";"3130"
"4312476";"Morro Reuter (RS)";"6029";"4387";"1642"
"4312500";"Mostardas (RS)";"12090";"8329";"3761"
"4312609";"Muçum (RS)";"4601";"3941";"660"
"4312617";"Muitos Capões (RS)";"2879";"805";"2074"
"4312625";"Muliterno (RS)";"1721";"678";"1043"
"4312658";"Não-Me-Toque (RS)";"17898";"16024";"1874"
"4312674";"Nicolau Vergueiro (RS)";"1932";"946";"986"
"4312708";"Nonoai (RS)";"13719";"10307";"3412"
"4312757";"Nova Alvorada (RS)";"3163";"1778";"1385"
"4312807";"Nova Araçá (RS)";"4954";"4029";"925"
"4312906";"Nova Bassano (RS)";"9649";"6728";"2921"
"4312955";"Nova Boa Vista (RS)";"2042";"966";"1076"
"4313003";"Nova Bréscia (RS)";"3044";"1531";"1513"
"4313011";"Nova Candelária (RS)";"3061";"1314";"1747"
"4313037";"Nova Esperança do Sul (RS)";"4865";"3966";"899"
"4313060";"Nova Hartz (RS)";"20088";"18162";"1926"
"4313086";"Nova Pádua (RS)";"2343";"808";"1535"
"4313102";"Nova Palma (RS)";"5586";"3469";"2117"
"4313201";"Nova Petrópolis (RS)";"23300";"17875";"5425"
"4313300";"Nova Prata (RS)";"25692";"21664";"4028"
"4313334";"Nova Ramada (RS)";"2163";"710";"1453"
"4313359";"Nova Roma do Sul (RS)";"3466";"1693";"1773"
"4313375";"Nova Santa Rita (RS)";"29024";"25995";"3029"
"4313391";"Novo Cabrais (RS)";"3568";"574";"2994"
"4313409";"Novo Hamburgo (RS)";"227646";"222122";"5524"
"4313425";"Novo Machado (RS)";"3198";"1607";"1591"
"4313441";"Novo Tiradentes (RS)";"2146";"878";"1268"
"4313466";"Novo Xingu (RS)";"1646";"786";"860"
"4313490";"Novo Barreiro (RS)";"4272";"2025";"2247"
"4313508";"Osório (RS)";"47396";"43801";"3595"
"4313607";"Paim Filho (RS)";"3629";"2128";"1501"
"4313656";"Palmares do Sul (RS)";"12844";"11933";"911"
"4313706";"Palmeira das Missões (RS)";"33216";"29751";"3465"
"4313805";"Palmitinho (RS)";"7839";"4393";"3446"
"4313904";"Panambi (RS)";"43515";"40304";"3211"
"4313953";"Pantano Grande (RS)";"10212";"8795";"1417"
"4314001";"Paraí (RS)";"7194";"4666";"2528"
"4314027";"Paraíso do Sul (RS)";"6519";"2982";"3537"
"4314035";"Pareci Novo (RS)";"4319";"1294";"3025"
"4314050";"Parobé (RS)";"52058";"49947";"2111"
"4314068";"Passa Sete (RS)";"3983";"552";"3431"
"4314076";"Passo do Sobrado (RS)";"6025";"1655";"4370"
"4314100";"Passo Fundo (RS)";"206215";"202681";"3534"
"4314134";"Paulo Bento (RS)";"2144";"806";"1338"
"4314159";"Paverama (RS)";"7978";"4614";"3364"
"4314175";"Pedras Altas (RS)";"2061";"727";"1334"
"4314209";"Pedro Osório (RS)";"7484";"7046";"438"
"4314308";"Pejuçara (RS)";"3745";"2631";"1114"
"4314407";"Pelotas (RS)";"325685";"305656";"20029"
"4314423";"Picada Café (RS)";"5351";"3717";"1634"
"4314456";"Pinhal (RS)";"2959";"1518";"1441"
"4314464";"Pinhal da Serra (RS)";"2248";"702";"1546"
"4314472";"Pinhal Grande (RS)";"3805";"2145";"1660"
"4314498";"Pinheirinho do Vale (RS)";"4540";"978";"3562"
"4314506";"Pinheiro Machado (RS)";"11214";"8943";"2271"
"4314548";"Pinto Bandeira (RS)";"2723";"827";"1896"
"4314555";"Pirapó (RS)";"2260";"818";"1442"
"4314605";"Piratini (RS)";"17504";"11306";"6198"
"4314704";"Planalto (RS)";"10406";"6401";"4005"
"4314753";"Poço das Antas (RS)";"2171";"1197";"974"
"4314779";"Pontão (RS)";"3296";"1689";"1607"
"4314787";"Ponte Preta (RS)";"1575";"563";"1012"
"4314803";"Portão (RS)";"34071";"29886";"4185"
"4314902";"Porto Alegre (RS)";"1332845";"1330428";"2417"
"4315008";"Porto Lucena (RS)";"4360";"2145";"2215"
"4315057";"Porto Mauá (RS)";"2142";"863";"1279"
"4315073";"Porto Vera Cruz (RS)";"1560";"397";"1163"
"4315107";"Porto Xavier (RS)";"9938";"6203";"3735"
"4315131";"Pouso Novo (RS)";"1739";"750";"989"
"4315149";"Presidente Lucena (RS)";"3077";"2048";"1029"
"4315156";"Progresso (RS)";"5340";"2017";"3323"
"4315172";"Protásio Alves (RS)";"2025";"538";"1487"
"4315206";"Putinga (RS)";"3747";"1705";"2042"
"4315305";"Quaraí (RS)";"23500";"21753";"1747"
"4315313";"Quatro Irmãos (RS)";"1552";"914";"638"
"4315321";"Quevedos (RS)";"2507";"978";"1529"
"4315354";"Quinze de Novembro (RS)";"3910";"2393";"1517"
"4315404";"Redentora (RS)";"9738";"3301";"6437"
"4315453";"Relvado (RS)";"1796";"843";"953"
"4315503";"Restinga Sêca (RS)";"14939";"9157";"5782"
"4315552";"Rio dos Índios (RS)";"2835";"916";"1919"
"4315602";"Rio Grande (RS)";"191900";"183517";"8383"
"4315701";"Rio Pardo (RS)";"34654";"24293";"10361"
"4315750";"Riozinho (RS)";"4473";"2886";"1587"
"4315800";"Roca Sales (RS)";"10418";"7430";"2988"
"4315909";"Rodeio Bonito (RS)";"6654";"4522";"2132"
"4315958";"Rolador (RS)";"2291";"740";"1551"
"4316006";"Rolante (RS)";"21253";"16578";"4675"
"4316105";"Ronda Alta (RS)";"9777";"7362";"2415"
"4316204";"Rondinha (RS)";"4991";"2575";"2416"
"4316303";"Roque Gonzales (RS)";"6576";"3241";"3335"
"4316402";"Rosário do Sul (RS)";"36630";"32656";"3974"
"4316428";"Sagrada Família (RS)";"2480";"1099";"1381"
"4316436";"Saldanha Marinho (RS)";"2575";"1891";"684"
"4316451";"Salto do Jacuí (RS)";"10203";"8788";"1415"
"4316477";"Salvador das Missões (RS)";"2877";"1658";"1219"
"4316501";"Salvador do Sul (RS)";"6879";"4354";"2525"
"4316600";"Sananduva (RS)";"16399";"12378";"4021"
"4316709";"Santa Bárbara do Sul (RS)";"8122";"6657";"1465"
"4316733";"Santa Cecília do Sul (RS)";"1674";"678";"996"
"4316758";"Santa Clara do Sul (RS)";"6887";"4839";"2048"
"4316808";"Santa Cruz do Sul (RS)";"133230";"119959";"13271"
"4316907";"Santa Maria (RS)";"271735";"261435";"10300"
"4316956";"Santa Maria do Herval (RS)";"6340";"2995";"3345"
"4316972";"Santa Margarida do Sul (RS)";"2596";"588";"2008"
"4317004";"Santana da Boa Vista (RS)";"7024";"3972";"3052"
"4317103";"Sant'Ana do Livramento (RS)";"84421";"76922";"7499"
"4317202";"Santa Rosa (RS)";"76963";"70764";"6199"
"4317251";"Santa Tereza (RS)";"1505";"565";"940"
"4317301";"Santa Vitória do Palmar (RS)";"30983";"26988";"3995"
"4317400";"Santiago (RS)";"48938";"45086";"3852"
"4317509";"Santo Ângelo (RS)";"76917";"72837";"4080"
"4317558";"Santo Antônio do Palma (RS)";"2091";"871";"1220"
"4317608";"Santo Antônio da Patrulha (RS)";"42947";"33018";"9929"
"4317707";"Santo Antônio das Missões (RS)";"10300";"7045";"3255"
"4317756";"Santo Antônio do Planalto (RS)";"2089";"1573";"516"
"4317806";"Santo Augusto (RS)";"13902";"12032";"1870"
"4317905";"Santo Cristo (RS)";"15320";"9418";"5902"
"4317954";"Santo Expedito do Sul (RS)";"2349";"1127";"1222"
"4318002";"São Borja (RS)";"59676";"53657";"6019"
"4318051";"São Domingos do Sul (RS)";"2754";"2019";"735"
"4318101";"São Francisco de Assis (RS)";"17618";"13157";"4461"
"4318200";"São Francisco de Paula (RS)";"21893";"15701";"6192"
"4318309";"São Gabriel (RS)";"58487";"52743";"5744"
"4318408";"São Jerônimo (RS)";"21028";"16464";"4564"
"4318424";"São João da Urtiga (RS)";"4461";"2672";"1789"
"4318432";"São João do Polêsine (RS)";"2649";"1634";"1015"
"4318440";"São Jorge (RS)";"2912";"1579";"1333"
"4318457";"São José das Missões (RS)";"2362";"970";"1392"
"4318465";"São José do Herval (RS)";"1902";"828";"1074"
"4318481";"São José do Hortêncio (RS)";"4447";"2658";"1789"
"4318499";"São José do Inhacorá (RS)";"2406";"1414";"992"
"4318507";"São José do Norte (RS)";"25443";"19313";"6130"
"4318606";"São José do Ouro (RS)";"6834";"4436";"2398"
"4318614";"São José do Sul (RS)";"2380";"930";"1450"
"4318622";"São José dos Ausentes (RS)";"4172";"2478";"1694"
"4318705";"São Leopoldo (RS)";"217409";"216240";"1169"
"4318804";"São Lourenço do Sul (RS)";"41989";"25166";"16823"
"4318903";"São Luiz Gonzaga (RS)";"34752";"31882";"2870"
"4319000";"São Marcos (RS)";"21084";"18208";"2876"
"4319109";"São Martinho (RS)";"5481";"3791";"1690"
"4319125";"São Martinho da Serra (RS)";"2860";"1110";"1750"
"4319158";"São Miguel das Missões (RS)";"7056";"4166";"2890"
"4319208";"São Nicolau (RS)";"5118";"3694";"1424"
"4319307";"São Paulo das Missões (RS)";"5846";"2350";"3496"
"4319356";"São Pedro da Serra (RS)";"3548";"2318";"1230"
"4319364";"São Pedro das Missões (RS)";"1757";"559";"1198"
"4319372";"São Pedro do Butiá (RS)";"3070";"1578";"1492"
"4319406";"São Pedro do Sul (RS)";"15577";"11766";"3811"
"4319505";"São Sebastião do Caí (RS)";"24428";"20850";"3578"
"4319604";"São Sepé (RS)";"21219";"17634";"3585"
"4319703";"São Valentim (RS)";"3264";"1882";"1382"
"4319711";"São Valentim do Sul (RS)";"2207";"967";"1240"
"4319737";"São Valério do Sul (RS)";"2543";"518";"2025"
"4319752";"São Vendelino (RS)";"2251";"1510";"741"
"4319802";"São Vicente do Sul (RS)";"8097";"5907";"2190"
"4319901";"Sapiranga (RS)";"75648";"73016";"2632"
"4320008";"Sapucaia do Sul (RS)";"132107";"131667";"440"
"4320107";"Sarandi (RS)";"22851";"20826";"2025"
"4320206";"Seberi (RS)";"11950";"7067";"4883"
"4320230";"Sede Nova (RS)";"2704";"1565";"1139"
"4320263";"Segredo (RS)";"6009";"1901";"4108"
"4320305";"Selbach (RS)";"5107";"3895";"1212"
"4320321";"Senador Salgado Filho (RS)";"2673";"1050";"1623"
"4320354";"Sentinela do Sul (RS)";"5306";"1380";"3926"
"4320404";"Serafina Corrêa (RS)";"16961";"15054";"1907"
"4320453";"Sério (RS)";"1941";"629";"1312"
"4320503";"Sertão (RS)";"5541";"3292";"2249"
"4320552";"Sertão Santana (RS)";"5863";"1532";"4331"
"4320578";"Sete de Setembro (RS)";"1830";"569";"1261"
"4320602";"Severiano de Almeida (RS)";"3406";"1580";"1826"
"4320651";"Silveira Martins (RS)";"2028";"978";"1050"
"4320677";"Sinimbu (RS)";"8578";"1340";"7238"
"4320701";"Sobradinho (RS)";"14226";"11744";"2482"
"4320800";"Soledade (RS)";"29991";"26152";"3839"
"4320859";"Tabaí (RS)";"4461";"1557";"2904"
"4320909";"Tapejara (RS)";"24557";"22681";"1876"
"4321006";"Tapera (RS)";"10592";"9206";"1386"
"4321105";"Tapes (RS)";"14695";"13475";"1220"
"4321204";"Taquara (RS)";"53242";"43870";"9372"
"4321303";"Taquari (RS)";"25198";"22009";"3189"
"4321329";"Taquaruçu do Sul (RS)";"3119";"1528";"1591"
"4321352";"Tavares (RS)";"5212";"3552";"1660"
"4321402";"Tenente Portela (RS)";"14497";"9818";"4679"
"4321436";"Terra de Areia (RS)";"10334";"8636";"1698"
"4321451";"Teutônia (RS)";"32797";"29487";"3310"
"4321469";"Tio Hugo (RS)";"3267";"1800";"1467"
"4321477";"Tiradentes do Sul (RS)";"5129";"2031";"3098"
"4321493";"Toropi (RS)";"2554";"834";"1720"
"4321501";"Torres (RS)";"41751";"40437";"1314"
"4321600";"Tramandaí (RS)";"54387";"54094";"293"
"4321626";"Travesseiro (RS)";"2152";"890";"1262"
"4321634";"Três Arroios (RS)";"2591";"1209";"1382"
"4321667";"Três Cachoeiras (RS)";"10962";"8182";"2780"
"4321709";"Três Coroas (RS)";"24425";"21471";"2954"
"4321808";"Três de Maio (RS)";"24916";"20954";"3962"
"4321832";"Três Forquilhas (RS)";"2760";"492";"2268"
"4321857";"Três Palmeiras (RS)";"4716";"2645";"2071"
"4321907";"Três Passos (RS)";"25436";"20921";"4515"
"4321956";"Trindade do Sul (RS)";"7556";"4769";"2787"
"4322004";"Triunfo (RS)";"27498";"17755";"9743"
"4322103";"Tucunduva (RS)";"5542";"4115";"1427"
"4322152";"Tunas (RS)";"3681";"1303";"2378"
"4322186";"Tupanci do Sul (RS)";"1374";"553";"821"
"4322202";"Tupanciretã (RS)";"20005";"16758";"3247"
"4322251";"Tupandi (RS)";"5029";"3671";"1358"
"4322301";"Tuparendi (RS)";"8363";"5766";"2597"
"4322327";"Turuçu (RS)";"3419";"1598";"1821"
"4322343";"Ubiretama (RS)";"1994";"535";"1459"
"4322350";"União da Serra (RS)";"1170";"313";"857"
"4322376";"Unistalda (RS)";"1995";"875";"1120"
"4322400";"Uruguaiana (RS)";"117210";"111272";"5938"
"4322509";"Vacaria (RS)";"64197";"59662";"4535"
"4322525";"Vale Verde (RS)";"3150";"969";"2181"
"4322533";"Vale do Sol (RS)";"9897";"1392";"8505"
"4322541";"Vale Real (RS)";"6058";"5470";"588"
"4322558";"Vanini (RS)";"2004";"1313";"691"
"4322608";"Venâncio Aires (RS)";"68763";"46383";"22380"
"4322707";"Vera Cruz (RS)";"26710";"15862";"10848"
"4322806";"Veranópolis (RS)";"24021";"20814";"3207"
"4322855";"Vespasiano Corrêa (RS)";"1818";"522";"1296"
"4322905";"Viadutos (RS)";"4769";"2890";"1879"
"4323002";"Viamão (RS)";"224112";"213922";"10190"
"4323101";"Vicente Dutra (RS)";"4665";"2400";"2265"
"4323200";"Victor Graeff (RS)";"2780";"1581";"1199"
"4323309";"Vila Flores (RS)";"3646";"2334";"1312"
"4323358";"Vila Lângaro (RS)";"2079";"631";"1448"
"4323408";"Vila Maria (RS)";"4413";"2795";"1618"
"4323457";"Vila Nova do Sul (RS)";"3863";"2329";"1534"
"4323507";"Vista Alegre (RS)";"2660";"1318";"1342"
"4323606";"Vista Alegre do Prata (RS)";"1590";"543";"1047"
"4323705";"Vista Gaúcha (RS)";"2783";"1154";"1629"
"4323754";"Vitória das Missões (RS)";"3260";"1043";"2217"
"4323770";"Westfália (RS)";"3098";"1703";"1395"
"4323804";"Xangri-lá (RS)";"16463";"16431";"32"
"5000203";"Água Clara (MS)";"16741";"13750";"2991"
"5000252";"Alcinópolis (MS)";"4537";"2953";"1584"
"5000609";"Amambai (MS)";"39325";"25429";"13896"
"5000708";"Anastácio (MS)";"24114";"20861";"3253"
"5000807";"Anaurilândia (MS)";"7653";"4537";"3116"
"5000856";"Angélica (MS)";"10729";"8497";"2232"
"5000906";"Antônio João (MS)";"9303";"7184";"2119"
"5001003";"Aparecida do Taboado (MS)";"27674";"24984";"2690"
"5001102";"Aquidauana (MS)";"46803";"36899";"9904"
"5001243";"Aral Moreira (MS)";"10748";"5919";"4829"
"5001508";"Bandeirantes (MS)";"7940";"5641";"2299"
"5001904";"Bataguassu (MS)";"23031";"20556";"2475"
"5002001";"Batayporã (MS)";"10712";"8495";"2217"
"5002100";"Bela Vista (MS)";"21613";"17600";"4013"
"5002159";"Bodoquena (MS)";"8567";"6216";"2351"
"5002209";"Bonito (MS)";"23659";"19503";"4156"
"5002308";"Brasilândia (MS)";"11579";"8108";"3471"
"5002407";"Caarapó (MS)";"30612";"23455";"7157"
"5002605";"Camapuã (MS)";"13583";"10626";"2957"
"5002704";"Campo Grande (MS)";"898100";"886582";"11518"
"5002803";"Caracol (MS)";"5036";"3328";"1708"
"5002902";"Cassilândia (MS)";"20988";"18925";"2063"
"5002951";"Chapadão do Sul (MS)";"30993";"28717";"2276"
"5003108";"Corguinho (MS)";"4783";"1871";"2912"
"5003157";"Coronel Sapucaia (MS)";"14289";"9793";"4496"
"5003207";"Corumbá (MS)";"96268";"88969";"7299"
"5003256";"Costa Rica (MS)";"26037";"23435";"2602"
"5003306";"Coxim (MS)";"32151";"29230";"2921"
"5003454";"Deodápolis (MS)";"13663";"12060";"1603"
"5003488";"Dois Irmãos do Buriti (MS)";"11100";"5615";"5485"
"5003504";"Douradina (MS)";"5578";"3635";"1943"
"5003702";"Dourados (MS)";"243367";"228516";"14851"
"5003751";"Eldorado (MS)";"11386";"9583";"1803"
"5003801";"Fátima do Sul (MS)";"20609";"19230";"1379"
"5003900";"Figueirão (MS)";"3539";"1886";"1653"
"5004007";"Glória de Dourados (MS)";"10444";"8450";"1994"
"5004106";"Guia Lopes da Laguna (MS)";"9940";"8620";"1320"
"5004304";"Iguatemi (MS)";"13808";"10419";"3389"
"5004403";"Inocência (MS)";"8404";"5739";"2665"
"5004502";"Itaporã (MS)";"24137";"15375";"8762"
"5004601";"Itaquiraí (MS)";"19423";"10246";"9177"
"5004700";"Ivinhema (MS)";"27821";"23589";"4232"
"5004809";"Japorã (MS)";"8148";"1920";"6228"
"5004908";"Jaraguari (MS)";"7139";"2532";"4607"
"5005004";"Jardim (MS)";"23981";"22517";"1464"
"5005103";"Jateí (MS)";"3586";"1969";"1617"
"5005152";"Juti (MS)";"6729";"4919";"1810"
"5005202";"Ladário (MS)";"21522";"20929";"593"
"5005251";"Laguna Carapã (MS)";"6799";"3388";"3411"
"5005400";"Maracaju (MS)";"45047";"41041";"4006"
"5005608";"Miranda (MS)";"25536";"14461";"11075"
"5005681";"Mundo Novo (MS)";"19193";"16893";"2300"
"5005707";"Naviraí (MS)";"50457";"47442";"3015"
"5005806";"Nioaque (MS)";"13220";"7244";"5976"
"5006002";"Nova Alvorada do Sul (MS)";"21822";"18355";"3467"
"5006200";"Nova Andradina (MS)";"48563";"42501";"6062"
"5006259";"Novo Horizonte do Sul (MS)";"4721";"3175";"1546"
"5006275";"Paraíso das Águas (MS)";"5510";"2993";"2517"
"5006309";"Paranaíba (MS)";"40957";"37101";"3856"
"5006358";"Paranhos (MS)";"12921";"6148";"6773"
"5006408";"Pedro Gomes (MS)";"6941";"5363";"1578"
"5006606";"Ponta Porã (MS)";"92017";"79687";"12330"
"5006903";"Porto Murtinho (MS)";"12859";"8455";"4404"
"5007109";"Ribas do Rio Pardo (MS)";"23150";"18146";"5004"
"5007208";"Rio Brilhante (MS)";"37601";"33552";"4049"
"5007307";"Rio Negro (MS)";"4841";"3527";"1314"
"5007406";"Rio Verde de Mato Grosso (MS)";"19818";"16878";"2940"
"5007505";"Rochedo (MS)";"5199";"3590";"1609"
"5007554";"Santa Rita do Pardo (MS)";"7027";"3638";"3389"
"5007695";"São Gabriel do Oeste (MS)";"29579";"27078";"2501"
"5007703";"Sete Quedas (MS)";"10994";"8852";"2142"
"5007802";"Selvíria (MS)";"8142";"6238";"1904"
"5007901";"Sidrolândia (MS)";"47118";"32436";"14682"
"5007935";"Sonora (MS)";"14516";"13277";"1239"
"5007950";"Tacuru (MS)";"10808";"3828";"6980"
"5007976";"Taquarussu (MS)";"3625";"2739";"886"
"5008008";"Terenos (MS)";"17652";"9779";"7873"
"5008305";"Três Lagoas (MS)";"132152";"127333";"4819"
"5008404";"Vicentina (MS)";"6336";"4921";"1415"
"5100102";"Acorizal (MT)";"5014";"2989";"2025"
"5100201";"Água Boa (MT)";"29219";"24523";"4696"
"5100250";"Alta Floresta (MT)";"58613";"51412";"7201"
"5100300";"Alto Araguaia (MT)";"17193";"15083";"2110"
"5100359";"Alto Boa Vista (MT)";"5715";"3840";"1875"
"5100409";"Alto Garças (MT)";"13052";"12091";"961"
"5100508";"Alto Paraguai (MT)";"8009";"5359";"2650"
"5100607";"Alto Taquari (MT)";"10904";"10290";"614"
"5100805";"Apiacás (MT)";"8590";"6251";"2339"
"5101001";"Araguaiana (MT)";"3795";"2539";"1256"
"5101209";"Araguainha (MT)";"1010";"862";"148"
"5101258";"Araputanga (MT)";"14786";"12541";"2245"
"5101308";"Arenápolis (MT)";"10576";"9878";"698"
"5101407";"Aripuanã (MT)";"24626";"18194";"6432"
"5101605";"Barão de Melgaço (MT)";"7253";"3316";"3937"
"5101704";"Barra do Bugres (MT)";"29403";"25283";"4120"
"5101803";"Barra do Garças (MT)";"69210";"62270";"6940"
"5101852";"Bom Jesus do Araguaia (MT)";"7280";"3850";"3430"
"5101902";"Brasnorte (MT)";"17004";"10321";"6683"
"5102504";"Cáceres (MT)";"89681";"79388";"10293"
"5102603";"Campinápolis (MT)";"15347";"5707";"9640"
"5102637";"Campo Novo do Parecis (MT)";"45899";"42905";"2994"
"5102678";"Campo Verde (MT)";"44585";"38891";"5694"
"5102686";"Campos de Júlio (MT)";"8822";"7041";"1781"
"5102694";"Canabrava do Norte (MT)";"4485";"2782";"1703"
"5102702";"Canarana (MT)";"25858";"20234";"5624"
"5102793";"Carlinda (MT)";"10332";"6119";"4213"
"5102850";"Castanheira (MT)";"7506";"3691";"3815"
"5103007";"Chapada dos Guimarães (MT)";"18990";"12999";"5991"
"5103056";"Cláudia (MT)";"9593";"7122";"2471"
"5103106";"Cocalinho (MT)";"6220";"3978";"2242"
"5103205";"Colíder (MT)";"31370";"26189";"5181"
"5103254";"Colniza (MT)";"25766";"15428";"10338"
"5103304";"Comodoro (MT)";"18238";"12807";"5431"
"5103353";"Confresa (MT)";"35075";"27010";"8065"
"5103361";"Conquista D'Oeste (MT)";"3760";"2456";"1304"
"5103379";"Cotriguaçu (MT)";"11011";"5109";"5902"
"5103403";"Cuiabá (MT)";"650877";"639724";"11153"
"5103437";"Curvelândia (MT)";"4903";"3083";"1820"
"5103452";"Denise (MT)";"7014";"6222";"792"
"5103502";"Diamantino (MT)";"21941";"17536";"4405"
"5103601";"Dom Aquino (MT)";"7872";"6249";"1623"
"5103700";"Feliz Natal (MT)";"10521";"7442";"3079"
"5103809";"Figueirópolis D'Oeste (MT)";"3187";"1952";"1235"
"5103858";"Gaúcha do Norte (MT)";"8642";"3965";"4677"
"5103908";"General Carneiro (MT)";"6037";"2671";"3366"
"5103957";"Glória D'Oeste (MT)";"2905";"2027";"878"
"5104104";"Guarantã do Norte (MT)";"31024";"26274";"4750"
"5104203";"Guiratinga (MT)";"10966";"9084";"1882"
"5104500";"Indiavaí (MT)";"2213";"1621";"592"
"5104526";"Ipiranga do Norte (MT)";"7815";"5861";"1954"
"5104542";"Itanhangá (MT)";"7539";"4650";"2889"
"5104559";"Itaúba (MT)";"5020";"4096";"924"
"5104609";"Itiquira (MT)";"12236";"8509";"3727"
"5104807";"Jaciara (MT)";"28569";"25994";"2575"
"5104906";"Jangada (MT)";"7426";"3696";"3730"
"5105002";"Jauru (MT)";"8367";"5560";"2807"
"5105101";"Juara (MT)";"34906";"28060";"6846"
"5105150";"Juína (MT)";"45869";"36835";"9034"
"5105176";"Juruena (MT)";"10213";"7473";"2740"
"5105200";"Juscimeira (MT)";"11480";"7854";"3626"
"5105234";"Lambari D'Oeste (MT)";"4790";"2963";"1827"
"5105259";"Lucas do Rio Verde (MT)";"83798";"80626";"3172"
"5105309";"Luciara (MT)";"2509";"1859";"650"
"5105507";"Vila Bela da Santíssima Trindade (MT)";"16774";"6394";"10380"
"5105580";"Marcelândia (MT)";"11396";"8110";"3286"
"5105606";"Matupá (MT)";"20091";"16131";"3960"
"5105622";"Mirassol d'Oeste (MT)";"26785";"22670";"4115"
"5105903";"Nobres (MT)";"15492";"13442";"2050"
"5106000";"Nortelândia (MT)";"5956";"5015";"941"
"5106109";"Nossa Senhora do Livramento (MT)";"12940";"5328";"7612"
"5106158";"Nova Bandeirantes (MT)";"13635";"6544";"7091"
"5106174";"Nova Nazaré (MT)";"4200";"1492";"2708"
"5106182";"Nova Lacerda (MT)";"6670";"3421";"3249"
"5106190";"Nova Santa Helena (MT)";"4239";"2671";"1568"
"5106208";"Nova Brasilândia (MT)";"3932";"2801";"1131"
"5106216";"Nova Canaã do Norte (MT)";"11707";"7409";"4298"
"5106224";"Nova Mutum (MT)";"55839";"49471";"6368"
"5106232";"Nova Olímpia (MT)";"16352";"14716";"1636"
"5106240";"Nova Ubiratã (MT)";"11530";"7932";"3598"
"5106257";"Nova Xavantina (MT)";"24345";"20028";"4317"
"5106265";"Novo Mundo (MT)";"6520";"2650";"3870"
"5106273";"Novo Horizonte do Norte (MT)";"3349";"1968";"1381"
"5106281";"Novo São Joaquim (MT)";"6919";"4183";"2736"
"5106299";"Paranaíta (MT)";"11671";"7289";"4382"
"5106307";"Paranatinga (MT)";"26423";"19043";"7380"
"5106315";"Novo Santo Antônio (MT)";"2015";"1359";"656"
"5106372";"Pedra Preta (MT)";"18066";"13921";"4145"
"5106422";"Peixoto de Azevedo (MT)";"32714";"26397";"6317"
"5106455";"Planalto da Serra (MT)";"3166";"2462";"704"
"5106505";"Poconé (MT)";"31217";"23408";"7809"
"5106653";"Pontal do Araguaia (MT)";"6932";"5899";"1033"
"5106703";"Ponte Branca (MT)";"2008";"1740";"268"
"5106752";"Pontes e Lacerda (MT)";"52018";"44796";"7222"
"5106778";"Porto Alegre do Norte (MT)";"12127";"8439";"3688"
"5106802";"Porto dos Gaúchos (MT)";"5593";"3391";"2202"
"5106828";"Porto Esperidião (MT)";"10204";"5333";"4871"
"5106851";"Porto Estrela (MT)";"3224";"1627";"1597"
"5107008";"Poxoréu (MT)";"23283";"16262";"7021"
"5107040";"Primavera do Leste (MT)";"85146";"81543";"3603"
"5107065";"Querência (MT)";"26769";"20984";"5785"
"5107107";"São José dos Quatro Marcos (MT)";"17849";"14264";"3585"
"5107156";"Reserva do Cabaçal (MT)";"2122";"1530";"592"
"5107180";"Ribeirão Cascalheira (MT)";"10089";"6074";"4015"
"5107198";"Ribeirãozinho (MT)";"2593";"2143";"450"
"5107206";"Rio Branco (MT)";"4535";"3778";"757"
"5107248";"Santa Carmem (MT)";"5374";"4305";"1069"
"5107263";"Santo Afonso (MT)";"2519";"1440";"1079"
"5107297";"São José do Povo (MT)";"2875";"1365";"1510"
"5107305";"São José do Rio Claro (MT)";"14911";"12439";"2472"
"5107354";"São José do Xingu (MT)";"5964";"4647";"1317"
"5107404";"São Pedro da Cipa (MT)";"4191";"3620";"571"
"5107578";"Rondolândia (MT)";"3505";"1049";"2456"
"5107602";"Rondonópolis (MT)";"244911";"236494";"8417"
"5107701";"Rosário Oeste (MT)";"15453";"9846";"5607"
"5107743";"Santa Cruz do Xingu (MT)";"2661";"1751";"910"
"5107750";"Salto do Céu (MT)";"3679";"2067";"1612"
"5107768";"Santa Rita do Trivelato (MT)";"3276";"1817";"1459"
"5107776";"Santa Terezinha (MT)";"7596";"2989";"4607"
"5107792";"Santo Antônio do Leste (MT)";"4099";"2549";"1550"
"5107800";"Santo Antônio de Leverger (MT)";"15246";"9014";"6232"
"5107859";"São Félix do Araguaia (MT)";"13621";"8022";"5599"
"5107875";"Sapezal (MT)";"28944";"25470";"3474"
"5107883";"Serra Nova Dourada (MT)";"1800";"859";"941"
"5107909";"Sinop (MT)";"196312";"190451";"5861"
"5107925";"Sorriso (MT)";"110635";"104672";"5963"
"5107941";"Tabaporã (MT)";"9818";"5014";"4804"
"5107958";"Tangará da Serra (MT)";"106434";"97939";"8495"
"5108006";"Tapurah (MT)";"14370";"11135";"3235"
"5108055";"Terra Nova do Norte (MT)";"10616";"6242";"4374"
"5108105";"Tesouro (MT)";"3025";"2220";"805"
"5108204";"Torixoréu (MT)";"4164";"3052";"1112"
"5108303";"União do Sul (MT)";"3838";"3044";"794"
"5108352";"Vale de São Domingos (MT)";"2904";"764";"2140"
"5108402";"Várzea Grande (MT)";"300078";"296557";"3521"
"5108501";"Vera (MT)";"12800";"10568";"2232"
"5108600";"Vila Rica (MT)";"19888";"14297";"5591"
"5108808";"Nova Guarita (MT)";"4590";"2928";"1662"
"5108857";"Nova Marilândia (MT)";"3529";"2484";"1045"
"5108907";"Nova Maringá (MT)";"5846";"3696";"2150"
"5108956";"Nova Monte Verde (MT)";"8313";"5031";"3282"
"5200050";"Abadia de Goiás (GO)";"19128";"18450";"678"
"5200100";"Abadiânia (GO)";"17232";"13063";"4169"
"5200134";"Acreúna (GO)";"21568";"20350";"1218"
"5200159";"Adelândia (GO)";"2297";"1981";"316"
"5200175";"Água Fria de Goiás (GO)";"4954";"3062";"1892"
"5200209";"Água Limpa (GO)";"1858";"1457";"401"
"5200258";"Águas Lindas de Goiás (GO)";"225693";"225174";"519"
"5200308";"Alexânia (GO)";"27008";"24909";"2099"
"5200506";"Aloândia (GO)";"1973";"1739";"234"
"5200555";"Alto Horizonte (GO)";"6072";"5378";"694"
"5200605";"Alto Paraíso de Goiás (GO)";"10306";"7725";"2581"
"5200803";"Alvorada do Norte (GO)";"8446";"7311";"1135"
"5200829";"Amaralina (GO)";"3268";"1524";"1744"
"5200852";"Americano do Brasil (GO)";"5259";"4820";"439"
"5200902";"Amorinópolis (GO)";"3007";"2016";"991"
"5201108";"Anápolis (GO)";"398869";"391652";"7217"
"5201207";"Anhanguera (GO)";"924";"874";"50"
"5201306";"Anicuns (GO)";"18503";"15857";"2646"
"5201405";"Aparecida de Goiânia (GO)";"527796";"527178";"618"
"5201454";"Aparecida do Rio Doce (GO)";"2907";"2344";"563"
"5201504";"Aporé (GO)";"4325";"3291";"1034"
"5201603";"Araçu (GO)";"3799";"3396";"403"
"5201702";"Aragarças (GO)";"18390";"17610";"780"
"5201801";"Aragoiânia (GO)";"11890";"11054";"836"
"5202155";"Araguapaz (GO)";"7153";"5040";"2113"
"5202353";"Arenópolis (GO)";"2946";"1694";"1252"
"5202502";"Aruanã (GO)";"8300";"7056";"1244"
"5202601";"Aurilândia (GO)";"3284";"2607";"677"
"5202809";"Avelinópolis (GO)";"2868";"2064";"804"
"5203104";"Baliza (GO)";"3351";"1219";"2132"
"5203203";"Barro Alto (GO)";"10371";"9377";"994"
"5203302";"Bela Vista de Goiás (GO)";"34445";"26918";"7527"
"5203401";"Bom Jardim de Goiás (GO)";"7826";"6256";"1570"
"5203500";"Bom Jesus de Goiás (GO)";"23958";"22774";"1184"
"5203559";"Bonfinópolis (GO)";"10296";"9553";"743"
"5203575";"Bonópolis (GO)";"3299";"2054";"1245"
"5203609";"Brazabrantes (GO)";"3992";"2996";"996"
"5203807";"Britânia (GO)";"5695";"4731";"964"
"5203906";"Buriti Alegre (GO)";"10495";"9886";"609"
"5203939";"Buriti de Goiás (GO)";"2732";"2318";"414"
"5203962";"Buritinópolis (GO)";"3145";"1880";"1265"
"5204003";"Cabeceiras (GO)";"7560";"5853";"1707"
"5204102";"Cachoeira Alta (GO)";"11513";"9736";"1777"
"5204201";"Cachoeira de Goiás (GO)";"1405";"1139";"266"
"5204250";"Cachoeira Dourada (GO)";"7782";"7238";"544"
"5204300";"Caçu (GO)";"13774";"11674";"2100"
"5204409";"Caiapônia (GO)";"16513";"12389";"4124"
"5204508";"Caldas Novas (GO)";"98622";"96119";"2503"
"5204557";"Caldazinha (GO)";"4507";"2929";"1578"
"5204607";"Campestre de Goiás (GO)";"3755";"2814";"941"
"5204656";"Campinaçu (GO)";"3708";"2362";"1346"
"5204706";"Campinorte (GO)";"12510";"10855";"1655"
"5204805";"Campo Alegre de Goiás (GO)";"7422";"5740";"1682"
"5204854";"Campo Limpo de Goiás (GO)";"8081";"7043";"1038"
"5204904";"Campos Belos (GO)";"18108";"16111";"1997"
"5204953";"Campos Verdes (GO)";"4005";"3601";"404"
"5205000";"Carmo do Rio Verde (GO)";"9710";"8069";"1641"
"5205059";"Castelândia (GO)";"2985";"2769";"216"
"5205109";"Catalão (GO)";"114427";"109999";"4428"
"5205208";"Caturaí (GO)";"5184";"4329";"855"
"5205307";"Cavalcante (GO)";"9583";"5279";"4304"
"5205406";"Ceres (GO)";"22046";"21025";"1021"
"5205455";"Cezarina (GO)";"8090";"6012";"2078"
"5205471";"Chapadão do Céu (GO)";"12870";"11865";"1005"
"5205497";"Cidade Ocidental (GO)";"91767";"90865";"902"
"5205513";"Cocalzinho de Goiás (GO)";"25016";"18883";"6133"
"5205521";"Colinas do Sul (GO)";"4030";"2812";"1218"
"5205703";"Córrego do Ouro (GO)";"2454";"1549";"905"
"5205802";"Corumbá de Goiás (GO)";"10562";"7034";"3528"
"5205901";"Corumbaíba (GO)";"9164";"7632";"1532"
"5206206";"Cristalina (GO)";"62337";"54213";"8124"
"5206305";"Cristianópolis (GO)";"3504";"2965";"539"
"5206404";"Crixás (GO)";"17065";"13448";"3617"
"5206503";"Cromínia (GO)";"3883";"2943";"940"
"5206602";"Cumari (GO)";"2927";"2348";"579"
"5206701";"Damianópolis (GO)";"3770";"2691";"1079"
"5206800";"Damolândia (GO)";"2724";"2271";"453"
"5206909";"Davinópolis (GO)";"1902";"1523";"379"
"5207105";"Diorama (GO)";"2062";"1421";"641"
"5207253";"Doverlândia (GO)";"6956";"4914";"2042"
"5207352";"Edealina (GO)";"4001";"3113";"888"
"5207402";"Edéia (GO)";"11747";"10402";"1345"
"5207501";"Estrela do Norte (GO)";"3205";"2931";"274"
"5207535";"Faina (GO)";"7070";"3935";"3135"
"5207600";"Fazenda Nova (GO)";"5877";"4045";"1832"
"5207808";"Firminópolis (GO)";"10419";"8807";"1612"
"5207907";"Flores de Goiás (GO)";"13744";"4807";"8937"
"5208004";"Formosa (GO)";"115901";"107513";"8388"
"5208103";"Formoso (GO)";"4660";"3763";"897"
"5208152";"Gameleira de Goiás (GO)";"3456";"1350";"2106"
"5208301";"Divinópolis de Goiás (GO)";"4457";"3275";"1182"
"5208400";"Goianápolis (GO)";"13967";"13231";"736"
"5208509";"Goiandira (GO)";"4973";"4412";"561"
"5208608";"Goianésia (GO)";"73707";"69955";"3752"
"5208707";"Goiânia (GO)";"1437366";"1435186";"2180"
"5208806";"Goianira (GO)";"71916";"71265";"651"
"5208905";"Goiás (GO)";"24071";"18370";"5701"
"5209101";"Goiatuba (GO)";"35664";"33539";"2125"
"5209150";"Gouvelândia (GO)";"4390";"3852";"538"
"5209200";"Guapó (GO)";"19545";"17961";"1584"
"5209291";"Guaraíta (GO)";"2188";"1464";"724"
"5209408";"Guarani de Goiás (GO)";"4085";"1719";"2366"
"5209457";"Guarinos (GO)";"2161";"1203";"958"
"5209606";"Heitoraí (GO)";"3354";"2518";"836"
"5209705";"Hidrolândia (GO)";"27742";"22896";"4846"
"5209804";"Hidrolina (GO)";"3545";"2687";"858"
"5209903";"Iaciara (GO)";"10584";"8268";"2316"
"5209937";"Inaciolândia (GO)";"5954";"5347";"607"
"5209952";"Indiara (GO)";"17061";"15091";"1970"
"5210000";"Inhumas (GO)";"52204";"49143";"3061"
"5210109";"Ipameri (GO)";"25548";"22309";"3239"
"5210158";"Ipiranga de Goiás (GO)";"2919";"1553";"1366"
"5210208";"Iporá (GO)";"35684";"33015";"2669"
"5210307";"Israelândia (GO)";"2560";"2021";"539"
"5210406";"Itaberaí (GO)";"44734";"38843";"5891"
"5210562";"Itaguari (GO)";"4963";"4559";"404"
"5210604";"Itaguaru (GO)";"4904";"4223";"681"
"5210802";"Itajá (GO)";"4380";"3368";"1012"
"5210901";"Itapaci (GO)";"21087";"19498";"1589"
"5211008";"Itapirapuã (GO)";"8007";"5933";"2074"
"5211206";"Itapuranga (GO)";"26113";"21601";"4512"
"5211305";"Itarumã (GO)";"6101";"4023";"2078"
"5211404";"Itauçu (GO)";"7736";"6099";"1637"
"5211503";"Itumbiara (GO)";"107970";"104492";"3478"
"5211602";"Ivolândia (GO)";"2693";"1554";"1139"
"5211701";"Jandaia (GO)";"6272";"4210";"2062"
"5211800";"Jaraguá (GO)";"45223";"39287";"5936"
"5211909";"Jataí (GO)";"105729";"99668";"6061"
"5212006";"Jaupaci (GO)";"2924";"2216";"708"
"5212055";"Jesúpolis (GO)";"2123";"1837";"286"
"5212105";"Joviânia (GO)";"7159";"6598";"561"
"5212204";"Jussara (GO)";"19620";"16102";"3518"
"5212253";"Lagoa Santa (GO)";"1390";"1068";"322"
"5212303";"Leopoldo de Bulhões (GO)";"8745";"5216";"3529"
"5212501";"Luziânia (GO)";"209129";"201126";"8003"
"5212600";"Mairipotaba (GO)";"2561";"1712";"849"
"5212709";"Mambaí (GO)";"8124";"6135";"1989"
"5212808";"Mara Rosa (GO)";"10700";"8290";"2410"
"5212907";"Marzagão (GO)";"2758";"2453";"305"
"5212956";"Matrinchã (GO)";"4042";"2985";"1057"
"5213004";"Maurilândia (GO)";"10304";"9962";"342"
"5213053";"Mimoso de Goiás (GO)";"2614";"1246";"1368"
"5213087";"Minaçu (GO)";"27075";"23566";"3509"
"5213103";"Mineiros (GO)";"70081";"65641";"4440"
"5213400";"Moiporá (GO)";"1685";"1072";"613"
"5213509";"Monte Alegre de Goiás (GO)";"6692";"3013";"3679"
"5213707";"Montes Claros de Goiás (GO)";"8756";"6692";"2064"
"5213756";"Montividiu (GO)";"12521";"10571";"1950"
"5213772";"Montividiu do Norte (GO)";"3779";"1872";"1907"
"5213806";"Morrinhos (GO)";"51351";"46231";"5120"
"5213855";"Morro Agudo de Goiás (GO)";"2456";"1897";"559"
"5213905";"Mossâmedes (GO)";"4654";"3170";"1484"
"5214002";"Mozarlândia (GO)";"14750";"13630";"1120"
"5214051";"Mundo Novo (GO)";"6189";"3667";"2522"
"5214101";"Mutunópolis (GO)";"3564";"2523";"1041"
"5214408";"Nazário (GO)";"8189";"6606";"1583"
"5214507";"Nerópolis (GO)";"31932";"30954";"978"
"5214606";"Niquelândia (GO)";"34964";"27298";"7666"
"5214705";"Nova América (GO)";"2337";"1676";"661"
"5214804";"Nova Aurora (GO)";"2101";"1878";"223"
"5214838";"Nova Crixás (GO)";"12815";"9441";"3374"
"5214861";"Nova Glória (GO)";"8310";"5770";"2540"
"5214879";"Nova Iguaçu de Goiás (GO)";"3010";"2278";"732"
"5214903";"Nova Roma (GO)";"3076";"1398";"1678"
"5215009";"Nova Veneza (GO)";"9481";"8245";"1236"
"5215207";"Novo Brasil (GO)";"3527";"2402";"1125"
"5215231";"Novo Gama (GO)";"103804";"103275";"529"
"5215256";"Novo Planalto (GO)";"3716";"2721";"995"
"5215306";"Orizona (GO)";"16399";"11087";"5312"
"5215405";"Ouro Verde de Goiás (GO)";"4057";"2847";"1210"
"5215504";"Ouvidor (GO)";"7200";"6604";"596"
"5215603";"Padre Bernardo (GO)";"34967";"30125";"4842"
"5215652";"Palestina de Goiás (GO)";"3132";"2070";"1062"
"5215702";"Palmeiras de Goiás (GO)";"31858";"28251";"3607"
"5215801";"Palmelo (GO)";"2259";"2098";"161"
"5215900";"Palminópolis (GO)";"3851";"2881";"970"
"5216007";"Panamá (GO)";"2455";"1942";"513"
"5216304";"Paranaiguara (GO)";"7607";"6973";"634"
"5216403";"Paraúna (GO)";"10659";"8522";"2137"
"5216452";"Perolândia (GO)";"2964";"2260";"704"
"5216809";"Petrolina de Goiás (GO)";"9573";"6786";"2787"
"5216908";"Pilar de Goiás (GO)";"2328";"1066";"1262"
"5217104";"Piracanjuba (GO)";"24883";"19852";"5031"
"5217203";"Piranhas (GO)";"11712";"9782";"1930"
"5217302";"Pirenópolis (GO)";"26690";"18103";"8587"
"5217401";"Pires do Rio (GO)";"32373";"30348";"2025"
"5217609";"Planaltina (GO)";"105031";"99160";"5871"
"5217708";"Pontalina (GO)";"18309";"15524";"2785"
"5218003";"Porangatu (GO)";"44317";"39083";"5234"
"5218052";"Porteirão (GO)";"4070";"3794";"276"
"5218102";"Portelândia (GO)";"3280";"2848";"432"
"5218300";"Posse (GO)";"34914";"28772";"6142"
"5218391";"Professor Jamil (GO)";"3649";"2569";"1080"
"5218508";"Quirinópolis (GO)";"48447";"44921";"3526"
"5218607";"Rialma (GO)";"12165";"11503";"662"
"5218706";"Rianápolis (GO)";"3980";"3560";"420"
"5218789";"Rio Quente (GO)";"3864";"3366";"498"
"5218805";"Rio Verde (GO)";"225696";"212580";"13116"
"5218904";"Rubiataba (GO)";"19788";"17532";"2256"
"5219001";"Sanclerlândia (GO)";"7918";"6783";"1135"
"5219100";"Santa Bárbara de Goiás (GO)";"6149";"5627";"522"
"5219209";"Santa Cruz de Goiás (GO)";"3002";"968";"2034"
"5219258";"Santa Fé de Goiás (GO)";"4951";"4010";"941"
"5219308";"Santa Helena de Goiás (GO)";"38492";"36917";"1575"
"5219357";"Santa Isabel (GO)";"3538";"2587";"951"
"5219407";"Santa Rita do Araguaia (GO)";"5924";"5427";"497"
"5219456";"Santa Rita do Novo Destino (GO)";"2689";"1545";"1144"
"5219506";"Santa Rosa de Goiás (GO)";"2820";"2161";"659"
"5219605";"Santa Tereza de Goiás (GO)";"3293";"2881";"412"
"5219704";"Santa Terezinha de Goiás (GO)";"10645";"7896";"2749"
"5219712";"Santo Antônio da Barra (GO)";"4267";"3542";"725"
"5219738";"Santo Antônio de Goiás (GO)";"7386";"6855";"531"
"5219753";"Santo Antônio do Descoberto (GO)";"72127";"68889";"3238"
"5219803";"São Domingos (GO)";"9711";"5897";"3814"
"5219902";"São Francisco de Goiás (GO)";"6378";"5031";"1347"
"5220009";"São João d'Aliança (GO)";"14041";"9114";"4927"
"5220058";"São João da Paraúna (GO)";"1774";"1385";"389"
"5220108";"São Luís de Montes Belos (GO)";"33852";"31069";"2783"
"5220157";"São Luiz do Norte (GO)";"4837";"4235";"602"
"5220207";"São Miguel do Araguaia (GO)";"21900";"18872";"3028"
"5220264";"São Miguel do Passa Quatro (GO)";"4464";"2933";"1531"
"5220280";"São Patrício (GO)";"2143";"1426";"717"
"5220405";"São Simão (GO)";"17020";"16788";"232"
"5220454";"Senador Canedo (GO)";"155635";"154556";"1079"
"5220504";"Serranópolis (GO)";"8027";"6531";"1496"
"5220603";"Silvânia (GO)";"22245";"16017";"6228"
"5220686";"Simolândia (GO)";"5742";"4903";"839"
"5220702";"Sítio d'Abadia (GO)";"2927";"982";"1945"
"5221007";"Taquaral de Goiás (GO)";"4026";"3359";"667"
"5221080";"Teresina de Goiás (GO)";"2701";"1876";"825"
"5221197";"Terezópolis de Goiás (GO)";"7944";"7413";"531"
"5221304";"Três Ranchos (GO)";"2921";"2592";"329"
"5221403";"Trindade (GO)";"142431";"139492";"2939"
"5221452";"Trombas (GO)";"3120";"2117";"1003"
"5221502";"Turvânia (GO)";"4480";"3730";"750"
"5221551";"Turvelândia (GO)";"4985";"3935";"1050"
"5221577";"Uirapuru (GO)";"2798";"1847";"951"
"5221601";"Uruaçu (GO)";"42546";"39456";"3090"
"5221700";"Uruana (GO)";"13729";"11711";"2018"
"5221809";"Urutaí (GO)";"3553";"2385";"1168"
"5221858";"Valparaíso de Goiás (GO)";"198861";"198861";"-"
"5221908";"Varjão (GO)";"3716";"2203";"1513"
"5222005";"Vianópolis (GO)";"14956";"11831";"3125"
"5222054";"Vicentinópolis (GO)";"8768";"7968";"800"
"5222203";"Vila Boa (GO)";"4215";"3323";"892"
"5222302";"Vila Propício (GO)";"5815";"3532";"2283"
"5300108";"Brasília (DF)";"2817381";"2718082";"99299"
"1100122";"Ji-Paraná";"124333";"112983";"11350"
"1100205";"Porto Velho/RO";"482744";"443358";"39386"
"1200401";"Rio Branco";"364756";"341025";"23731"
"1302603";"Manaus";"2063689";"2043677";"20012"
"1303403";"Parintins";"96372";"79675";"16697"
"1400100";"Boa Vista";"413486";"402169";"11317"
"1500107";"Abaetetuba";"158188";"98390";"59798"
"1501402";"Belém/PA";"1957533";"1945708";"11825"
"1501709";"Bragança";"123082";"87608";"35474"
"1502103";"Cametá";"134184";"68213";"65971"
"1502400";"Castanhal";"192256";"177867";"14389"
"1504208";"Marabá";"266533";"239719";"26814"
"1505536";"Parauapebas";"267836";"258225";"9611"
"1506807";"Santarém";"331942";"264507";"67435"
"1600303";"Macapá/AP";"550551";"522032";"28519"
"1702109";"Araguaína";"171301";"166572";"4729"
"1721000";"Palmas";"302692";"296241";"6451"
"2100055";"Açailândia";"106550";"94580";"11970"
"2101202";"Bacabal";"103711";"83031";"20680"
"2103000";"Caxias";"156973";"121275";"35698"
"2103307";"Codó";"114275";"83203";"31072"
"2105302";"Imperatriz/MA";"287514";"274718";"12796"
"2111300";"São Luís/MA";"1458836";"1446216";"12620"
"2207702";"Parnaíba";"162159";"154662";"7497"
"2211001";"Teresina/PI";"1040765";"977041";"63724"
"2304400";"Fortaleza/CE";"3424978";"3335443";"89535"
"2306405";"Itapipoca";"131123";"76685";"54438"
"2307304";"Juazeiro do Norte/CE";"492203";"440286";"51917"
"2312908";"Sobral/CE";"227196";"196142";"31054"
"2408003";"Mossoró";"264577";"245330";"19247"
"2408102";"Natal/RN";"1263738";"1227483";"36255"
"2504009";"Campina Grande/PB";"523183";"466365";"56818"
"2507507";"João Pessoa/PB";"1173268";"1146942";"26326"
"2510808";"Patos/PB";"104908";"101052";"3856"
"2604106";"Caruaru";"378048";"348487";"29561"
"2606002";"Garanhuns";"142506";"129585";"12921"
"2611101";"Petrolina/PE - Juazeiro/BA";"624612";"552130";"72482"
"2611606";"Recife/PE";"3783639";"3719078";"64561"
"2616407";"Vitória de Santo Antão";"134084";"121364";"12720"
"2700300";"Arapiraca";"234696";"216413";"18283"
"2704302";"Maceió/AL";"1194596";"1186069";"8527"
"2800308";"Aracaju/SE";"1019011";"991005";"28006"
"2900702";"Alagoinhas";"151055";"132509";"18546"
"2903201";"Barreiras";"159734";"143943";"15791"
"2910727";"Eunápolis";"113710";"106861";"6849"
"2910800";"Feira de Santana";"616272";"578086";"38186"
"2913606";"Ilhéus";"178649";"161851";"16798"
"2914802";"Itabuna";"186708";"183648";"3060"
"2918001";"Jequié";"158813";"147036";"11777"
"2924009";"Paulo Afonso";"112870";"98589";"14281"
"2925303";"Porto Seguro";"168326";"151519";"16807"
"2927408";"Salvador/BA";"3320568";"3286478";"34090"
"2931350";"Teixeira de Freitas";"145216";"140983";"4233"
"2933307";"Vitória da Conquista";"370879";"334412";"36467"
"3103504";"Araguari";"117808";"111224";"6584"
"3105608";"Barbacena/MG";"143343";"128663";"14680"
"3106200";"Belo Horizonte/MG";"4963704";"4927986";"35718"
"3118304";"Conselheiro Lafaiete/MG";"235191";"222290";"12901"
"3122306";"Divinópolis";"231091";"225480";"5611"
"3127701";"Governador Valadares";"257171";"248924";"8247"
"3131307";"Ipatinga/MG";"517938";"504516";"13422"
"3131703";"Itabira";"113343";"105995";"7348"
"3132404";"Itajubá/MG";"114723";"95835";"18888"
"3136702";"Juiz de Fora/MG";"564774";"555868";"8906"
"3138203";"Lavras/MG";"122482";"115863";"6619"
"3143302";"Montes Claros";"414240";"397426";"16814"
"3143906";"Muriaé";"104108";"97858";"6250"
"3147907";"Passos/MG";"115416";"109938";"5478"
"3148004";"Patos de Minas";"159235";"149348";"9887"
"3151800";"Poços de Caldas";"163742";"160094";"3648"
"3152501";"Pouso Alegre";"152217";"139608";"12609"
"3162500";"São João del Rei/MG";"109564";"102093";"7471"
"3167202";"Sete Lagoas/MG";"245102";"235108";"9994"
"3168606";"Teófilo Otoni";"137418";"116963";"20455"
"3169901";"Ubá/MG";"112029";"107258";"4771"
"3170107";"Uberaba";"337836";"330362";"7474"
"3170206";"Uberlândia";"713224";"703198";"10026"
"3170701";"Varginha";"136467";"132780";"3687"
"3201209";"Cachoeiro de Itapemirim";"185786";"173720";"12066"
"3201506";"Colatina";"120033";"107205";"12828"
"3202405";"Guarapari";"124656";"118113";"6543"
"3203205";"Linhares";"166786";"147814";"18972"
"3204906";"São Mateus";"123752";"100109";"23643"
"3205309";"Vitória/ES";"1756172";"1734046";"22126"
"3300100";"Angra dos Reis";"167434";"163657";"3777"
"3300209";"Araruama/RJ";"157591";"152301";"5290"
"3300704";"Cabo Frio/RJ";"397182";"393243";"3939"
"3301009";"Campos dos Goytacazes/RJ";"520113";"481522";"38591"
"3302403";"Macaé - Rio das Ostras/RJ";"483943";"469849";"14094"
"3303401";"Nova Friburgo";"189939";"170778";"19161"
"3303906";"Petrópolis/RJ";"290709";"281237";"9472"
"3304201";"Resende/RJ";"194575";"189480";"5095"
"3304557";"Rio de Janeiro/RJ";"11760550";"11731489";"29061"
"3305802";"Teresópolis";"165123";"146010";"19113"
"3306008";"Três Rios - Paraíba do Sul/RJ";"135697";"128281";"7416"
"3306305";"Volta Redonda - Barra Mansa/RJ";"455755";"451872";"3883"
"3501608";"Americana - Santa Bárbara d´Oeste/SP";"482606";"480705";"1901"
"3502804";"Araçatuba";"200124";"196751";"3373"
"3503208";"Araraquara/SP";"296196";"290124";"6072"
"3503307";"Araras";"130866";"126982";"3884"
"3504107";"Atibaia/SP";"180653";"162595";"18058"
"3505500";"Barretos";"122485";"118864";"3621"
"3506003";"Bauru/SP";"394254";"383088";"11166"
"3506508";"Birigui/SP";"132300";"128044";"4256"
"3507506";"Botucatu";"145155";"140601";"4554"
"3507605";"Bragança Paulista";"176811";"164358";"12453"
"3509502";"Campinas/SP";"2093118";"2075078";"18040"
"3510500";"Caraguatatuba - Ubatuba - São Sebastião/SP";"344383";"334140";"10243"
"3511102";"Catanduva/SP";"150501";"147291";"3210"
"3516200";"Franca/SP";"397769";"383987";"13782"
"3518404";"Guaratinguetá/SP";"181837";"172592";"9245"
"3520509";"Indaiatuba";"255748";"251296";"4452"
"3522307";"Itapetininga/SP";"163931";"147102";"16829"
"3523404";"Itatiba";"121590";"117099";"4491"
"3523909";"Itu - Salto/SP";"302559";"293623";"8936"
"3525300";"Jaú";"133497";"131154";"2343"
"3525904";"Jundiaí/SP";"843633";"813714";"29919"
"3526902";"Limeira/SP";"313836";"304896";"8940"
"3529005";"Marília/SP";"253888";"249665";"4223"
"3530706";"Mogi Guaçu - Mogi Mirim/SP";"257511";"247034";"10477"
"3534708";"Ourinhos/SP";"110253";"108179";"2074"
"3538709";"Piracicaba/SP";"478347";"466166";"12181"
"3541406";"Presidente Prudente/SP";"357402";"336621";"20781"
"3543402";"Ribeirão Preto/SP";"861177";"852740";"8437"
"3543907";"Rio Claro/SP";"231860";"228309";"3551"
"3548500";"Baixada Santista/SP";"1672991";"1668445";"4546"
"3548906";"São Carlos/SP";"287035";"281189";"5846"
"3549805";"São José do Rio Preto/SP";"660744";"646091";"14653"
"3549904";"São José dos Campos/SP";"1589875";"1543651";"46224"
"3550308";"São Paulo/SP";"20673280";"20531039";"142241"
"3550605";"São Roque - Mairinque/SP";"129511";"118179";"11332"
"3551702";"Sertãozinho";"126887";"125732";"1155"
"3552205";"Sorocaba/SP";"945097";"929532";"15565"
"3554003";"Tatuí";"123942";"120091";"3851"
"4101408";"Apucarana";"130134";"125919";"4215"
"4101507";"Arapongas";"119138";"116879";"2259"
"4104808";"Cascavel/PR";"361225";"346025";"15200"
"4106902";"Curitiba/PR";"3382210";"3244317";"137893"
"4108304";"Internacional de Foz do Iguaçu/Brasil - Ciudad del Este/Paraguai";"309677";"305808";"3869"
"4109401";"Guarapuava";"182093";"169606";"12487"
"4113700";"Londrina/PR";"726589";"706796";"19793"
"4115200";"Maringá/PR";"676812";"664999";"11813"
"4118204";"Paranaguá";"145829";"139579";"6250"
"4119905";"Ponta Grossa/PR";"381654";"370712";"10942"
"4127700";"Toledo/PR";"157255";"143075";"14180"
"4128104";"Umuarama/PR";"122960";"115378";"7582"
"4202404";"Blumenau/SC";"522426";"499259";"23167"
"4202909";"Brusque/SC";"171291";"163920";"7371"
"4204202";"Chapecó/SC";"267991";"249211";"18780"
"4204608";"Criciúma/SC";"411806";"378521";"33285"
"4205407";"Florianópolis/SC";"1183874";"1157625";"26249"
"4208203";"Itajaí - Balneário Camboriú/SC";"698843";"678912";"19931"
"4208906";"Jaraguá do Sul/SC";"264699";"245686";"19013"
"4209102";"Joinville/SC";"661600";"639654";"21946"
"4209300";"Lages";"164981";"161249";"3732"
"4215802";"São Bento do Sul - Rio Negrinho/SC";"122538";"113674";"8864"
"4218707";"Tubarão - Laguna/SC";"199473";"181957";"17516"
"4301602";"Bagé/RS";"138794";"127316";"11478"
"4302105";"Bento Gonçalves/RS";"193186";"174123";"19063"
"4305108";"Caxias do Sul/RS";"539845";"513351";"26494"
"4311403";"Lajeado/RS";"185252";"164322";"20930"
"4314100";"Passo Fundo";"206215";"202681";"3534"
"4314407";"Pelotas/RS";"354771";"331276";"23495"
"4314902";"Porto Alegre/RS";"3679298";"3607344";"71954"
"4315602";"Rio Grande";"191900";"183517";"8383"
"4316808";"Santa Cruz do Sul/RS";"159940";"135821";"24119"
"4316907";"Santa Maria/RS";"277307";"265922";"11385"
"4317103";"Internacional de Sant´Ana do Livramento/Brasil - Rivera/Uruguai";"84421";"76922";"7499"
"4321204";"Taquara - Parobé - Igrejinha/RS";"162533";"146017";"16516"
"4321600";"Tramandaí - Osório/RS";"128607";"124717";"3890"
"4322400";"Internacional de Uruguaiana/Brasil";"117210";"111272";"5938"
"5002704";"Campo Grande";"898100";"886582";"11518"
"5003207";"Internacional de Corumbá/Brasil";"117790";"109898";"7892"
"5003702";"Dourados";"243367";"228516";"14851"
"5006606";"Internacional de Pedro Juan Caballero/Paraguai - Ponta Porã/Brasil";"92017";"79687";"12330"
"5008305";"Três Lagoas";"132152";"127333";"4819"
"5103403";"Cuiabá/MT";"950955";"936281";"14674"
"5107602";"Rondonópolis";"244911";"236494";"8417"
"5107909";"Sinop";"196312";"190451";"5861"
"5201108";"Anápolis";"398869";"391652";"7217"
"5205109";"Catalão/GO";"129521";"123607";"5914"
"5208004";"Formosa";"115901";"107513";"8388"
"5208707";"Goiânia/GO";"2481043";"2459570";"21473"
"5218805";"Rio Verde";"225696";"212580";"13116"
"5300108";"Brasília/DF";"3858760";"3735557";"123203"
"Fonte: IBGE - Censo Demográfico"

"Tabela 9923 - População residente, por situação do domicílio"
"Variável - População residente - percentual do total geral"
"Cód.";"Concentração Urbana e Município";"Ano x Situação do domicílio"
"Cód.";"Concentração Urbana e Município";"2022"
"Cód.";"Concentração Urbana e Município";"Total";"Urbana";"Rural"
"1100015";"Alta Floresta D'Oeste (RO)";"100,00";"60,35";"39,65"
"1100023";"Ariquemes (RO)";"100,00";"86,70";"13,30"
"1100031";"Cabixi (RO)";"100,00";"53,19";"46,81"
"1100049";"Cacoal (RO)";"100,00";"82,76";"17,24"
"1100056";"Cerejeiras (RO)";"100,00";"88,84";"11,16"
"1100064";"Colorado do Oeste (RO)";"100,00";"74,76";"25,24"
"1100072";"Corumbiara (RO)";"100,00";"36,97";"63,03"
"1100080";"Costa Marques (RO)";"100,00";"52,82";"47,18"
"1100098";"Espigão D'Oeste (RO)";"100,00";"72,93";"27,07"
"1100106";"Guajará-Mirim (RO)";"100,00";"80,58";"19,42"
"1100114";"Jaru (RO)";"100,00";"78,68";"21,32"
"1100122";"Ji-Paraná (RO)";"100,00";"90,87";"9,13"
"1100130";"Machadinho D'Oeste (RO)";"100,00";"54,17";"45,83"
"1100148";"Nova Brasilândia D'Oeste (RO)";"100,00";"46,62";"53,38"
"1100155";"Ouro Preto do Oeste (RO)";"100,00";"79,05";"20,95"
"1100189";"Pimenta Bueno (RO)";"100,00";"81,84";"18,16"
"1100205";"Porto Velho (RO)";"100,00";"92,59";"7,41"
"1100254";"Presidente Médici (RO)";"100,00";"64,06";"35,94"
"1100262";"Rio Crespo (RO)";"100,00";"41,43";"58,57"
"1100288";"Rolim de Moura (RO)";"100,00";"83,79";"16,21"
"1100296";"Santa Luzia D'Oeste (RO)";"100,00";"43,89";"56,11"
"1100304";"Vilhena (RO)";"100,00";"94,23";"5,77"
"1100320";"São Miguel do Guaporé (RO)";"100,00";"55,29";"44,71"
"1100338";"Nova Mamoré (RO)";"100,00";"57,85";"42,15"
"1100346";"Alvorada D'Oeste (RO)";"100,00";"59,08";"40,92"
"1100379";"Alto Alegre dos Parecis (RO)";"100,00";"43,44";"56,56"
"1100403";"Alto Paraíso (RO)";"100,00";"49,99";"50,01"
"1100452";"Buritis (RO)";"100,00";"69,36";"30,64"
"1100502";"Novo Horizonte do Oeste (RO)";"100,00";"43,16";"56,84"
"1100601";"Cacaulândia (RO)";"100,00";"46,55";"53,45"
"1100700";"Campo Novo de Rondônia (RO)";"100,00";"30,88";"69,12"
"1100809";"Candeias do Jamari (RO)";"100,00";"76,46";"23,54"
"1100908";"Castanheiras (RO)";"100,00";"23,72";"76,28"
"1100924";"Chupinguaia (RO)";"100,00";"56,86";"43,14"
"1100940";"Cujubim (RO)";"100,00";"65,42";"34,58"
"1101005";"Governador Jorge Teixeira (RO)";"100,00";"31,78";"68,22"
"1101104";"Itapuã do Oeste (RO)";"100,00";"69,21";"30,79"
"1101203";"Ministro Andreazza (RO)";"100,00";"45,86";"54,14"
"1101302";"Mirante da Serra (RO)";"100,00";"54,00";"46,00"
"1101401";"Monte Negro (RO)";"100,00";"45,61";"54,39"
"1101435";"Nova União (RO)";"100,00";"27,21";"72,79"
"1101450";"Parecis (RO)";"100,00";"35,25";"64,75"
"1101468";"Pimenteiras do Oeste (RO)";"100,00";"56,73";"43,27"
"1101476";"Primavera de Rondônia (RO)";"100,00";"45,19";"54,81"
"1101484";"São Felipe D'Oeste (RO)";"100,00";"41,16";"58,84"
"1101492";"São Francisco do Guaporé (RO)";"100,00";"56,86";"43,14"
"1101500";"Seringueiras (RO)";"100,00";"45,53";"54,47"
"1101559";"Teixeirópolis (RO)";"100,00";"38,56";"61,44"
"1101609";"Theobroma (RO)";"100,00";"30,70";"69,30"
"1101708";"Urupá (RO)";"100,00";"51,25";"48,75"
"1101757";"Vale do Anari (RO)";"100,00";"45,11";"54,89"
"1101807";"Vale do Paraíso (RO)";"100,00";"39,36";"60,64"
"1200013";"Acrelândia (AC)";"100,00";"55,38";"44,62"
"1200054";"Assis Brasil (AC)";"100,00";"59,48";"40,52"
"1200104";"Brasiléia (AC)";"100,00";"64,40";"35,60"
"1200138";"Bujari (AC)";"100,00";"46,00";"54,00"
"1200179";"Capixaba (AC)";"100,00";"40,66";"59,34"
"1200203";"Cruzeiro do Sul (AC)";"100,00";"74,24";"25,76"
"1200252";"Epitaciolândia (AC)";"100,00";"68,89";"31,11"
"1200302";"Feijó (AC)";"100,00";"51,13";"48,87"
"1200328";"Jordão (AC)";"100,00";"39,84";"60,16"
"1200336";"Mâncio Lima (AC)";"100,00";"65,96";"34,04"
"1200344";"Manoel Urbano (AC)";"100,00";"56,06";"43,94"
"1200351";"Marechal Thaumaturgo (AC)";"100,00";"34,48";"65,52"
"1200385";"Plácido de Castro (AC)";"100,00";"64,85";"35,15"
"1200393";"Porto Walter (AC)";"100,00";"46,12";"53,88"
"1200401";"Rio Branco (AC)";"100,00";"93,49";"6,51"
"1200427";"Rodrigues Alves (AC)";"100,00";"38,08";"61,92"
"1200435";"Santa Rosa do Purus (AC)";"100,00";"48,95";"51,05"
"1200450";"Senador Guiomard (AC)";"100,00";"62,25";"37,75"
"1200500";"Sena Madureira (AC)";"100,00";"65,17";"34,83"
"1200609";"Tarauacá (AC)";"100,00";"56,17";"43,83"
"1200708";"Xapuri (AC)";"100,00";"56,50";"43,50"
"1200807";"Porto Acre (AC)";"100,00";"56,70";"43,30"
"1300029";"Alvarães (AM)";"100,00";"55,02";"44,98"
"1300060";"Amaturá (AM)";"100,00";"71,83";"28,17"
"1300086";"Anamã (AM)";"100,00";"48,29";"51,71"
"1300102";"Anori (AM)";"100,00";"63,10";"36,90"
"1300144";"Apuí (AM)";"100,00";"52,99";"47,01"
"1300201";"Atalaia do Norte (AM)";"100,00";"51,80";"48,20"
"1300300";"Autazes (AM)";"100,00";"44,71";"55,29"
"1300409";"Barcelos (AM)";"100,00";"55,54";"44,46"
"1300508";"Barreirinha (AM)";"100,00";"54,68";"45,32"
"1300607";"Benjamin Constant (AM)";"100,00";"76,48";"23,52"
"1300631";"Beruri (AM)";"100,00";"58,31";"41,69"
"1300680";"Boa Vista do Ramos (AM)";"100,00";"49,92";"50,08"
"1300706";"Boca do Acre (AM)";"100,00";"62,42";"37,58"
"1300805";"Borba (AM)";"100,00";"61,72";"38,28"
"1300839";"Caapiranga (AM)";"100,00";"51,71";"48,29"
"1300904";"Canutama (AM)";"100,00";"59,80";"40,20"
"1301001";"Carauari (AM)";"100,00";"78,91";"21,09"
"1301100";"Careiro (AM)";"100,00";"42,02";"57,98"
"1301159";"Careiro da Várzea (AM)";"100,00";"15,07";"84,93"
"1301209";"Coari (AM)";"100,00";"74,91";"25,09"
"1301308";"Codajás (AM)";"100,00";"75,74";"24,26"
"1301407";"Eirunepé (AM)";"100,00";"78,06";"21,94"
"1301506";"Envira (AM)";"100,00";"74,46";"25,54"
"1301605";"Fonte Boa (AM)";"100,00";"69,82";"30,18"
"1301654";"Guajará (AM)";"100,00";"67,01";"32,99"
"1301704";"Humaitá (AM)";"100,00";"73,45";"26,55"
"1301803";"Ipixuna (AM)";"100,00";"67,94";"32,06"
"1301852";"Iranduba (AM)";"100,00";"76,26";"23,74"
"1301902";"Itacoatiara (AM)";"100,00";"70,49";"29,51"
"1301951";"Itamarati (AM)";"100,00";"67,67";"32,33"
"1302009";"Itapiranga (AM)";"100,00";"78,26";"21,74"
"1302108";"Japurá (AM)";"100,00";"56,39";"43,61"
"1302207";"Juruá (AM)";"100,00";"67,17";"32,83"
"1302306";"Jutaí (AM)";"100,00";"64,21";"35,79"
"1302405";"Lábrea (AM)";"100,00";"60,92";"39,08"
"1302504";"Manacapuru (AM)";"100,00";"65,13";"34,87"
"1302553";"Manaquiri (AM)";"100,00";"38,60";"61,40"
"1302603";"Manaus (AM)";"100,00";"99,03";"0,97"
"1302702";"Manicoré (AM)";"100,00";"56,93";"43,07"
"1302801";"Maraã (AM)";"100,00";"51,04";"48,96"
"1302900";"Maués (AM)";"100,00";"47,70";"52,30"
"1303007";"Nhamundá (AM)";"100,00";"37,23";"62,77"
"1303106";"Nova Olinda do Norte (AM)";"100,00";"60,83";"39,17"
"1303205";"Novo Airão (AM)";"100,00";"75,10";"24,90"
"1303304";"Novo Aripuanã (AM)";"100,00";"75,18";"24,82"
"1303403";"Parintins (AM)";"100,00";"82,67";"17,33"
"1303502";"Pauini (AM)";"100,00";"61,42";"38,58"
"1303536";"Presidente Figueiredo (AM)";"100,00";"54,69";"45,31"
"1303569";"Rio Preto da Eva (AM)";"100,00";"56,73";"43,27"
"1303601";"Santa Isabel do Rio Negro (AM)";"100,00";"48,73";"51,27"
"1303700";"Santo Antônio do Içá (AM)";"100,00";"77,63";"22,37"
"1303809";"São Gabriel da Cachoeira (AM)";"100,00";"51,36";"48,64"
"1303908";"São Paulo de Olivença (AM)";"100,00";"73,16";"26,84"
"1303957";"São Sebastião do Uatumã (AM)";"100,00";"81,64";"18,36"
"1304005";"Silves (AM)";"100,00";"44,48";"55,52"
"1304062";"Tabatinga (AM)";"100,00";"83,40";"16,60"
"1304104";"Tapauá (AM)";"100,00";"57,85";"42,15"
"1304203";"Tefé (AM)";"100,00";"80,88";"19,12"
"1304237";"Tonantins (AM)";"100,00";"58,95";"41,05"
"1304260";"Uarini (AM)";"100,00";"67,66";"32,34"
"1304302";"Urucará (AM)";"100,00";"66,21";"33,79"
"1304401";"Urucurituba (AM)";"100,00";"64,99";"35,01"
"1400027";"Amajari (RR)";"100,00";"15,89";"84,11"
"1400050";"Alto Alegre (RR)";"100,00";"22,58";"77,42"
"1400100";"Boa Vista (RR)";"100,00";"97,26";"2,74"
"1400159";"Bonfim (RR)";"100,00";"36,39";"63,61"
"1400175";"Cantá (RR)";"100,00";"24,77";"75,23"
"1400209";"Caracaraí (RR)";"100,00";"53,03";"46,97"
"1400233";"Caroebe (RR)";"100,00";"46,41";"53,59"
"1400282";"Iracema (RR)";"100,00";"42,55";"57,45"
"1400308";"Mucajaí (RR)";"100,00";"55,93";"44,07"
"1400407";"Normandia (RR)";"100,00";"23,12";"76,88"
"1400456";"Pacaraima (RR)";"100,00";"47,92";"52,08"
"1400472";"Rorainópolis (RR)";"100,00";"74,42";"25,58"
"1400506";"São João da Baliza (RR)";"100,00";"70,98";"29,02"
"1400605";"São Luiz do Anauá (RR)";"100,00";"59,64";"40,36"
"1400704";"Uiramutã (RR)";"100,00";"7,68";"92,32"
"1500107";"Abaetetuba (PA)";"100,00";"62,20";"37,80"
"1500131";"Abel Figueiredo (PA)";"100,00";"87,45";"12,55"
"1500206";"Acará (PA)";"100,00";"22,16";"77,84"
"1500305";"Afuá (PA)";"100,00";"31,44";"68,56"
"1500347";"Água Azul do Norte (PA)";"100,00";"51,45";"48,55"
"1500404";"Alenquer (PA)";"100,00";"50,67";"49,33"
"1500503";"Almeirim (PA)";"100,00";"65,64";"34,36"
"1500602";"Altamira (PA)";"100,00";"82,52";"17,48"
"1500701";"Anajás (PA)";"100,00";"43,93";"56,07"
"1500800";"Ananindeua (PA)";"100,00";"99,69";"0,31"
"1500859";"Anapu (PA)";"100,00";"49,73";"50,27"
"1500909";"Augusto Corrêa (PA)";"100,00";"51,48";"48,52"
"1500958";"Aurora do Pará (PA)";"100,00";"42,63";"57,37"
"1501006";"Aveiro (PA)";"100,00";"24,15";"75,85"
"1501105";"Bagre (PA)";"100,00";"40,77";"59,23"
"1501204";"Baião (PA)";"100,00";"52,89";"47,11"
"1501253";"Bannach (PA)";"100,00";"39,97";"60,03"
"1501303";"Barcarena (PA)";"100,00";"82,50";"17,50"
"1501402";"Belém (PA)";"100,00";"99,48";"0,52"
"1501451";"Belterra (PA)";"100,00";"48,50";"51,50"
"1501501";"Benevides (PA)";"100,00";"94,86";"5,14"
"1501576";"Bom Jesus do Tocantins (PA)";"100,00";"57,39";"42,61"
"1501600";"Bonito (PA)";"100,00";"54,86";"45,14"
"1501709";"Bragança (PA)";"100,00";"71,18";"28,82"
"1501725";"Brasil Novo (PA)";"100,00";"54,23";"45,77"
"1501758";"Brejo Grande do Araguaia (PA)";"100,00";"55,90";"44,10"
"1501782";"Breu Branco (PA)";"100,00";"62,35";"37,65"
"1501808";"Breves (PA)";"100,00";"51,89";"48,11"
"1501907";"Bujaru (PA)";"100,00";"35,52";"64,48"
"1501956";"Cachoeira do Piriá (PA)";"100,00";"36,43";"63,57"
"1502004";"Cachoeira do Arari (PA)";"100,00";"47,38";"52,62"
"1502103";"Cametá (PA)";"100,00";"50,84";"49,16"
"1502152";"Canaã dos Carajás (PA)";"100,00";"89,95";"10,05"
"1502202";"Capanema (PA)";"100,00";"84,81";"15,19"
"1502301";"Capitão Poço (PA)";"100,00";"55,22";"44,78"
"1502400";"Castanhal (PA)";"100,00";"92,52";"7,48"
"1502509";"Chaves (PA)";"100,00";"22,58";"77,42"
"1502608";"Colares (PA)";"100,00";"39,58";"60,42"
"1502707";"Conceição do Araguaia (PA)";"100,00";"74,31";"25,69"
"1502756";"Concórdia do Pará (PA)";"100,00";"61,35";"38,65"
"1502764";"Cumaru do Norte (PA)";"100,00";"35,63";"64,37"
"1502772";"Curionópolis (PA)";"100,00";"89,75";"10,25"
"1502806";"Curralinho (PA)";"100,00";"39,86";"60,14"
"1502855";"Curuá (PA)";"100,00";"52,12";"47,88"
"1502905";"Curuçá (PA)";"100,00";"59,90";"40,10"
"1502939";"Dom Eliseu (PA)";"100,00";"84,33";"15,67"
"1502954";"Eldorado do Carajás (PA)";"100,00";"61,20";"38,80"
"1503002";"Faro (PA)";"100,00";"82,47";"17,53"
"1503044";"Floresta do Araguaia (PA)";"100,00";"58,38";"41,62"
"1503077";"Garrafão do Norte (PA)";"100,00";"57,43";"42,57"
"1503093";"Goianésia do Pará (PA)";"100,00";"63,69";"36,31"
"1503101";"Gurupá (PA)";"100,00";"41,62";"58,38"
"1503200";"Igarapé-Açu (PA)";"100,00";"69,45";"30,55"
"1503309";"Igarapé-Miri (PA)";"100,00";"44,59";"55,41"
"1503408";"Inhangapi (PA)";"100,00";"35,44";"64,56"
"1503457";"Ipixuna do Pará (PA)";"100,00";"51,21";"48,79"
"1503507";"Irituia (PA)";"100,00";"28,94";"71,06"
"1503606";"Itaituba (PA)";"100,00";"87,00";"13,00"
"1503705";"Itupiranga (PA)";"100,00";"57,40";"42,60"
"1503754";"Jacareacanga (PA)";"100,00";"42,22";"57,78"
"1503804";"Jacundá (PA)";"100,00";"89,38";"10,62"
"1503903";"Juruti (PA)";"100,00";"58,55";"41,45"
"1504000";"Limoeiro do Ajuru (PA)";"100,00";"29,54";"70,46"
"1504059";"Mãe do Rio (PA)";"100,00";"81,02";"18,98"
"1504109";"Magalhães Barata (PA)";"100,00";"47,53";"52,47"
"1504208";"Marabá (PA)";"100,00";"89,94";"10,06"
"1504307";"Maracanã (PA)";"100,00";"41,63";"58,37"
"1504406";"Marapanim (PA)";"100,00";"57,39";"42,61"
"1504422";"Marituba (PA)";"100,00";"99,73";"0,27"
"1504455";"Medicilândia (PA)";"100,00";"39,66";"60,34"
"1504505";"Melgaço (PA)";"100,00";"34,64";"65,36"
"1504604";"Mocajuba (PA)";"100,00";"71,42";"28,58"
"1504703";"Moju (PA)";"100,00";"39,49";"60,51"
"1504752";"Mojuí dos Campos (PA)";"100,00";"36,01";"63,99"
"1504802";"Monte Alegre (PA)";"100,00";"54,41";"45,59"
"1504901";"Muaná (PA)";"100,00";"43,12";"56,88"
"1504950";"Nova Esperança do Piriá (PA)";"100,00";"62,16";"37,84"
"1504976";"Nova Ipixuna (PA)";"100,00";"50,52";"49,48"
"1505007";"Nova Timboteua (PA)";"100,00";"71,10";"28,90"
"1505031";"Novo Progresso (PA)";"100,00";"80,06";"19,94"
"1505064";"Novo Repartimento (PA)";"100,00";"53,83";"46,18"
"1505106";"Óbidos (PA)";"100,00";"60,69";"39,31"
"1505205";"Oeiras do Pará (PA)";"100,00";"46,30";"53,70"
"1505304";"Oriximiná (PA)";"100,00";"69,34";"30,66"
"1505403";"Ourém (PA)";"100,00";"60,96";"39,04"
"1505437";"Ourilândia do Norte (PA)";"100,00";"84,69";"15,31"
"1505486";"Pacajá (PA)";"100,00";"46,14";"53,86"
"1505494";"Palestina do Pará (PA)";"100,00";"68,61";"31,39"
"1505502";"Paragominas (PA)";"100,00";"91,09";"8,91"
"1505536";"Parauapebas (PA)";"100,00";"96,41";"3,59"
"1505551";"Pau D'Arco (PA)";"100,00";"61,16";"38,84"
"1505601";"Peixe-Boi (PA)";"100,00";"60,18";"39,82"
"1505635";"Piçarra (PA)";"100,00";"41,44";"58,56"
"1505650";"Placas (PA)";"100,00";"43,18";"56,82"
"1505700";"Ponta de Pedras (PA)";"100,00";"52,04";"47,96"
"1505809";"Portel (PA)";"100,00";"48,35";"51,65"
"1505908";"Porto de Moz (PA)";"100,00";"48,93";"51,07"
"1506005";"Prainha (PA)";"100,00";"52,06";"47,94"
"1506104";"Primavera (PA)";"100,00";"66,37";"33,63"
"1506112";"Quatipuru (PA)";"100,00";"83,75";"16,25"
"1506138";"Redenção (PA)";"100,00";"95,37";"4,63"
"1506161";"Rio Maria (PA)";"100,00";"75,99";"24,01"
"1506187";"Rondon do Pará (PA)";"100,00";"63,74";"36,26"
"1506195";"Rurópolis (PA)";"100,00";"60,49";"39,51"
"1506203";"Salinópolis (PA)";"100,00";"91,89";"8,11"
"1506302";"Salvaterra (PA)";"100,00";"73,83";"26,17"
"1506351";"Santa Bárbara do Pará (PA)";"100,00";"65,27";"34,73"
"1506401";"Santa Cruz do Arari (PA)";"100,00";"84,22";"15,78"
"1506500";"Santa Izabel do Pará (PA)";"100,00";"80,35";"19,65"
"1506559";"Santa Luzia do Pará (PA)";"100,00";"53,77";"46,23"
"1506583";"Santa Maria das Barreiras (PA)";"100,00";"49,43";"50,57"
"1506609";"Santa Maria do Pará (PA)";"100,00";"69,36";"30,64"
"1506708";"Santana do Araguaia (PA)";"100,00";"79,66";"20,34"
"1506807";"Santarém (PA)";"100,00";"79,68";"20,32"
"1506906";"Santarém Novo (PA)";"100,00";"31,23";"68,77"
"1507003";"Santo Antônio do Tauá (PA)";"100,00";"66,70";"33,30"
"1507102";"São Caetano de Odivelas (PA)";"100,00";"55,38";"44,62"
"1507151";"São Domingos do Araguaia (PA)";"100,00";"70,60";"29,40"
"1507201";"São Domingos do Capim (PA)";"100,00";"30,43";"69,57"
"1507300";"São Félix do Xingu (PA)";"100,00";"59,79";"40,21"
"1507409";"São Francisco do Pará (PA)";"100,00";"49,97";"50,03"
"1507458";"São Geraldo do Araguaia (PA)";"100,00";"69,85";"30,15"
"1507466";"São João da Ponta (PA)";"100,00";"19,77";"80,23"
"1507474";"São João de Pirabas (PA)";"100,00";"63,46";"36,54"
"1507508";"São João do Araguaia (PA)";"100,00";"39,68";"60,32"
"1507607";"São Miguel do Guamá (PA)";"100,00";"71,55";"28,45"
"1507706";"São Sebastião da Boa Vista (PA)";"100,00";"43,91";"56,09"
"1507755";"Sapucaia (PA)";"100,00";"81,48";"18,52"
"1507805";"Senador José Porfírio (PA)";"100,00";"39,70";"60,30"
"1507904";"Soure (PA)";"100,00";"93,14";"6,86"
"1507953";"Tailândia (PA)";"100,00";"86,73";"13,27"
"1507961";"Terra Alta (PA)";"100,00";"56,81";"43,19"
"1507979";"Terra Santa (PA)";"100,00";"86,57";"13,43"
"1508001";"Tomé-Açu (PA)";"100,00";"63,34";"36,66"
"1508035";"Tracuateua (PA)";"100,00";"35,58";"64,42"
"1508050";"Trairão (PA)";"100,00";"61,67";"38,33"
"1508084";"Tucumã (PA)";"100,00";"86,26";"13,74"
"1508100";"Tucuruí (PA)";"100,00";"93,71";"6,29"
"1508126";"Ulianópolis (PA)";"100,00";"69,75";"30,25"
"1508159";"Uruará (PA)";"100,00";"58,95";"41,05"
"1508209";"Vigia (PA)";"100,00";"77,90";"22,10"
"1508308";"Viseu (PA)";"100,00";"51,01";"48,99"
"1508357";"Vitória do Xingu (PA)";"100,00";"55,74";"44,26"
"1508407";"Xinguara (PA)";"100,00";"87,71";"12,29"
"1600055";"Serra do Navio (AP)";"100,00";"58,23";"41,77"
"1600105";"Amapá (AP)";"100,00";"83,48";"16,52"
"1600154";"Pedra Branca do Amapari (AP)";"100,00";"67,00";"33,00"
"1600204";"Calçoene (AP)";"100,00";"83,13";"16,87"
"1600212";"Cutias (AP)";"100,00";"63,51";"36,49"
"1600238";"Ferreira Gomes (AP)";"100,00";"70,90";"29,10"
"1600253";"Itaubal (AP)";"100,00";"48,40";"51,60"
"1600279";"Laranjal do Jari (AP)";"100,00";"91,94";"8,06"
"1600303";"Macapá (AP)";"100,00";"94,55";"5,45"
"1600402";"Mazagão (AP)";"100,00";"50,86";"49,14"
"1600501";"Oiapoque (AP)";"100,00";"67,89";"32,11"
"1600535";"Porto Grande (AP)";"100,00";"67,69";"32,31"
"1600550";"Pracuúba (AP)";"100,00";"45,15";"54,85"
"1600600";"Santana (AP)";"100,00";"95,92";"4,08"
"1600709";"Tartarugalzinho (AP)";"100,00";"56,02";"43,98"
"1600808";"Vitória do Jari (AP)";"100,00";"79,97";"20,03"
"1700251";"Abreulândia (TO)";"100,00";"58,15";"41,85"
"1700301";"Aguiarnópolis (TO)";"100,00";"83,30";"16,70"
"1700350";"Aliança do Tocantins (TO)";"100,00";"84,52";"15,48"
"1700400";"Almas (TO)";"100,00";"81,46";"18,54"
"1700707";"Alvorada (TO)";"100,00";"94,46";"5,54"
"1701002";"Ananás (TO)";"100,00";"75,23";"24,77"
"1701051";"Angico (TO)";"100,00";"69,37";"30,63"
"1701101";"Aparecida do Rio Negro (TO)";"100,00";"73,66";"26,34"
"1701309";"Aragominas (TO)";"100,00";"48,03";"51,97"
"1701903";"Araguacema (TO)";"100,00";"47,61";"52,39"
"1702000";"Araguaçu (TO)";"100,00";"67,95";"32,05"
"1702109";"Araguaína (TO)";"100,00";"97,24";"2,76"
"1702158";"Araguanã (TO)";"100,00";"67,10";"32,90"
"1702208";"Araguatins (TO)";"100,00";"71,06";"28,94"
"1702307";"Arapoema (TO)";"100,00";"78,50";"21,50"
"1702406";"Arraias (TO)";"100,00";"69,20";"30,80"
"1702554";"Augustinópolis (TO)";"100,00";"86,42";"13,58"
"1702703";"Aurora do Tocantins (TO)";"100,00";"67,95";"32,05"
"1702901";"Axixá do Tocantins (TO)";"100,00";"82,55";"17,45"
"1703008";"Babaçulândia (TO)";"100,00";"52,06";"47,94"
"1703057";"Bandeirantes do Tocantins (TO)";"100,00";"61,23";"38,77"
"1703073";"Barra do Ouro (TO)";"100,00";"74,42";"25,58"
"1703107";"Barrolândia (TO)";"100,00";"84,05";"15,95"
"1703206";"Bernardo Sayão (TO)";"100,00";"51,64";"48,36"
"1703305";"Bom Jesus do Tocantins (TO)";"100,00";"80,04";"19,96"
"1703602";"Brasilândia do Tocantins (TO)";"100,00";"64,89";"35,11"
"1703701";"Brejinho de Nazaré (TO)";"100,00";"79,45";"20,55"
"1703800";"Buriti do Tocantins (TO)";"100,00";"76,65";"23,35"
"1703826";"Cachoeirinha (TO)";"100,00";"77,26";"22,74"
"1703842";"Campos Lindos (TO)";"100,00";"71,80";"28,20"
"1703867";"Cariri do Tocantins (TO)";"100,00";"62,19";"37,81"
"1703883";"Carmolândia (TO)";"100,00";"83,51";"16,49"
"1703891";"Carrasco Bonito (TO)";"100,00";"45,60";"54,40"
"1703909";"Caseara (TO)";"100,00";"63,32";"36,68"
"1704105";"Centenário (TO)";"100,00";"64,81";"35,19"
"1704600";"Chapada de Areia (TO)";"100,00";"63,69";"36,31"
"1705102";"Chapada da Natividade (TO)";"100,00";"57,78";"42,22"
"1705508";"Colinas do Tocantins (TO)";"100,00";"96,45";"3,55"
"1705557";"Combinado (TO)";"100,00";"85,72";"14,28"
"1705607";"Conceição do Tocantins (TO)";"100,00";"72,78";"27,22"
"1706001";"Couto Magalhães (TO)";"100,00";"51,34";"48,66"
"1706100";"Cristalândia (TO)";"100,00";"81,57";"18,43"
"1706258";"Crixás do Tocantins (TO)";"100,00";"67,69";"32,31"
"1706506";"Darcinópolis (TO)";"100,00";"73,19";"26,81"
"1707009";"Dianópolis (TO)";"100,00";"87,41";"12,59"
"1707108";"Divinópolis do Tocantins (TO)";"100,00";"74,63";"25,37"
"1707207";"Dois Irmãos do Tocantins (TO)";"100,00";"48,06";"51,94"
"1707306";"Dueré (TO)";"100,00";"67,87";"32,13"
"1707405";"Esperantina (TO)";"100,00";"77,30";"22,70"
"1707553";"Fátima (TO)";"100,00";"84,54";"15,46"
"1707652";"Figueirópolis (TO)";"100,00";"79,54";"20,46"
"1707702";"Filadélfia (TO)";"100,00";"65,22";"34,78"
"1708205";"Formoso do Araguaia (TO)";"100,00";"71,24";"28,76"
"1708254";"Tabocão (TO)";"100,00";"78,35";"21,65"
"1708304";"Goianorte (TO)";"100,00";"60,72";"39,28"
"1709005";"Goiatins (TO)";"100,00";"55,14";"44,86"
"1709302";"Guaraí (TO)";"100,00";"91,65";"8,35"
"1709500";"Gurupi (TO)";"100,00";"97,65";"2,35"
"1709807";"Ipueiras (TO)";"100,00";"53,08";"46,92"
"1710508";"Itacajá (TO)";"100,00";"59,94";"40,06"
"1710706";"Itaguatins (TO)";"100,00";"55,97";"44,03"
"1710904";"Itapiratins (TO)";"100,00";"66,09";"33,91"
"1711100";"Itaporã do Tocantins (TO)";"100,00";"65,47";"34,53"
"1711506";"Jaú do Tocantins (TO)";"100,00";"40,28";"59,72"
"1711803";"Juarina (TO)";"100,00";"53,99";"46,01"
"1711902";"Lagoa da Confusão (TO)";"100,00";"75,27";"24,73"
"1711951";"Lagoa do Tocantins (TO)";"100,00";"71,39";"28,61"
"1712009";"Lajeado (TO)";"100,00";"72,48";"27,52"
"1712157";"Lavandeira (TO)";"100,00";"65,74";"34,26"
"1712405";"Lizarda (TO)";"100,00";"72,82";"27,18"
"1712454";"Luzinópolis (TO)";"100,00";"73,61";"26,39"
"1712504";"Marianópolis do Tocantins (TO)";"100,00";"55,93";"44,07"
"1712702";"Mateiros (TO)";"100,00";"56,48";"43,52"
"1712801";"Maurilândia do Tocantins (TO)";"100,00";"59,26";"40,74"
"1713205";"Miracema do Tocantins (TO)";"100,00";"82,76";"17,24"
"1713304";"Miranorte (TO)";"100,00";"89,66";"10,34"
"1713601";"Monte do Carmo (TO)";"100,00";"49,40";"50,60"
"1713700";"Monte Santo do Tocantins (TO)";"100,00";"55,09";"44,91"
"1713809";"Palmeiras do Tocantins (TO)";"100,00";"59,38";"40,62"
"1713957";"Muricilândia (TO)";"100,00";"54,20";"45,80"
"1714203";"Natividade (TO)";"100,00";"83,14";"16,86"
"1714302";"Nazaré (TO)";"100,00";"44,41";"55,59"
"1714880";"Nova Olinda (TO)";"100,00";"74,56";"25,44"
"1715002";"Nova Rosalândia (TO)";"100,00";"82,69";"17,31"
"1715101";"Novo Acordo (TO)";"100,00";"82,26";"17,74"
"1715150";"Novo Alegre (TO)";"100,00";"74,70";"25,30"
"1715259";"Novo Jardim (TO)";"100,00";"75,02";"24,98"
"1715507";"Oliveira de Fátima (TO)";"100,00";"84,45";"15,55"
"1715705";"Palmeirante (TO)";"100,00";"40,48";"59,52"
"1715754";"Palmeirópolis (TO)";"100,00";"84,01";"15,99"
"1716109";"Paraíso do Tocantins (TO)";"100,00";"96,67";"3,33"
"1716208";"Paranã (TO)";"100,00";"59,06";"40,94"
"1716307";"Pau D'Arco (TO)";"100,00";"69,38";"30,62"
"1716505";"Pedro Afonso (TO)";"100,00";"91,84";"8,16"
"1716604";"Peixe (TO)";"100,00";"48,94";"51,06"
"1716653";"Pequizeiro (TO)";"100,00";"51,88";"48,12"
"1716703";"Colméia (TO)";"100,00";"72,03";"27,97"
"1717008";"Pindorama do Tocantins (TO)";"100,00";"64,74";"35,26"
"1717206";"Piraquê (TO)";"100,00";"48,07";"51,93"
"1717503";"Pium (TO)";"100,00";"53,37";"46,63"
"1717800";"Ponte Alta do Bom Jesus (TO)";"100,00";"55,12";"44,88"
"1717909";"Ponte Alta do Tocantins (TO)";"100,00";"68,06";"31,94"
"1718006";"Porto Alegre do Tocantins (TO)";"100,00";"73,94";"26,06"
"1718204";"Porto Nacional (TO)";"100,00";"89,75";"10,25"
"1718303";"Praia Norte (TO)";"100,00";"60,23";"39,77"
"1718402";"Presidente Kennedy (TO)";"100,00";"84,87";"15,13"
"1718451";"Pugmil (TO)";"100,00";"80,21";"19,79"
"1718501";"Recursolândia (TO)";"100,00";"52,91";"47,09"
"1718550";"Riachinho (TO)";"100,00";"45,10";"54,90"
"1718659";"Rio da Conceição (TO)";"100,00";"90,72";"9,28"
"1718709";"Rio dos Bois (TO)";"100,00";"58,66";"41,34"
"1718758";"Rio Sono (TO)";"100,00";"41,83";"58,17"
"1718808";"Sampaio (TO)";"100,00";"83,51";"16,49"
"1718840";"Sandolândia (TO)";"100,00";"56,08";"43,92"
"1718865";"Santa Fé do Araguaia (TO)";"100,00";"66,46";"33,54"
"1718881";"Santa Maria do Tocantins (TO)";"100,00";"68,66";"31,34"
"1718899";"Santa Rita do Tocantins (TO)";"100,00";"45,16";"54,84"
"1718907";"Santa Rosa do Tocantins (TO)";"100,00";"71,52";"28,48"
"1719004";"Santa Tereza do Tocantins (TO)";"100,00";"65,91";"34,09"
"1720002";"Santa Terezinha do Tocantins (TO)";"100,00";"62,01";"37,99"
"1720101";"São Bento do Tocantins (TO)";"100,00";"57,13";"42,87"
"1720150";"São Félix do Tocantins (TO)";"100,00";"71,40";"28,60"
"1720200";"São Miguel do Tocantins (TO)";"100,00";"69,38";"30,62"
"1720259";"São Salvador do Tocantins (TO)";"100,00";"50,82";"49,18"
"1720309";"São Sebastião do Tocantins (TO)";"100,00";"76,39";"23,61"
"1720499";"São Valério (TO)";"100,00";"67,46";"32,54"
"1720655";"Silvanópolis (TO)";"100,00";"83,59";"16,41"
"1720804";"Sítio Novo do Tocantins (TO)";"100,00";"51,37";"48,63"
"1720853";"Sucupira (TO)";"100,00";"72,16";"27,84"
"1720903";"Taguatinga (TO)";"100,00";"73,80";"26,20"
"1720937";"Taipas do Tocantins (TO)";"100,00";"78,87";"21,13"
"1720978";"Talismã (TO)";"100,00";"59,28";"40,72"
"1721000";"Palmas (TO)";"100,00";"97,87";"2,13"
"1721109";"Tocantínia (TO)";"100,00";"35,17";"64,83"
"1721208";"Tocantinópolis (TO)";"100,00";"77,31";"22,69"
"1721257";"Tupirama (TO)";"100,00";"67,68";"32,32"
"1721307";"Tupiratins (TO)";"100,00";"58,48";"41,52"
"1722081";"Wanderlândia (TO)";"100,00";"83,99";"16,01"
"1722107";"Xambioá (TO)";"100,00";"80,36";"19,64"
"2100055";"Açailândia (MA)";"100,00";"88,77";"11,23"
"2100105";"Afonso Cunha (MA)";"100,00";"49,40";"50,60"
"2100154";"Água Doce do Maranhão (MA)";"100,00";"24,76";"75,24"
"2100204";"Alcântara (MA)";"100,00";"27,00";"73,00"
"2100303";"Aldeias Altas (MA)";"100,00";"67,49";"32,51"
"2100402";"Altamira do Maranhão (MA)";"100,00";"46,01";"53,99"
"2100436";"Alto Alegre do Maranhão (MA)";"100,00";"80,46";"19,54"
"2100477";"Alto Alegre do Pindaré (MA)";"100,00";"54,76";"45,24"
"2100501";"Alto Parnaíba (MA)";"100,00";"75,27";"24,73"
"2100550";"Amapá do Maranhão (MA)";"100,00";"75,73";"24,27"
"2100600";"Amarante do Maranhão (MA)";"100,00";"42,61";"57,39"
"2100709";"Anajatuba (MA)";"100,00";"32,72";"67,28"
"2100808";"Anapurus (MA)";"100,00";"55,94";"44,06"
"2100832";"Apicum-Açu (MA)";"100,00";"66,17";"33,83"
"2100873";"Araguanã (MA)";"100,00";"45,81";"54,19"
"2100907";"Araioses (MA)";"100,00";"28,65";"71,35"
"2100956";"Arame (MA)";"100,00";"41,37";"58,63"
"2101004";"Arari (MA)";"100,00";"59,36";"40,64"
"2101103";"Axixá (MA)";"100,00";"41,31";"58,69"
"2101202";"Bacabal (MA)";"100,00";"80,06";"19,94"
"2101251";"Bacabeira (MA)";"100,00";"69,64";"30,36"
"2101301";"Bacuri (MA)";"100,00";"51,22";"48,78"
"2101350";"Bacurituba (MA)";"100,00";"27,36";"72,64"
"2101400";"Balsas (MA)";"100,00";"87,95";"12,05"
"2101509";"Barão de Grajaú (MA)";"100,00";"65,82";"34,18"
"2101608";"Barra do Corda (MA)";"100,00";"68,93";"31,07"
"2101707";"Barreirinhas (MA)";"100,00";"43,77";"56,23"
"2101731";"Belágua (MA)";"100,00";"52,58";"47,42"
"2101772";"Bela Vista do Maranhão (MA)";"100,00";"59,81";"40,19"
"2101806";"Benedito Leite (MA)";"100,00";"61,75";"38,25"
"2101905";"Bequimão (MA)";"100,00";"30,66";"69,34"
"2101939";"Bernardo do Mearim (MA)";"100,00";"44,23";"55,77"
"2101970";"Boa Vista do Gurupi (MA)";"100,00";"81,17";"18,83"
"2102002";"Bom Jardim (MA)";"100,00";"49,08";"50,92"
"2102036";"Bom Jesus das Selvas (MA)";"100,00";"63,26";"36,74"
"2102077";"Bom Lugar (MA)";"100,00";"31,74";"68,26"
"2102101";"Brejo (MA)";"100,00";"46,87";"53,13"
"2102150";"Brejo de Areia (MA)";"100,00";"32,44";"67,56"
"2102200";"Buriti (MA)";"100,00";"33,32";"66,68"
"2102309";"Buriti Bravo (MA)";"100,00";"75,89";"24,11"
"2102325";"Buriticupu (MA)";"100,00";"71,93";"28,07"
"2102358";"Buritirana (MA)";"100,00";"30,88";"69,12"
"2102374";"Cachoeira Grande (MA)";"100,00";"44,58";"55,42"
"2102408";"Cajapió (MA)";"100,00";"35,79";"64,21"
"2102507";"Cajari (MA)";"100,00";"22,73";"77,27"
"2102556";"Campestre do Maranhão (MA)";"100,00";"79,36";"20,64"
"2102606";"Cândido Mendes (MA)";"100,00";"67,56";"32,44"
"2102705";"Cantanhede (MA)";"100,00";"67,99";"32,01"
"2102754";"Capinzal do Norte (MA)";"100,00";"52,64";"47,36"
"2102804";"Carolina (MA)";"100,00";"69,45";"30,55"
"2102903";"Carutapera (MA)";"100,00";"73,75";"26,25"
"2103000";"Caxias (MA)";"100,00";"77,26";"22,74"
"2103109";"Cedral (MA)";"100,00";"23,73";"76,27"
"2103125";"Central do Maranhão (MA)";"100,00";"57,96";"42,04"
"2103158";"Centro do Guilherme (MA)";"100,00";"57,87";"42,13"
"2103174";"Centro Novo do Maranhão (MA)";"100,00";"45,28";"54,72"
"2103208";"Chapadinha (MA)";"100,00";"75,41";"24,59"
"2103257";"Cidelândia (MA)";"100,00";"54,85";"45,15"
"2103307";"Codó (MA)";"100,00";"72,81";"27,19"
"2103406";"Coelho Neto (MA)";"100,00";"82,80";"17,20"
"2103505";"Colinas (MA)";"100,00";"68,67";"31,33"
"2103554";"Conceição do Lago-Açu (MA)";"100,00";"47,49";"52,51"
"2103604";"Coroatá (MA)";"100,00";"70,83";"29,17"
"2103703";"Cururupu (MA)";"100,00";"71,37";"28,63"
"2103752";"Davinópolis (MA)";"100,00";"88,29";"11,71"
"2103802";"Dom Pedro (MA)";"100,00";"71,28";"28,72"
"2103901";"Duque Bacelar (MA)";"100,00";"54,93";"45,07"
"2104008";"Esperantinópolis (MA)";"100,00";"54,69";"45,31"
"2104057";"Estreito (MA)";"100,00";"77,36";"22,64"
"2104073";"Feira Nova do Maranhão (MA)";"100,00";"35,19";"64,81"
"2104081";"Fernando Falcão (MA)";"100,00";"19,42";"80,58"
"2104099";"Formosa da Serra Negra (MA)";"100,00";"36,84";"63,16"
"2104107";"Fortaleza dos Nogueiras (MA)";"100,00";"64,30";"35,70"
"2104206";"Fortuna (MA)";"100,00";"59,34";"40,66"
"2104305";"Godofredo Viana (MA)";"100,00";"86,60";"13,40"
"2104404";"Gonçalves Dias (MA)";"100,00";"47,76";"52,24"
"2104503";"Governador Archer (MA)";"100,00";"72,34";"27,66"
"2104552";"Governador Edison Lobão (MA)";"100,00";"83,74";"16,26"
"2104602";"Governador Eugênio Barros (MA)";"100,00";"35,69";"64,31"
"2104628";"Governador Luiz Rocha (MA)";"100,00";"69,42";"30,58"
"2104651";"Governador Newton Bello (MA)";"100,00";"53,92";"46,08"
"2104677";"Governador Nunes Freire (MA)";"100,00";"67,98";"32,02"
"2104701";"Graça Aranha (MA)";"100,00";"47,20";"52,80"
"2104800";"Grajaú (MA)";"100,00";"64,79";"35,21"
"2104909";"Guimarães (MA)";"100,00";"54,20";"45,80"
"2105005";"Humberto de Campos (MA)";"100,00";"44,99";"55,01"
"2105104";"Icatu (MA)";"100,00";"38,67";"61,33"
"2105153";"Igarapé do Meio (MA)";"100,00";"50,94";"49,06"
"2105203";"Igarapé Grande (MA)";"100,00";"65,11";"34,89"
"2105302";"Imperatriz (MA)";"100,00";"95,93";"4,07"
"2105351";"Itaipava do Grajaú (MA)";"100,00";"43,14";"56,86"
"2105401";"Itapecuru Mirim (MA)";"100,00";"60,76";"39,24"
"2105427";"Itinga do Maranhão (MA)";"100,00";"75,17";"24,83"
"2105450";"Jatobá (MA)";"100,00";"47,13";"52,87"
"2105476";"Jenipapo dos Vieiras (MA)";"100,00";"16,47";"83,53"
"2105500";"João Lisboa (MA)";"100,00";"68,70";"31,30"
"2105609";"Joselândia (MA)";"100,00";"48,26";"51,74"
"2105658";"Junco do Maranhão (MA)";"100,00";"58,61";"41,39"
"2105708";"Lago da Pedra (MA)";"100,00";"69,78";"30,22"
"2105807";"Lago do Junco (MA)";"100,00";"44,19";"55,81"
"2105906";"Lago Verde (MA)";"100,00";"35,66";"64,34"
"2105922";"Lagoa do Mato (MA)";"100,00";"47,16";"52,84"
"2105948";"Lago dos Rodrigues (MA)";"100,00";"56,89";"43,11"
"2105963";"Lagoa Grande do Maranhão (MA)";"100,00";"66,44";"33,56"
"2105989";"Lajeado Novo (MA)";"100,00";"51,10";"48,90"
"2106003";"Lima Campos (MA)";"100,00";"61,36";"38,64"
"2106102";"Loreto (MA)";"100,00";"59,87";"40,13"
"2106201";"Luís Domingues (MA)";"100,00";"86,58";"13,42"
"2106300";"Magalhães de Almeida (MA)";"100,00";"55,10";"44,90"
"2106326";"Maracaçumé (MA)";"100,00";"83,31";"16,69"
"2106359";"Marajá do Sena (MA)";"100,00";"21,32";"78,68"
"2106375";"Maranhãozinho (MA)";"100,00";"56,97";"43,03"
"2106409";"Mata Roma (MA)";"100,00";"51,54";"48,46"
"2106508";"Matinha (MA)";"100,00";"38,57";"61,43"
"2106607";"Matões (MA)";"100,00";"50,51";"49,49"
"2106631";"Matões do Norte (MA)";"100,00";"47,86";"52,14"
"2106672";"Milagres do Maranhão (MA)";"100,00";"17,86";"82,14"
"2106706";"Mirador (MA)";"100,00";"52,04";"47,96"
"2106755";"Miranda do Norte (MA)";"100,00";"83,15";"16,85"
"2106805";"Mirinzal (MA)";"100,00";"64,11";"35,89"
"2106904";"Monção (MA)";"100,00";"45,66";"54,34"
"2107001";"Montes Altos (MA)";"100,00";"53,38";"46,62"
"2107100";"Morros (MA)";"100,00";"40,66";"59,34"
"2107209";"Nina Rodrigues (MA)";"100,00";"40,37";"59,63"
"2107258";"Nova Colinas (MA)";"100,00";"46,09";"53,91"
"2107308";"Nova Iorque (MA)";"100,00";"67,31";"32,69"
"2107357";"Nova Olinda do Maranhão (MA)";"100,00";"66,52";"33,48"
"2107407";"Olho d'Água das Cunhãs (MA)";"100,00";"56,79";"43,21"
"2107456";"Olinda Nova do Maranhão (MA)";"100,00";"46,70";"53,30"
"2107506";"Paço do Lumiar (MA)";"100,00";"99,44";"0,56"
"2107605";"Palmeirândia (MA)";"100,00";"19,30";"80,70"
"2107704";"Paraibano (MA)";"100,00";"78,22";"21,78"
"2107803";"Parnarama (MA)";"100,00";"42,49";"57,51"
"2107902";"Passagem Franca (MA)";"100,00";"66,13";"33,87"
"2108009";"Pastos Bons (MA)";"100,00";"72,12";"27,88"
"2108058";"Paulino Neves (MA)";"100,00";"37,75";"62,25"
"2108108";"Paulo Ramos (MA)";"100,00";"56,57";"43,43"
"2108207";"Pedreiras (MA)";"100,00";"83,17";"16,83"
"2108256";"Pedro do Rosário (MA)";"100,00";"32,31";"67,69"
"2108306";"Penalva (MA)";"100,00";"46,90";"53,10"
"2108405";"Peri Mirim (MA)";"100,00";"29,41";"70,59"
"2108454";"Peritoró (MA)";"100,00";"61,64";"38,36"
"2108504";"Pindaré-Mirim (MA)";"100,00";"70,51";"29,49"
"2108603";"Pinheiro (MA)";"100,00";"66,96";"33,04"
"2108702";"Pio XII (MA)";"100,00";"56,80";"43,20"
"2108801";"Pirapemas (MA)";"100,00";"67,42";"32,58"
"2108900";"Poção de Pedras (MA)";"100,00";"47,41";"52,59"
"2109007";"Porto Franco (MA)";"100,00";"80,67";"19,33"
"2109056";"Porto Rico do Maranhão (MA)";"100,00";"41,57";"58,43"
"2109106";"Presidente Dutra (MA)";"100,00";"72,34";"27,66"
"2109205";"Presidente Juscelino (MA)";"100,00";"38,95";"61,05"
"2109239";"Presidente Médici (MA)";"100,00";"77,96";"22,04"
"2109270";"Presidente Sarney (MA)";"100,00";"51,25";"48,75"
"2109304";"Presidente Vargas (MA)";"100,00";"45,96";"54,04"
"2109403";"Primeira Cruz (MA)";"100,00";"29,43";"70,57"
"2109452";"Raposa (MA)";"100,00";"99,24";"0,76"
"2109502";"Riachão (MA)";"100,00";"52,71";"47,29"
"2109551";"Ribamar Fiquene (MA)";"100,00";"51,12";"48,88"
"2109601";"Rosário (MA)";"100,00";"66,48";"33,52"
"2109700";"Sambaíba (MA)";"100,00";"52,51";"47,49"
"2109759";"Santa Filomena do Maranhão (MA)";"100,00";"33,79";"66,21"
"2109809";"Santa Helena (MA)";"100,00";"50,35";"49,65"
"2109908";"Santa Inês (MA)";"100,00";"89,57";"10,43"
"2110005";"Santa Luzia (MA)";"100,00";"47,06";"52,94"
"2110039";"Santa Luzia do Paruá (MA)";"100,00";"75,96";"24,04"
"2110104";"Santa Quitéria do Maranhão (MA)";"100,00";"56,05";"43,95"
"2110203";"Santa Rita (MA)";"100,00";"47,32";"52,68"
"2110237";"Santana do Maranhão (MA)";"100,00";"22,41";"77,59"
"2110278";"Santo Amaro do Maranhão (MA)";"100,00";"39,77";"60,23"
"2110302";"Santo Antônio dos Lopes (MA)";"100,00";"49,15";"50,85"
"2110401";"São Benedito do Rio Preto (MA)";"100,00";"65,26";"34,74"
"2110500";"São Bento (MA)";"100,00";"59,57";"40,43"
"2110609";"São Bernardo (MA)";"100,00";"49,43";"50,57"
"2110658";"São Domingos do Azeitão (MA)";"100,00";"70,13";"29,87"
"2110708";"São Domingos do Maranhão (MA)";"100,00";"54,25";"45,75"
"2110807";"São Félix de Balsas (MA)";"100,00";"38,85";"61,15"
"2110856";"São Francisco do Brejão (MA)";"100,00";"52,14";"47,86"
"2110906";"São Francisco do Maranhão (MA)";"100,00";"35,96";"64,04"
"2111003";"São João Batista (MA)";"100,00";"32,69";"67,31"
"2111029";"São João do Carú (MA)";"100,00";"54,63";"45,37"
"2111052";"São João do Paraíso (MA)";"100,00";"56,28";"43,72"
"2111078";"São João do Soter (MA)";"100,00";"43,69";"56,31"
"2111102";"São João dos Patos (MA)";"100,00";"86,45";"13,55"
"2111201";"São José de Ribamar (MA)";"100,00";"98,47";"1,53"
"2111250";"São José dos Basílios (MA)";"100,00";"40,19";"59,81"
"2111300";"São Luís (MA)";"100,00";"99,24";"0,76"
"2111409";"São Luís Gonzaga do Maranhão (MA)";"100,00";"42,05";"57,95"
"2111508";"São Mateus do Maranhão (MA)";"100,00";"74,10";"25,90"
"2111532";"São Pedro da Água Branca (MA)";"100,00";"83,08";"16,92"
"2111573";"São Pedro dos Crentes (MA)";"100,00";"54,42";"45,58"
"2111607";"São Raimundo das Mangabeiras (MA)";"100,00";"73,73";"26,27"
"2111631";"São Raimundo do Doca Bezerra (MA)";"100,00";"33,93";"66,07"
"2111672";"São Roberto (MA)";"100,00";"54,34";"45,66"
"2111706";"São Vicente Ferrer (MA)";"100,00";"28,40";"71,60"
"2111722";"Satubinha (MA)";"100,00";"43,64";"56,36"
"2111748";"Senador Alexandre Costa (MA)";"100,00";"61,01";"38,99"
"2111763";"Senador La Rocque (MA)";"100,00";"68,73";"31,27"
"2111789";"Serrano do Maranhão (MA)";"100,00";"43,40";"56,60"
"2111805";"Sítio Novo (MA)";"100,00";"34,42";"65,58"
"2111904";"Sucupira do Norte (MA)";"100,00";"55,67";"44,33"
"2111953";"Sucupira do Riachão (MA)";"100,00";"53,96";"46,04"
"2112001";"Tasso Fragoso (MA)";"100,00";"69,60";"30,40"
"2112100";"Timbiras (MA)";"100,00";"70,65";"29,35"
"2112209";"Timon (MA)";"100,00";"89,23";"10,77"
"2112233";"Trizidela do Vale (MA)";"100,00";"84,82";"15,18"
"2112274";"Tufilândia (MA)";"100,00";"54,35";"45,65"
"2112308";"Tuntum (MA)";"100,00";"47,79";"52,21"
"2112407";"Turiaçu (MA)";"100,00";"34,43";"65,57"
"2112456";"Turilândia (MA)";"100,00";"42,98";"57,02"
"2112506";"Tutóia (MA)";"100,00";"54,82";"45,18"
"2112605";"Urbano Santos (MA)";"100,00";"60,05";"39,95"
"2112704";"Vargem Grande (MA)";"100,00";"66,48";"33,52"
"2112803";"Viana (MA)";"100,00";"57,56";"42,44"
"2112852";"Vila Nova dos Martírios (MA)";"100,00";"65,09";"34,91"
"2112902";"Vitória do Mearim (MA)";"100,00";"58,80";"41,20"
"2113009";"Vitorino Freire (MA)";"100,00";"56,68";"43,32"
"2114007";"Zé Doca (MA)";"100,00";"67,30";"32,70"
"2200053";"Acauã (PI)";"100,00";"23,91";"76,09"
"2200103";"Agricolândia (PI)";"100,00";"81,19";"18,81"
"2200202";"Água Branca (PI)";"100,00";"89,15";"10,85"
"2200251";"Alagoinha do Piauí (PI)";"100,00";"56,02";"43,98"
"2200277";"Alegrete do Piauí (PI)";"100,00";"65,56";"34,44"
"2200301";"Alto Longá (PI)";"100,00";"49,89";"50,11"
"2200400";"Altos (PI)";"100,00";"72,07";"27,93"
"2200459";"Alvorada do Gurguéia (PI)";"100,00";"39,57";"60,43"
"2200509";"Amarante (PI)";"100,00";"53,31";"46,69"
"2200608";"Angical do Piauí (PI)";"100,00";"78,16";"21,84"
"2200707";"Anísio de Abreu (PI)";"100,00";"50,65";"49,35"
"2200806";"Antônio Almeida (PI)";"100,00";"79,95";"20,05"
"2200905";"Aroazes (PI)";"100,00";"64,82";"35,18"
"2200954";"Aroeiras do Itaim (PI)";"100,00";"13,42";"86,58"
"2201002";"Arraial (PI)";"100,00";"56,86";"43,14"
"2201051";"Assunção do Piauí (PI)";"100,00";"42,06";"57,94"
"2201101";"Avelino Lopes (PI)";"100,00";"64,56";"35,44"
"2201150";"Baixa Grande do Ribeiro (PI)";"100,00";"62,98";"37,02"
"2201176";"Barra D'Alcântara (PI)";"100,00";"55,19";"44,81"
"2201200";"Barras (PI)";"100,00";"50,73";"49,27"
"2201309";"Barreiras do Piauí (PI)";"100,00";"59,47";"40,53"
"2201408";"Barro Duro (PI)";"100,00";"73,81";"26,19"
"2201507";"Batalha (PI)";"100,00";"44,17";"55,83"
"2201556";"Bela Vista do Piauí (PI)";"100,00";"43,14";"56,86"
"2201572";"Belém do Piauí (PI)";"100,00";"59,48";"40,52"
"2201606";"Beneditinos (PI)";"100,00";"62,29";"37,71"
"2201705";"Bertolínia (PI)";"100,00";"79,29";"20,71"
"2201739";"Betânia do Piauí (PI)";"100,00";"35,14";"64,86"
"2201770";"Boa Hora (PI)";"100,00";"48,09";"51,91"
"2201804";"Bocaina (PI)";"100,00";"43,77";"56,23"
"2201903";"Bom Jesus (PI)";"100,00";"82,00";"18,00"
"2201919";"Bom Princípio do Piauí (PI)";"100,00";"33,98";"66,02"
"2201929";"Bonfim do Piauí (PI)";"100,00";"30,27";"69,73"
"2201945";"Boqueirão do Piauí (PI)";"100,00";"47,96";"52,04"
"2201960";"Brasileira (PI)";"100,00";"46,85";"53,15"
"2201988";"Brejo do Piauí (PI)";"100,00";"38,70";"61,30"
"2202000";"Buriti dos Lopes (PI)";"100,00";"64,43";"35,57"
"2202026";"Buriti dos Montes (PI)";"100,00";"36,48";"63,52"
"2202059";"Cabeceiras do Piauí (PI)";"100,00";"23,57";"76,43"
"2202075";"Cajazeiras do Piauí (PI)";"100,00";"37,77";"62,23"
"2202083";"Cajueiro da Praia (PI)";"100,00";"71,48";"28,52"
"2202091";"Caldeirão Grande do Piauí (PI)";"100,00";"39,12";"60,88"
"2202109";"Campinas do Piauí (PI)";"100,00";"34,02";"65,98"
"2202117";"Campo Alegre do Fidalgo (PI)";"100,00";"29,25";"70,75"
"2202133";"Campo Grande do Piauí (PI)";"100,00";"39,15";"60,85"
"2202174";"Campo Largo do Piauí (PI)";"100,00";"22,87";"77,13"
"2202208";"Campo Maior (PI)";"100,00";"75,41";"24,59"
"2202251";"Canavieira (PI)";"100,00";"49,65";"50,35"
"2202307";"Canto do Buriti (PI)";"100,00";"60,84";"39,16"
"2202406";"Capitão de Campos (PI)";"100,00";"59,50";"40,50"
"2202455";"Capitão Gervásio Oliveira (PI)";"100,00";"37,44";"62,56"
"2202505";"Caracol (PI)";"100,00";"39,20";"60,80"
"2202539";"Caraúbas do Piauí (PI)";"100,00";"17,99";"82,01"
"2202554";"Caridade do Piauí (PI)";"100,00";"46,16";"53,84"
"2202604";"Castelo do Piauí (PI)";"100,00";"59,16";"40,84"
"2202653";"Caxingó (PI)";"100,00";"18,43";"81,57"
"2202703";"Cocal (PI)";"100,00";"44,77";"55,23"
"2202711";"Cocal de Telha (PI)";"100,00";"54,84";"45,16"
"2202729";"Cocal dos Alves (PI)";"100,00";"48,97";"51,03"
"2202737";"Coivaras (PI)";"100,00";"40,42";"59,58"
"2202752";"Colônia do Gurguéia (PI)";"100,00";"79,35";"20,65"
"2202778";"Colônia do Piauí (PI)";"100,00";"40,69";"59,31"
"2202802";"Conceição do Canindé (PI)";"100,00";"52,45";"47,55"
"2202851";"Coronel José Dias (PI)";"100,00";"34,73";"65,27"
"2202901";"Corrente (PI)";"100,00";"63,71";"36,29"
"2203008";"Cristalândia do Piauí (PI)";"100,00";"45,55";"54,45"
"2203107";"Cristino Castro (PI)";"100,00";"72,45";"27,55"
"2203206";"Curimatá (PI)";"100,00";"70,63";"29,37"
"2203230";"Currais (PI)";"100,00";"30,35";"69,65"
"2203255";"Curralinhos (PI)";"100,00";"41,42";"58,58"
"2203271";"Curral Novo do Piauí (PI)";"100,00";"46,62";"53,38"
"2203305";"Demerval Lobão (PI)";"100,00";"84,19";"15,81"
"2203354";"Dirceu Arcoverde (PI)";"100,00";"39,47";"60,53"
"2203404";"Dom Expedito Lopes (PI)";"100,00";"59,40";"40,60"
"2203420";"Domingos Mourão (PI)";"100,00";"22,82";"77,18"
"2203453";"Dom Inocêncio (PI)";"100,00";"32,51";"67,49"
"2203503";"Elesbão Veloso (PI)";"100,00";"71,69";"28,31"
"2203602";"Eliseu Martins (PI)";"100,00";"78,75";"21,25"
"2203701";"Esperantina (PI)";"100,00";"61,27";"38,73"
"2203750";"Fartura do Piauí (PI)";"100,00";"26,12";"73,88"
"2203800";"Flores do Piauí (PI)";"100,00";"44,06";"55,94"
"2203859";"Floresta do Piauí (PI)";"100,00";"42,48";"57,52"
"2203909";"Floriano (PI)";"100,00";"90,22";"9,78"
"2204006";"Francinópolis (PI)";"100,00";"62,80";"37,20"
"2204105";"Francisco Ayres (PI)";"100,00";"48,39";"51,61"
"2204154";"Francisco Macedo (PI)";"100,00";"45,78";"54,22"
"2204204";"Francisco Santos (PI)";"100,00";"59,66";"40,34"
"2204303";"Fronteiras (PI)";"100,00";"70,12";"29,88"
"2204352";"Geminiano (PI)";"100,00";"27,13";"72,87"
"2204402";"Gilbués (PI)";"100,00";"69,58";"30,42"
"2204501";"Guadalupe (PI)";"100,00";"94,32";"5,68"
"2204550";"Guaribas (PI)";"100,00";"32,39";"67,61"
"2204600";"Hugo Napoleão (PI)";"100,00";"81,98";"18,02"
"2204659";"Ilha Grande (PI)";"100,00";"84,66";"15,34"
"2204709";"Inhuma (PI)";"100,00";"50,81";"49,19"
"2204808";"Ipiranga do Piauí (PI)";"100,00";"66,62";"33,38"
"2204907";"Isaías Coelho (PI)";"100,00";"28,98";"71,02"
"2205003";"Itainópolis (PI)";"100,00";"27,28";"72,72"
"2205102";"Itaueira (PI)";"100,00";"61,71";"38,29"
"2205151";"Jacobina do Piauí (PI)";"100,00";"39,36";"60,64"
"2205201";"Jaicós (PI)";"100,00";"51,50";"48,50"
"2205250";"Jardim do Mulato (PI)";"100,00";"31,17";"68,83"
"2205276";"Jatobá do Piauí (PI)";"100,00";"21,25";"78,75"
"2205300";"Jerumenha (PI)";"100,00";"54,88";"45,12"
"2205359";"João Costa (PI)";"100,00";"28,45";"71,55"
"2205409";"Joaquim Pires (PI)";"100,00";"32,69";"67,31"
"2205458";"Joca Marques (PI)";"100,00";"36,74";"63,26"
"2205508";"José de Freitas (PI)";"100,00";"64,26";"35,74"
"2205516";"Juazeiro do Piauí (PI)";"100,00";"34,25";"65,75"
"2205524";"Júlio Borges (PI)";"100,00";"35,52";"64,48"
"2205532";"Jurema (PI)";"100,00";"16,38";"83,62"
"2205540";"Lagoinha do Piauí (PI)";"100,00";"61,45";"38,55"
"2205557";"Lagoa Alegre (PI)";"100,00";"41,17";"58,83"
"2205565";"Lagoa do Barro do Piauí (PI)";"100,00";"30,31";"69,69"
"2205573";"Lagoa de São Francisco (PI)";"100,00";"32,11";"67,89"
"2205581";"Lagoa do Piauí (PI)";"100,00";"57,17";"42,83"
"2205599";"Lagoa do Sítio (PI)";"100,00";"39,93";"60,07"
"2205607";"Landri Sales (PI)";"100,00";"73,87";"26,13"
"2205706";"Luís Correia (PI)";"100,00";"46,46";"53,54"
"2205805";"Luzilândia (PI)";"100,00";"55,99";"44,01"
"2205854";"Madeiro (PI)";"100,00";"43,77";"56,23"
"2205904";"Manoel Emídio (PI)";"100,00";"70,05";"29,95"
"2205953";"Marcolândia (PI)";"100,00";"86,82";"13,18"
"2206001";"Marcos Parente (PI)";"100,00";"85,61";"14,39"
"2206050";"Massapê do Piauí (PI)";"100,00";"18,03";"81,97"
"2206100";"Matias Olímpio (PI)";"100,00";"49,42";"50,58"
"2206209";"Miguel Alves (PI)";"100,00";"33,20";"66,80"
"2206308";"Miguel Leão (PI)";"100,00";"68,51";"31,49"
"2206357";"Milton Brandão (PI)";"100,00";"29,76";"70,24"
"2206407";"Monsenhor Gil (PI)";"100,00";"55,31";"44,69"
"2206506";"Monsenhor Hipólito (PI)";"100,00";"49,27";"50,73"
"2206605";"Monte Alegre do Piauí (PI)";"100,00";"29,53";"70,47"
"2206654";"Morro Cabeça no Tempo (PI)";"100,00";"38,20";"61,80"
"2206670";"Morro do Chapéu do Piauí (PI)";"100,00";"37,82";"62,18"
"2206696";"Murici dos Portelas (PI)";"100,00";"21,37";"78,63"
"2206704";"Nazaré do Piauí (PI)";"100,00";"56,55";"43,45"
"2206720";"Nazária (PI)";"100,00";"32,37";"67,63"
"2206753";"Nossa Senhora de Nazaré (PI)";"100,00";"34,14";"65,86"
"2206803";"Nossa Senhora dos Remédios (PI)";"100,00";"46,19";"53,81"
"2206902";"Novo Oriente do Piauí (PI)";"100,00";"55,11";"44,89"
"2206951";"Novo Santo Antônio (PI)";"100,00";"42,09";"57,91"
"2207009";"Oeiras (PI)";"100,00";"69,63";"30,37"
"2207108";"Olho D'Água do Piauí (PI)";"100,00";"53,47";"46,53"
"2207207";"Padre Marcos (PI)";"100,00";"56,28";"43,72"
"2207306";"Paes Landim (PI)";"100,00";"59,27";"40,73"
"2207355";"Pajeú do Piauí (PI)";"100,00";"52,20";"47,80"
"2207405";"Palmeira do Piauí (PI)";"100,00";"38,81";"61,19"
"2207504";"Palmeirais (PI)";"100,00";"41,96";"58,04"
"2207553";"Paquetá (PI)";"100,00";"15,50";"84,50"
"2207603";"Parnaguá (PI)";"100,00";"52,39";"47,61"
"2207702";"Parnaíba (PI)";"100,00";"95,38";"4,62"
"2207751";"Passagem Franca do Piauí (PI)";"100,00";"64,09";"35,91"
"2207777";"Patos do Piauí (PI)";"100,00";"46,10";"53,90"
"2207793";"Pau D'Arco do Piauí (PI)";"100,00";"22,47";"77,53"
"2207801";"Paulistana (PI)";"100,00";"59,64";"40,36"
"2207850";"Pavussu (PI)";"100,00";"51,85";"48,15"
"2207900";"Pedro II (PI)";"100,00";"62,56";"37,44"
"2207934";"Pedro Laurentino (PI)";"100,00";"44,18";"55,82"
"2207959";"Nova Santa Rita (PI)";"100,00";"21,57";"78,43"
"2208007";"Picos (PI)";"100,00";"79,51";"20,49"
"2208106";"Pimenteiras (PI)";"100,00";"41,42";"58,58"
"2208205";"Pio IX (PI)";"100,00";"33,05";"66,95"
"2208304";"Piracuruca (PI)";"100,00";"74,64";"25,36"
"2208403";"Piripiri (PI)";"100,00";"76,15";"23,85"
"2208502";"Porto (PI)";"100,00";"65,31";"34,69"
"2208551";"Porto Alegre do Piauí (PI)";"100,00";"70,56";"29,44"
"2208601";"Prata do Piauí (PI)";"100,00";"82,35";"17,65"
"2208650";"Queimada Nova (PI)";"100,00";"24,80";"75,20"
"2208700";"Redenção do Gurguéia (PI)";"100,00";"64,33";"35,67"
"2208809";"Regeneração (PI)";"100,00";"79,97";"20,03"
"2208858";"Riacho Frio (PI)";"100,00";"61,97";"38,03"
"2208874";"Ribeira do Piauí (PI)";"100,00";"26,49";"73,51"
"2208908";"Ribeiro Gonçalves (PI)";"100,00";"71,85";"28,15"
"2209005";"Rio Grande do Piauí (PI)";"100,00";"72,07";"27,93"
"2209104";"Santa Cruz do Piauí (PI)";"100,00";"70,38";"29,62"
"2209153";"Santa Cruz dos Milagres (PI)";"100,00";"77,38";"22,62"
"2209203";"Santa Filomena (PI)";"100,00";"67,11";"32,89"
"2209302";"Santa Luz (PI)";"100,00";"61,66";"38,34"
"2209351";"Santana do Piauí (PI)";"100,00";"46,47";"53,53"
"2209377";"Santa Rosa do Piauí (PI)";"100,00";"72,56";"27,44"
"2209401";"Santo Antônio de Lisboa (PI)";"100,00";"65,66";"34,34"
"2209450";"Santo Antônio dos Milagres (PI)";"100,00";"53,88";"46,12"
"2209500";"Santo Inácio do Piauí (PI)";"100,00";"65,85";"34,15"
"2209559";"São Braz do Piauí (PI)";"100,00";"21,55";"78,45"
"2209609";"São Félix do Piauí (PI)";"100,00";"58,44";"41,56"
"2209658";"São Francisco de Assis do Piauí (PI)";"100,00";"33,38";"66,62"
"2209708";"São Francisco do Piauí (PI)";"100,00";"31,70";"68,30"
"2209757";"São Gonçalo do Gurguéia (PI)";"100,00";"51,10";"48,90"
"2209807";"São Gonçalo do Piauí (PI)";"100,00";"75,03";"24,97"
"2209856";"São João da Canabrava (PI)";"100,00";"29,40";"70,60"
"2209872";"São João da Fronteira (PI)";"100,00";"47,95";"52,05"
"2209906";"São João da Serra (PI)";"100,00";"63,84";"36,16"
"2209955";"São João da Varjota (PI)";"100,00";"32,56";"67,44"
"2209971";"São João do Arraial (PI)";"100,00";"58,99";"41,01"
"2210003";"São João do Piauí (PI)";"100,00";"71,87";"28,13"
"2210052";"São José do Divino (PI)";"100,00";"55,34";"44,66"
"2210102";"São José do Peixe (PI)";"100,00";"65,42";"34,58"
"2210201";"São José do Piauí (PI)";"100,00";"52,81";"47,19"
"2210300";"São Julião (PI)";"100,00";"68,23";"31,77"
"2210359";"São Lourenço do Piauí (PI)";"100,00";"31,13";"68,87"
"2210375";"São Luis do Piauí (PI)";"100,00";"35,43";"64,57"
"2210383";"São Miguel da Baixa Grande (PI)";"100,00";"59,32";"40,68"
"2210391";"São Miguel do Fidalgo (PI)";"100,00";"41,07";"58,93"
"2210409";"São Miguel do Tapuio (PI)";"100,00";"43,55";"56,45"
"2210508";"São Pedro do Piauí (PI)";"100,00";"65,42";"34,58"
"2210607";"São Raimundo Nonato (PI)";"100,00";"68,51";"31,49"
"2210623";"Sebastião Barros (PI)";"100,00";"44,00";"56,00"
"2210631";"Sebastião Leal (PI)";"100,00";"53,40";"46,60"
"2210656";"Sigefredo Pacheco (PI)";"100,00";"36,04";"63,96"
"2210706";"Simões (PI)";"100,00";"48,98";"51,02"
"2210805";"Simplício Mendes (PI)";"100,00";"62,57";"37,43"
"2210904";"Socorro do Piauí (PI)";"100,00";"38,69";"61,31"
"2210938";"Sussuapara (PI)";"100,00";"51,75";"48,25"
"2210953";"Tamboril do Piauí (PI)";"100,00";"53,10";"46,90"
"2210979";"Tanque do Piauí (PI)";"100,00";"44,34";"55,66"
"2211001";"Teresina (PI)";"100,00";"94,81";"5,19"
"2211100";"União (PI)";"100,00";"51,90";"48,10"
"2211209";"Uruçuí (PI)";"100,00";"85,34";"14,66"
"2211308";"Valença do Piauí (PI)";"100,00";"81,09";"18,91"
"2211357";"Várzea Branca (PI)";"100,00";"28,84";"71,16"
"2211407";"Várzea Grande (PI)";"100,00";"64,07";"35,93"
"2211506";"Vera Mendes (PI)";"100,00";"40,50";"59,50"
"2211605";"Vila Nova do Piauí (PI)";"100,00";"42,73";"57,27"
"2211704";"Wall Ferraz (PI)";"100,00";"31,51";"68,49"
"2300101";"Abaiara (CE)";"100,00";"55,51";"44,49"
"2300150";"Acarape (CE)";"100,00";"62,43";"37,57"
"2300200";"Acaraú (CE)";"100,00";"44,27";"55,73"
"2300309";"Acopiara (CE)";"100,00";"54,56";"45,44"
"2300408";"Aiuaba (CE)";"100,00";"40,32";"59,68"
"2300507";"Alcântaras (CE)";"100,00";"35,61";"64,39"
"2300606";"Altaneira (CE)";"100,00";"73,19";"26,81"
"2300705";"Alto Santo (CE)";"100,00";"50,02";"49,98"
"2300754";"Amontada (CE)";"100,00";"40,04";"59,96"
"2300804";"Antonina do Norte (CE)";"100,00";"75,80";"24,20"
"2300903";"Apuiarés (CE)";"100,00";"51,81";"48,19"
"2301000";"Aquiraz (CE)";"100,00";"79,38";"20,62"
"2301109";"Aracati (CE)";"100,00";"63,29";"36,71"
"2301208";"Aracoiaba (CE)";"100,00";"65,98";"34,02"
"2301257";"Ararendá (CE)";"100,00";"47,31";"52,69"
"2301307";"Araripe (CE)";"100,00";"61,27";"38,73"
"2301406";"Aratuba (CE)";"100,00";"33,51";"66,49"
"2301505";"Arneiroz (CE)";"100,00";"57,67";"42,33"
"2301604";"Assaré (CE)";"100,00";"59,10";"40,90"
"2301703";"Aurora (CE)";"100,00";"53,39";"46,61"
"2301802";"Baixio (CE)";"100,00";"51,86";"48,14"
"2301851";"Banabuiú (CE)";"100,00";"55,45";"44,55"
"2301901";"Barbalha (CE)";"100,00";"71,79";"28,21"
"2301950";"Barreira (CE)";"100,00";"47,26";"52,74"
"2302008";"Barro (CE)";"100,00";"62,81";"37,19"
"2302057";"Barroquinha (CE)";"100,00";"65,39";"34,61"
"2302107";"Baturité (CE)";"100,00";"74,52";"25,48"
"2302206";"Beberibe (CE)";"100,00";"41,81";"58,19"
"2302305";"Bela Cruz (CE)";"100,00";"37,83";"62,17"
"2302404";"Boa Viagem (CE)";"100,00";"56,80";"43,20"
"2302503";"Brejo Santo (CE)";"100,00";"63,70";"36,30"
"2302602";"Camocim (CE)";"100,00";"74,33";"25,67"
"2302701";"Campos Sales (CE)";"100,00";"72,47";"27,53"
"2302800";"Canindé (CE)";"100,00";"68,63";"31,37"
"2302909";"Capistrano (CE)";"100,00";"46,88";"53,12"
"2303006";"Caridade (CE)";"100,00";"63,97";"36,03"
"2303105";"Cariré (CE)";"100,00";"49,22";"50,78"
"2303204";"Caririaçu (CE)";"100,00";"56,26";"43,74"
"2303303";"Cariús (CE)";"100,00";"51,00";"49,00"
"2303402";"Carnaubal (CE)";"100,00";"57,53";"42,47"
"2303501";"Cascavel (CE)";"100,00";"70,68";"29,32"
"2303600";"Catarina (CE)";"100,00";"56,64";"43,36"
"2303659";"Catunda (CE)";"100,00";"60,77";"39,23"
"2303709";"Caucaia (CE)";"100,00";"89,58";"10,42"
"2303808";"Cedro (CE)";"100,00";"62,61";"37,39"
"2303907";"Chaval (CE)";"100,00";"70,10";"29,90"
"2303931";"Choró (CE)";"100,00";"35,96";"64,04"
"2303956";"Chorozinho (CE)";"100,00";"60,90";"39,10"
"2304004";"Coreaú (CE)";"100,00";"66,09";"33,91"
"2304103";"Crateús (CE)";"100,00";"73,22";"26,78"
"2304202";"Crato (CE)";"100,00";"83,74";"16,26"
"2304236";"Croatá (CE)";"100,00";"57,71";"42,29"
"2304251";"Cruz (CE)";"100,00";"39,76";"60,24"
"2304269";"Deputado Irapuan Pinheiro (CE)";"100,00";"46,16";"53,84"
"2304277";"Ereré (CE)";"100,00";"55,14";"44,86"
"2304285";"Eusébio (CE)";"100,00";"99,02";"0,98"
"2304301";"Farias Brito (CE)";"100,00";"46,78";"53,22"
"2304350";"Forquilha (CE)";"100,00";"75,31";"24,69"
"2304400";"Fortaleza (CE)";"100,00";"100,00";"-"
"2304459";"Fortim (CE)";"100,00";"71,58";"28,42"
"2304509";"Frecheirinha (CE)";"100,00";"69,79";"30,21"
"2304608";"General Sampaio (CE)";"100,00";"56,86";"43,14"
"2304657";"Graça (CE)";"100,00";"45,34";"54,66"
"2304707";"Granja (CE)";"100,00";"49,67";"50,33"
"2304806";"Granjeiro (CE)";"100,00";"53,91";"46,09"
"2304905";"Groaíras (CE)";"100,00";"70,31";"29,69"
"2304954";"Guaiúba (CE)";"100,00";"79,19";"20,81"
"2305001";"Guaraciaba do Norte (CE)";"100,00";"49,06";"50,94"
"2305100";"Guaramiranga (CE)";"100,00";"27,75";"72,25"
"2305209";"Hidrolândia (CE)";"100,00";"65,30";"34,70"
"2305233";"Horizonte (CE)";"100,00";"95,20";"4,80"
"2305266";"Ibaretama (CE)";"100,00";"38,11";"61,89"
"2305308";"Ibiapina (CE)";"100,00";"45,46";"54,54"
"2305332";"Ibicuitinga (CE)";"100,00";"53,79";"46,21"
"2305357";"Icapuí (CE)";"100,00";"56,11";"43,89"
"2305407";"Icó (CE)";"100,00";"51,29";"48,71"
"2305506";"Iguatu (CE)";"100,00";"76,27";"23,73"
"2305605";"Independência (CE)";"100,00";"48,86";"51,14"
"2305654";"Ipaporanga (CE)";"100,00";"52,16";"47,84"
"2305704";"Ipaumirim (CE)";"100,00";"55,11";"44,89"
"2305803";"Ipu (CE)";"100,00";"61,07";"38,93"
"2305902";"Ipueiras (CE)";"100,00";"50,61";"49,39"
"2306009";"Iracema (CE)";"100,00";"79,76";"20,24"
"2306108";"Irauçuba (CE)";"100,00";"64,43";"35,57"
"2306207";"Itaiçaba (CE)";"100,00";"63,27";"36,73"
"2306256";"Itaitinga (CE)";"100,00";"81,46";"18,54"
"2306306";"Itapajé (CE)";"100,00";"75,37";"24,63"
"2306405";"Itapipoca (CE)";"100,00";"58,48";"41,52"
"2306504";"Itapiúna (CE)";"100,00";"51,70";"48,30"
"2306553";"Itarema (CE)";"100,00";"35,75";"64,25"
"2306603";"Itatira (CE)";"100,00";"49,35";"50,65"
"2306702";"Jaguaretama (CE)";"100,00";"51,82";"48,18"
"2306801";"Jaguaribara (CE)";"100,00";"57,30";"42,70"
"2306900";"Jaguaribe (CE)";"100,00";"69,02";"30,98"
"2307007";"Jaguaruana (CE)";"100,00";"60,90";"39,10"
"2307106";"Jardim (CE)";"100,00";"37,15";"62,85"
"2307205";"Jati (CE)";"100,00";"62,31";"37,69"
"2307254";"Jijoca de Jericoacoara (CE)";"100,00";"52,00";"48,00"
"2307304";"Juazeiro do Norte (CE)";"100,00";"96,70";"3,30"
"2307403";"Jucás (CE)";"100,00";"61,99";"38,01"
"2307502";"Lavras da Mangabeira (CE)";"100,00";"61,17";"38,83"
"2307601";"Limoeiro do Norte (CE)";"100,00";"73,06";"26,94"
"2307635";"Madalena (CE)";"100,00";"59,71";"40,29"
"2307650";"Maracanaú (CE)";"100,00";"98,48";"1,52"
"2307700";"Maranguape (CE)";"100,00";"84,04";"15,96"
"2307809";"Marco (CE)";"100,00";"65,01";"34,99"
"2307908";"Martinópole (CE)";"100,00";"73,95";"26,05"
"2308005";"Massapê (CE)";"100,00";"68,31";"31,69"
"2308104";"Mauriti (CE)";"100,00";"54,26";"45,74"
"2308203";"Meruoca (CE)";"100,00";"52,35";"47,65"
"2308302";"Milagres (CE)";"100,00";"52,88";"47,12"
"2308351";"Milhã (CE)";"100,00";"49,27";"50,73"
"2308377";"Miraíma (CE)";"100,00";"57,90";"42,10"
"2308401";"Missão Velha (CE)";"100,00";"44,66";"55,34"
"2308500";"Mombaça (CE)";"100,00";"54,60";"45,40"
"2308609";"Monsenhor Tabosa (CE)";"100,00";"53,81";"46,19"
"2308708";"Morada Nova (CE)";"100,00";"63,33";"36,67"
"2308807";"Moraújo (CE)";"100,00";"55,20";"44,80"
"2308906";"Morrinhos (CE)";"100,00";"51,20";"48,80"
"2309003";"Mucambo (CE)";"100,00";"65,67";"34,33"
"2309102";"Mulungu (CE)";"100,00";"63,49";"36,51"
"2309201";"Nova Olinda (CE)";"100,00";"68,82";"31,18"
"2309300";"Nova Russas (CE)";"100,00";"76,67";"23,33"
"2309409";"Novo Oriente (CE)";"100,00";"54,47";"45,53"
"2309458";"Ocara (CE)";"100,00";"42,20";"57,80"
"2309508";"Orós (CE)";"100,00";"75,43";"24,57"
"2309607";"Pacajus (CE)";"100,00";"89,69";"10,31"
"2309706";"Pacatuba (CE)";"100,00";"96,57";"3,43"
"2309805";"Pacoti (CE)";"100,00";"41,49";"58,51"
"2309904";"Pacujá (CE)";"100,00";"65,00";"35,00"
"2310001";"Palhano (CE)";"100,00";"63,21";"36,79"
"2310100";"Palmácia (CE)";"100,00";"46,79";"53,21"
"2310209";"Paracuru (CE)";"100,00";"70,62";"29,38"
"2310258";"Paraipaba (CE)";"100,00";"59,77";"40,23"
"2310308";"Parambu (CE)";"100,00";"52,98";"47,02"
"2310407";"Paramoti (CE)";"100,00";"58,62";"41,38"
"2310506";"Pedra Branca (CE)";"100,00";"63,65";"36,35"
"2310605";"Penaforte (CE)";"100,00";"70,79";"29,21"
"2310704";"Pentecoste (CE)";"100,00";"64,89";"35,11"
"2310803";"Pereiro (CE)";"100,00";"43,50";"56,50"
"2310852";"Pindoretama (CE)";"100,00";"78,08";"21,92"
"2310902";"Piquet Carneiro (CE)";"100,00";"59,18";"40,82"
"2310951";"Pires Ferreira (CE)";"100,00";"39,19";"60,81"
"2311009";"Poranga (CE)";"100,00";"65,35";"34,65"
"2311108";"Porteiras (CE)";"100,00";"43,98";"56,02"
"2311207";"Potengi (CE)";"100,00";"57,57";"42,43"
"2311231";"Potiretama (CE)";"100,00";"43,91";"56,09"
"2311264";"Quiterianópolis (CE)";"100,00";"35,59";"64,41"
"2311306";"Quixadá (CE)";"100,00";"74,73";"25,27"
"2311355";"Quixelô (CE)";"100,00";"33,44";"66,56"
"2311405";"Quixeramobim (CE)";"100,00";"66,89";"33,11"
"2311504";"Quixeré (CE)";"100,00";"70,28";"29,72"
"2311603";"Redenção (CE)";"100,00";"62,44";"37,56"
"2311702";"Reriutaba (CE)";"100,00";"58,98";"41,02"
"2311801";"Russas (CE)";"100,00";"68,81";"31,19"
"2311900";"Saboeiro (CE)";"100,00";"54,79";"45,21"
"2311959";"Salitre (CE)";"100,00";"46,09";"53,91"
"2312007";"Santana do Acaraú (CE)";"100,00";"48,13";"51,87"
"2312106";"Santana do Cariri (CE)";"100,00";"43,55";"56,45"
"2312205";"Santa Quitéria (CE)";"100,00";"64,71";"35,29"
"2312304";"São Benedito (CE)";"100,00";"52,46";"47,54"
"2312403";"São Gonçalo do Amarante (CE)";"100,00";"74,26";"25,74"
"2312502";"São João do Jaguaribe (CE)";"100,00";"43,01";"56,99"
"2312601";"São Luís do Curu (CE)";"100,00";"70,93";"29,07"
"2312700";"Senador Pompeu (CE)";"100,00";"61,48";"38,52"
"2312809";"Senador Sá (CE)";"100,00";"74,68";"25,32"
"2312908";"Sobral (CE)";"100,00";"87,64";"12,36"
"2313005";"Solonópole (CE)";"100,00";"49,40";"50,60"
"2313104";"Tabuleiro do Norte (CE)";"100,00";"65,32";"34,68"
"2313203";"Tamboril (CE)";"100,00";"56,90";"43,10"
"2313252";"Tarrafas (CE)";"100,00";"41,57";"58,43"
"2313302";"Tauá (CE)";"100,00";"64,28";"35,72"
"2313351";"Tejuçuoca (CE)";"100,00";"37,80";"62,20"
"2313401";"Tianguá (CE)";"100,00";"67,21";"32,79"
"2313500";"Trairi (CE)";"100,00";"44,68";"55,32"
"2313559";"Tururu (CE)";"100,00";"62,72";"37,28"
"2313609";"Ubajara (CE)";"100,00";"47,20";"52,80"
"2313708";"Umari (CE)";"100,00";"56,48";"43,52"
"2313757";"Umirim (CE)";"100,00";"59,38";"40,62"
"2313807";"Uruburetama (CE)";"100,00";"75,18";"24,82"
"2313906";"Uruoca (CE)";"100,00";"58,18";"41,82"
"2313955";"Varjota (CE)";"100,00";"75,07";"24,93"
"2314003";"Várzea Alegre (CE)";"100,00";"61,41";"38,59"
"2314102";"Viçosa do Ceará (CE)";"100,00";"31,45";"68,55"
"2400109";"Acari (RN)";"100,00";"87,10";"12,90"
"2400208";"Assú (RN)";"100,00";"75,81";"24,19"
"2400307";"Afonso Bezerra (RN)";"100,00";"53,30";"46,70"
"2400406";"Água Nova (RN)";"100,00";"65,34";"34,66"
"2400505";"Alexandria (RN)";"100,00";"72,94";"27,06"
"2400604";"Almino Afonso (RN)";"100,00";"71,69";"28,31"
"2400703";"Alto do Rodrigues (RN)";"100,00";"72,69";"27,31"
"2400802";"Angicos (RN)";"100,00";"88,32";"11,68"
"2400901";"Antônio Martins (RN)";"100,00";"55,33";"44,67"
"2401008";"Apodi (RN)";"100,00";"59,59";"40,41"
"2401107";"Areia Branca (RN)";"100,00";"82,00";"18,00"
"2401206";"Arez (RN)";"100,00";"64,87";"35,13"
"2401305";"Campo Grande (RN)";"100,00";"54,04";"45,96"
"2401404";"Baía Formosa (RN)";"100,00";"79,60";"20,40"
"2401453";"Baraúna (RN)";"100,00";"69,25";"30,75"
"2401503";"Barcelona (RN)";"100,00";"50,10";"49,90"
"2401602";"Bento Fernandes (RN)";"100,00";"41,40";"58,60"
"2401651";"Bodó (RN)";"100,00";"59,32";"40,68"
"2401701";"Bom Jesus (RN)";"100,00";"79,34";"20,66"
"2401800";"Brejinho (RN)";"100,00";"78,77";"21,23"
"2401859";"Caiçara do Norte (RN)";"100,00";"89,85";"10,15"
"2401909";"Caiçara do Rio do Vento (RN)";"100,00";"80,75";"19,25"
"2402006";"Caicó (RN)";"100,00";"93,61";"6,39"
"2402105";"Campo Redondo (RN)";"100,00";"57,18";"42,82"
"2402204";"Canguaretama (RN)";"100,00";"88,31";"11,69"
"2402303";"Caraúbas (RN)";"100,00";"70,26";"29,74"
"2402402";"Carnaúba dos Dantas (RN)";"100,00";"82,51";"17,49"
"2402501";"Carnaubais (RN)";"100,00";"51,99";"48,01"
"2402600";"Ceará-Mirim (RN)";"100,00";"67,50";"32,50"
"2402709";"Cerro Corá (RN)";"100,00";"47,72";"52,28"
"2402808";"Coronel Ezequiel (RN)";"100,00";"57,01";"42,99"
"2402907";"Coronel João Pessoa (RN)";"100,00";"42,13";"57,87"
"2403004";"Cruzeta (RN)";"100,00";"84,66";"15,34"
"2403103";"Currais Novos (RN)";"100,00";"87,16";"12,84"
"2403202";"Doutor Severiano (RN)";"100,00";"38,57";"61,43"
"2403251";"Parnamirim (RN)";"100,00";"100,00";"-"
"2403301";"Encanto (RN)";"100,00";"56,93";"43,07"
"2403400";"Equador (RN)";"100,00";"84,51";"15,49"
"2403509";"Espírito Santo (RN)";"100,00";"50,73";"49,27"
"2403608";"Extremoz (RN)";"100,00";"87,48";"12,52"
"2403707";"Felipe Guerra (RN)";"100,00";"73,03";"26,97"
"2403756";"Fernando Pedroza (RN)";"100,00";"86,66";"13,34"
"2403806";"Florânia (RN)";"100,00";"71,11";"28,89"
"2403905";"Francisco Dantas (RN)";"100,00";"63,15";"36,85"
"2404002";"Frutuoso Gomes (RN)";"100,00";"69,65";"30,35"
"2404101";"Galinhos (RN)";"100,00";"60,60";"39,40"
"2404200";"Goianinha (RN)";"100,00";"81,12";"18,88"
"2404309";"Governador Dix-Sept Rosado (RN)";"100,00";"56,04";"43,96"
"2404408";"Grossos (RN)";"100,00";"72,88";"27,12"
"2404507";"Guamaré (RN)";"100,00";"81,41";"18,59"
"2404606";"Ielmo Marinho (RN)";"100,00";"13,20";"86,80"
"2404705";"Ipanguaçu (RN)";"100,00";"49,52";"50,48"
"2404804";"Ipueira (RN)";"100,00";"92,63";"7,37"
"2404853";"Itajá (RN)";"100,00";"85,48";"14,52"
"2404903";"Itaú (RN)";"100,00";"82,54";"17,46"
"2405009";"Jaçanã (RN)";"100,00";"82,36";"17,64"
"2405108";"Jandaíra (RN)";"100,00";"60,03";"39,97"
"2405207";"Janduís (RN)";"100,00";"77,05";"22,95"
"2405306";"Januário Cicco (RN)";"100,00";"45,43";"54,57"
"2405405";"Japi (RN)";"100,00";"80,24";"19,76"
"2405504";"Jardim de Angicos (RN)";"100,00";"37,01";"62,99"
"2405603";"Jardim de Piranhas (RN)";"100,00";"83,10";"16,90"
"2405702";"Jardim do Seridó (RN)";"100,00";"84,17";"15,83"
"2405801";"João Câmara (RN)";"100,00";"67,77";"32,23"
"2405900";"João Dias (RN)";"100,00";"63,29";"36,71"
"2406007";"José da Penha (RN)";"100,00";"53,18";"46,82"
"2406106";"Jucurutu (RN)";"100,00";"66,16";"33,84"
"2406155";"Jundiá (RN)";"100,00";"22,49";"77,51"
"2406205";"Lagoa d'Anta (RN)";"100,00";"70,30";"29,70"
"2406304";"Lagoa de Pedras (RN)";"100,00";"29,33";"70,67"
"2406403";"Lagoa de Velhos (RN)";"100,00";"69,89";"30,11"
"2406502";"Lagoa Nova (RN)";"100,00";"48,40";"51,60"
"2406601";"Lagoa Salgada (RN)";"100,00";"68,00";"32,00"
"2406700";"Lajes (RN)";"100,00";"80,46";"19,54"
"2406809";"Lajes Pintadas (RN)";"100,00";"51,28";"48,72"
"2406908";"Lucrécia (RN)";"100,00";"66,02";"33,98"
"2407005";"Luís Gomes (RN)";"100,00";"71,69";"28,31"
"2407104";"Macaíba (RN)";"100,00";"77,48";"22,52"
"2407203";"Macau (RN)";"100,00";"80,19";"19,81"
"2407252";"Major Sales (RN)";"100,00";"84,43";"15,57"
"2407302";"Marcelino Vieira (RN)";"100,00";"62,91";"37,09"
"2407401";"Martins (RN)";"100,00";"74,02";"25,98"
"2407500";"Maxaranguape (RN)";"100,00";"70,64";"29,36"
"2407609";"Messias Targino (RN)";"100,00";"90,17";"9,83"
"2407708";"Montanhas (RN)";"100,00";"81,41";"18,59"
"2407807";"Monte Alegre (RN)";"100,00";"55,79";"44,21"
"2407906";"Monte das Gameleiras (RN)";"100,00";"65,91";"34,09"
"2408003";"Mossoró (RN)";"100,00";"92,73";"7,27"
"2408102";"Natal (RN)";"100,00";"100,00";"-"
"2408201";"Nísia Floresta (RN)";"100,00";"84,49";"15,51"
"2408300";"Nova Cruz (RN)";"100,00";"67,36";"32,64"
"2408409";"Olho d'Água do Borges (RN)";"100,00";"80,31";"19,69"
"2408508";"Ouro Branco (RN)";"100,00";"74,07";"25,93"
"2408607";"Paraná (RN)";"100,00";"60,98";"39,02"
"2408706";"Paraú (RN)";"100,00";"88,49";"11,51"
"2408805";"Parazinho (RN)";"100,00";"66,63";"33,37"
"2408904";"Parelhas (RN)";"100,00";"84,69";"15,31"
"2408953";"Rio do Fogo (RN)";"100,00";"60,35";"39,65"
"2409100";"Passa e Fica (RN)";"100,00";"68,15";"31,85"
"2409209";"Passagem (RN)";"100,00";"58,46";"41,54"
"2409308";"Patu (RN)";"100,00";"87,15";"12,85"
"2409332";"Santa Maria (RN)";"100,00";"67,96";"32,04"
"2409407";"Pau dos Ferros (RN)";"100,00";"91,90";"8,10"
"2409506";"Pedra Grande (RN)";"100,00";"36,76";"63,24"
"2409605";"Pedra Preta (RN)";"100,00";"43,18";"56,82"
"2409704";"Pedro Avelino (RN)";"100,00";"58,54";"41,46"
"2409803";"Pedro Velho (RN)";"100,00";"55,01";"44,99"
"2409902";"Pendências (RN)";"100,00";"81,59";"18,41"
"2410009";"Pilões (RN)";"100,00";"72,07";"27,93"
"2410108";"Poço Branco (RN)";"100,00";"57,39";"42,61"
"2410207";"Portalegre (RN)";"100,00";"59,32";"40,68"
"2410256";"Porto do Mangue (RN)";"100,00";"54,90";"45,10"
"2410306";"Serra Caiada (RN)";"100,00";"56,14";"43,86"
"2410405";"Pureza (RN)";"100,00";"39,62";"60,38"
"2410504";"Rafael Fernandes (RN)";"100,00";"61,10";"38,90"
"2410603";"Rafael Godeiro (RN)";"100,00";"68,47";"31,53"
"2410702";"Riacho da Cruz (RN)";"100,00";"88,52";"11,48"
"2410801";"Riacho de Santana (RN)";"100,00";"43,88";"56,12"
"2410900";"Riachuelo (RN)";"100,00";"63,82";"36,18"
"2411007";"Rodolfo Fernandes (RN)";"100,00";"85,64";"14,36"
"2411056";"Tibau (RN)";"100,00";"87,46";"12,54"
"2411106";"Ruy Barbosa (RN)";"100,00";"55,86";"44,14"
"2411205";"Santa Cruz (RN)";"100,00";"85,75";"14,25"
"2411403";"Santana do Matos (RN)";"100,00";"50,43";"49,57"
"2411429";"Santana do Seridó (RN)";"100,00";"72,14";"27,86"
"2411502";"Santo Antônio (RN)";"100,00";"64,12";"35,88"
"2411601";"São Bento do Norte (RN)";"100,00";"36,56";"63,44"
"2411700";"São Bento do Trairí (RN)";"100,00";"62,82";"37,18"
"2411809";"São Fernando (RN)";"100,00";"75,80";"24,20"
"2411908";"São Francisco do Oeste (RN)";"100,00";"83,83";"16,17"
"2412005";"São Gonçalo do Amarante (RN)";"100,00";"91,35";"8,65"
"2412104";"São João do Sabugi (RN)";"100,00";"85,31";"14,69"
"2412203";"São José de Mipibu (RN)";"100,00";"65,21";"34,79"
"2412302";"São José do Campestre (RN)";"100,00";"89,24";"10,76"
"2412401";"São José do Seridó (RN)";"100,00";"81,70";"18,30"
"2412500";"São Miguel (RN)";"100,00";"68,18";"31,82"
"2412559";"São Miguel do Gostoso (RN)";"100,00";"54,14";"45,86"
"2412609";"São Paulo do Potengi (RN)";"100,00";"71,51";"28,49"
"2412708";"São Pedro (RN)";"100,00";"61,69";"38,31"
"2412807";"São Rafael (RN)";"100,00";"77,54";"22,46"
"2412906";"São Tomé (RN)";"100,00";"55,86";"44,14"
"2413003";"São Vicente (RN)";"100,00";"68,53";"31,47"
"2413102";"Senador Elói de Souza (RN)";"100,00";"46,49";"53,51"
"2413201";"Senador Georgino Avelino (RN)";"100,00";"98,97";"1,03"
"2413300";"Serra de São Bento (RN)";"100,00";"66,32";"33,68"
"2413359";"Serra do Mel (RN)";"100,00";"41,69";"58,31"
"2413409";"Serra Negra do Norte (RN)";"100,00";"69,95";"30,05"
"2413508";"Serrinha (RN)";"100,00";"42,28";"57,72"
"2413557";"Serrinha dos Pintos (RN)";"100,00";"56,66";"43,34"
"2413607";"Severiano Melo (RN)";"100,00";"39,27";"60,73"
"2413706";"Sítio Novo (RN)";"100,00";"58,10";"41,90"
"2413805";"Taboleiro Grande (RN)";"100,00";"85,89";"14,11"
"2413904";"Taipu (RN)";"100,00";"28,93";"71,07"
"2414001";"Tangará (RN)";"100,00";"75,05";"24,95"
"2414100";"Tenente Ananias (RN)";"100,00";"72,26";"27,74"
"2414159";"Tenente Laurentino Cruz (RN)";"100,00";"68,80";"31,20"
"2414209";"Tibau do Sul (RN)";"100,00";"67,51";"32,49"
"2414308";"Timbaúba dos Batistas (RN)";"100,00";"86,03";"13,97"
"2414407";"Touros (RN)";"100,00";"45,18";"54,82"
"2414456";"Triunfo Potiguar (RN)";"100,00";"68,28";"31,72"
"2414506";"Umarizal (RN)";"100,00";"86,78";"13,22"
"2414605";"Upanema (RN)";"100,00";"56,40";"43,60"
"2414704";"Várzea (RN)";"100,00";"77,58";"22,42"
"2414753";"Venha-Ver (RN)";"100,00";"39,48";"60,52"
"2414803";"Vera Cruz (RN)";"100,00";"75,88";"24,12"
"2414902";"Viçosa (RN)";"100,00";"98,02";"1,98"
"2415008";"Vila Flor (RN)";"100,00";"92,69";"7,31"
"2500106";"Água Branca (PB)";"100,00";"48,14";"51,86"
"2500205";"Aguiar (PB)";"100,00";"56,95";"43,05"
"2500304";"Alagoa Grande (PB)";"100,00";"64,19";"35,81"
"2500403";"Alagoa Nova (PB)";"100,00";"55,13";"44,87"
"2500502";"Alagoinha (PB)";"100,00";"69,70";"30,30"
"2500536";"Alcantil (PB)";"100,00";"47,01";"52,99"
"2500577";"Algodão de Jandaíra (PB)";"100,00";"59,02";"40,98"
"2500601";"Alhandra (PB)";"100,00";"82,66";"17,34"
"2500700";"São João do Rio do Peixe (PB)";"100,00";"43,63";"56,37"
"2500734";"Amparo (PB)";"100,00";"57,61";"42,39"
"2500775";"Aparecida (PB)";"100,00";"54,94";"45,06"
"2500809";"Araçagi (PB)";"100,00";"44,27";"55,73"
"2500908";"Arara (PB)";"100,00";"78,84";"21,16"
"2501005";"Araruna (PB)";"100,00";"55,70";"44,30"
"2501104";"Areia (PB)";"100,00";"64,90";"35,10"
"2501153";"Areia de Baraúnas (PB)";"100,00";"52,72";"47,28"
"2501203";"Areial (PB)";"100,00";"78,04";"21,96"
"2501302";"Aroeiras (PB)";"100,00";"51,97";"48,03"
"2501351";"Assunção (PB)";"100,00";"79,62";"20,38"
"2501401";"Baía da Traição (PB)";"100,00";"29,58";"70,42"
"2501500";"Bananeiras (PB)";"100,00";"58,77";"41,23"
"2501534";"Baraúna (PB)";"100,00";"82,17";"17,83"
"2501575";"Barra de Santana (PB)";"100,00";"13,04";"86,96"
"2501609";"Barra de Santa Rosa (PB)";"100,00";"61,60";"38,40"
"2501708";"Barra de São Miguel (PB)";"100,00";"45,02";"54,98"
"2501807";"Bayeux (PB)";"100,00";"99,53";"0,47"
"2501906";"Belém (PB)";"100,00";"85,55";"14,45"
"2502003";"Belém do Brejo do Cruz (PB)";"100,00";"81,25";"18,75"
"2502052";"Bernardino Batista (PB)";"100,00";"40,33";"59,67"
"2502102";"Boa Ventura (PB)";"100,00";"73,96";"26,04"
"2502151";"Boa Vista (PB)";"100,00";"59,23";"40,77"
"2502201";"Bom Jesus (PB)";"100,00";"50,52";"49,48"
"2502300";"Bom Sucesso (PB)";"100,00";"49,75";"50,25"
"2502409";"Bonito de Santa Fé (PB)";"100,00";"73,18";"26,82"
"2502508";"Boqueirão (PB)";"100,00";"73,60";"26,40"
"2502607";"Igaracy (PB)";"100,00";"79,66";"20,34"
"2502706";"Borborema (PB)";"100,00";"82,27";"17,73"
"2502805";"Brejo do Cruz (PB)";"100,00";"82,19";"17,81"
"2502904";"Brejo dos Santos (PB)";"100,00";"84,73";"15,27"
"2503001";"Caaporã (PB)";"100,00";"85,16";"14,84"
"2503100";"Cabaceiras (PB)";"100,00";"51,66";"48,34"
"2503209";"Cabedelo (PB)";"100,00";"100,00";"0,00"
"2503308";"Cachoeira dos Índios (PB)";"100,00";"45,30";"54,70"
"2503407";"Cacimba de Areia (PB)";"100,00";"53,27";"46,73"
"2503506";"Cacimba de Dentro (PB)";"100,00";"70,49";"29,51"
"2503555";"Cacimbas (PB)";"100,00";"46,84";"53,16"
"2503605";"Caiçara (PB)";"100,00";"74,42";"25,58"
"2503704";"Cajazeiras (PB)";"100,00";"83,20";"16,80"
"2503753";"Cajazeirinhas (PB)";"100,00";"48,43";"51,57"
"2503803";"Caldas Brandão (PB)";"100,00";"59,03";"40,97"
"2503902";"Camalaú (PB)";"100,00";"59,52";"40,48"
"2504009";"Campina Grande (PB)";"100,00";"96,86";"3,14"
"2504033";"Capim (PB)";"100,00";"96,23";"3,77"
"2504074";"Caraúbas (PB)";"100,00";"45,77";"54,23"
"2504108";"Carrapateira (PB)";"100,00";"71,24";"28,76"
"2504157";"Casserengue (PB)";"100,00";"58,22";"41,78"
"2504207";"Catingueira (PB)";"100,00";"66,84";"33,16"
"2504306";"Catolé do Rocha (PB)";"100,00";"78,19";"21,81"
"2504355";"Caturité (PB)";"100,00";"24,53";"75,47"
"2504405";"Conceição (PB)";"100,00";"68,06";"31,94"
"2504504";"Condado (PB)";"100,00";"74,28";"25,72"
"2504603";"Conde (PB)";"100,00";"74,30";"25,70"
"2504702";"Congo (PB)";"100,00";"70,04";"29,96"
"2504801";"Coremas (PB)";"100,00";"83,76";"16,24"
"2504850";"Coxixola (PB)";"100,00";"48,25";"51,75"
"2504900";"Cruz do Espírito Santo (PB)";"100,00";"51,47";"48,53"
"2505006";"Cubati (PB)";"100,00";"69,10";"30,90"
"2505105";"Cuité (PB)";"100,00";"72,57";"27,43"
"2505204";"Cuitegi (PB)";"100,00";"83,71";"16,29"
"2505238";"Cuité de Mamanguape (PB)";"100,00";"33,75";"66,25"
"2505279";"Curral de Cima (PB)";"100,00";"11,78";"88,22"
"2505303";"Curral Velho (PB)";"100,00";"60,60";"39,40"
"2505352";"Damião (PB)";"100,00";"61,32";"38,68"
"2505402";"Desterro (PB)";"100,00";"65,34";"34,66"
"2505501";"Vista Serrana (PB)";"100,00";"49,46";"50,54"
"2505600";"Diamante (PB)";"100,00";"65,23";"34,77"
"2505709";"Dona Inês (PB)";"100,00";"51,35";"48,65"
"2505808";"Duas Estradas (PB)";"100,00";"81,12";"18,88"
"2505907";"Emas (PB)";"100,00";"74,03";"25,97"
"2506004";"Esperança (PB)";"100,00";"71,73";"28,27"
"2506103";"Fagundes (PB)";"100,00";"55,55";"44,45"
"2506202";"Frei Martinho (PB)";"100,00";"69,01";"30,99"
"2506251";"Gado Bravo (PB)";"100,00";"17,43";"82,57"
"2506301";"Guarabira (PB)";"100,00";"88,83";"11,17"
"2506400";"Gurinhém (PB)";"100,00";"45,50";"54,50"
"2506509";"Gurjão (PB)";"100,00";"70,48";"29,52"
"2506608";"Ibiara (PB)";"100,00";"67,75";"32,25"
"2506707";"Imaculada (PB)";"100,00";"52,94";"47,06"
"2506806";"Ingá (PB)";"100,00";"69,01";"30,99"
"2506905";"Itabaiana (PB)";"100,00";"84,48";"15,52"
"2507002";"Itaporanga (PB)";"100,00";"78,71";"21,29"
"2507101";"Itapororoca (PB)";"100,00";"68,18";"31,82"
"2507200";"Itatuba (PB)";"100,00";"60,06";"39,94"
"2507309";"Jacaraú (PB)";"100,00";"62,65";"37,35"
"2507408";"Jericó (PB)";"100,00";"71,58";"28,42"
"2507507";"João Pessoa (PB)";"100,00";"99,93";"0,07"
"2507606";"Juarez Távora (PB)";"100,00";"77,31";"22,69"
"2507705";"Juazeirinho (PB)";"100,00";"54,91";"45,09"
"2507804";"Junco do Seridó (PB)";"100,00";"67,17";"32,83"
"2507903";"Juripiranga (PB)";"100,00";"92,99";"7,01"
"2508000";"Juru (PB)";"100,00";"50,30";"49,70"
"2508109";"Lagoa (PB)";"100,00";"63,67";"36,33"
"2508208";"Lagoa de Dentro (PB)";"100,00";"64,18";"35,82"
"2508307";"Lagoa Seca (PB)";"100,00";"54,10";"45,90"
"2508406";"Lastro (PB)";"100,00";"45,22";"54,78"
"2508505";"Livramento (PB)";"100,00";"55,05";"44,95"
"2508554";"Logradouro (PB)";"100,00";"73,57";"26,43"
"2508604";"Lucena (PB)";"100,00";"87,20";"12,80"
"2508703";"Mãe d'Água (PB)";"100,00";"45,46";"54,54"
"2508802";"Malta (PB)";"100,00";"89,78";"10,22"
"2508901";"Mamanguape (PB)";"100,00";"82,67";"17,33"
"2509008";"Manaíra (PB)";"100,00";"65,25";"34,75"
"2509057";"Marcação (PB)";"100,00";"35,32";"64,68"
"2509107";"Mari (PB)";"100,00";"83,22";"16,78"
"2509156";"Marizópolis (PB)";"100,00";"85,12";"14,88"
"2509206";"Massaranduba (PB)";"100,00";"60,45";"39,55"
"2509305";"Mataraca (PB)";"100,00";"86,88";"13,12"
"2509339";"Matinhas (PB)";"100,00";"23,54";"76,46"
"2509370";"Mato Grosso (PB)";"100,00";"50,22";"49,78"
"2509396";"Maturéia (PB)";"100,00";"73,79";"26,21"
"2509404";"Mogeiro (PB)";"100,00";"44,46";"55,54"
"2509503";"Montadas (PB)";"100,00";"70,29";"29,71"
"2509602";"Monte Horebe (PB)";"100,00";"62,63";"37,37"
"2509701";"Monteiro (PB)";"100,00";"67,57";"32,43"
"2509800";"Mulungu (PB)";"100,00";"49,82";"50,18"
"2509909";"Natuba (PB)";"100,00";"42,62";"57,38"
"2510006";"Nazarezinho (PB)";"100,00";"50,41";"49,59"
"2510105";"Nova Floresta (PB)";"100,00";"92,19";"7,81"
"2510204";"Nova Olinda (PB)";"100,00";"56,66";"43,34"
"2510303";"Nova Palmeira (PB)";"100,00";"68,42";"31,58"
"2510402";"Olho d'Água (PB)";"100,00";"61,77";"38,23"
"2510501";"Olivedos (PB)";"100,00";"57,88";"42,12"
"2510600";"Ouro Velho (PB)";"100,00";"69,26";"30,74"
"2510659";"Parari (PB)";"100,00";"52,15";"47,85"
"2510709";"Passagem (PB)";"100,00";"49,53";"50,47"
"2510808";"Patos (PB)";"100,00";"97,05";"2,95"
"2510907";"Paulista (PB)";"100,00";"55,56";"44,44"
"2511004";"Pedra Branca (PB)";"100,00";"70,21";"29,79"
"2511103";"Pedra Lavrada (PB)";"100,00";"45,46";"54,54"
"2511202";"Pedras de Fogo (PB)";"100,00";"59,49";"40,51"
"2511301";"Piancó (PB)";"100,00";"72,88";"27,12"
"2511400";"Picuí (PB)";"100,00";"69,67";"30,33"
"2511509";"Pilar (PB)";"100,00";"70,73";"29,27"
"2511608";"Pilões (PB)";"100,00";"57,70";"42,30"
"2511707";"Pilõezinhos (PB)";"100,00";"65,28";"34,72"
"2511806";"Pirpirituba (PB)";"100,00";"80,28";"19,72"
"2511905";"Pitimbu (PB)";"100,00";"63,23";"36,77"
"2512002";"Pocinhos (PB)";"100,00";"64,63";"35,37"
"2512036";"Poço Dantas (PB)";"100,00";"36,37";"63,63"
"2512077";"Poço de José de Moura (PB)";"100,00";"35,90";"64,10"
"2512101";"Pombal (PB)";"100,00";"84,30";"15,70"
"2512200";"Prata (PB)";"100,00";"66,85";"33,15"
"2512309";"Princesa Isabel (PB)";"100,00";"74,63";"25,37"
"2512408";"Puxinanã (PB)";"100,00";"56,92";"43,08"
"2512507";"Queimadas (PB)";"100,00";"59,79";"40,21"
"2512606";"Quixaba (PB)";"100,00";"53,30";"46,70"
"2512705";"Remígio (PB)";"100,00";"80,02";"19,98"
"2512721";"Pedro Régis (PB)";"100,00";"43,22";"56,78"
"2512747";"Riachão (PB)";"100,00";"61,05";"38,95"
"2512754";"Riachão do Bacamarte (PB)";"100,00";"64,61";"35,39"
"2512762";"Riachão do Poço (PB)";"100,00";"36,15";"63,85"
"2512788";"Riacho de Santo Antônio (PB)";"100,00";"76,93";"23,07"
"2512804";"Riacho dos Cavalos (PB)";"100,00";"55,55";"44,45"
"2512903";"Rio Tinto (PB)";"100,00";"63,33";"36,67"
"2513000";"Salgadinho (PB)";"100,00";"39,08";"60,92"
"2513109";"Salgado de São Félix (PB)";"100,00";"44,62";"55,38"
"2513158";"Santa Cecília (PB)";"100,00";"36,38";"63,62"
"2513208";"Santa Cruz (PB)";"100,00";"50,75";"49,25"
"2513307";"Santa Helena (PB)";"100,00";"48,39";"51,61"
"2513356";"Santa Inês (PB)";"100,00";"44,87";"55,13"
"2513406";"Santa Luzia (PB)";"100,00";"91,87";"8,13"
"2513505";"Santana de Mangueira (PB)";"100,00";"48,42";"51,58"
"2513604";"Santana dos Garrotes (PB)";"100,00";"58,88";"41,12"
"2513653";"Joca Claudino (PB)";"100,00";"37,73";"62,27"
"2513703";"Santa Rita (PB)";"100,00";"88,87";"11,13"
"2513802";"Santa Teresinha (PB)";"100,00";"58,20";"41,80"
"2513851";"Santo André (PB)";"100,00";"46,11";"53,89"
"2513901";"São Bento (PB)";"100,00";"84,37";"15,63"
"2513927";"São Bentinho (PB)";"100,00";"74,67";"25,33"
"2513943";"São Domingos do Cariri (PB)";"100,00";"56,05";"43,95"
"2513968";"São Domingos (PB)";"100,00";"45,59";"54,41"
"2513984";"São Francisco (PB)";"100,00";"40,33";"59,67"
"2514008";"São João do Cariri (PB)";"100,00";"59,99";"40,01"
"2514107";"São João do Tigre (PB)";"100,00";"34,39";"65,61"
"2514206";"São José da Lagoa Tapada (PB)";"100,00";"44,56";"55,44"
"2514305";"São José de Caiana (PB)";"100,00";"58,82";"41,18"
"2514404";"São José de Espinharas (PB)";"100,00";"41,56";"58,44"
"2514453";"São José dos Ramos (PB)";"100,00";"44,08";"55,92"
"2514503";"São José de Piranhas (PB)";"100,00";"65,84";"34,16"
"2514552";"São José de Princesa (PB)";"100,00";"19,23";"80,77"
"2514602";"São José do Bonfim (PB)";"100,00";"53,98";"46,02"
"2514651";"São José do Brejo do Cruz (PB)";"100,00";"80,64";"19,36"
"2514701";"São José do Sabugi (PB)";"100,00";"71,68";"28,32"
"2514800";"São José dos Cordeiros (PB)";"100,00";"52,30";"47,70"
"2514909";"São Mamede (PB)";"100,00";"80,35";"19,65"
"2515005";"São Miguel de Taipu (PB)";"100,00";"43,90";"56,10"
"2515104";"São Sebastião de Lagoa de Roça (PB)";"100,00";"48,17";"51,83"
"2515203";"São Sebastião do Umbuzeiro (PB)";"100,00";"70,45";"29,55"
"2515302";"Sapé (PB)";"100,00";"76,07";"23,93"
"2515401";"São Vicente do Seridó (PB)";"100,00";"51,82";"48,18"
"2515500";"Serra Branca (PB)";"100,00";"72,32";"27,68"
"2515609";"Serra da Raiz (PB)";"100,00";"81,42";"18,58"
"2515708";"Serra Grande (PB)";"100,00";"77,26";"22,74"
"2515807";"Serra Redonda (PB)";"100,00";"54,12";"45,88"
"2515906";"Serraria (PB)";"100,00";"72,49";"27,51"
"2515930";"Sertãozinho (PB)";"100,00";"79,28";"20,72"
"2515971";"Sobrado (PB)";"100,00";"12,23";"87,77"
"2516003";"Solânea (PB)";"100,00";"79,49";"20,51"
"2516102";"Soledade (PB)";"100,00";"76,55";"23,45"
"2516151";"Sossêgo (PB)";"100,00";"63,11";"36,89"
"2516201";"Sousa (PB)";"100,00";"79,45";"20,55"
"2516300";"Sumé (PB)";"100,00";"79,67";"20,33"
"2516409";"Tacima (PB)";"100,00";"46,30";"53,70"
"2516508";"Taperoá (PB)";"100,00";"67,66";"32,34"
"2516607";"Tavares (PB)";"100,00";"59,15";"40,85"
"2516706";"Teixeira (PB)";"100,00";"72,08";"27,92"
"2516755";"Tenório (PB)";"100,00";"65,34";"34,66"
"2516805";"Triunfo (PB)";"100,00";"51,68";"48,32"
"2516904";"Uiraúna (PB)";"100,00";"73,09";"26,91"
"2517001";"Umbuzeiro (PB)";"100,00";"45,40";"54,60"
"2517100";"Várzea (PB)";"100,00";"77,66";"22,34"
"2517209";"Vieirópolis (PB)";"100,00";"24,77";"75,23"
"2517407";"Zabelê (PB)";"100,00";"66,97";"33,03"
"2600054";"Abreu e Lima (PE)";"100,00";"97,80";"2,20"
"2600104";"Afogados da Ingazeira (PE)";"100,00";"79,89";"20,11"
"2600203";"Afrânio (PE)";"100,00";"32,23";"67,77"
"2600302";"Agrestina (PE)";"100,00";"79,15";"20,85"
"2600401";"Água Preta (PE)";"100,00";"65,23";"34,77"
"2600500";"Águas Belas (PE)";"100,00";"64,93";"35,07"
"2600609";"Alagoinha (PE)";"100,00";"60,54";"39,46"
"2600708";"Aliança (PE)";"100,00";"80,47";"19,53"
"2600807";"Altinho (PE)";"100,00";"66,71";"33,29"
"2600906";"Amaraji (PE)";"100,00";"81,32";"18,68"
"2601003";"Angelim (PE)";"100,00";"64,17";"35,83"
"2601052";"Araçoiaba (PE)";"100,00";"91,90";"8,10"
"2601102";"Araripina (PE)";"100,00";"59,79";"40,21"
"2601201";"Arcoverde (PE)";"100,00";"93,40";"6,60"
"2601300";"Barra de Guabiraba (PE)";"100,00";"88,18";"11,82"
"2601409";"Barreiros (PE)";"100,00";"87,54";"12,46"
"2601508";"Belém de Maria (PE)";"100,00";"71,58";"28,42"
"2601607";"Belém do São Francisco (PE)";"100,00";"66,12";"33,88"
"2601706";"Belo Jardim (PE)";"100,00";"85,09";"14,91"
"2601805";"Betânia (PE)";"100,00";"36,46";"63,54"
"2601904";"Bezerros (PE)";"100,00";"85,89";"14,11"
"2602001";"Bodocó (PE)";"100,00";"42,90";"57,10"
"2602100";"Bom Conselho (PE)";"100,00";"68,77";"31,23"
"2602209";"Bom Jardim (PE)";"100,00";"47,15";"52,85"
"2602308";"Bonito (PE)";"100,00";"76,06";"23,94"
"2602407";"Brejão (PE)";"100,00";"40,98";"59,02"
"2602506";"Brejinho (PE)";"100,00";"50,87";"49,13"
"2602605";"Brejo da Madre de Deus (PE)";"100,00";"79,79";"20,21"
"2602704";"Buenos Aires (PE)";"100,00";"72,02";"27,98"
"2602803";"Buíque (PE)";"100,00";"42,89";"57,11"
"2602902";"Cabo de Santo Agostinho (PE)";"100,00";"93,82";"6,18"
"2603009";"Cabrobó (PE)";"100,00";"66,11";"33,89"
"2603108";"Cachoeirinha (PE)";"100,00";"83,59";"16,41"
"2603207";"Caetés (PE)";"100,00";"30,42";"69,58"
"2603306";"Calçado (PE)";"100,00";"33,89";"66,11"
"2603405";"Calumbi (PE)";"100,00";"40,36";"59,64"
"2603454";"Camaragibe (PE)";"100,00";"100,00";"-"
"2603504";"Camocim de São Félix (PE)";"100,00";"84,92";"15,08"
"2603603";"Camutanga (PE)";"100,00";"85,59";"14,41"
"2603702";"Canhotinho (PE)";"100,00";"67,62";"32,38"
"2603801";"Capoeiras (PE)";"100,00";"36,72";"63,28"
"2603900";"Carnaíba (PE)";"100,00";"47,70";"52,30"
"2603926";"Carnaubeira da Penha (PE)";"100,00";"16,97";"83,03"
"2604007";"Carpina (PE)";"100,00";"94,95";"5,05"
"2604106";"Caruaru (PE)";"100,00";"92,18";"7,82"
"2604155";"Casinhas (PE)";"100,00";"17,55";"82,45"
"2604205";"Catende (PE)";"100,00";"78,51";"21,49"
"2604304";"Cedro (PE)";"100,00";"64,39";"35,61"
"2604403";"Chã de Alegria (PE)";"100,00";"81,95";"18,05"
"2604502";"Chã Grande (PE)";"100,00";"61,50";"38,50"
"2604601";"Condado (PE)";"100,00";"92,07";"7,93"
"2604700";"Correntes (PE)";"100,00";"60,50";"39,50"
"2604809";"Cortês (PE)";"100,00";"78,24";"21,76"
"2604908";"Cumaru (PE)";"100,00";"48,89";"51,11"
"2605004";"Cupira (PE)";"100,00";"94,33";"5,67"
"2605103";"Custódia (PE)";"100,00";"67,30";"32,70"
"2605152";"Dormentes (PE)";"100,00";"45,43";"54,57"
"2605202";"Escada (PE)";"100,00";"88,14";"11,86"
"2605301";"Exu (PE)";"100,00";"49,17";"50,83"
"2605400";"Feira Nova (PE)";"100,00";"81,22";"18,78"
"2605459";"Fernando de Noronha (PE)";"100,00";"97,44";"2,56"
"2605509";"Ferreiros (PE)";"100,00";"88,30";"11,70"
"2605608";"Flores (PE)";"100,00";"45,33";"54,67"
"2605707";"Floresta (PE)";"100,00";"73,29";"26,71"
"2605806";"Frei Miguelinho (PE)";"100,00";"31,13";"68,87"
"2605905";"Gameleira (PE)";"100,00";"81,38";"18,62"
"2606002";"Garanhuns (PE)";"100,00";"90,93";"9,07"
"2606101";"Glória do Goitá (PE)";"100,00";"70,84";"29,16"
"2606200";"Goiana (PE)";"100,00";"94,11";"5,89"
"2606309";"Granito (PE)";"100,00";"55,15";"44,85"
"2606408";"Gravatá (PE)";"100,00";"85,68";"14,32"
"2606507";"Iati (PE)";"100,00";"46,97";"53,03"
"2606606";"Ibimirim (PE)";"100,00";"55,93";"44,07"
"2606705";"Ibirajuba (PE)";"100,00";"45,91";"54,09"
"2606804";"Igarassu (PE)";"100,00";"95,69";"4,31"
"2606903";"Iguaracy (PE)";"100,00";"53,24";"46,76"
"2607000";"Inajá (PE)";"100,00";"45,46";"54,54"
"2607109";"Ingazeira (PE)";"100,00";"52,61";"47,39"
"2607208";"Ipojuca (PE)";"100,00";"85,68";"14,32"
"2607307";"Ipubi (PE)";"100,00";"65,07";"34,93"
"2607406";"Itacuruba (PE)";"100,00";"73,44";"26,56"
"2607505";"Itaíba (PE)";"100,00";"34,12";"65,88"
"2607604";"Ilha de Itamaracá (PE)";"100,00";"85,93";"14,07"
"2607653";"Itambé (PE)";"100,00";"91,96";"8,04"
"2607703";"Itapetim (PE)";"100,00";"62,77";"37,23"
"2607752";"Itapissuma (PE)";"100,00";"98,58";"1,42"
"2607802";"Itaquitinga (PE)";"100,00";"80,87";"19,13"
"2607901";"Jaboatão dos Guararapes (PE)";"100,00";"99,28";"0,72"
"2607950";"Jaqueira (PE)";"100,00";"66,02";"33,98"
"2608008";"Jataúba (PE)";"100,00";"64,09";"35,91"
"2608057";"Jatobá (PE)";"100,00";"59,69";"40,31"
"2608107";"João Alfredo (PE)";"100,00";"58,82";"41,18"
"2608206";"Joaquim Nabuco (PE)";"100,00";"80,41";"19,59"
"2608255";"Jucati (PE)";"100,00";"45,58";"54,42"
"2608305";"Jupi (PE)";"100,00";"65,38";"34,62"
"2608404";"Jurema (PE)";"100,00";"79,60";"20,40"
"2608453";"Lagoa do Carro (PE)";"100,00";"76,12";"23,88"
"2608503";"Lagoa de Itaenga (PE)";"100,00";"83,29";"16,71"
"2608602";"Lagoa do Ouro (PE)";"100,00";"57,12";"42,88"
"2608701";"Lagoa dos Gatos (PE)";"100,00";"66,62";"33,38"
"2608750";"Lagoa Grande (PE)";"100,00";"70,56";"29,44"
"2608800";"Lajedo (PE)";"100,00";"80,58";"19,42"
"2608909";"Limoeiro (PE)";"100,00";"80,98";"19,02"
"2609006";"Macaparana (PE)";"100,00";"75,93";"24,07"
"2609105";"Machados (PE)";"100,00";"75,43";"24,57"
"2609154";"Manari (PE)";"100,00";"23,05";"76,95"
"2609204";"Maraial (PE)";"100,00";"73,92";"26,08"
"2609303";"Mirandiba (PE)";"100,00";"51,38";"48,62"
"2609402";"Moreno (PE)";"100,00";"90,46";"9,54"
"2609501";"Nazaré da Mata (PE)";"100,00";"92,32";"7,68"
"2609600";"Olinda (PE)";"100,00";"100,00";"-"
"2609709";"Orobó (PE)";"100,00";"45,37";"54,63"
"2609808";"Orocó (PE)";"100,00";"37,82";"62,18"
"2609907";"Ouricuri (PE)";"100,00";"51,85";"48,15"
"2610004";"Palmares (PE)";"100,00";"78,45";"21,55"
"2610103";"Palmeirina (PE)";"100,00";"64,84";"35,16"
"2610202";"Panelas (PE)";"100,00";"62,25";"37,75"
"2610301";"Paranatama (PE)";"100,00";"20,80";"79,20"
"2610400";"Parnamirim (PE)";"100,00";"42,83";"57,17"
"2610509";"Passira (PE)";"100,00";"51,79";"48,21"
"2610608";"Paudalho (PE)";"100,00";"82,93";"17,07"
"2610707";"Paulista (PE)";"100,00";"99,95";"0,05"
"2610806";"Pedra (PE)";"100,00";"55,30";"44,70"
"2610905";"Pesqueira (PE)";"100,00";"72,64";"27,36"
"2611002";"Petrolândia (PE)";"100,00";"72,50";"27,50"
"2611101";"Petrolina (PE)";"100,00";"90,35";"9,65"
"2611200";"Poção (PE)";"100,00";"64,36";"35,64"
"2611309";"Pombos (PE)";"100,00";"65,00";"35,00"
"2611408";"Primavera (PE)";"100,00";"62,50";"37,50"
"2611507";"Quipapá (PE)";"100,00";"70,39";"29,61"
"2611533";"Quixaba (PE)";"100,00";"51,51";"48,49"
"2611606";"Recife (PE)";"100,00";"100,00";"-"
"2611705";"Riacho das Almas (PE)";"100,00";"51,10";"48,90"
"2611804";"Ribeirão (PE)";"100,00";"83,51";"16,49"
"2611903";"Rio Formoso (PE)";"100,00";"72,47";"27,53"
"2612000";"Sairé (PE)";"100,00";"60,30";"39,70"
"2612109";"Salgadinho (PE)";"100,00";"35,85";"64,15"
"2612208";"Salgueiro (PE)";"100,00";"80,46";"19,54"
"2612307";"Saloá (PE)";"100,00";"58,60";"41,40"
"2612406";"Sanharó (PE)";"100,00";"76,30";"23,70"
"2612455";"Santa Cruz (PE)";"100,00";"38,11";"61,89"
"2612471";"Santa Cruz da Baixa Verde (PE)";"100,00";"54,93";"45,07"
"2612505";"Santa Cruz do Capibaribe (PE)";"100,00";"97,45";"2,55"
"2612554";"Santa Filomena (PE)";"100,00";"36,67";"63,33"
"2612604";"Santa Maria da Boa Vista (PE)";"100,00";"36,83";"63,17"
"2612703";"Santa Maria do Cambucá (PE)";"100,00";"28,19";"71,81"
"2612802";"Santa Terezinha (PE)";"100,00";"65,86";"34,14"
"2612901";"São Benedito do Sul (PE)";"100,00";"61,89";"38,11"
"2613008";"São Bento do Una (PE)";"100,00";"60,45";"39,55"
"2613107";"São Caitano (PE)";"100,00";"79,22";"20,78"
"2613206";"São João (PE)";"100,00";"54,21";"45,79"
"2613305";"São Joaquim do Monte (PE)";"100,00";"73,69";"26,31"
"2613404";"São José da Coroa Grande (PE)";"100,00";"76,91";"23,09"
"2613503";"São José do Belmonte (PE)";"100,00";"56,79";"43,21"
"2613602";"São José do Egito (PE)";"100,00";"66,65";"33,35"
"2613701";"São Lourenço da Mata (PE)";"100,00";"95,05";"4,95"
"2613800";"São Vicente Férrer (PE)";"100,00";"73,35";"26,65"
"2613909";"Serra Talhada (PE)";"100,00";"80,12";"19,88"
"2614006";"Serrita (PE)";"100,00";"35,89";"64,11"
"2614105";"Sertânia (PE)";"100,00";"57,26";"42,74"
"2614204";"Sirinhaém (PE)";"100,00";"80,78";"19,22"
"2614303";"Moreilândia (PE)";"100,00";"63,74";"36,26"
"2614402";"Solidão (PE)";"100,00";"37,02";"62,98"
"2614501";"Surubim (PE)";"100,00";"78,99";"21,01"
"2614600";"Tabira (PE)";"100,00";"75,68";"24,32"
"2614709";"Tacaimbó (PE)";"100,00";"56,67";"43,33"
"2614808";"Tacaratu (PE)";"100,00";"47,87";"52,13"
"2614857";"Tamandaré (PE)";"100,00";"79,85";"20,15"
"2615003";"Taquaritinga do Norte (PE)";"100,00";"70,71";"29,29"
"2615102";"Terezinha (PE)";"100,00";"50,25";"49,75"
"2615201";"Terra Nova (PE)";"100,00";"68,07";"31,93"
"2615300";"Timbaúba (PE)";"100,00";"85,91";"14,09"
"2615409";"Toritama (PE)";"100,00";"98,11";"1,89"
"2615508";"Tracunhaém (PE)";"100,00";"83,10";"16,90"
"2615607";"Trindade (PE)";"100,00";"79,61";"20,39"
"2615706";"Triunfo (PE)";"100,00";"58,57";"41,43"
"2615805";"Tupanatinga (PE)";"100,00";"39,26";"60,74"
"2615904";"Tuparetama (PE)";"100,00";"81,09";"18,91"
"2616001";"Venturosa (PE)";"100,00";"65,35";"34,65"
"2616100";"Verdejante (PE)";"100,00";"30,17";"69,83"
"2616183";"Vertente do Lério (PE)";"100,00";"25,77";"74,23"
"2616209";"Vertentes (PE)";"100,00";"74,69";"25,31"
"2616308";"Vicência (PE)";"100,00";"58,81";"41,19"
"2616407";"Vitória de Santo Antão (PE)";"100,00";"90,51";"9,49"
"2616506";"Xexéu (PE)";"100,00";"90,59";"9,41"
"2700102";"Água Branca (AL)";"100,00";"32,17";"67,83"
"2700201";"Anadia (AL)";"100,00";"66,08";"33,92"
"2700300";"Arapiraca (AL)";"100,00";"92,21";"7,79"
"2700409";"Atalaia (AL)";"100,00";"71,42";"28,58"
"2700508";"Barra de Santo Antônio (AL)";"100,00";"95,50";"4,50"
"2700607";"Barra de São Miguel (AL)";"100,00";"94,64";"5,36"
"2700706";"Batalha (AL)";"100,00";"74,21";"25,79"
"2700805";"Belém (AL)";"100,00";"51,48";"48,52"
"2700904";"Belo Monte (AL)";"100,00";"19,64";"80,36"
"2701001";"Boca da Mata (AL)";"100,00";"90,69";"9,31"
"2701100";"Branquinha (AL)";"100,00";"64,72";"35,28"
"2701209";"Cacimbinhas (AL)";"100,00";"54,29";"45,71"
"2701308";"Cajueiro (AL)";"100,00";"90,43";"9,57"
"2701357";"Campestre (AL)";"100,00";"90,38";"9,62"
"2701407";"Campo Alegre (AL)";"100,00";"95,44";"4,56"
"2701506";"Campo Grande (AL)";"100,00";"50,50";"49,50"
"2701605";"Canapi (AL)";"100,00";"35,09";"64,91"
"2701704";"Capela (AL)";"100,00";"79,64";"20,36"
"2701803";"Carneiros (AL)";"100,00";"65,20";"34,80"
"2701902";"Chã Preta (AL)";"100,00";"72,13";"27,87"
"2702009";"Coité do Nóia (AL)";"100,00";"47,51";"52,49"
"2702108";"Colônia Leopoldina (AL)";"100,00";"83,26";"16,74"
"2702207";"Coqueiro Seco (AL)";"100,00";"89,63";"10,37"
"2702306";"Coruripe (AL)";"100,00";"89,13";"10,87"
"2702355";"Craíbas (AL)";"100,00";"50,58";"49,42"
"2702405";"Delmiro Gouveia (AL)";"100,00";"79,89";"20,11"
"2702504";"Dois Riachos (AL)";"100,00";"56,99";"43,01"
"2702553";"Estrela de Alagoas (AL)";"100,00";"27,33";"72,67"
"2702603";"Feira Grande (AL)";"100,00";"35,90";"64,10"
"2702702";"Feliz Deserto (AL)";"100,00";"80,39";"19,61"
"2702801";"Flexeiras (AL)";"100,00";"70,04";"29,96"
"2702900";"Girau do Ponciano (AL)";"100,00";"33,99";"66,01"
"2703007";"Ibateguara (AL)";"100,00";"83,00";"17,00"
"2703106";"Igaci (AL)";"100,00";"25,23";"74,77"
"2703205";"Igreja Nova (AL)";"100,00";"21,04";"78,96"
"2703304";"Inhapi (AL)";"100,00";"43,37";"56,63"
"2703403";"Jacaré dos Homens (AL)";"100,00";"62,21";"37,79"
"2703502";"Jacuípe (AL)";"100,00";"74,35";"25,65"
"2703601";"Japaratinga (AL)";"100,00";"62,37";"37,63"
"2703700";"Jaramataia (AL)";"100,00";"50,89";"49,11"
"2703759";"Jequiá da Praia (AL)";"100,00";"44,82";"55,18"
"2703809";"Joaquim Gomes (AL)";"100,00";"66,67";"33,33"
"2703908";"Jundiá (AL)";"100,00";"77,39";"22,61"
"2704005";"Junqueiro (AL)";"100,00";"48,99";"51,01"
"2704104";"Lagoa da Canoa (AL)";"100,00";"53,11";"46,89"
"2704203";"Limoeiro de Anadia (AL)";"100,00";"35,36";"64,64"
"2704302";"Maceió (AL)";"100,00";"99,97";"0,03"
"2704401";"Major Isidoro (AL)";"100,00";"55,84";"44,16"
"2704500";"Maragogi (AL)";"100,00";"78,97";"21,03"
"2704609";"Maravilha (AL)";"100,00";"53,62";"46,38"
"2704708";"Marechal Deodoro (AL)";"100,00";"97,96";"2,04"
"2704807";"Maribondo (AL)";"100,00";"74,03";"25,97"
"2704906";"Mar Vermelho (AL)";"100,00";"48,27";"51,73"
"2705002";"Mata Grande (AL)";"100,00";"26,47";"73,53"
"2705101";"Matriz de Camaragibe (AL)";"100,00";"91,60";"8,40"
"2705200";"Messias (AL)";"100,00";"87,10";"12,90"
"2705309";"Minador do Negrão (AL)";"100,00";"46,21";"53,79"
"2705408";"Monteirópolis (AL)";"100,00";"40,02";"59,98"
"2705507";"Murici (AL)";"100,00";"91,13";"8,87"
"2705606";"Novo Lino (AL)";"100,00";"72,47";"27,53"
"2705705";"Olho d'Água das Flores (AL)";"100,00";"68,71";"31,29"
"2705804";"Olho d'Água do Casado (AL)";"100,00";"53,19";"46,81"
"2705903";"Olho d'Água Grande (AL)";"100,00";"30,32";"69,68"
"2706000";"Olivença (AL)";"100,00";"42,19";"57,81"
"2706109";"Ouro Branco (AL)";"100,00";"66,00";"34,00"
"2706208";"Palestina (AL)";"100,00";"72,44";"27,56"
"2706307";"Palmeira dos Índios (AL)";"100,00";"74,06";"25,94"
"2706406";"Pão de Açúcar (AL)";"100,00";"47,07";"52,93"
"2706422";"Pariconha (AL)";"100,00";"31,50";"68,50"
"2706448";"Paripueira (AL)";"100,00";"94,90";"5,10"
"2706505";"Passo de Camaragibe (AL)";"100,00";"70,14";"29,86"
"2706604";"Paulo Jacinto (AL)";"100,00";"79,53";"20,47"
"2706703";"Penedo (AL)";"100,00";"80,36";"19,64"
"2706802";"Piaçabuçu (AL)";"100,00";"83,22";"16,78"
"2706901";"Pilar (AL)";"100,00";"97,94";"2,06"
"2707008";"Pindoba (AL)";"100,00";"58,07";"41,93"
"2707107";"Piranhas (AL)";"100,00";"75,27";"24,73"
"2707206";"Poço das Trincheiras (AL)";"100,00";"18,07";"81,93"
"2707305";"Porto Calvo (AL)";"100,00";"83,53";"16,47"
"2707404";"Porto de Pedras (AL)";"100,00";"76,46";"23,54"
"2707503";"Porto Real do Colégio (AL)";"100,00";"46,51";"53,49"
"2707602";"Quebrangulo (AL)";"100,00";"64,76";"35,24"
"2707701";"Rio Largo (AL)";"100,00";"97,94";"2,06"
"2707800";"Roteiro (AL)";"100,00";"91,10";"8,90"
"2707909";"Santa Luzia do Norte (AL)";"100,00";"98,55";"1,45"
"2708006";"Santana do Ipanema (AL)";"100,00";"66,80";"33,20"
"2708105";"Santana do Mundaú (AL)";"100,00";"61,55";"38,45"
"2708204";"São Brás (AL)";"100,00";"60,23";"39,77"
"2708303";"São José da Laje (AL)";"100,00";"78,38";"21,62"
"2708402";"São José da Tapera (AL)";"100,00";"44,05";"55,95"
"2708501";"São Luís do Quitunde (AL)";"100,00";"75,53";"24,47"
"2708600";"São Miguel dos Campos (AL)";"100,00";"95,94";"4,06"
"2708709";"São Miguel dos Milagres (AL)";"100,00";"93,79";"6,21"
"2708808";"São Sebastião (AL)";"100,00";"43,88";"56,12"
"2708907";"Satuba (AL)";"100,00";"96,17";"3,83"
"2708956";"Senador Rui Palmeira (AL)";"100,00";"31,79";"68,21"
"2709004";"Tanque d'Arca (AL)";"100,00";"36,97";"63,03"
"2709103";"Taquarana (AL)";"100,00";"49,61";"50,39"
"2709152";"Teotônio Vilela (AL)";"100,00";"84,45";"15,55"
"2709202";"Traipu (AL)";"100,00";"30,91";"69,09"
"2709301";"União dos Palmares (AL)";"100,00";"83,27";"16,73"
"2709400";"Viçosa (AL)";"100,00";"77,09";"22,91"
"2800100";"Amparo do São Francisco (SE)";"100,00";"78,39";"21,61"
"2800209";"Aquidabã (SE)";"100,00";"58,85";"41,15"
"2800308";"Aracaju (SE)";"100,00";"100,00";"0,00"
"2800407";"Arauá (SE)";"100,00";"42,40";"57,60"
"2800506";"Areia Branca (SE)";"100,00";"77,40";"22,60"
"2800605";"Barra dos Coqueiros (SE)";"100,00";"99,12";"0,88"
"2800670";"Boquim (SE)";"100,00";"72,15";"27,85"
"2800704";"Brejo Grande (SE)";"100,00";"50,16";"49,84"
"2801009";"Campo do Brito (SE)";"100,00";"63,80";"36,20"
"2801108";"Canhoba (SE)";"100,00";"40,97";"59,03"
"2801207";"Canindé de São Francisco (SE)";"100,00";"66,71";"33,29"
"2801306";"Capela (SE)";"100,00";"69,38";"30,62"
"2801405";"Carira (SE)";"100,00";"63,08";"36,92"
"2801504";"Carmópolis (SE)";"100,00";"96,66";"3,34"
"2801603";"Cedro de São João (SE)";"100,00";"86,76";"13,24"
"2801702";"Cristinápolis (SE)";"100,00";"77,68";"22,32"
"2801900";"Cumbe (SE)";"100,00";"58,03";"41,97"
"2802007";"Divina Pastora (SE)";"100,00";"50,00";"50,00"
"2802106";"Estância (SE)";"100,00";"87,93";"12,07"
"2802205";"Feira Nova (SE)";"100,00";"66,59";"33,41"
"2802304";"Frei Paulo (SE)";"100,00";"81,47";"18,53"
"2802403";"Gararu (SE)";"100,00";"28,15";"71,85"
"2802502";"General Maynard (SE)";"100,00";"68,03";"31,97"
"2802601";"Graccho Cardoso (SE)";"100,00";"49,79";"50,21"
"2802700";"Ilha das Flores (SE)";"100,00";"90,58";"9,42"
"2802809";"Indiaroba (SE)";"100,00";"33,20";"66,80"
"2802908";"Itabaiana (SE)";"100,00";"83,66";"16,34"
"2803005";"Itabaianinha (SE)";"100,00";"59,32";"40,68"
"2803104";"Itabi (SE)";"100,00";"56,71";"43,29"
"2803203";"Itaporanga d'Ajuda (SE)";"100,00";"47,83";"52,17"
"2803302";"Japaratuba (SE)";"100,00";"64,66";"35,34"
"2803401";"Japoatã (SE)";"100,00";"34,13";"65,87"
"2803500";"Lagarto (SE)";"100,00";"74,27";"25,73"
"2803609";"Laranjeiras (SE)";"100,00";"92,95";"7,05"
"2803708";"Macambira (SE)";"100,00";"54,86";"45,14"
"2803807";"Malhada dos Bois (SE)";"100,00";"40,07";"59,93"
"2803906";"Malhador (SE)";"100,00";"52,18";"47,82"
"2804003";"Maruim (SE)";"100,00";"88,63";"11,37"
"2804102";"Moita Bonita (SE)";"100,00";"47,69";"52,31"
"2804201";"Monte Alegre de Sergipe (SE)";"100,00";"63,96";"36,04"
"2804300";"Muribeca (SE)";"100,00";"46,51";"53,49"
"2804409";"Neópolis (SE)";"100,00";"52,70";"47,30"
"2804458";"Nossa Senhora Aparecida (SE)";"100,00";"50,13";"49,87"
"2804508";"Nossa Senhora da Glória (SE)";"100,00";"69,81";"30,19"
"2804607";"Nossa Senhora das Dores (SE)";"100,00";"76,10";"23,90"
"2804706";"Nossa Senhora de Lourdes (SE)";"100,00";"55,82";"44,18"
"2804805";"Nossa Senhora do Socorro (SE)";"100,00";"98,57";"1,43"
"2804904";"Pacatuba (SE)";"100,00";"39,97";"60,03"
"2805000";"Pedra Mole (SE)";"100,00";"45,46";"54,54"
"2805109";"Pedrinhas (SE)";"100,00";"76,69";"23,31"
"2805208";"Pinhão (SE)";"100,00";"64,84";"35,16"
"2805307";"Pirambu (SE)";"100,00";"58,70";"41,30"
"2805406";"Poço Redondo (SE)";"100,00";"44,28";"55,72"
"2805505";"Poço Verde (SE)";"100,00";"59,87";"40,13"
"2805604";"Porto da Folha (SE)";"100,00";"48,15";"51,85"
"2805703";"Propriá (SE)";"100,00";"85,06";"14,94"
"2805802";"Riachão do Dantas (SE)";"100,00";"40,12";"59,88"
"2805901";"Riachuelo (SE)";"100,00";"84,11";"15,89"
"2806008";"Ribeirópolis (SE)";"100,00";"74,03";"25,97"
"2806107";"Rosário do Catete (SE)";"100,00";"87,40";"12,60"
"2806206";"Salgado (SE)";"100,00";"49,67";"50,33"
"2806305";"Santa Luzia do Itanhy (SE)";"100,00";"23,71";"76,29"
"2806404";"Santana do São Francisco (SE)";"100,00";"61,73";"38,27"
"2806503";"Santa Rosa de Lima (SE)";"100,00";"56,11";"43,89"
"2806602";"Santo Amaro das Brotas (SE)";"100,00";"71,46";"28,54"
"2806701";"São Cristóvão (SE)";"100,00";"88,25";"11,75"
"2806800";"São Domingos (SE)";"100,00";"55,35";"44,65"
"2806909";"São Francisco (SE)";"100,00";"72,90";"27,10"
"2807006";"São Miguel do Aleixo (SE)";"100,00";"54,14";"45,86"
"2807105";"Simão Dias (SE)";"100,00";"53,99";"46,01"
"2807204";"Siriri (SE)";"100,00";"48,86";"51,14"
"2807303";"Telha (SE)";"100,00";"58,89";"41,11"
"2807402";"Tobias Barreto (SE)";"100,00";"74,56";"25,44"
"2807501";"Tomar do Geru (SE)";"100,00";"53,29";"46,71"
"2807600";"Umbaúba (SE)";"100,00";"81,82";"18,18"
"2900108";"Abaíra (BA)";"100,00";"48,69";"51,31"
"2900207";"Abaré (BA)";"100,00";"55,89";"44,11"
"2900306";"Acajutiba (BA)";"100,00";"75,01";"24,99"
"2900355";"Adustina (BA)";"100,00";"50,46";"49,54"
"2900405";"Água Fria (BA)";"100,00";"40,95";"59,05"
"2900504";"Érico Cardoso (BA)";"100,00";"21,54";"78,46"
"2900603";"Aiquara (BA)";"100,00";"58,40";"41,60"
"2900702";"Alagoinhas (BA)";"100,00";"87,72";"12,28"
"2900801";"Alcobaça (BA)";"100,00";"52,41";"47,59"
"2900900";"Almadina (BA)";"100,00";"84,90";"15,10"
"2901007";"Amargosa (BA)";"100,00";"76,84";"23,16"
"2901106";"Amélia Rodrigues (BA)";"100,00";"82,55";"17,45"
"2901155";"América Dourada (BA)";"100,00";"77,46";"22,54"
"2901205";"Anagé (BA)";"100,00";"25,65";"74,35"
"2901304";"Andaraí (BA)";"100,00";"61,89";"38,11"
"2901353";"Andorinha (BA)";"100,00";"44,38";"55,62"
"2901403";"Angical (BA)";"100,00";"46,79";"53,21"
"2901502";"Anguera (BA)";"100,00";"43,05";"56,95"
"2901601";"Antas (BA)";"100,00";"60,32";"39,68"
"2901700";"Antônio Cardoso (BA)";"100,00";"34,47";"65,53"
"2901809";"Antônio Gonçalves (BA)";"100,00";"51,41";"48,59"
"2901908";"Aporá (BA)";"100,00";"56,22";"43,78"
"2901957";"Apuarema (BA)";"100,00";"74,56";"25,44"
"2902005";"Aracatu (BA)";"100,00";"32,89";"67,11"
"2902054";"Araçás (BA)";"100,00";"52,90";"47,10"
"2902104";"Araci (BA)";"100,00";"48,52";"51,48"
"2902203";"Aramari (BA)";"100,00";"56,68";"43,32"
"2902252";"Arataca (BA)";"100,00";"53,24";"46,76"
"2902302";"Aratuípe (BA)";"100,00";"63,02";"36,98"
"2902401";"Aurelino Leal (BA)";"100,00";"86,15";"13,85"
"2902500";"Baianópolis (BA)";"100,00";"28,42";"71,58"
"2902609";"Baixa Grande (BA)";"100,00";"44,44";"55,56"
"2902658";"Banzaê (BA)";"100,00";"36,93";"63,07"
"2902708";"Barra (BA)";"100,00";"48,17";"51,83"
"2902807";"Barra da Estiva (BA)";"100,00";"54,16";"45,84"
"2902906";"Barra do Choça (BA)";"100,00";"68,41";"31,59"
"2903003";"Barra do Mendes (BA)";"100,00";"56,61";"43,39"
"2903102";"Barra do Rocha (BA)";"100,00";"67,60";"32,40"
"2903201";"Barreiras (BA)";"100,00";"90,11";"9,89"
"2903235";"Barro Alto (BA)";"100,00";"55,88";"44,12"
"2903276";"Barrocas (BA)";"100,00";"46,89";"53,11"
"2903300";"Barro Preto (BA)";"100,00";"82,17";"17,83"
"2903409";"Belmonte (BA)";"100,00";"81,99";"18,01"
"2903508";"Belo Campo (BA)";"100,00";"55,97";"44,03"
"2903607";"Biritinga (BA)";"100,00";"27,37";"72,63"
"2903706";"Boa Nova (BA)";"100,00";"53,62";"46,38"
"2903805";"Boa Vista do Tupim (BA)";"100,00";"45,96";"54,04"
"2903904";"Bom Jesus da Lapa (BA)";"100,00";"73,09";"26,91"
"2903953";"Bom Jesus da Serra (BA)";"100,00";"35,30";"64,70"
"2904001";"Boninal (BA)";"100,00";"47,14";"52,86"
"2904050";"Bonito (BA)";"100,00";"50,90";"49,10"
"2904100";"Boquira (BA)";"100,00";"36,60";"63,40"
"2904209";"Botuporã (BA)";"100,00";"43,69";"56,31"
"2904308";"Brejões (BA)";"100,00";"68,15";"31,85"
"2904407";"Brejolândia (BA)";"100,00";"21,31";"78,69"
"2904506";"Brotas de Macaúbas (BA)";"100,00";"32,20";"67,80"
"2904605";"Brumado (BA)";"100,00";"74,11";"25,89"
"2904704";"Buerarema (BA)";"100,00";"88,53";"11,47"
"2904753";"Buritirama (BA)";"100,00";"41,77";"58,23"
"2904803";"Caatiba (BA)";"100,00";"70,44";"29,56"
"2904852";"Cabaceiras do Paraguaçu (BA)";"100,00";"31,99";"68,01"
"2904902";"Cachoeira (BA)";"100,00";"68,36";"31,64"
"2905008";"Caculé (BA)";"100,00";"67,42";"32,58"
"2905107";"Caém (BA)";"100,00";"48,60";"51,40"
"2905156";"Caetanos (BA)";"100,00";"32,70";"67,30"
"2905206";"Caetité (BA)";"100,00";"63,39";"36,61"
"2905305";"Cafarnaum (BA)";"100,00";"68,98";"31,02"
"2905404";"Cairu (BA)";"100,00";"84,26";"15,74"
"2905503";"Caldeirão Grande (BA)";"100,00";"58,04";"41,96"
"2905602";"Camacan (BA)";"100,00";"88,48";"11,52"
"2905701";"Camaçari (BA)";"100,00";"97,85";"2,15"
"2905800";"Camamu (BA)";"100,00";"53,17";"46,83"
"2905909";"Campo Alegre de Lourdes (BA)";"100,00";"31,10";"68,90"
"2906006";"Campo Formoso (BA)";"100,00";"57,09";"42,91"
"2906105";"Canápolis (BA)";"100,00";"38,47";"61,53"
"2906204";"Canarana (BA)";"100,00";"59,82";"40,18"
"2906303";"Canavieiras (BA)";"100,00";"76,81";"23,19"
"2906402";"Candeal (BA)";"100,00";"44,08";"55,92"
"2906501";"Candeias (BA)";"100,00";"91,53";"8,47"
"2906600";"Candiba (BA)";"100,00";"59,59";"40,41"
"2906709";"Cândido Sales (BA)";"100,00";"75,15";"24,85"
"2906808";"Cansanção (BA)";"100,00";"39,13";"60,87"
"2906824";"Canudos (BA)";"100,00";"63,66";"36,34"
"2906857";"Capela do Alto Alegre (BA)";"100,00";"52,19";"47,81"
"2906873";"Capim Grosso (BA)";"100,00";"85,05";"14,95"
"2906899";"Caraíbas (BA)";"100,00";"29,54";"70,46"
"2906907";"Caravelas (BA)";"100,00";"74,16";"25,84"
"2907004";"Cardeal da Silva (BA)";"100,00";"74,87";"25,13"
"2907103";"Carinhanha (BA)";"100,00";"61,19";"38,81"
"2907202";"Casa Nova (BA)";"100,00";"63,68";"36,32"
"2907301";"Castro Alves (BA)";"100,00";"63,87";"36,13"
"2907400";"Catolândia (BA)";"100,00";"32,79";"67,21"
"2907509";"Catu (BA)";"100,00";"85,62";"14,38"
"2907558";"Caturama (BA)";"100,00";"31,90";"68,10"
"2907608";"Central (BA)";"100,00";"50,07";"49,93"
"2907707";"Chorrochó (BA)";"100,00";"54,56";"45,44"
"2907806";"Cícero Dantas (BA)";"100,00";"67,24";"32,76"
"2907905";"Cipó (BA)";"100,00";"70,82";"29,18"
"2908002";"Coaraci (BA)";"100,00";"92,25";"7,75"
"2908101";"Cocos (BA)";"100,00";"53,58";"46,42"
"2908200";"Conceição da Feira (BA)";"100,00";"66,55";"33,45"
"2908309";"Conceição do Almeida (BA)";"100,00";"47,35";"52,65"
"2908408";"Conceição do Coité (BA)";"100,00";"65,94";"34,06"
"2908507";"Conceição do Jacuípe (BA)";"100,00";"93,56";"6,44"
"2908606";"Conde (BA)";"100,00";"60,84";"39,16"
"2908705";"Condeúba (BA)";"100,00";"47,46";"52,54"
"2908804";"Contendas do Sincorá (BA)";"100,00";"60,54";"39,46"
"2908903";"Coração de Maria (BA)";"100,00";"44,46";"55,54"
"2909000";"Cordeiros (BA)";"100,00";"34,65";"65,35"
"2909109";"Coribe (BA)";"100,00";"62,61";"37,39"
"2909208";"Coronel João Sá (BA)";"100,00";"51,84";"48,16"
"2909307";"Correntina (BA)";"100,00";"52,73";"47,27"
"2909406";"Cotegipe (BA)";"100,00";"51,93";"48,07"
"2909505";"Cravolândia (BA)";"100,00";"67,72";"32,28"
"2909604";"Crisópolis (BA)";"100,00";"56,68";"43,32"
"2909703";"Cristópolis (BA)";"100,00";"40,57";"59,43"
"2909802";"Cruz das Almas (BA)";"100,00";"78,32";"21,68"
"2909901";"Curaçá (BA)";"100,00";"52,11";"47,89"
"2910008";"Dário Meira (BA)";"100,00";"61,01";"38,99"
"2910057";"Dias d'Ávila (BA)";"100,00";"97,60";"2,40"
"2910107";"Dom Basílio (BA)";"100,00";"22,02";"77,98"
"2910206";"Dom Macedo Costa (BA)";"100,00";"50,51";"49,49"
"2910305";"Elísio Medrado (BA)";"100,00";"44,47";"55,53"
"2910404";"Encruzilhada (BA)";"100,00";"59,87";"40,13"
"2910503";"Entre Rios (BA)";"100,00";"74,35";"25,65"
"2910602";"Esplanada (BA)";"100,00";"69,77";"30,23"
"2910701";"Euclides da Cunha (BA)";"100,00";"52,47";"47,53"
"2910727";"Eunápolis (BA)";"100,00";"93,98";"6,02"
"2910750";"Fátima (BA)";"100,00";"44,68";"55,32"
"2910776";"Feira da Mata (BA)";"100,00";"64,87";"35,13"
"2910800";"Feira de Santana (BA)";"100,00";"93,80";"6,20"
"2910859";"Filadélfia (BA)";"100,00";"56,48";"43,52"
"2910909";"Firmino Alves (BA)";"100,00";"86,00";"14,00"
"2911006";"Floresta Azul (BA)";"100,00";"75,46";"24,54"
"2911105";"Formosa do Rio Preto (BA)";"100,00";"66,18";"33,82"
"2911204";"Gandu (BA)";"100,00";"83,62";"16,38"
"2911253";"Gavião (BA)";"100,00";"68,76";"31,24"
"2911303";"Gentio do Ouro (BA)";"100,00";"53,35";"46,65"
"2911402";"Glória (BA)";"100,00";"31,02";"68,98"
"2911501";"Gongogi (BA)";"100,00";"71,40";"28,60"
"2911600";"Governador Mangabeira (BA)";"100,00";"45,62";"54,38"
"2911659";"Guajeru (BA)";"100,00";"30,17";"69,83"
"2911709";"Guanambi (BA)";"100,00";"83,64";"16,36"
"2911808";"Guaratinga (BA)";"100,00";"62,11";"37,89"
"2911857";"Heliópolis (BA)";"100,00";"49,81";"50,19"
"2911907";"Iaçu (BA)";"100,00";"79,32";"20,68"
"2912004";"Ibiassucê (BA)";"100,00";"49,48";"50,52"
"2912103";"Ibicaraí (BA)";"100,00";"92,77";"7,23"
"2912202";"Ibicoara (BA)";"100,00";"65,71";"34,29"
"2912301";"Ibicuí (BA)";"100,00";"82,04";"17,96"
"2912400";"Ibipeba (BA)";"100,00";"67,16";"32,84"
"2912509";"Ibipitanga (BA)";"100,00";"44,50";"55,50"
"2912608";"Ibiquera (BA)";"100,00";"68,64";"31,36"
"2912707";"Ibirapitanga (BA)";"100,00";"55,19";"44,81"
"2912806";"Ibirapuã (BA)";"100,00";"64,85";"35,15"
"2912905";"Ibirataia (BA)";"100,00";"83,45";"16,55"
"2913002";"Ibitiara (BA)";"100,00";"27,55";"72,45"
"2913101";"Ibititá (BA)";"100,00";"50,14";"49,86"
"2913200";"Ibotirama (BA)";"100,00";"81,48";"18,52"
"2913309";"Ichu (BA)";"100,00";"59,92";"40,08"
"2913408";"Igaporã (BA)";"100,00";"56,09";"43,91"
"2913457";"Igrapiúna (BA)";"100,00";"34,11";"65,89"
"2913507";"Iguaí (BA)";"100,00";"64,54";"35,46"
"2913606";"Ilhéus (BA)";"100,00";"90,60";"9,40"
"2913705";"Inhambupe (BA)";"100,00";"48,68";"51,32"
"2913804";"Ipecaetá (BA)";"100,00";"26,22";"73,78"
"2913903";"Ipiaú (BA)";"100,00";"92,24";"7,76"
"2914000";"Ipirá (BA)";"100,00";"58,98";"41,02"
"2914109";"Ipupiara (BA)";"100,00";"64,83";"35,17"
"2914208";"Irajuba (BA)";"100,00";"55,50";"44,50"
"2914307";"Iramaia (BA)";"100,00";"46,88";"53,12"
"2914406";"Iraquara (BA)";"100,00";"33,01";"66,99"
"2914505";"Irará (BA)";"100,00";"45,32";"54,68"
"2914604";"Irecê (BA)";"100,00";"95,15";"4,85"
"2914653";"Itabela (BA)";"100,00";"85,28";"14,72"
"2914703";"Itaberaba (BA)";"100,00";"82,22";"17,78"
"2914802";"Itabuna (BA)";"100,00";"98,36";"1,64"
"2914901";"Itacaré (BA)";"100,00";"63,64";"36,36"
"2915007";"Itaeté (BA)";"100,00";"63,48";"36,52"
"2915106";"Itagi (BA)";"100,00";"76,58";"23,42"
"2915205";"Itagibá (BA)";"100,00";"72,47";"27,53"
"2915304";"Itagimirim (BA)";"100,00";"78,86";"21,14"
"2915353";"Itaguaçu da Bahia (BA)";"100,00";"31,21";"68,79"
"2915403";"Itaju do Colônia (BA)";"100,00";"82,56";"17,44"
"2915502";"Itajuípe (BA)";"100,00";"82,93";"17,07"
"2915601";"Itamaraju (BA)";"100,00";"81,05";"18,95"
"2915700";"Itamari (BA)";"100,00";"76,54";"23,46"
"2915809";"Itambé (BA)";"100,00";"84,20";"15,80"
"2915908";"Itanagra (BA)";"100,00";"60,74";"39,26"
"2916005";"Itanhém (BA)";"100,00";"70,52";"29,48"
"2916104";"Itaparica (BA)";"100,00";"100,00";"-"
"2916203";"Itapé (BA)";"100,00";"80,16";"19,84"
"2916302";"Itapebi (BA)";"100,00";"79,27";"20,73"
"2916401";"Itapetinga (BA)";"100,00";"97,01";"2,99"
"2916500";"Itapicuru (BA)";"100,00";"39,96";"60,04"
"2916609";"Itapitanga (BA)";"100,00";"62,06";"37,94"
"2916708";"Itaquara (BA)";"100,00";"62,05";"37,95"
"2916807";"Itarantim (BA)";"100,00";"86,05";"13,95"
"2916856";"Itatim (BA)";"100,00";"76,06";"23,94"
"2916906";"Itiruçu (BA)";"100,00";"79,26";"20,74"
"2917003";"Itiúba (BA)";"100,00";"38,46";"61,54"
"2917102";"Itororó (BA)";"100,00";"92,59";"7,41"
"2917201";"Ituaçu (BA)";"100,00";"42,25";"57,75"
"2917300";"Ituberá (BA)";"100,00";"73,94";"26,06"
"2917334";"Iuiu (BA)";"100,00";"70,95";"29,05"
"2917359";"Jaborandi (BA)";"100,00";"38,59";"61,41"
"2917409";"Jacaraci (BA)";"100,00";"37,84";"62,16"
"2917508";"Jacobina (BA)";"100,00";"85,21";"14,79"
"2917607";"Jaguaquara (BA)";"100,00";"82,25";"17,75"
"2917706";"Jaguarari (BA)";"100,00";"72,03";"27,97"
"2917805";"Jaguaripe (BA)";"100,00";"40,76";"59,24"
"2917904";"Jandaíra (BA)";"100,00";"63,62";"36,38"
"2918001";"Jequié (BA)";"100,00";"92,58";"7,42"
"2918100";"Jeremoabo (BA)";"100,00";"52,43";"47,57"
"2918209";"Jiquiriçá (BA)";"100,00";"46,89";"53,11"
"2918308";"Jitaúna (BA)";"100,00";"71,27";"28,73"
"2918357";"João Dourado (BA)";"100,00";"76,71";"23,29"
"2918407";"Juazeiro (BA)";"100,00";"85,21";"14,79"
"2918456";"Jucuruçu (BA)";"100,00";"46,83";"53,17"
"2918506";"Jussara (BA)";"100,00";"61,73";"38,27"
"2918555";"Jussari (BA)";"100,00";"73,64";"26,36"
"2918605";"Jussiape (BA)";"100,00";"43,05";"56,95"
"2918704";"Lafaiete Coutinho (BA)";"100,00";"59,14";"40,86"
"2918753";"Lagoa Real (BA)";"100,00";"26,56";"73,44"
"2918803";"Laje (BA)";"100,00";"35,01";"64,99"
"2918902";"Lajedão (BA)";"100,00";"63,02";"36,98"
"2919009";"Lajedinho (BA)";"100,00";"37,23";"62,77"
"2919058";"Lajedo do Tabocal (BA)";"100,00";"64,32";"35,68"
"2919108";"Lamarão (BA)";"100,00";"24,93";"75,07"
"2919157";"Lapão (BA)";"100,00";"63,93";"36,07"
"2919207";"Lauro de Freitas (BA)";"100,00";"99,97";"0,03"
"2919306";"Lençóis (BA)";"100,00";"79,71";"20,29"
"2919405";"Licínio de Almeida (BA)";"100,00";"53,90";"46,10"
"2919504";"Livramento de Nossa Senhora (BA)";"100,00";"54,22";"45,78"
"2919553";"Luís Eduardo Magalhães (BA)";"100,00";"97,18";"2,82"
"2919603";"Macajuba (BA)";"100,00";"63,43";"36,57"
"2919702";"Macarani (BA)";"100,00";"75,67";"24,33"
"2919801";"Macaúbas (BA)";"100,00";"46,70";"53,30"
"2919900";"Macururé (BA)";"100,00";"36,99";"63,01"
"2919926";"Madre de Deus (BA)";"100,00";"100,00";"-"
"2919959";"Maetinga (BA)";"100,00";"48,06";"51,94"
"2920007";"Maiquinique (BA)";"100,00";"80,40";"19,60"
"2920106";"Mairi (BA)";"100,00";"64,73";"35,27"
"2920205";"Malhada (BA)";"100,00";"55,12";"44,88"
"2920304";"Malhada de Pedras (BA)";"100,00";"40,82";"59,18"
"2920403";"Manoel Vitorino (BA)";"100,00";"55,12";"44,88"
"2920452";"Mansidão (BA)";"100,00";"41,93";"58,07"
"2920502";"Maracás (BA)";"100,00";"78,86";"21,14"
"2920601";"Maragogipe (BA)";"100,00";"59,51";"40,49"
"2920700";"Maraú (BA)";"100,00";"49,35";"50,65"
"2920809";"Marcionílio Souza (BA)";"100,00";"55,92";"44,08"
"2920908";"Mascote (BA)";"100,00";"82,25";"17,75"
"2921005";"Mata de São João (BA)";"100,00";"81,91";"18,09"
"2921054";"Matina (BA)";"100,00";"38,46";"61,54"
"2921104";"Medeiros Neto (BA)";"100,00";"78,82";"21,18"
"2921203";"Miguel Calmon (BA)";"100,00";"60,40";"39,60"
"2921302";"Milagres (BA)";"100,00";"81,64";"18,36"
"2921401";"Mirangaba (BA)";"100,00";"47,93";"52,07"
"2921450";"Mirante (BA)";"100,00";"21,34";"78,66"
"2921500";"Monte Santo (BA)";"100,00";"26,25";"73,75"
"2921609";"Morpará (BA)";"100,00";"66,68";"33,32"
"2921708";"Morro do Chapéu (BA)";"100,00";"65,27";"34,73"
"2921807";"Mortugaba (BA)";"100,00";"53,38";"46,62"
"2921906";"Mucugê (BA)";"100,00";"42,57";"57,43"
"2922003";"Mucuri (BA)";"100,00";"81,22";"18,78"
"2922052";"Mulungu do Morro (BA)";"100,00";"47,07";"52,93"
"2922102";"Mundo Novo (BA)";"100,00";"71,25";"28,75"
"2922201";"Muniz Ferreira (BA)";"100,00";"53,55";"46,45"
"2922250";"Muquém do São Francisco (BA)";"100,00";"40,02";"59,98"
"2922300";"Muritiba (BA)";"100,00";"66,72";"33,28"
"2922409";"Mutuípe (BA)";"100,00";"50,58";"49,42"
"2922508";"Nazaré (BA)";"100,00";"80,59";"19,41"
"2922607";"Nilo Peçanha (BA)";"100,00";"45,10";"54,90"
"2922656";"Nordestina (BA)";"100,00";"35,32";"64,68"
"2922706";"Nova Canaã (BA)";"100,00";"49,33";"50,67"
"2922730";"Nova Fátima (BA)";"100,00";"72,89";"27,11"
"2922755";"Nova Ibiá (BA)";"100,00";"48,81";"51,19"
"2922805";"Nova Itarana (BA)";"100,00";"79,33";"20,67"
"2922854";"Nova Redenção (BA)";"100,00";"65,46";"34,54"
"2922904";"Nova Soure (BA)";"100,00";"45,81";"54,19"
"2923001";"Nova Viçosa (BA)";"100,00";"89,44";"10,56"
"2923035";"Novo Horizonte (BA)";"100,00";"39,80";"60,20"
"2923050";"Novo Triunfo (BA)";"100,00";"62,66";"37,34"
"2923100";"Olindina (BA)";"100,00";"50,73";"49,27"
"2923209";"Oliveira dos Brejinhos (BA)";"100,00";"40,07";"59,93"
"2923308";"Ouriçangas (BA)";"100,00";"45,23";"54,77"
"2923357";"Ourolândia (BA)";"100,00";"60,45";"39,55"
"2923407";"Palmas de Monte Alto (BA)";"100,00";"49,89";"50,11"
"2923506";"Palmeiras (BA)";"100,00";"65,69";"34,31"
"2923605";"Paramirim (BA)";"100,00";"62,12";"37,88"
"2923704";"Paratinga (BA)";"100,00";"41,88";"58,12"
"2923803";"Paripiranga (BA)";"100,00";"40,87";"59,13"
"2923902";"Pau Brasil (BA)";"100,00";"67,58";"32,42"
"2924009";"Paulo Afonso (BA)";"100,00";"87,35";"12,65"
"2924058";"Pé de Serra (BA)";"100,00";"52,81";"47,19"
"2924108";"Pedrão (BA)";"100,00";"32,13";"67,87"
"2924207";"Pedro Alexandre (BA)";"100,00";"35,62";"64,38"
"2924306";"Piatã (BA)";"100,00";"53,81";"46,19"
"2924405";"Pilão Arcado (BA)";"100,00";"36,90";"63,10"
"2924504";"Pindaí (BA)";"100,00";"30,21";"69,79"
"2924603";"Pindobaçu (BA)";"100,00";"72,81";"27,19"
"2924652";"Pintadas (BA)";"100,00";"63,19";"36,81"
"2924678";"Piraí do Norte (BA)";"100,00";"39,86";"60,14"
"2924702";"Piripá (BA)";"100,00";"55,71";"44,29"
"2924801";"Piritiba (BA)";"100,00";"68,82";"31,18"
"2924900";"Planaltino (BA)";"100,00";"47,25";"52,75"
"2925006";"Planalto (BA)";"100,00";"67,18";"32,82"
"2925105";"Poções (BA)";"100,00";"77,35";"22,65"
"2925204";"Pojuca (BA)";"100,00";"88,93";"11,07"
"2925253";"Ponto Novo (BA)";"100,00";"70,17";"29,83"
"2925303";"Porto Seguro (BA)";"100,00";"90,02";"9,98"
"2925402";"Potiraguá (BA)";"100,00";"91,78";"8,22"
"2925501";"Prado (BA)";"100,00";"66,38";"33,62"
"2925600";"Presidente Dutra (BA)";"100,00";"61,71";"38,29"
"2925709";"Presidente Jânio Quadros (BA)";"100,00";"40,57";"59,43"
"2925758";"Presidente Tancredo Neves (BA)";"100,00";"56,09";"43,91"
"2925808";"Queimadas (BA)";"100,00";"52,77";"47,23"
"2925907";"Quijingue (BA)";"100,00";"35,16";"64,84"
"2925931";"Quixabeira (BA)";"100,00";"51,79";"48,21"
"2925956";"Rafael Jambeiro (BA)";"100,00";"34,84";"65,16"
"2926004";"Remanso (BA)";"100,00";"66,13";"33,87"
"2926103";"Retirolândia (BA)";"100,00";"52,76";"47,24"
"2926202";"Riachão das Neves (BA)";"100,00";"50,91";"49,09"
"2926301";"Riachão do Jacuípe (BA)";"100,00";"74,75";"25,25"
"2926400";"Riacho de Santana (BA)";"100,00";"44,19";"55,81"
"2926509";"Ribeira do Amparo (BA)";"100,00";"40,89";"59,11"
"2926608";"Ribeira do Pombal (BA)";"100,00";"63,62";"36,38"
"2926657";"Ribeirão do Largo (BA)";"100,00";"44,01";"55,99"
"2926707";"Rio de Contas (BA)";"100,00";"50,25";"49,75"
"2926806";"Rio do Antônio (BA)";"100,00";"45,90";"54,10"
"2926905";"Rio do Pires (BA)";"100,00";"51,66";"48,34"
"2927002";"Rio Real (BA)";"100,00";"69,79";"30,21"
"2927101";"Rodelas (BA)";"100,00";"79,24";"20,76"
"2927200";"Ruy Barbosa (BA)";"100,00";"78,29";"21,71"
"2927309";"Salinas da Margarida (BA)";"100,00";"96,82";"3,18"
"2927408";"Salvador (BA)";"100,00";"100,00";"-"
"2927507";"Santa Bárbara (BA)";"100,00";"45,97";"54,03"
"2927606";"Santa Brígida (BA)";"100,00";"34,61";"65,39"
"2927705";"Santa Cruz Cabrália (BA)";"100,00";"79,51";"20,49"
"2927804";"Santa Cruz da Vitória (BA)";"100,00";"88,25";"11,75"
"2927903";"Santa Inês (BA)";"100,00";"88,07";"11,93"
"2928000";"Santaluz (BA)";"100,00";"64,05";"35,95"
"2928059";"Santa Luzia (BA)";"100,00";"60,15";"39,85"
"2928109";"Santa Maria da Vitória (BA)";"100,00";"63,98";"36,02"
"2928208";"Santana (BA)";"100,00";"56,28";"43,72"
"2928307";"Santanópolis (BA)";"100,00";"23,50";"76,50"
"2928406";"Santa Rita de Cássia (BA)";"100,00";"64,32";"35,68"
"2928505";"Santa Terezinha (BA)";"100,00";"28,59";"71,41"
"2928604";"Santo Amaro (BA)";"100,00";"76,99";"23,01"
"2928703";"Santo Antônio de Jesus (BA)";"100,00";"89,48";"10,52"
"2928802";"Santo Estêvão (BA)";"100,00";"65,96";"34,04"
"2928901";"São Desidério (BA)";"100,00";"52,12";"47,88"
"2928950";"São Domingos (BA)";"100,00";"71,56";"28,44"
"2929008";"São Félix (BA)";"100,00";"64,53";"35,47"
"2929057";"São Félix do Coribe (BA)";"100,00";"75,49";"24,51"
"2929107";"São Felipe (BA)";"100,00";"55,06";"44,94"
"2929206";"São Francisco do Conde (BA)";"100,00";"93,44";"6,56"
"2929255";"São Gabriel (BA)";"100,00";"63,02";"36,98"
"2929305";"São Gonçalo dos Campos (BA)";"100,00";"72,92";"27,08"
"2929354";"São José da Vitória (BA)";"100,00";"85,42";"14,58"
"2929370";"São José do Jacuípe (BA)";"100,00";"71,43";"28,57"
"2929404";"São Miguel das Matas (BA)";"100,00";"39,30";"60,70"
"2929503";"São Sebastião do Passé (BA)";"100,00";"82,37";"17,63"
"2929602";"Sapeaçu (BA)";"100,00";"55,73";"44,27"
"2929701";"Sátiro Dias (BA)";"100,00";"34,23";"65,77"
"2929750";"Saubara (BA)";"100,00";"97,65";"2,35"
"2929800";"Saúde (BA)";"100,00";"57,38";"42,62"
"2929909";"Seabra (BA)";"100,00";"54,11";"45,89"
"2930006";"Sebastião Laranjeiras (BA)";"100,00";"43,31";"56,69"
"2930105";"Senhor do Bonfim (BA)";"100,00";"83,49";"16,51"
"2930154";"Serra do Ramalho (BA)";"100,00";"53,45";"46,55"
"2930204";"Sento Sé (BA)";"100,00";"65,91";"34,09"
"2930303";"Serra Dourada (BA)";"100,00";"37,86";"62,14"
"2930402";"Serra Preta (BA)";"100,00";"46,91";"53,09"
"2930501";"Serrinha (BA)";"100,00";"66,43";"33,57"
"2930600";"Serrolândia (BA)";"100,00";"70,09";"29,91"
"2930709";"Simões Filho (BA)";"100,00";"98,01";"1,99"
"2930758";"Sítio do Mato (BA)";"100,00";"55,49";"44,51"
"2930766";"Sítio do Quinto (BA)";"100,00";"53,56";"46,44"
"2930774";"Sobradinho (BA)";"100,00";"90,23";"9,77"
"2930808";"Souto Soares (BA)";"100,00";"39,02";"60,98"
"2930907";"Tabocas do Brejo Velho (BA)";"100,00";"36,06";"63,94"
"2931004";"Tanhaçu (BA)";"100,00";"44,22";"55,78"
"2931053";"Tanque Novo (BA)";"100,00";"53,28";"46,72"
"2931103";"Tanquinho (BA)";"100,00";"75,50";"24,50"
"2931202";"Taperoá (BA)";"100,00";"46,84";"53,16"
"2931301";"Tapiramutá (BA)";"100,00";"74,43";"25,57"
"2931350";"Teixeira de Freitas (BA)";"100,00";"97,09";"2,91"
"2931400";"Teodoro Sampaio (BA)";"100,00";"82,15";"17,85"
"2931509";"Teofilândia (BA)";"100,00";"41,92";"58,08"
"2931608";"Teolândia (BA)";"100,00";"33,94";"66,06"
"2931707";"Terra Nova (BA)";"100,00";"89,59";"10,41"
"2931806";"Tremedal (BA)";"100,00";"26,36";"73,64"
"2931905";"Tucano (BA)";"100,00";"53,64";"46,36"
"2932002";"Uauá (BA)";"100,00";"47,73";"52,27"
"2932101";"Ubaíra (BA)";"100,00";"49,38";"50,62"
"2932200";"Ubaitaba (BA)";"100,00";"89,65";"10,35"
"2932309";"Ubatã (BA)";"100,00";"89,16";"10,84"
"2932408";"Uibaí (BA)";"100,00";"65,86";"34,14"
"2932457";"Umburanas (BA)";"100,00";"61,52";"38,48"
"2932507";"Una (BA)";"100,00";"67,44";"32,56"
"2932606";"Urandi (BA)";"100,00";"41,90";"58,10"
"2932705";"Uruçuca (BA)";"100,00";"77,02";"22,98"
"2932804";"Utinga (BA)";"100,00";"72,94";"27,06"
"2932903";"Valença (BA)";"100,00";"72,95";"27,05"
"2933000";"Valente (BA)";"100,00";"66,10";"33,90"
"2933059";"Várzea da Roça (BA)";"100,00";"54,20";"45,80"
"2933109";"Várzea do Poço (BA)";"100,00";"67,81";"32,19"
"2933158";"Várzea Nova (BA)";"100,00";"70,35";"29,65"
"2933174";"Varzedo (BA)";"100,00";"43,24";"56,76"
"2933208";"Vera Cruz (BA)";"100,00";"97,42";"2,58"
"2933257";"Vereda (BA)";"100,00";"49,93";"50,07"
"2933307";"Vitória da Conquista (BA)";"100,00";"90,17";"9,83"
"2933406";"Wagner (BA)";"100,00";"71,56";"28,44"
"2933455";"Wanderley (BA)";"100,00";"51,70";"48,30"
"2933505";"Wenceslau Guimarães (BA)";"100,00";"47,79";"52,21"
"2933604";"Xique-Xique (BA)";"100,00";"77,59";"22,41"
"3100104";"Abadia dos Dourados (MG)";"100,00";"70,03";"29,97"
"3100203";"Abaeté (MG)";"100,00";"89,35";"10,65"
"3100302";"Abre Campo (MG)";"100,00";"61,00";"39,00"
"3100401";"Acaiaca (MG)";"100,00";"72,50";"27,50"
"3100500";"Açucena (MG)";"100,00";"50,55";"49,45"
"3100609";"Água Boa (MG)";"100,00";"53,55";"46,45"
"3100708";"Água Comprida (MG)";"100,00";"78,32";"21,68"
"3100807";"Aguanil (MG)";"100,00";"78,20";"21,80"
"3100906";"Águas Formosas (MG)";"100,00";"78,58";"21,42"
"3101003";"Águas Vermelhas (MG)";"100,00";"73,66";"26,34"
"3101102";"Aimorés (MG)";"100,00";"81,57";"18,43"
"3101201";"Aiuruoca (MG)";"100,00";"50,15";"49,85"
"3101300";"Alagoa (MG)";"100,00";"52,46";"47,54"
"3101409";"Albertina (MG)";"100,00";"71,38";"28,62"
"3101508";"Além Paraíba (MG)";"100,00";"94,78";"5,22"
"3101607";"Alfenas (MG)";"100,00";"94,88";"5,12"
"3101631";"Alfredo Vasconcelos (MG)";"100,00";"70,18";"29,82"
"3101706";"Almenara (MG)";"100,00";"84,88";"15,12"
"3101805";"Alpercata (MG)";"100,00";"81,96";"18,04"
"3101904";"Alpinópolis (MG)";"100,00";"82,75";"17,25"
"3102001";"Alterosa (MG)";"100,00";"75,47";"24,53"
"3102050";"Alto Caparaó (MG)";"100,00";"80,41";"19,59"
"3102100";"Alto Rio Doce (MG)";"100,00";"52,62";"47,38"
"3102209";"Alvarenga (MG)";"100,00";"53,23";"46,77"
"3102308";"Alvinópolis (MG)";"100,00";"76,65";"23,35"
"3102407";"Alvorada de Minas (MG)";"100,00";"44,75";"55,25"
"3102506";"Amparo do Serra (MG)";"100,00";"56,11";"43,89"
"3102605";"Andradas (MG)";"100,00";"78,08";"21,92"
"3102704";"Cachoeira de Pajeú (MG)";"100,00";"64,67";"35,33"
"3102803";"Andrelândia (MG)";"100,00";"83,54";"16,46"
"3102852";"Angelândia (MG)";"100,00";"58,58";"41,42"
"3102902";"Antônio Carlos (MG)";"100,00";"75,21";"24,79"
"3103009";"Antônio Dias (MG)";"100,00";"51,40";"48,60"
"3103108";"Antônio Prado de Minas (MG)";"100,00";"69,57";"30,43"
"3103207";"Araçaí (MG)";"100,00";"78,36";"21,64"
"3103306";"Aracitaba (MG)";"100,00";"83,31";"16,69"
"3103405";"Araçuaí (MG)";"100,00";"74,28";"25,72"
"3103504";"Araguari (MG)";"100,00";"94,41";"5,59"
"3103603";"Arantina (MG)";"100,00";"91,90";"8,10"
"3103702";"Araponga (MG)";"100,00";"42,45";"57,55"
"3103751";"Araporã (MG)";"100,00";"96,04";"3,96"
"3103801";"Arapuá (MG)";"100,00";"78,91";"21,09"
"3103900";"Araújos (MG)";"100,00";"85,77";"14,23"
"3104007";"Araxá (MG)";"100,00";"98,32";"1,68"
"3104106";"Arceburgo (MG)";"100,00";"89,30";"10,70"
"3104205";"Arcos (MG)";"100,00";"95,39";"4,61"
"3104304";"Areado (MG)";"100,00";"87,88";"12,12"
"3104403";"Argirita (MG)";"100,00";"79,99";"20,01"
"3104452";"Aricanduva (MG)";"100,00";"50,20";"49,80"
"3104502";"Arinos (MG)";"100,00";"66,43";"33,57"
"3104601";"Astolfo Dutra (MG)";"100,00";"89,74";"10,26"
"3104700";"Ataléia (MG)";"100,00";"58,85";"41,15"
"3104809";"Augusto de Lima (MG)";"100,00";"63,73";"36,27"
"3104908";"Baependi (MG)";"100,00";"79,32";"20,68"
"3105004";"Baldim (MG)";"100,00";"75,88";"24,12"
"3105103";"Bambuí (MG)";"100,00";"87,79";"12,21"
"3105202";"Bandeira (MG)";"100,00";"54,40";"45,60"
"3105301";"Bandeira do Sul (MG)";"100,00";"91,12";"8,88"
"3105400";"Barão de Cocais (MG)";"100,00";"95,28";"4,72"
"3105509";"Barão do Monte Alto (MG)";"100,00";"80,56";"19,44"
"3105608";"Barbacena (MG)";"100,00";"92,13";"7,87"
"3105707";"Barra Longa (MG)";"100,00";"64,12";"35,88"
"3105905";"Barroso (MG)";"100,00";"97,22";"2,78"
"3106002";"Bela Vista de Minas (MG)";"100,00";"97,01";"2,99"
"3106101";"Belmiro Braga (MG)";"100,00";"58,20";"41,80"
"3106200";"Belo Horizonte (MG)";"100,00";"100,00";"-"
"3106309";"Belo Oriente (MG)";"100,00";"85,40";"14,60"
"3106408";"Belo Vale (MG)";"100,00";"49,97";"50,03"
"3106507";"Berilo (MG)";"100,00";"46,36";"53,64"
"3106606";"Bertópolis (MG)";"100,00";"59,11";"40,89"
"3106655";"Berizal (MG)";"100,00";"79,96";"20,04"
"3106705";"Betim (MG)";"100,00";"99,54";"0,46"
"3106804";"Bias Fortes (MG)";"100,00";"46,30";"53,70"
"3106903";"Bicas (MG)";"100,00";"95,26";"4,74"
"3107000";"Biquinhas (MG)";"100,00";"72,22";"27,78"
"3107109";"Boa Esperança (MG)";"100,00";"87,02";"12,98"
"3107208";"Bocaina de Minas (MG)";"100,00";"49,20";"50,80"
"3107307";"Bocaiúva (MG)";"100,00";"86,52";"13,48"
"3107406";"Bom Despacho (MG)";"100,00";"94,38";"5,62"
"3107505";"Bom Jardim de Minas (MG)";"100,00";"89,65";"10,35"
"3107604";"Bom Jesus da Penha (MG)";"100,00";"77,43";"22,57"
"3107703";"Bom Jesus do Amparo (MG)";"100,00";"59,92";"40,08"
"3107802";"Bom Jesus do Galho (MG)";"100,00";"70,88";"29,12"
"3107901";"Bom Repouso (MG)";"100,00";"55,40";"44,60"
"3108008";"Bom Sucesso (MG)";"100,00";"87,53";"12,47"
"3108107";"Bonfim (MG)";"100,00";"52,74";"47,26"
"3108206";"Bonfinópolis de Minas (MG)";"100,00";"69,63";"30,37"
"3108255";"Bonito de Minas (MG)";"100,00";"37,70";"62,30"
"3108305";"Borda da Mata (MG)";"100,00";"81,84";"18,16"
"3108404";"Botelhos (MG)";"100,00";"77,29";"22,71"
"3108503";"Botumirim (MG)";"100,00";"60,76";"39,24"
"3108552";"Brasilândia de Minas (MG)";"100,00";"90,71";"9,29"
"3108602";"Brasília de Minas (MG)";"100,00";"71,70";"28,30"
"3108701";"Brás Pires (MG)";"100,00";"62,39";"37,61"
"3108800";"Braúnas (MG)";"100,00";"37,02";"62,98"
"3108909";"Brazópolis (MG)";"100,00";"62,49";"37,51"
"3109006";"Brumadinho (MG)";"100,00";"85,40";"14,60"
"3109105";"Bueno Brandão (MG)";"100,00";"49,45";"50,55"
"3109204";"Buenópolis (MG)";"100,00";"81,05";"18,95"
"3109253";"Bugre (MG)";"100,00";"46,40";"53,60"
"3109303";"Buritis (MG)";"100,00";"77,05";"22,95"
"3109402";"Buritizeiro (MG)";"100,00";"91,15";"8,85"
"3109451";"Cabeceira Grande (MG)";"100,00";"80,38";"19,62"
"3109501";"Cabo Verde (MG)";"100,00";"62,81";"37,19"
"3109600";"Cachoeira da Prata (MG)";"100,00";"93,50";"6,50"
"3109709";"Cachoeira de Minas (MG)";"100,00";"67,46";"32,54"
"3109808";"Cachoeira Dourada (MG)";"100,00";"87,52";"12,48"
"3109907";"Caetanópolis (MG)";"100,00";"76,66";"23,34"
"3110004";"Caeté (MG)";"100,00";"89,77";"10,23"
"3110103";"Caiana (MG)";"100,00";"53,96";"46,04"
"3110202";"Cajuri (MG)";"100,00";"55,90";"44,10"
"3110301";"Caldas (MG)";"100,00";"63,24";"36,76"
"3110400";"Camacho (MG)";"100,00";"56,20";"43,80"
"3110509";"Camanducaia (MG)";"100,00";"71,88";"28,12"
"3110608";"Cambuí (MG)";"100,00";"85,14";"14,86"
"3110707";"Cambuquira (MG)";"100,00";"82,82";"17,18"
"3110806";"Campanário (MG)";"100,00";"85,02";"14,98"
"3110905";"Campanha (MG)";"100,00";"87,41";"12,59"
"3111002";"Campestre (MG)";"100,00";"61,04";"38,96"
"3111101";"Campina Verde (MG)";"100,00";"77,26";"22,74"
"3111150";"Campo Azul (MG)";"100,00";"58,16";"41,84"
"3111200";"Campo Belo (MG)";"100,00";"96,11";"3,89"
"3111309";"Campo do Meio (MG)";"100,00";"84,07";"15,93"
"3111408";"Campo Florido (MG)";"100,00";"83,14";"16,86"
"3111507";"Campos Altos (MG)";"100,00";"90,81";"9,19"
"3111606";"Campos Gerais (MG)";"100,00";"73,81";"26,19"
"3111705";"Canaã (MG)";"100,00";"46,85";"53,15"
"3111804";"Canápolis (MG)";"100,00";"91,29";"8,71"
"3111903";"Cana Verde (MG)";"100,00";"85,57";"14,43"
"3112000";"Candeias (MG)";"100,00";"77,82";"22,18"
"3112059";"Cantagalo (MG)";"100,00";"65,07";"34,93"
"3112109";"Caparaó (MG)";"100,00";"49,13";"50,87"
"3112208";"Capela Nova (MG)";"100,00";"54,97";"45,03"
"3112307";"Capelinha (MG)";"100,00";"82,21";"17,79"
"3112406";"Capetinga (MG)";"100,00";"87,23";"12,77"
"3112505";"Capim Branco (MG)";"100,00";"95,50";"4,50"
"3112604";"Capinópolis (MG)";"100,00";"95,05";"4,95"
"3112653";"Capitão Andrade (MG)";"100,00";"76,12";"23,88"
"3112703";"Capitão Enéas (MG)";"100,00";"86,29";"13,71"
"3112802";"Capitólio (MG)";"100,00";"77,60";"22,40"
"3112901";"Caputira (MG)";"100,00";"56,19";"43,81"
"3113008";"Caraí (MG)";"100,00";"50,60";"49,40"
"3113107";"Caranaíba (MG)";"100,00";"43,23";"56,77"
"3113206";"Carandaí (MG)";"100,00";"80,01";"19,99"
"3113305";"Carangola (MG)";"100,00";"83,73";"16,27"
"3113404";"Caratinga (MG)";"100,00";"83,90";"16,10"
"3113503";"Carbonita (MG)";"100,00";"88,09";"11,91"
"3113602";"Careaçu (MG)";"100,00";"75,45";"24,55"
"3113701";"Carlos Chagas (MG)";"100,00";"68,82";"31,18"
"3113800";"Carmésia (MG)";"100,00";"48,48";"51,52"
"3113909";"Carmo da Cachoeira (MG)";"100,00";"77,44";"22,56"
"3114006";"Carmo da Mata (MG)";"100,00";"84,70";"15,30"
"3114105";"Carmo de Minas (MG)";"100,00";"78,55";"21,45"
"3114204";"Carmo do Cajuru (MG)";"100,00";"90,83";"9,17"
"3114303";"Carmo do Paranaíba (MG)";"100,00";"88,77";"11,23"
"3114402";"Carmo do Rio Claro (MG)";"100,00";"75,96";"24,04"
"3114501";"Carmópolis de Minas (MG)";"100,00";"84,96";"15,04"
"3114550";"Carneirinho (MG)";"100,00";"79,81";"20,19"
"3114600";"Carrancas (MG)";"100,00";"71,72";"28,28"
"3114709";"Carvalhópolis (MG)";"100,00";"74,26";"25,74"
"3114808";"Carvalhos (MG)";"100,00";"64,22";"35,78"
"3114907";"Casa Grande (MG)";"100,00";"54,07";"45,93"
"3115003";"Cascalho Rico (MG)";"100,00";"68,66";"31,34"
"3115102";"Cássia (MG)";"100,00";"86,75";"13,25"
"3115201";"Conceição da Barra de Minas (MG)";"100,00";"72,42";"27,58"
"3115300";"Cataguases (MG)";"100,00";"96,14";"3,86"
"3115359";"Catas Altas (MG)";"100,00";"88,62";"11,38"
"3115409";"Catas Altas da Noruega (MG)";"100,00";"48,68";"51,32"
"3115458";"Catuji (MG)";"100,00";"45,60";"54,40"
"3115474";"Catuti (MG)";"100,00";"60,05";"39,95"
"3115508";"Caxambu (MG)";"100,00";"98,20";"1,80"
"3115607";"Cedro do Abaeté (MG)";"100,00";"88,53";"11,47"
"3115706";"Central de Minas (MG)";"100,00";"85,09";"14,91"
"3115805";"Centralina (MG)";"100,00";"95,65";"4,35"
"3115904";"Chácara (MG)";"100,00";"74,28";"25,72"
"3116001";"Chalé (MG)";"100,00";"61,09";"38,91"
"3116100";"Chapada do Norte (MG)";"100,00";"43,58";"56,42"
"3116159";"Chapada Gaúcha (MG)";"100,00";"69,13";"30,87"
"3116209";"Chiador (MG)";"100,00";"74,96";"25,04"
"3116308";"Cipotânea (MG)";"100,00";"60,78";"39,22"
"3116407";"Claraval (MG)";"100,00";"53,71";"46,29"
"3116506";"Claro dos Poções (MG)";"100,00";"73,29";"26,71"
"3116605";"Cláudio (MG)";"100,00";"88,33";"11,67"
"3116704";"Coimbra (MG)";"100,00";"76,97";"23,03"
"3116803";"Coluna (MG)";"100,00";"49,33";"50,67"
"3116902";"Comendador Gomes (MG)";"100,00";"63,32";"36,68"
"3117009";"Comercinho (MG)";"100,00";"47,13";"52,87"
"3117108";"Conceição da Aparecida (MG)";"100,00";"68,06";"31,94"
"3117207";"Conceição das Pedras (MG)";"100,00";"57,97";"42,03"
"3117306";"Conceição das Alagoas (MG)";"100,00";"95,10";"4,90"
"3117405";"Conceição de Ipanema (MG)";"100,00";"34,93";"65,07"
"3117504";"Conceição do Mato Dentro (MG)";"100,00";"77,55";"22,45"
"3117603";"Conceição do Pará (MG)";"100,00";"39,76";"60,24"
"3117702";"Conceição do Rio Verde (MG)";"100,00";"89,94";"10,06"
"3117801";"Conceição dos Ouros (MG)";"100,00";"82,90";"17,10"
"3117836";"Cônego Marinho (MG)";"100,00";"50,05";"49,95"
"3117876";"Confins (MG)";"100,00";"96,75";"3,25"
"3117900";"Congonhal (MG)";"100,00";"75,33";"24,67"
"3118007";"Congonhas (MG)";"100,00";"96,67";"3,33"
"3118106";"Congonhas do Norte (MG)";"100,00";"74,75";"25,25"
"3118205";"Conquista (MG)";"100,00";"89,78";"10,22"
"3118304";"Conselheiro Lafaiete (MG)";"100,00";"96,63";"3,37"
"3118403";"Conselheiro Pena (MG)";"100,00";"81,80";"18,20"
"3118502";"Consolação (MG)";"100,00";"62,96";"37,04"
"3118601";"Contagem (MG)";"100,00";"99,86";"0,14"
"3118700";"Coqueiral (MG)";"100,00";"75,13";"24,87"
"3118809";"Coração de Jesus (MG)";"100,00";"60,94";"39,06"
"3118908";"Cordisburgo (MG)";"100,00";"61,15";"38,85"
"3119005";"Cordislândia (MG)";"100,00";"85,00";"15,00"
"3119104";"Corinto (MG)";"100,00";"90,92";"9,08"
"3119203";"Coroaci (MG)";"100,00";"57,13";"42,87"
"3119302";"Coromandel (MG)";"100,00";"83,00";"17,00"
"3119401";"Coronel Fabriciano (MG)";"100,00";"98,15";"1,85"
"3119500";"Coronel Murta (MG)";"100,00";"78,91";"21,09"
"3119609";"Coronel Pacheco (MG)";"100,00";"66,36";"33,64"
"3119708";"Coronel Xavier Chaves (MG)";"100,00";"56,20";"43,80"
"3119807";"Córrego Danta (MG)";"100,00";"64,46";"35,54"
"3119906";"Córrego do Bom Jesus (MG)";"100,00";"54,47";"45,53"
"3119955";"Córrego Fundo (MG)";"100,00";"88,64";"11,36"
"3120003";"Córrego Novo (MG)";"100,00";"67,34";"32,66"
"3120102";"Couto de Magalhães de Minas (MG)";"100,00";"91,73";"8,27"
"3120151";"Crisólita (MG)";"100,00";"61,44";"38,56"
"3120201";"Cristais (MG)";"100,00";"83,36";"16,64"
"3120300";"Cristália (MG)";"100,00";"59,85";"40,15"
"3120409";"Cristiano Otoni (MG)";"100,00";"81,70";"18,30"
"3120508";"Cristina (MG)";"100,00";"67,96";"32,04"
"3120607";"Crucilândia (MG)";"100,00";"67,57";"32,43"
"3120706";"Cruzeiro da Fortaleza (MG)";"100,00";"82,87";"17,13"
"3120805";"Cruzília (MG)";"100,00";"92,74";"7,26"
"3120839";"Cuparaque (MG)";"100,00";"86,52";"13,48"
"3120870";"Curral de Dentro (MG)";"100,00";"88,40";"11,60"
"3120904";"Curvelo (MG)";"100,00";"92,14";"7,86"
"3121001";"Datas (MG)";"100,00";"77,53";"22,47"
"3121100";"Delfim Moreira (MG)";"100,00";"38,58";"61,42"
"3121209";"Delfinópolis (MG)";"100,00";"72,54";"27,46"
"3121258";"Delta (MG)";"100,00";"96,32";"3,68"
"3121308";"Descoberto (MG)";"100,00";"84,31";"15,69"
"3121407";"Desterro de Entre Rios (MG)";"100,00";"57,36";"42,64"
"3121506";"Desterro do Melo (MG)";"100,00";"50,37";"49,63"
"3121605";"Diamantina (MG)";"100,00";"90,76";"9,24"
"3121704";"Diogo de Vasconcelos (MG)";"100,00";"35,45";"64,55"
"3121803";"Dionísio (MG)";"100,00";"85,64";"14,36"
"3121902";"Divinésia (MG)";"100,00";"72,55";"27,45"
"3122009";"Divino (MG)";"100,00";"62,81";"37,19"
"3122108";"Divino das Laranjeiras (MG)";"100,00";"85,69";"14,31"
"3122207";"Divinolândia de Minas (MG)";"100,00";"85,91";"14,09"
"3122306";"Divinópolis (MG)";"100,00";"97,57";"2,43"
"3122355";"Divisa Alegre (MG)";"100,00";"97,99";"2,01"
"3122405";"Divisa Nova (MG)";"100,00";"83,83";"16,17"
"3122454";"Divisópolis (MG)";"100,00";"80,98";"19,02"
"3122470";"Dom Bosco (MG)";"100,00";"67,73";"32,27"
"3122504";"Dom Cavati (MG)";"100,00";"89,11";"10,89"
"3122603";"Dom Joaquim (MG)";"100,00";"75,16";"24,84"
"3122702";"Dom Silvério (MG)";"100,00";"82,15";"17,85"
"3122801";"Dom Viçoso (MG)";"100,00";"40,74";"59,26"
"3122900";"Dona Euzébia (MG)";"100,00";"86,38";"13,62"
"3123007";"Dores de Campos (MG)";"100,00";"93,13";"6,87"
"3123106";"Dores de Guanhães (MG)";"100,00";"39,25";"60,75"
"3123205";"Dores do Indaiá (MG)";"100,00";"94,39";"5,61"
"3123304";"Dores do Turvo (MG)";"100,00";"56,49";"43,51"
"3123403";"Doresópolis (MG)";"100,00";"80,42";"19,58"
"3123502";"Douradoquara (MG)";"100,00";"77,97";"22,03"
"3123528";"Durandé (MG)";"100,00";"48,10";"51,90"
"3123601";"Elói Mendes (MG)";"100,00";"85,15";"14,85"
"3123700";"Engenheiro Caldas (MG)";"100,00";"75,25";"24,75"
"3123809";"Engenheiro Navarro (MG)";"100,00";"77,86";"22,14"
"3123858";"Entre Folhas (MG)";"100,00";"78,03";"21,97"
"3123908";"Entre Rios de Minas (MG)";"100,00";"81,02";"18,98"
"3124005";"Ervália (MG)";"100,00";"57,05";"42,95"
"3124104";"Esmeraldas (MG)";"100,00";"94,94";"5,06"
"3124203";"Espera Feliz (MG)";"100,00";"65,43";"34,57"
"3124302";"Espinosa (MG)";"100,00";"60,92";"39,08"
"3124401";"Espírito Santo do Dourado (MG)";"100,00";"48,84";"51,16"
"3124500";"Estiva (MG)";"100,00";"53,43";"46,57"
"3124609";"Estrela Dalva (MG)";"100,00";"89,11";"10,89"
"3124708";"Estrela do Indaiá (MG)";"100,00";"87,27";"12,73"
"3124807";"Estrela do Sul (MG)";"100,00";"83,01";"16,99"
"3124906";"Eugenópolis (MG)";"100,00";"75,97";"24,03"
"3125002";"Ewbank da Câmara (MG)";"100,00";"95,17";"4,83"
"3125101";"Extrema (MG)";"100,00";"87,03";"12,97"
"3125200";"Fama (MG)";"100,00";"70,91";"29,09"
"3125309";"Faria Lemos (MG)";"100,00";"74,78";"25,22"
"3125408";"Felício dos Santos (MG)";"100,00";"53,11";"46,89"
"3125507";"São Gonçalo do Rio Preto (MG)";"100,00";"66,82";"33,18"
"3125606";"Felisburgo (MG)";"100,00";"79,64";"20,36"
"3125705";"Felixlândia (MG)";"100,00";"81,93";"18,07"
"3125804";"Fernandes Tourinho (MG)";"100,00";"71,89";"28,11"
"3125903";"Ferros (MG)";"100,00";"49,50";"50,50"
"3125952";"Fervedouro (MG)";"100,00";"49,95";"50,05"
"3126000";"Florestal (MG)";"100,00";"86,60";"13,40"
"3126109";"Formiga (MG)";"100,00";"92,98";"7,02"
"3126208";"Formoso (MG)";"100,00";"67,25";"32,75"
"3126307";"Fortaleza de Minas (MG)";"100,00";"72,62";"27,38"
"3126406";"Fortuna de Minas (MG)";"100,00";"71,19";"28,81"
"3126505";"Francisco Badaró (MG)";"100,00";"45,91";"54,09"
"3126604";"Francisco Dumont (MG)";"100,00";"77,79";"22,21"
"3126703";"Francisco Sá (MG)";"100,00";"66,33";"33,67"
"3126752";"Franciscópolis (MG)";"100,00";"49,60";"50,40"
"3126802";"Frei Gaspar (MG)";"100,00";"56,28";"43,72"
"3126901";"Frei Inocêncio (MG)";"100,00";"78,75";"21,25"
"3126950";"Frei Lagonegro (MG)";"100,00";"27,37";"72,63"
"3127008";"Fronteira (MG)";"100,00";"94,06";"5,94"
"3127057";"Fronteira dos Vales (MG)";"100,00";"61,82";"38,18"
"3127073";"Fruta de Leite (MG)";"100,00";"52,66";"47,34"
"3127107";"Frutal (MG)";"100,00";"94,45";"5,55"
"3127206";"Funilândia (MG)";"100,00";"71,64";"28,36"
"3127305";"Galiléia (MG)";"100,00";"82,02";"17,98"
"3127339";"Gameleiras (MG)";"100,00";"34,40";"65,60"
"3127354";"Glaucilândia (MG)";"100,00";"45,77";"54,23"
"3127370";"Goiabeira (MG)";"100,00";"84,73";"15,27"
"3127388";"Goianá (MG)";"100,00";"77,77";"22,23"
"3127404";"Gonçalves (MG)";"100,00";"31,27";"68,73"
"3127503";"Gonzaga (MG)";"100,00";"59,48";"40,52"
"3127602";"Gouveia (MG)";"100,00";"83,15";"16,85"
"3127701";"Governador Valadares (MG)";"100,00";"96,79";"3,21"
"3127800";"Grão Mogol (MG)";"100,00";"52,77";"47,23"
"3127909";"Grupiara (MG)";"100,00";"86,57";"13,43"
"3128006";"Guanhães (MG)";"100,00";"84,26";"15,74"
"3128105";"Guapé (MG)";"100,00";"68,47";"31,54"
"3128204";"Guaraciaba (MG)";"100,00";"39,54";"60,46"
"3128253";"Guaraciama (MG)";"100,00";"65,43";"34,57"
"3128303";"Guaranésia (MG)";"100,00";"91,06";"8,94"
"3128402";"Guarani (MG)";"100,00";"74,97";"25,03"
"3128501";"Guarará (MG)";"100,00";"92,98";"7,02"
"3128600";"Guarda-Mor (MG)";"100,00";"59,46";"40,54"
"3128709";"Guaxupé (MG)";"100,00";"95,07";"4,93"
"3128808";"Guidoval (MG)";"100,00";"75,25";"24,75"
"3128907";"Guimarânia (MG)";"100,00";"82,46";"17,54"
"3129004";"Guiricema (MG)";"100,00";"59,48";"40,52"
"3129103";"Gurinhatã (MG)";"100,00";"49,40";"50,60"
"3129202";"Heliodora (MG)";"100,00";"74,67";"25,33"
"3129301";"Iapu (MG)";"100,00";"61,60";"38,40"
"3129400";"Ibertioga (MG)";"100,00";"73,34";"26,66"
"3129509";"Ibiá (MG)";"100,00";"83,52";"16,48"
"3129608";"Ibiaí (MG)";"100,00";"82,39";"17,61"
"3129657";"Ibiracatu (MG)";"100,00";"58,02";"41,98"
"3129707";"Ibiraci (MG)";"100,00";"73,36";"26,64"
"3129806";"Ibirité (MG)";"100,00";"99,74";"0,26"
"3129905";"Ibitiúra de Minas (MG)";"100,00";"69,06";"30,94"
"3130002";"Ibituruna (MG)";"100,00";"90,10";"9,90"
"3130051";"Icaraí de Minas (MG)";"100,00";"31,08";"68,92"
"3130101";"Igarapé (MG)";"100,00";"97,15";"2,85"
"3130200";"Igaratinga (MG)";"100,00";"87,89";"12,11"
"3130309";"Iguatama (MG)";"100,00";"86,51";"13,49"
"3130408";"Ijaci (MG)";"100,00";"88,13";"11,87"
"3130507";"Ilicínea (MG)";"100,00";"77,49";"22,51"
"3130556";"Imbé de Minas (MG)";"100,00";"38,23";"61,77"
"3130606";"Inconfidentes (MG)";"100,00";"55,96";"44,04"
"3130655";"Indaiabira (MG)";"100,00";"43,52";"56,48"
"3130705";"Indianópolis (MG)";"100,00";"68,40";"31,60"
"3130804";"Ingaí (MG)";"100,00";"65,89";"34,11"
"3130903";"Inhapim (MG)";"100,00";"60,06";"39,94"
"3131000";"Inhaúma (MG)";"100,00";"67,99";"32,01"
"3131109";"Inimutaba (MG)";"100,00";"76,71";"23,29"
"3131158";"Ipaba (MG)";"100,00";"91,56";"8,44"
"3131208";"Ipanema (MG)";"100,00";"84,35";"15,65"
"3131307";"Ipatinga (MG)";"100,00";"99,74";"0,26"
"3131406";"Ipiaçu (MG)";"100,00";"91,92";"8,08"
"3131505";"Ipuiúna (MG)";"100,00";"74,85";"25,15"
"3131604";"Iraí de Minas (MG)";"100,00";"87,20";"12,80"
"3131703";"Itabira (MG)";"100,00";"93,52";"6,48"
"3131802";"Itabirinha (MG)";"100,00";"80,80";"19,20"
"3131901";"Itabirito (MG)";"100,00";"96,97";"3,03"
"3132008";"Itacambira (MG)";"100,00";"36,81";"63,19"
"3132107";"Itacarambi (MG)";"100,00";"77,80";"22,20"
"3132206";"Itaguara (MG)";"100,00";"80,05";"19,95"
"3132305";"Itaipé (MG)";"100,00";"47,31";"52,69"
"3132404";"Itajubá (MG)";"100,00";"89,63";"10,37"
"3132503";"Itamarandiba (MG)";"100,00";"78,24";"21,76"
"3132602";"Itamarati de Minas (MG)";"100,00";"84,07";"15,93"
"3132701";"Itambacuri (MG)";"100,00";"71,96";"28,04"
"3132800";"Itambé do Mato Dentro (MG)";"100,00";"56,44";"43,56"
"3132909";"Itamogi (MG)";"100,00";"79,33";"20,67"
"3133006";"Itamonte (MG)";"100,00";"75,78";"24,22"
"3133105";"Itanhandu (MG)";"100,00";"83,96";"16,04"
"3133204";"Itanhomi (MG)";"100,00";"77,88";"22,12"
"3133303";"Itaobim (MG)";"100,00";"78,31";"21,69"
"3133402";"Itapagipe (MG)";"100,00";"80,51";"19,49"
"3133501";"Itapecerica (MG)";"100,00";"83,48";"16,52"
"3133600";"Itapeva (MG)";"100,00";"70,38";"29,62"
"3133709";"Itatiaiuçu (MG)";"100,00";"78,68";"21,33"
"3133758";"Itaú de Minas (MG)";"100,00";"97,47";"2,53"
"3133808";"Itaúna (MG)";"100,00";"95,37";"4,63"
"3133907";"Itaverava (MG)";"100,00";"50,60";"49,40"
"3134004";"Itinga (MG)";"100,00";"62,21";"37,79"
"3134103";"Itueta (MG)";"100,00";"61,59";"38,41"
"3134202";"Ituiutaba (MG)";"100,00";"96,32";"3,68"
"3134301";"Itumirim (MG)";"100,00";"86,49";"13,51"
"3134400";"Iturama (MG)";"100,00";"95,95";"4,05"
"3134509";"Itutinga (MG)";"100,00";"76,45";"23,55"
"3134608";"Jaboticatubas (MG)";"100,00";"67,86";"32,14"
"3134707";"Jacinto (MG)";"100,00";"77,40";"22,60"
"3134806";"Jacuí (MG)";"100,00";"61,68";"38,32"
"3134905";"Jacutinga (MG)";"100,00";"87,43";"12,57"
"3135001";"Jaguaraçu (MG)";"100,00";"76,52";"23,48"
"3135050";"Jaíba (MG)";"100,00";"57,09";"42,91"
"3135076";"Jampruca (MG)";"100,00";"60,45";"39,55"
"3135100";"Janaúba (MG)";"100,00";"91,44";"8,56"
"3135209";"Januária (MG)";"100,00";"67,40";"32,60"
"3135308";"Japaraíba (MG)";"100,00";"80,89";"19,11"
"3135357";"Japonvar (MG)";"100,00";"45,27";"54,73"
"3135407";"Jeceaba (MG)";"100,00";"64,37";"35,63"
"3135456";"Jenipapo de Minas (MG)";"100,00";"54,07";"45,93"
"3135506";"Jequeri (MG)";"100,00";"64,71";"35,29"
"3135605";"Jequitaí (MG)";"100,00";"77,42";"22,58"
"3135704";"Jequitibá (MG)";"100,00";"45,15";"54,85"
"3135803";"Jequitinhonha (MG)";"100,00";"74,53";"25,47"
"3135902";"Jesuânia (MG)";"100,00";"65,24";"34,76"
"3136009";"Joaíma (MG)";"100,00";"71,72";"28,28"
"3136108";"Joanésia (MG)";"100,00";"41,40";"58,60"
"3136207";"João Monlevade (MG)";"100,00";"99,92";"0,08"
"3136306";"João Pinheiro (MG)";"100,00";"83,65";"16,35"
"3136405";"Joaquim Felício (MG)";"100,00";"65,23";"34,77"
"3136504";"Jordânia (MG)";"100,00";"75,85";"24,15"
"3136520";"José Gonçalves de Minas (MG)";"100,00";"34,85";"65,15"
"3136553";"José Raydan (MG)";"100,00";"48,41";"51,59"
"3136579";"Josenópolis (MG)";"100,00";"67,49";"32,51"
"3136603";"Nova União (MG)";"100,00";"57,79";"42,21"
"3136652";"Juatuba (MG)";"100,00";"98,11";"1,89"
"3136702";"Juiz de Fora (MG)";"100,00";"98,89";"1,11"
"3136801";"Juramento (MG)";"100,00";"60,38";"39,62"
"3136900";"Juruaia (MG)";"100,00";"56,89";"43,11"
"3136959";"Juvenília (MG)";"100,00";"75,90";"24,10"
"3137007";"Ladainha (MG)";"100,00";"32,44";"67,56"
"3137106";"Lagamar (MG)";"100,00";"70,49";"29,51"
"3137205";"Lagoa da Prata (MG)";"100,00";"98,48";"1,52"
"3137304";"Lagoa dos Patos (MG)";"100,00";"78,93";"21,07"
"3137403";"Lagoa Dourada (MG)";"100,00";"57,67";"42,33"
"3137502";"Lagoa Formosa (MG)";"100,00";"80,04";"19,96"
"3137536";"Lagoa Grande (MG)";"100,00";"80,67";"19,33"
"3137601";"Lagoa Santa (MG)";"100,00";"98,63";"1,37"
"3137700";"Lajinha (MG)";"100,00";"63,55";"36,45"
"3137809";"Lambari (MG)";"100,00";"77,83";"22,17"
"3137908";"Lamim (MG)";"100,00";"48,24";"51,76"
"3138005";"Laranjal (MG)";"100,00";"77,36";"22,64"
"3138104";"Lassance (MG)";"100,00";"59,94";"40,06"
"3138203";"Lavras (MG)";"100,00";"95,62";"4,38"
"3138302";"Leandro Ferreira (MG)";"100,00";"71,02";"28,98"
"3138351";"Leme do Prado (MG)";"100,00";"58,35";"41,65"
"3138401";"Leopoldina (MG)";"100,00";"91,38";"8,62"
"3138500";"Liberdade (MG)";"100,00";"73,40";"26,60"
"3138609";"Lima Duarte (MG)";"100,00";"84,36";"15,64"
"3138625";"Limeira do Oeste (MG)";"100,00";"83,78";"16,22"
"3138658";"Lontra (MG)";"100,00";"70,77";"29,23"
"3138674";"Luisburgo (MG)";"100,00";"33,97";"66,03"
"3138682";"Luislândia (MG)";"100,00";"50,79";"49,21"
"3138708";"Luminárias (MG)";"100,00";"76,82";"23,18"
"3138807";"Luz (MG)";"100,00";"92,03";"7,97"
"3138906";"Machacalis (MG)";"100,00";"79,64";"20,36"
"3139003";"Machado (MG)";"100,00";"83,53";"16,47"
"3139102";"Madre de Deus de Minas (MG)";"100,00";"80,14";"19,86"
"3139201";"Malacacheta (MG)";"100,00";"70,97";"29,03"
"3139250";"Mamonas (MG)";"100,00";"58,33";"41,67"
"3139300";"Manga (MG)";"100,00";"69,94";"30,06"
"3139409";"Manhuaçu (MG)";"100,00";"81,61";"18,39"
"3139508";"Manhumirim (MG)";"100,00";"80,17";"19,83"
"3139607";"Mantena (MG)";"100,00";"83,48";"16,52"
"3139706";"Maravilhas (MG)";"100,00";"69,79";"30,21"
"3139805";"Mar de Espanha (MG)";"100,00";"95,00";"5,00"
"3139904";"Maria da Fé (MG)";"100,00";"66,75";"33,25"
"3140001";"Mariana (MG)";"100,00";"92,46";"7,54"
"3140100";"Marilac (MG)";"100,00";"83,17";"16,83"
"3140159";"Mário Campos (MG)";"100,00";"97,05";"2,95"
"3140209";"Maripá de Minas (MG)";"100,00";"83,94";"16,06"
"3140308";"Marliéria (MG)";"100,00";"68,97";"31,03"
"3140407";"Marmelópolis (MG)";"100,00";"52,84";"47,16"
"3140506";"Martinho Campos (MG)";"100,00";"86,47";"13,53"
"3140530";"Martins Soares (MG)";"100,00";"55,25";"44,75"
"3140555";"Mata Verde (MG)";"100,00";"82,18";"17,82"
"3140605";"Materlândia (MG)";"100,00";"44,59";"55,41"
"3140704";"Mateus Leme (MG)";"100,00";"93,69";"6,31"
"3140803";"Matias Barbosa (MG)";"100,00";"94,32";"5,68"
"3140852";"Matias Cardoso (MG)";"100,00";"58,32";"41,68"
"3140902";"Matipó (MG)";"100,00";"82,42";"17,58"
"3141009";"Mato Verde (MG)";"100,00";"74,82";"25,18"
"3141108";"Matozinhos (MG)";"100,00";"98,57";"1,43"
"3141207";"Matutina (MG)";"100,00";"73,83";"26,17"
"3141306";"Medeiros (MG)";"100,00";"58,38";"41,62"
"3141405";"Medina (MG)";"100,00";"72,97";"27,03"
"3141504";"Mendes Pimentel (MG)";"100,00";"59,99";"40,01"
"3141603";"Mercês (MG)";"100,00";"75,56";"24,44"
"3141702";"Mesquita (MG)";"100,00";"67,30";"32,70"
"3141801";"Minas Novas (MG)";"100,00";"50,74";"49,26"
"3141900";"Minduri (MG)";"100,00";"92,27";"7,73"
"3142007";"Mirabela (MG)";"100,00";"81,94";"18,06"
"3142106";"Miradouro (MG)";"100,00";"69,42";"30,58"
"3142205";"Miraí (MG)";"100,00";"86,76";"13,24"
"3142254";"Miravânia (MG)";"100,00";"47,58";"52,42"
"3142304";"Moeda (MG)";"100,00";"43,10";"56,90"
"3142403";"Moema (MG)";"100,00";"92,06";"7,94"
"3142502";"Monjolos (MG)";"100,00";"68,33";"31,67"
"3142601";"Monsenhor Paulo (MG)";"100,00";"78,86";"21,14"
"3142700";"Montalvânia (MG)";"100,00";"65,37";"34,63"
"3142809";"Monte Alegre de Minas (MG)";"100,00";"81,38";"18,62"
"3142908";"Monte Azul (MG)";"100,00";"62,47";"37,53"
"3143005";"Monte Belo (MG)";"100,00";"73,23";"26,77"
"3143104";"Monte Carmelo (MG)";"100,00";"92,55";"7,45"
"3143153";"Monte Formoso (MG)";"100,00";"38,94";"61,06"
"3143203";"Monte Santo de Minas (MG)";"100,00";"82,71";"17,29"
"3143302";"Montes Claros (MG)";"100,00";"95,94";"4,06"
"3143401";"Monte Sião (MG)";"100,00";"84,32";"15,68"
"3143450";"Montezuma (MG)";"100,00";"48,27";"51,73"
"3143500";"Morada Nova de Minas (MG)";"100,00";"78,77";"21,23"
"3143609";"Morro da Garça (MG)";"100,00";"65,91";"34,09"
"3143708";"Morro do Pilar (MG)";"100,00";"83,53";"16,47"
"3143807";"Munhoz (MG)";"100,00";"52,18";"47,82"
"3143906";"Muriaé (MG)";"100,00";"94,00";"6,00"
"3144003";"Mutum (MG)";"100,00";"53,97";"46,03"
"3144102";"Muzambinho (MG)";"100,00";"77,35";"22,65"
"3144201";"Nacip Raydan (MG)";"100,00";"67,87";"32,13"
"3144300";"Nanuque (MG)";"100,00";"95,26";"4,74"
"3144359";"Naque (MG)";"100,00";"95,02";"4,98"
"3144375";"Natalândia (MG)";"100,00";"74,66";"25,34"
"3144409";"Natércia (MG)";"100,00";"68,62";"31,38"
"3144508";"Nazareno (MG)";"100,00";"80,29";"19,71"
"3144607";"Nepomuceno (MG)";"100,00";"83,41";"16,59"
"3144656";"Ninheira (MG)";"100,00";"34,29";"65,71"
"3144672";"Nova Belém (MG)";"100,00";"47,13";"52,87"
"3144706";"Nova Era (MG)";"100,00";"91,33";"8,67"
"3144805";"Nova Lima (MG)";"100,00";"99,53";"0,47"
"3144904";"Nova Módica (MG)";"100,00";"66,50";"33,50"
"3145000";"Nova Ponte (MG)";"100,00";"92,66";"7,34"
"3145059";"Nova Porteirinha (MG)";"100,00";"55,53";"44,47"
"3145109";"Nova Resende (MG)";"100,00";"58,15";"41,85"
"3145208";"Nova Serrana (MG)";"100,00";"97,98";"2,02"
"3145307";"Novo Cruzeiro (MG)";"100,00";"44,81";"55,19"
"3145356";"Novo Oriente de Minas (MG)";"100,00";"59,65";"40,35"
"3145372";"Novorizonte (MG)";"100,00";"67,62";"32,38"
"3145406";"Olaria (MG)";"100,00";"58,61";"41,39"
"3145455";"Olhos-d'Água (MG)";"100,00";"65,85";"34,15"
"3145505";"Olímpio Noronha (MG)";"100,00";"90,14";"9,86"
"3145604";"Oliveira (MG)";"100,00";"92,36";"7,64"
"3145703";"Oliveira Fortes (MG)";"100,00";"60,19";"39,81"
"3145802";"Onça de Pitangui (MG)";"100,00";"57,06";"42,94"
"3145851";"Oratórios (MG)";"100,00";"73,13";"26,87"
"3145877";"Orizânia (MG)";"100,00";"36,49";"63,51"
"3145901";"Ouro Branco (MG)";"100,00";"91,29";"8,71"
"3146008";"Ouro Fino (MG)";"100,00";"79,08";"20,92"
"3146107";"Ouro Preto (MG)";"100,00";"90,62";"9,38"
"3146206";"Ouro Verde de Minas (MG)";"100,00";"65,36";"34,64"
"3146255";"Padre Carvalho (MG)";"100,00";"62,10";"37,90"
"3146305";"Padre Paraíso (MG)";"100,00";"70,04";"29,96"
"3146404";"Paineiras (MG)";"100,00";"81,91";"18,09"
"3146503";"Pains (MG)";"100,00";"87,99";"12,01"
"3146552";"Pai Pedro (MG)";"100,00";"37,33";"62,67"
"3146602";"Paiva (MG)";"100,00";"79,58";"20,42"
"3146701";"Palma (MG)";"100,00";"83,46";"16,54"
"3146750";"Palmópolis (MG)";"100,00";"74,62";"25,38"
"3146909";"Papagaios (MG)";"100,00";"86,07";"13,93"
"3147006";"Paracatu (MG)";"100,00";"89,36";"10,64"
"3147105";"Pará de Minas (MG)";"100,00";"94,95";"5,05"
"3147204";"Paraguaçu (MG)";"100,00";"84,24";"15,76"
"3147303";"Paraisópolis (MG)";"100,00";"84,71";"15,29"
"3147402";"Paraopeba (MG)";"100,00";"86,54";"13,46"
"3147501";"Passabém (MG)";"100,00";"58,63";"41,38"
"3147600";"Passa Quatro (MG)";"100,00";"89,50";"10,50"
"3147709";"Passa Tempo (MG)";"100,00";"82,00";"18,00"
"3147808";"Passa Vinte (MG)";"100,00";"67,00";"33,00"
"3147907";"Passos (MG)";"100,00";"95,96";"4,04"
"3147956";"Patis (MG)";"100,00";"51,37";"48,63"
"3148004";"Patos de Minas (MG)";"100,00";"93,79";"6,21"
"3148103";"Patrocínio (MG)";"100,00";"90,42";"9,58"
"3148202";"Patrocínio do Muriaé (MG)";"100,00";"83,09";"16,91"
"3148301";"Paula Cândido (MG)";"100,00";"58,18";"41,82"
"3148400";"Paulistas (MG)";"100,00";"57,28";"42,72"
"3148509";"Pavão (MG)";"100,00";"62,26";"37,74"
"3148608";"Peçanha (MG)";"100,00";"57,90";"42,10"
"3148707";"Pedra Azul (MG)";"100,00";"90,33";"9,67"
"3148756";"Pedra Bonita (MG)";"100,00";"31,58";"68,42"
"3148806";"Pedra do Anta (MG)";"100,00";"67,93";"32,07"
"3148905";"Pedra do Indaiá (MG)";"100,00";"53,14";"46,86"
"3149002";"Pedra Dourada (MG)";"100,00";"74,03";"25,97"
"3149101";"Pedralva (MG)";"100,00";"49,04";"50,96"
"3149150";"Pedras de Maria da Cruz (MG)";"100,00";"59,73";"40,27"
"3149200";"Pedrinópolis (MG)";"100,00";"87,20";"12,80"
"3149309";"Pedro Leopoldo (MG)";"100,00";"97,34";"2,66"
"3149408";"Pedro Teixeira (MG)";"100,00";"69,67";"30,33"
"3149507";"Pequeri (MG)";"100,00";"95,17";"4,83"
"3149606";"Pequi (MG)";"100,00";"74,10";"25,90"
"3149705";"Perdigão (MG)";"100,00";"88,20";"11,80"
"3149804";"Perdizes (MG)";"100,00";"78,50";"21,50"
"3149903";"Perdões (MG)";"100,00";"90,09";"9,91"
"3149952";"Periquito (MG)";"100,00";"73,54";"26,46"
"3150000";"Pescador (MG)";"100,00";"82,61";"17,39"
"3150109";"Piau (MG)";"100,00";"59,30";"40,70"
"3150158";"Piedade de Caratinga (MG)";"100,00";"65,69";"34,31"
"3150208";"Piedade de Ponte Nova (MG)";"100,00";"84,31";"15,69"
"3150307";"Piedade do Rio Grande (MG)";"100,00";"80,52";"19,48"
"3150406";"Piedade dos Gerais (MG)";"100,00";"53,88";"46,12"
"3150505";"Pimenta (MG)";"100,00";"85,80";"14,20"
"3150539";"Pingo-d'Água (MG)";"100,00";"88,23";"11,77"
"3150570";"Pintópolis (MG)";"100,00";"45,91";"54,09"
"3150604";"Piracema (MG)";"100,00";"53,93";"46,07"
"3150703";"Pirajuba (MG)";"100,00";"97,07";"2,93"
"3150802";"Piranga (MG)";"100,00";"42,45";"57,55"
"3150901";"Piranguçu (MG)";"100,00";"34,30";"65,70"
"3151008";"Piranguinho (MG)";"100,00";"65,34";"34,66"
"3151107";"Pirapetinga (MG)";"100,00";"89,87";"10,13"
"3151206";"Pirapora (MG)";"100,00";"98,09";"1,91"
"3151305";"Piraúba (MG)";"100,00";"83,58";"16,42"
"3151404";"Pitangui (MG)";"100,00";"89,31";"10,69"
"3151503";"Piumhi (MG)";"100,00";"93,60";"6,40"
"3151602";"Planura (MG)";"100,00";"97,16";"2,84"
"3151701";"Poço Fundo (MG)";"100,00";"59,68";"40,32"
"3151800";"Poços de Caldas (MG)";"100,00";"97,77";"2,23"
"3151909";"Pocrane (MG)";"100,00";"66,13";"33,87"
"3152006";"Pompéu (MG)";"100,00";"89,57";"10,43"
"3152105";"Ponte Nova (MG)";"100,00";"91,47";"8,53"
"3152131";"Ponto Chique (MG)";"100,00";"73,23";"26,77"
"3152170";"Ponto dos Volantes (MG)";"100,00";"45,79";"54,21"
"3152204";"Porteirinha (MG)";"100,00";"56,27";"43,73"
"3152303";"Porto Firme (MG)";"100,00";"57,12";"42,88"
"3152402";"Poté (MG)";"100,00";"63,54";"36,46"
"3152501";"Pouso Alegre (MG)";"100,00";"91,72";"8,28"
"3152600";"Pouso Alto (MG)";"100,00";"54,81";"45,19"
"3152709";"Prados (MG)";"100,00";"72,15";"27,85"
"3152808";"Prata (MG)";"100,00";"81,52";"18,48"
"3152907";"Pratápolis (MG)";"100,00";"86,59";"13,41"
"3153004";"Pratinha (MG)";"100,00";"58,50";"41,50"
"3153103";"Presidente Bernardes (MG)";"100,00";"38,60";"61,40"
"3153202";"Presidente Juscelino (MG)";"100,00";"50,79";"49,21"
"3153301";"Presidente Kubitschek (MG)";"100,00";"73,98";"26,02"
"3153400";"Presidente Olegário (MG)";"100,00";"77,25";"22,75"
"3153509";"Alto Jequitibá (MG)";"100,00";"59,35";"40,65"
"3153608";"Prudente de Morais (MG)";"100,00";"95,35";"4,65"
"3153707";"Quartel Geral (MG)";"100,00";"84,93";"15,07"
"3153806";"Queluzito (MG)";"100,00";"53,95";"46,05"
"3153905";"Raposos (MG)";"100,00";"98,40";"1,60"
"3154002";"Raul Soares (MG)";"100,00";"68,61";"31,39"
"3154101";"Recreio (MG)";"100,00";"92,21";"7,79"
"3154150";"Reduto (MG)";"100,00";"59,63";"40,37"
"3154200";"Resende Costa (MG)";"100,00";"82,34";"17,66"
"3154309";"Resplendor (MG)";"100,00";"75,80";"24,20"
"3154408";"Ressaquinha (MG)";"100,00";"70,36";"29,64"
"3154457";"Riachinho (MG)";"100,00";"61,33";"38,67"
"3154507";"Riacho dos Machados (MG)";"100,00";"55,76";"44,24"
"3154606";"Ribeirão das Neves (MG)";"100,00";"99,09";"0,91"
"3154705";"Ribeirão Vermelho (MG)";"100,00";"92,48";"7,52"
"3154804";"Rio Acima (MG)";"100,00";"93,02";"6,98"
"3154903";"Rio Casca (MG)";"100,00";"87,36";"12,64"
"3155009";"Rio Doce (MG)";"100,00";"66,30";"33,70"
"3155108";"Rio do Prado (MG)";"100,00";"71,57";"28,43"
"3155207";"Rio Espera (MG)";"100,00";"46,12";"53,88"
"3155306";"Rio Manso (MG)";"100,00";"70,51";"29,49"
"3155405";"Rio Novo (MG)";"100,00";"86,10";"13,90"
"3155504";"Rio Paranaíba (MG)";"100,00";"77,04";"22,96"
"3155603";"Rio Pardo de Minas (MG)";"100,00";"42,49";"57,51"
"3155702";"Rio Piracicaba (MG)";"100,00";"84,49";"15,52"
"3155801";"Rio Pomba (MG)";"100,00";"87,55";"12,45"
"3155900";"Rio Preto (MG)";"100,00";"81,23";"18,77"
"3156007";"Rio Vermelho (MG)";"100,00";"49,60";"50,40"
"3156106";"Ritápolis (MG)";"100,00";"72,05";"27,95"
"3156205";"Rochedo de Minas (MG)";"100,00";"93,54";"6,46"
"3156304";"Rodeiro (MG)";"100,00";"93,43";"6,57"
"3156403";"Romaria (MG)";"100,00";"76,11";"23,89"
"3156452";"Rosário da Limeira (MG)";"100,00";"56,13";"43,87"
"3156502";"Rubelita (MG)";"100,00";"58,23";"41,77"
"3156601";"Rubim (MG)";"100,00";"80,79";"19,21"
"3156700";"Sabará (MG)";"100,00";"98,79";"1,21"
"3156809";"Sabinópolis (MG)";"100,00";"68,56";"31,44"
"3156908";"Sacramento (MG)";"100,00";"87,04";"12,96"
"3157005";"Salinas (MG)";"100,00";"84,09";"15,91"
"3157104";"Salto da Divisa (MG)";"100,00";"84,14";"15,86"
"3157203";"Santa Bárbara (MG)";"100,00";"93,66";"6,34"
"3157252";"Santa Bárbara do Leste (MG)";"100,00";"53,46";"46,54"
"3157278";"Santa Bárbara do Monte Verde (MG)";"100,00";"64,62";"35,38"
"3157302";"Santa Bárbara do Tugúrio (MG)";"100,00";"53,49";"46,51"
"3157336";"Santa Cruz de Minas (MG)";"100,00";"100,00";"-"
"3157377";"Santa Cruz de Salinas (MG)";"100,00";"50,05";"49,95"
"3157401";"Santa Cruz do Escalvado (MG)";"100,00";"37,86";"62,14"
"3157500";"Santa Efigênia de Minas (MG)";"100,00";"73,29";"26,71"
"3157609";"Santa Fé de Minas (MG)";"100,00";"61,13";"38,87"
"3157658";"Santa Helena de Minas (MG)";"100,00";"60,36";"39,64"
"3157708";"Santa Juliana (MG)";"100,00";"92,91";"7,09"
"3157807";"Santa Luzia (MG)";"100,00";"98,83";"1,17"
"3157906";"Santa Margarida (MG)";"100,00";"54,97";"45,03"
"3158003";"Santa Maria de Itabira (MG)";"100,00";"64,31";"35,69"
"3158102";"Santa Maria do Salto (MG)";"100,00";"70,60";"29,40"
"3158201";"Santa Maria do Suaçuí (MG)";"100,00";"79,07";"20,93"
"3158300";"Santana da Vargem (MG)";"100,00";"84,34";"15,66"
"3158409";"Santana de Cataguases (MG)";"100,00";"86,16";"13,84"
"3158508";"Santana de Pirapama (MG)";"100,00";"44,01";"55,99"
"3158607";"Santana do Deserto (MG)";"100,00";"70,03";"29,97"
"3158706";"Santana do Garambéu (MG)";"100,00";"78,05";"21,95"
"3158805";"Santana do Jacaré (MG)";"100,00";"98,15";"1,85"
"3158904";"Santana do Manhuaçu (MG)";"100,00";"47,25";"52,75"
"3158953";"Santana do Paraíso (MG)";"100,00";"97,37";"2,63"
"3159001";"Santana do Riacho (MG)";"100,00";"65,50";"34,50"
"3159100";"Santana dos Montes (MG)";"100,00";"63,71";"36,29"
"3159209";"Santa Rita de Caldas (MG)";"100,00";"63,77";"36,23"
"3159308";"Santa Rita de Jacutinga (MG)";"100,00";"78,91";"21,09"
"3159357";"Santa Rita de Minas (MG)";"100,00";"71,46";"28,54"
"3159407";"Santa Rita de Ibitipoca (MG)";"100,00";"68,25";"31,75"
"3159506";"Santa Rita do Itueto (MG)";"100,00";"46,60";"53,40"
"3159605";"Santa Rita do Sapucaí (MG)";"100,00";"89,56";"10,44"
"3159704";"Santa Rosa da Serra (MG)";"100,00";"86,55";"13,45"
"3159803";"Santa Vitória (MG)";"100,00";"85,91";"14,09"
"3159902";"Santo Antônio do Amparo (MG)";"100,00";"90,92";"9,08"
"3160009";"Santo Antônio do Aventureiro (MG)";"100,00";"81,27";"18,73"
"3160108";"Santo Antônio do Grama (MG)";"100,00";"87,07";"12,93"
"3160207";"Santo Antônio do Itambé (MG)";"100,00";"33,79";"66,21"
"3160306";"Santo Antônio do Jacinto (MG)";"100,00";"64,02";"35,98"
"3160405";"Santo Antônio do Monte (MG)";"100,00";"89,07";"10,93"
"3160454";"Santo Antônio do Retiro (MG)";"100,00";"30,03";"69,97"
"3160504";"Santo Antônio do Rio Abaixo (MG)";"100,00";"58,68";"41,32"
"3160603";"Santo Hipólito (MG)";"100,00";"76,19";"23,81"
"3160702";"Santos Dumont (MG)";"100,00";"93,35";"6,65"
"3160801";"São Bento Abade (MG)";"100,00";"92,13";"7,87"
"3160900";"São Brás do Suaçuí (MG)";"100,00";"92,30";"7,70"
"3160959";"São Domingos das Dores (MG)";"100,00";"49,29";"50,71"
"3161007";"São Domingos do Prata (MG)";"100,00";"69,42";"30,58"
"3161056";"São Félix de Minas (MG)";"100,00";"73,44";"26,56"
"3161106";"São Francisco (MG)";"100,00";"70,00";"30,00"
"3161205";"São Francisco de Paula (MG)";"100,00";"79,65";"20,35"
"3161304";"São Francisco de Sales (MG)";"100,00";"79,54";"20,46"
"3161403";"São Francisco do Glória (MG)";"100,00";"65,67";"34,33"
"3161502";"São Geraldo (MG)";"100,00";"81,84";"18,16"
"3161601";"São Geraldo da Piedade (MG)";"100,00";"45,75";"54,25"
"3161650";"São Geraldo do Baixio (MG)";"100,00";"74,58";"25,42"
"3161700";"São Gonçalo do Abaeté (MG)";"100,00";"84,47";"15,53"
"3161809";"São Gonçalo do Pará (MG)";"100,00";"87,37";"12,63"
"3161908";"São Gonçalo do Rio Abaixo (MG)";"100,00";"70,50";"29,50"
"3162005";"São Gonçalo do Sapucaí (MG)";"100,00";"87,57";"12,43"
"3162104";"São Gotardo (MG)";"100,00";"93,66";"6,34"
"3162203";"São João Batista do Glória (MG)";"100,00";"84,74";"15,26"
"3162252";"São João da Lagoa (MG)";"100,00";"58,52";"41,48"
"3162302";"São João da Mata (MG)";"100,00";"60,88";"39,12"
"3162401";"São João da Ponte (MG)";"100,00";"38,61";"61,39"
"3162450";"São João das Missões (MG)";"100,00";"39,36";"60,64"
"3162500";"São João del Rei (MG)";"100,00";"95,08";"4,92"
"3162559";"São João do Manhuaçu (MG)";"100,00";"53,14";"46,86"
"3162575";"São João do Manteninha (MG)";"100,00";"88,31";"11,69"
"3162609";"São João do Oriente (MG)";"100,00";"83,90";"16,10"
"3162658";"São João do Pacuí (MG)";"100,00";"51,99";"48,01"
"3162708";"São João do Paraíso (MG)";"100,00";"62,71";"37,29"
"3162807";"São João Evangelista (MG)";"100,00";"75,71";"24,29"
"3162906";"São João Nepomuceno (MG)";"100,00";"96,44";"3,56"
"3162922";"São Joaquim de Bicas (MG)";"100,00";"91,52";"8,48"
"3162948";"São José da Barra (MG)";"100,00";"77,17";"22,83"
"3162955";"São José da Lapa (MG)";"100,00";"98,21";"1,79"
"3163003";"São José da Safira (MG)";"100,00";"73,59";"26,41"
"3163102";"São José da Varginha (MG)";"100,00";"73,02";"26,98"
"3163201";"São José do Alegre (MG)";"100,00";"73,63";"26,37"
"3163300";"São José do Divino (MG)";"100,00";"75,98";"24,02"
"3163409";"São José do Goiabal (MG)";"100,00";"77,35";"22,65"
"3163508";"São José do Jacuri (MG)";"100,00";"35,32";"64,68"
"3163607";"São José do Mantimento (MG)";"100,00";"59,86";"40,14"
"3163706";"São Lourenço (MG)";"100,00";"98,76";"1,24"
"3163805";"São Miguel do Anta (MG)";"100,00";"56,36";"43,64"
"3163904";"São Pedro da União (MG)";"100,00";"64,61";"35,39"
"3164001";"São Pedro dos Ferros (MG)";"100,00";"86,10";"13,90"
"3164100";"São Pedro do Suaçuí (MG)";"100,00";"53,99";"46,01"
"3164209";"São Romão (MG)";"100,00";"72,08";"27,92"
"3164308";"São Roque de Minas (MG)";"100,00";"66,59";"33,41"
"3164407";"São Sebastião da Bela Vista (MG)";"100,00";"74,92";"25,08"
"3164431";"São Sebastião da Vargem Alegre (MG)";"100,00";"62,67";"37,33"
"3164472";"São Sebastião do Anta (MG)";"100,00";"75,36";"24,64"
"3164506";"São Sebastião do Maranhão (MG)";"100,00";"37,41";"62,59"
"3164605";"São Sebastião do Oeste (MG)";"100,00";"74,04";"25,96"
"3164704";"São Sebastião do Paraíso (MG)";"100,00";"92,90";"7,10"
"3164803";"São Sebastião do Rio Preto (MG)";"100,00";"64,42";"35,58"
"3164902";"São Sebastião do Rio Verde (MG)";"100,00";"69,91";"30,09"
"3165008";"São Tiago (MG)";"100,00";"82,44";"17,56"
"3165107";"São Tomás de Aquino (MG)";"100,00";"80,19";"19,81"
"3165206";"São Tomé das Letras (MG)";"100,00";"58,00";"42,00"
"3165305";"São Vicente de Minas (MG)";"100,00";"88,61";"11,39"
"3165404";"Sapucaí-Mirim (MG)";"100,00";"67,85";"32,15"
"3165503";"Sardoá (MG)";"100,00";"44,02";"55,98"
"3165537";"Sarzedo (MG)";"100,00";"99,00";"1,00"
"3165552";"Setubinha (MG)";"100,00";"34,89";"65,11"
"3165560";"Sem-Peixe (MG)";"100,00";"59,80";"40,20"
"3165578";"Senador Amaral (MG)";"100,00";"63,37";"36,63"
"3165602";"Senador Cortes (MG)";"100,00";"82,46";"17,54"
"3165701";"Senador Firmino (MG)";"100,00";"79,99";"20,01"
"3165800";"Senador José Bento (MG)";"100,00";"35,06";"64,94"
"3165909";"Senador Modestino Gonçalves (MG)";"100,00";"47,93";"52,07"
"3166006";"Senhora de Oliveira (MG)";"100,00";"66,93";"33,07"
"3166105";"Senhora do Porto (MG)";"100,00";"52,23";"47,77"
"3166204";"Senhora dos Remédios (MG)";"100,00";"51,78";"48,22"
"3166303";"Sericita (MG)";"100,00";"55,03";"44,97"
"3166402";"Seritinga (MG)";"100,00";"85,98";"14,02"
"3166501";"Serra Azul de Minas (MG)";"100,00";"52,06";"47,94"
"3166600";"Serra da Saudade (MG)";"100,00";"65,07";"34,93"
"3166709";"Serra dos Aimorés (MG)";"100,00";"84,97";"15,03"
"3166808";"Serra do Salitre (MG)";"100,00";"77,76";"22,24"
"3166907";"Serrania (MG)";"100,00";"90,58";"9,42"
"3166956";"Serranópolis de Minas (MG)";"100,00";"45,53";"54,47"
"3167004";"Serranos (MG)";"100,00";"80,15";"19,85"
"3167103";"Serro (MG)";"100,00";"65,08";"34,92"
"3167202";"Sete Lagoas (MG)";"100,00";"96,72";"3,28"
"3167301";"Silveirânia (MG)";"100,00";"71,50";"28,50"
"3167400";"Silvianópolis (MG)";"100,00";"61,90";"38,10"
"3167509";"Simão Pereira (MG)";"100,00";"62,00";"38,00"
"3167608";"Simonésia (MG)";"100,00";"48,28";"51,72"
"3167707";"Sobrália (MG)";"100,00";"72,57";"27,43"
"3167806";"Soledade de Minas (MG)";"100,00";"66,83";"33,17"
"3167905";"Tabuleiro (MG)";"100,00";"73,09";"26,91"
"3168002";"Taiobeiras (MG)";"100,00";"86,93";"13,07"
"3168051";"Taparuba (MG)";"100,00";"72,75";"27,25"
"3168101";"Tapira (MG)";"100,00";"63,16";"36,84"
"3168200";"Tapiraí (MG)";"100,00";"58,46";"41,54"
"3168309";"Taquaraçu de Minas (MG)";"100,00";"51,66";"48,34"
"3168408";"Tarumirim (MG)";"100,00";"67,78";"32,22"
"3168507";"Teixeiras (MG)";"100,00";"71,73";"28,27"
"3168606";"Teófilo Otoni (MG)";"100,00";"85,11";"14,89"
"3168705";"Timóteo (MG)";"100,00";"99,84";"0,16"
"3168804";"Tiradentes (MG)";"100,00";"80,53";"19,47"
"3168903";"Tiros (MG)";"100,00";"76,23";"23,77"
"3169000";"Tocantins (MG)";"100,00";"84,88";"15,12"
"3169059";"Tocos do Moji (MG)";"100,00";"54,05";"45,95"
"3169109";"Toledo (MG)";"100,00";"57,32";"42,68"
"3169208";"Tombos (MG)";"100,00";"85,57";"14,43"
"3169307";"Três Corações (MG)";"100,00";"91,84";"8,16"
"3169356";"Três Marias (MG)";"100,00";"93,14";"6,86"
"3169406";"Três Pontas (MG)";"100,00";"91,78";"8,22"
"3169505";"Tumiritinga (MG)";"100,00";"71,88";"28,12"
"3169604";"Tupaciguara (MG)";"100,00";"92,04";"7,96"
"3169703";"Turmalina (MG)";"100,00";"81,85";"18,15"
"3169802";"Turvolândia (MG)";"100,00";"66,08";"33,92"
"3169901";"Ubá (MG)";"100,00";"95,93";"4,07"
"3170008";"Ubaí (MG)";"100,00";"52,24";"47,76"
"3170057";"Ubaporanga (MG)";"100,00";"48,84";"51,16"
"3170107";"Uberaba (MG)";"100,00";"97,79";"2,21"
"3170206";"Uberlândia (MG)";"100,00";"98,59";"1,41"
"3170305";"Umburatiba (MG)";"100,00";"81,89";"18,11"
"3170404";"Unaí (MG)";"100,00";"84,07";"15,93"
"3170438";"União de Minas (MG)";"100,00";"61,81";"38,19"
"3170479";"Uruana de Minas (MG)";"100,00";"71,57";"28,43"
"3170503";"Urucânia (MG)";"100,00";"82,36";"17,64"
"3170529";"Urucuia (MG)";"100,00";"52,23";"47,77"
"3170578";"Vargem Alegre (MG)";"100,00";"86,63";"13,37"
"3170602";"Vargem Bonita (MG)";"100,00";"72,61";"27,39"
"3170651";"Vargem Grande do Rio Pardo (MG)";"100,00";"58,52";"41,49"
"3170701";"Varginha (MG)";"100,00";"97,30";"2,70"
"3170750";"Varjão de Minas (MG)";"100,00";"84,47";"15,53"
"3170800";"Várzea da Palma (MG)";"100,00";"89,36";"10,64"
"3170909";"Varzelândia (MG)";"100,00";"53,32";"46,68"
"3171006";"Vazante (MG)";"100,00";"85,18";"14,82"
"3171030";"Verdelândia (MG)";"100,00";"59,67";"40,33"
"3171071";"Veredinha (MG)";"100,00";"74,35";"25,65"
"3171105";"Veríssimo (MG)";"100,00";"63,71";"36,29"
"3171154";"Vermelho Novo (MG)";"100,00";"40,38";"59,62"
"3171204";"Vespasiano (MG)";"100,00";"99,33";"0,67"
"3171303";"Viçosa (MG)";"100,00";"93,13";"6,87"
"3171402";"Vieiras (MG)";"100,00";"57,89";"42,11"
"3171501";"Mathias Lobato (MG)";"100,00";"88,02";"11,98"
"3171600";"Virgem da Lapa (MG)";"100,00";"64,00";"36,00"
"3171709";"Virgínia (MG)";"100,00";"55,16";"44,84"
"3171808";"Virginópolis (MG)";"100,00";"62,55";"37,45"
"3171907";"Virgolândia (MG)";"100,00";"63,20";"36,80"
"3172004";"Visconde do Rio Branco (MG)";"100,00";"88,89";"11,11"
"3172103";"Volta Grande (MG)";"100,00";"82,26";"17,74"
"3172202";"Wenceslau Braz (MG)";"100,00";"56,79";"43,21"
"3200102";"Afonso Cláudio (ES)";"100,00";"54,02";"45,98"
"3200136";"Águia Branca (ES)";"100,00";"34,63";"65,37"
"3200169";"Água Doce do Norte (ES)";"100,00";"61,80";"38,20"
"3200201";"Alegre (ES)";"100,00";"76,83";"23,17"
"3200300";"Alfredo Chaves (ES)";"100,00";"50,55";"49,45"
"3200359";"Alto Rio Novo (ES)";"100,00";"57,53";"42,47"
"3200409";"Anchieta (ES)";"100,00";"80,27";"19,73"
"3200508";"Apiacá (ES)";"100,00";"74,22";"25,78"
"3200607";"Aracruz (ES)";"100,00";"86,90";"13,10"
"3200706";"Atílio Vivácqua (ES)";"100,00";"69,98";"30,02"
"3200805";"Baixo Guandu (ES)";"100,00";"84,08";"15,92"
"3200904";"Barra de São Francisco (ES)";"100,00";"69,25";"30,75"
"3201001";"Boa Esperança (ES)";"100,00";"76,77";"23,23"
"3201100";"Bom Jesus do Norte (ES)";"100,00";"94,40";"5,60"
"3201159";"Brejetuba (ES)";"100,00";"32,36";"67,64"
"3201209";"Cachoeiro de Itapemirim (ES)";"100,00";"93,51";"6,49"
"3201308";"Cariacica (ES)";"100,00";"98,85";"1,15"
"3201407";"Castelo (ES)";"100,00";"72,37";"27,63"
"3201506";"Colatina (ES)";"100,00";"89,31";"10,69"
"3201605";"Conceição da Barra (ES)";"100,00";"83,67";"16,33"
"3201704";"Conceição do Castelo (ES)";"100,00";"56,49";"43,51"
"3201803";"Divino de São Lourenço (ES)";"100,00";"42,44";"57,56"
"3201902";"Domingos Martins (ES)";"100,00";"38,08";"61,92"
"3202009";"Dores do Rio Preto (ES)";"100,00";"58,14";"41,86"
"3202108";"Ecoporanga (ES)";"100,00";"67,12";"32,88"
"3202207";"Fundão (ES)";"100,00";"86,32";"13,68"
"3202256";"Governador Lindenberg (ES)";"100,00";"46,43";"53,57"
"3202306";"Guaçuí (ES)";"100,00";"82,64";"17,36"
"3202405";"Guarapari (ES)";"100,00";"94,75";"5,25"
"3202454";"Ibatiba (ES)";"100,00";"64,05";"35,95"
"3202504";"Ibiraçu (ES)";"100,00";"79,87";"20,13"
"3202553";"Ibitirama (ES)";"100,00";"46,41";"53,59"
"3202603";"Iconha (ES)";"100,00";"64,21";"35,79"
"3202652";"Irupi (ES)";"100,00";"42,45";"57,55"
"3202702";"Itaguaçu (ES)";"100,00";"58,77";"41,23"
"3202801";"Itapemirim (ES)";"100,00";"66,35";"33,65"
"3202900";"Itarana (ES)";"100,00";"52,71";"47,29"
"3203007";"Iúna (ES)";"100,00";"61,35";"38,65"
"3203056";"Jaguaré (ES)";"100,00";"71,47";"28,53"
"3203106";"Jerônimo Monteiro (ES)";"100,00";"78,49";"21,51"
"3203130";"João Neiva (ES)";"100,00";"82,48";"17,52"
"3203163";"Laranja da Terra (ES)";"100,00";"34,48";"65,52"
"3203205";"Linhares (ES)";"100,00";"88,62";"11,38"
"3203304";"Mantenópolis (ES)";"100,00";"70,20";"29,80"
"3203320";"Marataízes (ES)";"100,00";"82,29";"17,71"
"3203346";"Marechal Floriano (ES)";"100,00";"50,47";"49,53"
"3203353";"Marilândia (ES)";"100,00";"66,76";"33,24"
"3203403";"Mimoso do Sul (ES)";"100,00";"62,36";"37,64"
"3203502";"Montanha (ES)";"100,00";"81,45";"18,55"
"3203601";"Mucurici (ES)";"100,00";"76,78";"23,22"
"3203700";"Muniz Freire (ES)";"100,00";"48,66";"51,34"
"3203809";"Muqui (ES)";"100,00";"69,57";"30,43"
"3203908";"Nova Venécia (ES)";"100,00";"73,70";"26,30"
"3204005";"Pancas (ES)";"100,00";"49,90";"50,10"
"3204054";"Pedro Canário (ES)";"100,00";"91,92";"8,08"
"3204104";"Pinheiros (ES)";"100,00";"79,00";"21,00"
"3204203";"Piúma (ES)";"100,00";"97,58";"2,42"
"3204252";"Ponto Belo (ES)";"100,00";"83,56";"16,44"
"3204302";"Presidente Kennedy (ES)";"100,00";"34,63";"65,37"
"3204351";"Rio Bananal (ES)";"100,00";"44,28";"55,72"
"3204401";"Rio Novo do Sul (ES)";"100,00";"62,84";"37,16"
"3204500";"Santa Leopoldina (ES)";"100,00";"21,60";"78,40"
"3204559";"Santa Maria de Jetibá (ES)";"100,00";"43,08";"56,92"
"3204609";"Santa Teresa (ES)";"100,00";"62,18";"37,82"
"3204658";"São Domingos do Norte (ES)";"100,00";"45,48";"54,52"
"3204708";"São Gabriel da Palha (ES)";"100,00";"78,03";"21,97"
"3204807";"São José do Calçado (ES)";"100,00";"84,04";"15,96"
"3204906";"São Mateus (ES)";"100,00";"80,89";"19,11"
"3204955";"São Roque do Canaã (ES)";"100,00";"56,52";"43,48"
"3205002";"Serra (ES)";"100,00";"99,54";"0,46"
"3205010";"Sooretama (ES)";"100,00";"83,74";"16,26"
"3205036";"Vargem Alta (ES)";"100,00";"54,70";"45,30"
"3205069";"Venda Nova do Imigrante (ES)";"100,00";"80,08";"19,92"
"3205101";"Viana (ES)";"100,00";"95,04";"4,96"
"3205150";"Vila Pavão (ES)";"100,00";"45,58";"54,42"
"3205176";"Vila Valério (ES)";"100,00";"36,11";"63,89"
"3205200";"Vila Velha (ES)";"100,00";"97,96";"2,04"
"3205309";"Vitória (ES)";"100,00";"100,00";"-"
"3300100";"Angra dos Reis (RJ)";"100,00";"97,74";"2,26"
"3300159";"Aperibé (RJ)";"100,00";"91,77";"8,23"
"3300209";"Araruama (RJ)";"100,00";"95,98";"4,02"
"3300225";"Areal (RJ)";"100,00";"91,95";"8,05"
"3300233";"Armação dos Búzios (RJ)";"100,00";"100,00";"-"
"3300258";"Arraial do Cabo (RJ)";"100,00";"100,00";"-"
"3300308";"Barra do Piraí (RJ)";"100,00";"97,31";"2,69"
"3300407";"Barra Mansa (RJ)";"100,00";"98,93";"1,07"
"3300456";"Belford Roxo (RJ)";"100,00";"100,00";"-"
"3300506";"Bom Jardim (RJ)";"100,00";"77,45";"22,55"
"3300605";"Bom Jesus do Itabapoana (RJ)";"100,00";"89,18";"10,82"
"3300704";"Cabo Frio (RJ)";"100,00";"99,52";"0,48"
"3300803";"Cachoeiras de Macacu (RJ)";"100,00";"84,32";"15,68"
"3300902";"Cambuci (RJ)";"100,00";"82,12";"17,88"
"3300936";"Carapebus (RJ)";"100,00";"81,77";"18,23"
"3300951";"Comendador Levy Gasparian (RJ)";"100,00";"96,89";"3,11"
"3301009";"Campos dos Goytacazes (RJ)";"100,00";"93,55";"6,45"
"3301108";"Cantagalo (RJ)";"100,00";"85,54";"14,46"
"3301157";"Cardoso Moreira (RJ)";"100,00";"71,28";"28,72"
"3301207";"Carmo (RJ)";"100,00";"90,25";"9,75"
"3301306";"Casimiro de Abreu (RJ)";"100,00";"94,82";"5,18"
"3301405";"Conceição de Macabu (RJ)";"100,00";"90,09";"9,91"
"3301504";"Cordeiro (RJ)";"100,00";"97,38";"2,62"
"3301603";"Duas Barras (RJ)";"100,00";"71,94";"28,06"
"3301702";"Duque de Caxias (RJ)";"100,00";"99,76";"0,24"
"3301801";"Engenheiro Paulo de Frontin (RJ)";"100,00";"82,58";"17,42"
"3301850";"Guapimirim (RJ)";"100,00";"96,85";"3,15"
"3301876";"Iguaba Grande (RJ)";"100,00";"99,73";"0,27"
"3301900";"Itaboraí (RJ)";"100,00";"98,99";"1,01"
"3302007";"Itaguaí (RJ)";"100,00";"97,94";"2,06"
"3302056";"Italva (RJ)";"100,00";"77,74";"22,26"
"3302106";"Itaocara (RJ)";"100,00";"81,47";"18,53"
"3302205";"Itaperuna (RJ)";"100,00";"94,25";"5,75"
"3302254";"Itatiaia (RJ)";"100,00";"98,39";"1,61"
"3302270";"Japeri (RJ)";"100,00";"98,87";"1,13"
"3302304";"Laje do Muriaé (RJ)";"100,00";"76,88";"23,12"
"3302403";"Macaé (RJ)";"100,00";"97,30";"2,70"
"3302452";"Macuco (RJ)";"100,00";"91,02";"8,98"
"3302502";"Magé (RJ)";"100,00";"98,82";"1,18"
"3302601";"Mangaratiba (RJ)";"100,00";"94,58";"5,42"
"3302700";"Maricá (RJ)";"100,00";"99,06";"0,94"
"3302809";"Mendes (RJ)";"100,00";"97,95";"2,05"
"3302858";"Mesquita (RJ)";"100,00";"100,00";"-"
"3302908";"Miguel Pereira (RJ)";"100,00";"90,39";"9,61"
"3303005";"Miracema (RJ)";"100,00";"93,98";"6,02"
"3303104";"Natividade (RJ)";"100,00";"88,38";"11,62"
"3303203";"Nilópolis (RJ)";"100,00";"100,00";"-"
"3303302";"Niterói (RJ)";"100,00";"100,00";"-"
"3303401";"Nova Friburgo (RJ)";"100,00";"89,91";"10,09"
"3303500";"Nova Iguaçu (RJ)";"100,00";"99,59";"0,41"
"3303609";"Paracambi (RJ)";"100,00";"94,91";"5,09"
"3303708";"Paraíba do Sul (RJ)";"100,00";"91,75";"8,25"
"3303807";"Paraty (RJ)";"100,00";"80,08";"19,92"
"3303856";"Paty do Alferes (RJ)";"100,00";"76,89";"23,11"
"3303906";"Petrópolis (RJ)";"100,00";"96,94";"3,06"
"3303955";"Pinheiral (RJ)";"100,00";"94,12";"5,88"
"3304003";"Piraí (RJ)";"100,00";"84,81";"15,19"
"3304102";"Porciúncula (RJ)";"100,00";"80,18";"19,82"
"3304110";"Porto Real (RJ)";"100,00";"99,29";"0,71"
"3304128";"Quatis (RJ)";"100,00";"93,83";"6,17"
"3304144";"Queimados (RJ)";"100,00";"99,99";"0,01"
"3304151";"Quissamã (RJ)";"100,00";"81,08";"18,92"
"3304201";"Resende (RJ)";"100,00";"97,22";"2,78"
"3304300";"Rio Bonito (RJ)";"100,00";"87,50";"12,50"
"3304409";"Rio Claro (RJ)";"100,00";"82,18";"17,82"
"3304508";"Rio das Flores (RJ)";"100,00";"82,08";"17,92"
"3304524";"Rio das Ostras (RJ)";"100,00";"99,72";"0,29"
"3304557";"Rio de Janeiro (RJ)";"100,00";"100,00";"0,00"
"3304607";"Santa Maria Madalena (RJ)";"100,00";"71,43";"28,57"
"3304706";"Santo Antônio de Pádua (RJ)";"100,00";"91,47";"8,53"
"3304755";"São Francisco de Itabapoana (RJ)";"100,00";"61,93";"38,07"
"3304805";"São Fidélis (RJ)";"100,00";"82,88";"17,12"
"3304904";"São Gonçalo (RJ)";"100,00";"99,97";"0,03"
"3305000";"São João da Barra (RJ)";"100,00";"79,77";"20,23"
"3305109";"São João de Meriti (RJ)";"100,00";"100,00";"-"
"3305133";"São José de Ubá (RJ)";"100,00";"48,59";"51,41"
"3305158";"São José do Vale do Rio Preto (RJ)";"100,00";"57,44";"42,56"
"3305208";"São Pedro da Aldeia (RJ)";"100,00";"97,23";"2,77"
"3305307";"São Sebastião do Alto (RJ)";"100,00";"57,42";"42,58"
"3305406";"Sapucaia (RJ)";"100,00";"79,40";"20,60"
"3305505";"Saquarema (RJ)";"100,00";"97,16";"2,84"
"3305554";"Seropédica (RJ)";"100,00";"97,53";"2,47"
"3305604";"Silva Jardim (RJ)";"100,00";"81,38";"18,62"
"3305703";"Sumidouro (RJ)";"100,00";"40,44";"59,56"
"3305752";"Tanguá (RJ)";"100,00";"91,29";"8,71"
"3305802";"Teresópolis (RJ)";"100,00";"88,42";"11,58"
"3305901";"Trajano de Moraes (RJ)";"100,00";"60,53";"39,47"
"3306008";"Três Rios (RJ)";"100,00";"97,64";"2,36"
"3306107";"Valença (RJ)";"100,00";"94,34";"5,66"
"3306156";"Varre-Sai (RJ)";"100,00";"64,48";"35,52"
"3306206";"Vassouras (RJ)";"100,00";"86,88";"13,12"
"3306305";"Volta Redonda (RJ)";"100,00";"99,76";"0,24"
"3500105";"Adamantina (SP)";"100,00";"96,68";"3,32"
"3500204";"Adolfo (SP)";"100,00";"92,05";"7,95"
"3500303";"Aguaí (SP)";"100,00";"93,21";"6,79"
"3500402";"Águas da Prata (SP)";"100,00";"87,65";"12,35"
"3500501";"Águas de Lindóia (SP)";"100,00";"87,16";"12,84"
"3500550";"Águas de Santa Bárbara (SP)";"100,00";"87,99";"12,01"
"3500600";"Águas de São Pedro (SP)";"100,00";"100,00";"-"
"3500709";"Agudos (SP)";"100,00";"95,68";"4,32"
"3500758";"Alambari (SP)";"100,00";"74,22";"25,78"
"3500808";"Alfredo Marcondes (SP)";"100,00";"84,16";"15,84"
"3500907";"Altair (SP)";"100,00";"85,86";"14,14"
"3501004";"Altinópolis (SP)";"100,00";"90,55";"9,45"
"3501103";"Alto Alegre (SP)";"100,00";"80,73";"19,27"
"3501152";"Alumínio (SP)";"100,00";"96,28";"3,72"
"3501202";"Álvares Florence (SP)";"100,00";"66,97";"33,03"
"3501301";"Álvares Machado (SP)";"100,00";"92,54";"7,46"
"3501400";"Álvaro de Carvalho (SP)";"100,00";"60,40";"39,60"
"3501509";"Alvinlândia (SP)";"100,00";"91,58";"8,42"
"3501608";"Americana (SP)";"100,00";"99,83";"0,17"
"3501707";"Américo Brasiliense (SP)";"100,00";"99,20";"0,80"
"3501806";"Américo de Campos (SP)";"100,00";"88,01";"11,99"
"3501905";"Amparo (SP)";"100,00";"92,23";"7,77"
"3502002";"Analândia (SP)";"100,00";"84,90";"15,10"
"3502101";"Andradina (SP)";"100,00";"91,55";"8,45"
"3502200";"Angatuba (SP)";"100,00";"70,84";"29,16"
"3502309";"Anhembi (SP)";"100,00";"81,53";"18,47"
"3502408";"Anhumas (SP)";"100,00";"84,36";"15,64"
"3502507";"Aparecida (SP)";"100,00";"98,00";"2,00"
"3502606";"Aparecida d'Oeste (SP)";"100,00";"79,12";"20,88"
"3502705";"Apiaí (SP)";"100,00";"78,50";"21,50"
"3502754";"Araçariguama (SP)";"100,00";"87,79";"12,21"
"3502804";"Araçatuba (SP)";"100,00";"98,31";"1,69"
"3502903";"Araçoiaba da Serra (SP)";"100,00";"88,87";"11,13"
"3503000";"Aramina (SP)";"100,00";"95,02";"4,98"
"3503109";"Arandu (SP)";"100,00";"81,03";"18,97"
"3503158";"Arapeí (SP)";"100,00";"67,68";"32,32"
"3503208";"Araraquara (SP)";"100,00";"98,51";"1,49"
"3503307";"Araras (SP)";"100,00";"97,03";"2,97"
"3503356";"Arco-Íris (SP)";"100,00";"63,89";"36,11"
"3503406";"Arealva (SP)";"100,00";"78,59";"21,41"
"3503505";"Areias (SP)";"100,00";"77,50";"22,50"
"3503604";"Areiópolis (SP)";"100,00";"97,75";"2,25"
"3503703";"Ariranha (SP)";"100,00";"96,79";"3,21"
"3503802";"Artur Nogueira (SP)";"100,00";"93,62";"6,38"
"3503901";"Arujá (SP)";"100,00";"97,02";"2,98"
"3503950";"Aspásia (SP)";"100,00";"78,45";"21,55"
"3504008";"Assis (SP)";"100,00";"96,27";"3,73"
"3504107";"Atibaia (SP)";"100,00";"89,67";"10,33"
"3504206";"Auriflama (SP)";"100,00";"90,32";"9,68"
"3504305";"Avaí (SP)";"100,00";"66,16";"33,84"
"3504404";"Avanhandava (SP)";"100,00";"85,61";"14,39"
"3504503";"Avaré (SP)";"100,00";"94,96";"5,04"
"3504602";"Bady Bassitt (SP)";"100,00";"95,67";"4,33"
"3504701";"Balbinos (SP)";"100,00";"97,43";"2,57"
"3504800";"Bálsamo (SP)";"100,00";"92,73";"7,27"
"3504909";"Bananal (SP)";"100,00";"80,72";"19,28"
"3505005";"Barão de Antonina (SP)";"100,00";"66,78";"33,22"
"3505104";"Barbosa (SP)";"100,00";"91,68";"8,32"
"3505203";"Bariri (SP)";"100,00";"96,62";"3,38"
"3505302";"Barra Bonita (SP)";"100,00";"98,67";"1,33"
"3505351";"Barra do Chapéu (SP)";"100,00";"36,76";"63,24"
"3505401";"Barra do Turvo (SP)";"100,00";"44,97";"55,03"
"3505500";"Barretos (SP)";"100,00";"97,04";"2,96"
"3505609";"Barrinha (SP)";"100,00";"99,40";"0,60"
"3505708";"Barueri (SP)";"100,00";"99,96";"0,04"
"3505807";"Bastos (SP)";"100,00";"87,03";"12,97"
"3505906";"Batatais (SP)";"100,00";"97,13";"2,87"
"3506003";"Bauru (SP)";"100,00";"97,57";"2,43"
"3506102";"Bebedouro (SP)";"100,00";"96,54";"3,46"
"3506201";"Bento de Abreu (SP)";"100,00";"92,36";"7,64"
"3506300";"Bernardino de Campos (SP)";"100,00";"82,93";"17,07"
"3506359";"Bertioga (SP)";"100,00";"98,95";"1,05"
"3506409";"Bilac (SP)";"100,00";"93,96";"6,04"
"3506508";"Birigui (SP)";"100,00";"97,84";"2,16"
"3506607";"Biritiba Mirim (SP)";"100,00";"81,53";"18,47"
"3506706";"Boa Esperança do Sul (SP)";"100,00";"94,03";"5,97"
"3506805";"Bocaina (SP)";"100,00";"94,96";"5,04"
"3506904";"Bofete (SP)";"100,00";"71,41";"28,59"
"3507001";"Boituva (SP)";"100,00";"96,22";"3,78"
"3507100";"Bom Jesus dos Perdões (SP)";"100,00";"92,41";"7,59"
"3507159";"Bom Sucesso de Itararé (SP)";"100,00";"69,68";"30,32"
"3507209";"Borá (SP)";"100,00";"81,37";"18,63"
"3507308";"Boracéia (SP)";"100,00";"94,27";"5,73"
"3507407";"Borborema (SP)";"100,00";"92,23";"7,77"
"3507456";"Borebi (SP)";"100,00";"86,69";"13,31"
"3507506";"Botucatu (SP)";"100,00";"96,86";"3,14"
"3507605";"Bragança Paulista (SP)";"100,00";"92,96";"7,04"
"3507704";"Braúna (SP)";"100,00";"90,65";"9,35"
"3507753";"Brejo Alegre (SP)";"100,00";"84,52";"15,48"
"3507803";"Brodowski (SP)";"100,00";"97,52";"2,48"
"3507902";"Brotas (SP)";"100,00";"92,12";"7,88"
"3508009";"Buri (SP)";"100,00";"82,82";"17,18"
"3508108";"Buritama (SP)";"100,00";"94,50";"5,50"
"3508207";"Buritizal (SP)";"100,00";"86,59";"13,41"
"3508306";"Cabrália Paulista (SP)";"100,00";"82,83";"17,17"
"3508405";"Cabreúva (SP)";"100,00";"92,32";"7,68"
"3508504";"Caçapava (SP)";"100,00";"96,59";"3,41"
"3508603";"Cachoeira Paulista (SP)";"100,00";"92,74";"7,26"
"3508702";"Caconde (SP)";"100,00";"69,19";"30,81"
"3508801";"Cafelândia (SP)";"100,00";"91,98";"8,02"
"3508900";"Caiabu (SP)";"100,00";"80,47";"19,53"
"3509007";"Caieiras (SP)";"100,00";"99,01";"0,99"
"3509106";"Caiuá (SP)";"100,00";"42,66";"57,34"
"3509205";"Cajamar (SP)";"100,00";"99,09";"0,91"
"3509254";"Cajati (SP)";"100,00";"76,92";"23,08"
"3509304";"Cajobi (SP)";"100,00";"94,93";"5,07"
"3509403";"Cajuru (SP)";"100,00";"89,16";"10,84"
"3509452";"Campina do Monte Alegre (SP)";"100,00";"82,85";"17,15"
"3509502";"Campinas (SP)";"100,00";"99,46";"0,54"
"3509601";"Campo Limpo Paulista (SP)";"100,00";"98,13";"1,87"
"3509700";"Campos do Jordão (SP)";"100,00";"91,74";"8,26"
"3509809";"Campos Novos Paulista (SP)";"100,00";"79,91";"20,09"
"3509908";"Cananéia (SP)";"100,00";"88,19";"11,81"
"3509957";"Canas (SP)";"100,00";"90,71";"9,29"
"3510005";"Cândido Mota (SP)";"100,00";"94,61";"5,39"
"3510104";"Cândido Rodrigues (SP)";"100,00";"84,94";"15,06"
"3510153";"Canitar (SP)";"100,00";"97,49";"2,51"
"3510203";"Capão Bonito (SP)";"100,00";"85,09";"14,91"
"3510302";"Capela do Alto (SP)";"100,00";"78,95";"21,05"
"3510401";"Capivari (SP)";"100,00";"96,25";"3,75"
"3510500";"Caraguatatuba (SP)";"100,00";"98,59";"1,41"
"3510609";"Carapicuíba (SP)";"100,00";"100,00";"-"
"3510708";"Cardoso (SP)";"100,00";"92,07";"7,93"
"3510807";"Casa Branca (SP)";"100,00";"85,13";"14,87"
"3510906";"Cássia dos Coqueiros (SP)";"100,00";"67,70";"32,30"
"3511003";"Castilho (SP)";"100,00";"76,53";"23,47"
"3511102";"Catanduva (SP)";"100,00";"99,09";"0,91"
"3511201";"Catiguá (SP)";"100,00";"95,72";"4,28"
"3511300";"Cedral (SP)";"100,00";"91,19";"8,81"
"3511409";"Cerqueira César (SP)";"100,00";"85,30";"14,70"
"3511508";"Cerquilho (SP)";"100,00";"94,73";"5,27"
"3511607";"Cesário Lange (SP)";"100,00";"77,12";"22,88"
"3511706";"Charqueada (SP)";"100,00";"93,05";"6,95"
"3511904";"Clementina (SP)";"100,00";"96,48";"3,52"
"3512001";"Colina (SP)";"100,00";"95,21";"4,79"
"3512100";"Colômbia (SP)";"100,00";"70,66";"29,34"
"3512209";"Conchal (SP)";"100,00";"95,29";"4,71"
"3512308";"Conchas (SP)";"100,00";"78,28";"21,72"
"3512407";"Cordeirópolis (SP)";"100,00";"95,57";"4,43"
"3512506";"Coroados (SP)";"100,00";"85,33";"14,67"
"3512605";"Coronel Macedo (SP)";"100,00";"82,73";"17,27"
"3512704";"Corumbataí (SP)";"100,00";"64,67";"35,33"
"3512803";"Cosmópolis (SP)";"100,00";"97,47";"2,53"
"3512902";"Cosmorama (SP)";"100,00";"77,99";"22,01"
"3513009";"Cotia (SP)";"100,00";"97,17";"2,83"
"3513108";"Cravinhos (SP)";"100,00";"98,42";"1,58"
"3513207";"Cristais Paulista (SP)";"100,00";"82,28";"17,72"
"3513306";"Cruzália (SP)";"100,00";"67,27";"32,73"
"3513405";"Cruzeiro (SP)";"100,00";"97,57";"2,43"
"3513504";"Cubatão (SP)";"100,00";"99,88";"0,12"
"3513603";"Cunha (SP)";"100,00";"59,02";"40,98"
"3513702";"Descalvado (SP)";"100,00";"90,71";"9,29"
"3513801";"Diadema (SP)";"100,00";"100,00";"-"
"3513850";"Dirce Reis (SP)";"100,00";"81,48";"18,52"
"3513900";"Divinolândia (SP)";"100,00";"68,74";"31,26"
"3514007";"Dobrada (SP)";"100,00";"97,68";"2,32"
"3514106";"Dois Córregos (SP)";"100,00";"96,00";"4,00"
"3514205";"Dolcinópolis (SP)";"100,00";"89,44";"10,56"
"3514304";"Dourado (SP)";"100,00";"93,90";"6,10"
"3514403";"Dracena (SP)";"100,00";"92,50";"7,50"
"3514502";"Duartina (SP)";"100,00";"90,10";"9,90"
"3514601";"Dumont (SP)";"100,00";"97,69";"2,31"
"3514700";"Echaporã (SP)";"100,00";"84,25";"15,75"
"3514809";"Eldorado (SP)";"100,00";"52,58";"47,42"
"3514908";"Elias Fausto (SP)";"100,00";"86,92";"13,08"
"3514924";"Elisiário (SP)";"100,00";"93,34";"6,66"
"3514957";"Embaúba (SP)";"100,00";"88,29";"11,71"
"3515004";"Embu das Artes (SP)";"100,00";"99,41";"0,59"
"3515103";"Embu-Guaçu (SP)";"100,00";"89,63";"10,37"
"3515129";"Emilianópolis (SP)";"100,00";"88,59";"11,41"
"3515152";"Engenheiro Coelho (SP)";"100,00";"94,07";"5,93"
"3515186";"Espírito Santo do Pinhal (SP)";"100,00";"90,89";"9,11"
"3515194";"Espírito Santo do Turvo (SP)";"100,00";"85,76";"14,24"
"3515202";"Estrela d'Oeste (SP)";"100,00";"83,87";"16,13"
"3515301";"Estrela do Norte (SP)";"100,00";"82,32";"17,68"
"3515350";"Euclides da Cunha Paulista (SP)";"100,00";"62,25";"37,75"
"3515400";"Fartura (SP)";"100,00";"80,85";"19,15"
"3515509";"Fernandópolis (SP)";"100,00";"96,80";"3,20"
"3515608";"Fernando Prestes (SP)";"100,00";"90,00";"10,00"
"3515657";"Fernão (SP)";"100,00";"60,51";"39,49"
"3515707";"Ferraz de Vasconcelos (SP)";"100,00";"99,15";"0,85"
"3515806";"Flora Rica (SP)";"100,00";"81,78";"18,22"
"3515905";"Floreal (SP)";"100,00";"83,72";"16,28"
"3516002";"Flórida Paulista (SP)";"100,00";"80,72";"19,28"
"3516101";"Florínea (SP)";"100,00";"65,80";"34,20"
"3516200";"Franca (SP)";"100,00";"98,52";"1,48"
"3516309";"Francisco Morato (SP)";"100,00";"99,54";"0,46"
"3516408";"Franco da Rocha (SP)";"100,00";"96,01";"3,99"
"3516507";"Gabriel Monteiro (SP)";"100,00";"89,00";"11,00"
"3516606";"Gália (SP)";"100,00";"80,80";"19,20"
"3516705";"Garça (SP)";"100,00";"94,82";"5,18"
"3516804";"Gastão Vidigal (SP)";"100,00";"90,53";"9,47"
"3516853";"Gavião Peixoto (SP)";"100,00";"89,92";"10,08"
"3516903";"General Salgado (SP)";"100,00";"89,40";"10,60"
"3517000";"Getulina (SP)";"100,00";"76,55";"23,45"
"3517109";"Glicério (SP)";"100,00";"82,94";"17,06"
"3517208";"Guaiçara (SP)";"100,00";"92,94";"7,06"
"3517307";"Guaimbê (SP)";"100,00";"88,48";"11,52"
"3517406";"Guaíra (SP)";"100,00";"96,84";"3,16"
"3517505";"Guapiaçu (SP)";"100,00";"93,43";"6,57"
"3517604";"Guapiara (SP)";"100,00";"40,46";"59,54"
"3517703";"Guará (SP)";"100,00";"97,54";"2,46"
"3517802";"Guaraçaí (SP)";"100,00";"79,10";"20,90"
"3517901";"Guaraci (SP)";"100,00";"93,08";"6,92"
"3518008";"Guarani d'Oeste (SP)";"100,00";"86,99";"13,01"
"3518107";"Guarantã (SP)";"100,00";"81,86";"18,14"
"3518206";"Guararapes (SP)";"100,00";"95,04";"4,96"
"3518305";"Guararema (SP)";"100,00";"82,35";"17,65"
"3518404";"Guaratinguetá (SP)";"100,00";"95,90";"4,10"
"3518503";"Guareí (SP)";"100,00";"54,24";"45,76"
"3518602";"Guariba (SP)";"100,00";"96,94";"3,06"
"3518701";"Guarujá (SP)";"100,00";"99,72";"0,28"
"3518800";"Guarulhos (SP)";"100,00";"99,95";"0,05"
"3518859";"Guatapará (SP)";"100,00";"83,46";"16,54"
"3518909";"Guzolândia (SP)";"100,00";"87,89";"12,11"
"3519006";"Herculândia (SP)";"100,00";"89,49";"10,51"
"3519055";"Holambra (SP)";"100,00";"79,20";"20,80"
"3519071";"Hortolândia (SP)";"100,00";"99,67";"0,33"
"3519105";"Iacanga (SP)";"100,00";"93,49";"6,51"
"3519204";"Iacri (SP)";"100,00";"83,95";"16,05"
"3519253";"Iaras (SP)";"100,00";"39,89";"60,11"
"3519303";"Ibaté (SP)";"100,00";"98,60";"1,40"
"3519402";"Ibirá (SP)";"100,00";"95,02";"4,98"
"3519501";"Ibirarema (SP)";"100,00";"94,35";"5,65"
"3519600";"Ibitinga (SP)";"100,00";"97,04";"2,96"
"3519709";"Ibiúna (SP)";"100,00";"69,71";"30,29"
"3519808";"Icém (SP)";"100,00";"83,86";"16,14"
"3519907";"Iepê (SP)";"100,00";"88,31";"11,69"
"3520004";"Igaraçu do Tietê (SP)";"100,00";"98,74";"1,26"
"3520103";"Igarapava (SP)";"100,00";"97,23";"2,77"
"3520202";"Igaratá (SP)";"100,00";"74,12";"25,88"
"3520301";"Iguape (SP)";"100,00";"77,16";"22,84"
"3520400";"Ilhabela (SP)";"100,00";"96,93";"3,07"
"3520426";"Ilha Comprida (SP)";"100,00";"97,91";"2,09"
"3520442";"Ilha Solteira (SP)";"100,00";"88,66";"11,34"
"3520509";"Indaiatuba (SP)";"100,00";"98,26";"1,74"
"3520608";"Indiana (SP)";"100,00";"87,76";"12,24"
"3520707";"Indiaporã (SP)";"100,00";"82,65";"17,35"
"3520806";"Inúbia Paulista (SP)";"100,00";"92,09";"7,91"
"3520905";"Ipaussu (SP)";"100,00";"97,12";"2,88"
"3521002";"Iperó (SP)";"100,00";"82,96";"17,04"
"3521101";"Ipeúna (SP)";"100,00";"92,11";"7,89"
"3521150";"Ipiguá (SP)";"100,00";"85,76";"14,24"
"3521200";"Iporanga (SP)";"100,00";"46,79";"53,21"
"3521309";"Ipuã (SP)";"100,00";"97,50";"2,50"
"3521408";"Iracemápolis (SP)";"100,00";"99,44";"0,56"
"3521507";"Irapuã (SP)";"100,00";"90,68";"9,32"
"3521606";"Irapuru (SP)";"100,00";"73,83";"26,17"
"3521705";"Itaberá (SP)";"100,00";"68,51";"31,49"
"3521804";"Itaí (SP)";"100,00";"82,87";"17,13"
"3521903";"Itajobi (SP)";"100,00";"88,23";"11,77"
"3522000";"Itaju (SP)";"100,00";"80,90";"19,10"
"3522109";"Itanhaém (SP)";"100,00";"98,93";"1,07"
"3522158";"Itaoca (SP)";"100,00";"46,90";"53,10"
"3522208";"Itapecerica da Serra (SP)";"100,00";"94,52";"5,48"
"3522307";"Itapetininga (SP)";"100,00";"90,34";"9,66"
"3522406";"Itapeva (SP)";"100,00";"85,17";"14,83"
"3522505";"Itapevi (SP)";"100,00";"98,45";"1,55"
"3522604";"Itapira (SP)";"100,00";"94,56";"5,44"
"3522653";"Itapirapuã Paulista (SP)";"100,00";"45,17";"54,83"
"3522703";"Itápolis (SP)";"100,00";"92,90";"7,10"
"3522802";"Itaporanga (SP)";"100,00";"74,68";"25,32"
"3522901";"Itapuí (SP)";"100,00";"97,48";"2,52"
"3523008";"Itapura (SP)";"100,00";"84,22";"15,78"
"3523107";"Itaquaquecetuba (SP)";"100,00";"100,00";"0,00"
"3523206";"Itararé (SP)";"100,00";"94,50";"5,50"
"3523305";"Itariri (SP)";"100,00";"77,01";"22,99"
"3523404";"Itatiba (SP)";"100,00";"96,31";"3,69"
"3523503";"Itatinga (SP)";"100,00";"86,04";"13,96"
"3523602";"Itirapina (SP)";"100,00";"91,95";"8,05"
"3523701";"Itirapuã (SP)";"100,00";"86,87";"13,13"
"3523800";"Itobi (SP)";"100,00";"87,14";"12,86"
"3523909";"Itu (SP)";"100,00";"95,62";"4,38"
"3524006";"Itupeva (SP)";"100,00";"94,70";"5,30"
"3524105";"Ituverava (SP)";"100,00";"97,22";"2,78"
"3524204";"Jaborandi (SP)";"100,00";"94,87";"5,13"
"3524303";"Jaboticabal (SP)";"100,00";"97,87";"2,13"
"3524402";"Jacareí (SP)";"100,00";"97,77";"2,23"
"3524501";"Jaci (SP)";"100,00";"90,99";"9,01"
"3524600";"Jacupiranga (SP)";"100,00";"65,70";"34,30"
"3524709";"Jaguariúna (SP)";"100,00";"96,90";"3,10"
"3524808";"Jales (SP)";"100,00";"94,45";"5,55"
"3524907";"Jambeiro (SP)";"100,00";"70,88";"29,12"
"3525003";"Jandira (SP)";"100,00";"100,00";"-"
"3525102";"Jardinópolis (SP)";"100,00";"93,21";"6,79"
"3525201";"Jarinu (SP)";"100,00";"87,46";"12,54"
"3525300";"Jaú (SP)";"100,00";"98,24";"1,76"
"3525409";"Jeriquara (SP)";"100,00";"88,33";"11,67"
"3525508";"Joanópolis (SP)";"100,00";"72,56";"27,44"
"3525607";"João Ramalho (SP)";"100,00";"88,40";"11,60"
"3525706";"José Bonifácio (SP)";"100,00";"92,79";"7,21"
"3525805";"Júlio Mesquita (SP)";"100,00";"93,51";"6,49"
"3525854";"Jumirim (SP)";"100,00";"65,71";"34,29"
"3525904";"Jundiaí (SP)";"100,00";"96,86";"3,14"
"3526001";"Junqueirópolis (SP)";"100,00";"92,71";"7,29"
"3526100";"Juquiá (SP)";"100,00";"66,98";"33,02"
"3526209";"Juquitiba (SP)";"100,00";"57,27";"42,73"
"3526308";"Lagoinha (SP)";"100,00";"62,40";"37,60"
"3526407";"Laranjal Paulista (SP)";"100,00";"88,56";"11,44"
"3526506";"Lavínia (SP)";"100,00";"43,12";"56,88"
"3526605";"Lavrinhas (SP)";"100,00";"92,66";"7,34"
"3526704";"Leme (SP)";"100,00";"98,24";"1,76"
"3526803";"Lençóis Paulista (SP)";"100,00";"97,51";"2,49"
"3526902";"Limeira (SP)";"100,00";"96,98";"3,02"
"3527009";"Lindóia (SP)";"100,00";"85,97";"14,03"
"3527108";"Lins (SP)";"100,00";"98,83";"1,17"
"3527207";"Lorena (SP)";"100,00";"97,26";"2,74"
"3527256";"Lourdes (SP)";"100,00";"86,26";"13,74"
"3527306";"Louveira (SP)";"100,00";"95,81";"4,19"
"3527405";"Lucélia (SP)";"100,00";"83,02";"16,98"
"3527504";"Lucianópolis (SP)";"100,00";"81,07";"18,93"
"3527603";"Luís Antônio (SP)";"100,00";"98,00";"2,00"
"3527702";"Luiziânia (SP)";"100,00";"91,13";"8,87"
"3527801";"Lupércio (SP)";"100,00";"90,48";"9,52"
"3527900";"Lutécia (SP)";"100,00";"79,33";"20,67"
"3528007";"Macatuba (SP)";"100,00";"97,07";"2,93"
"3528106";"Macaubal (SP)";"100,00";"89,48";"10,52"
"3528205";"Macedônia (SP)";"100,00";"73,78";"26,22"
"3528304";"Magda (SP)";"100,00";"83,67";"16,33"
"3528403";"Mairinque (SP)";"100,00";"92,94";"7,06"
"3528502";"Mairiporã (SP)";"100,00";"90,19";"9,81"
"3528601";"Manduri (SP)";"100,00";"87,46";"12,54"
"3528700";"Marabá Paulista (SP)";"100,00";"37,72";"62,28"
"3528809";"Maracaí (SP)";"100,00";"91,16";"8,84"
"3528858";"Marapoama (SP)";"100,00";"89,09";"10,91"
"3528908";"Mariápolis (SP)";"100,00";"86,11";"13,89"
"3529005";"Marília (SP)";"100,00";"98,85";"1,15"
"3529104";"Marinópolis (SP)";"100,00";"80,65";"19,35"
"3529203";"Martinópolis (SP)";"100,00";"85,66";"14,34"
"3529302";"Matão (SP)";"100,00";"98,18";"1,82"
"3529401";"Mauá (SP)";"100,00";"99,69";"0,31"
"3529500";"Mendonça (SP)";"100,00";"88,86";"11,14"
"3529609";"Meridiano (SP)";"100,00";"81,12";"18,88"
"3529658";"Mesópolis (SP)";"100,00";"82,99";"17,01"
"3529708";"Miguelópolis (SP)";"100,00";"95,29";"4,71"
"3529807";"Mineiros do Tietê (SP)";"100,00";"96,13";"3,87"
"3529906";"Miracatu (SP)";"100,00";"64,64";"35,36"
"3530003";"Mira Estrela (SP)";"100,00";"80,33";"19,67"
"3530102";"Mirandópolis (SP)";"100,00";"88,94";"11,06"
"3530201";"Mirante do Paranapanema (SP)";"100,00";"60,06";"39,94"
"3530300";"Mirassol (SP)";"100,00";"97,43";"2,57"
"3530409";"Mirassolândia (SP)";"100,00";"86,42";"13,58"
"3530508";"Mococa (SP)";"100,00";"94,87";"5,13"
"3530607";"Mogi das Cruzes (SP)";"100,00";"93,93";"6,07"
"3530706";"Mogi Guaçu (SP)";"100,00";"97,14";"2,86"
"3530805";"Mogi Mirim (SP)";"100,00";"94,32";"5,68"
"3530904";"Mombuca (SP)";"100,00";"85,14";"14,86"
"3531001";"Monções (SP)";"100,00";"90,50";"9,50"
"3531100";"Mongaguá (SP)";"100,00";"98,86";"1,14"
"3531209";"Monte Alegre do Sul (SP)";"100,00";"70,31";"29,69"
"3531308";"Monte Alto (SP)";"100,00";"96,48";"3,52"
"3531407";"Monte Aprazível (SP)";"100,00";"93,16";"6,84"
"3531506";"Monte Azul Paulista (SP)";"100,00";"94,14";"5,86"
"3531605";"Monte Castelo (SP)";"100,00";"84,49";"15,51"
"3531704";"Monteiro Lobato (SP)";"100,00";"37,41";"62,59"
"3531803";"Monte Mor (SP)";"100,00";"97,04";"2,96"
"3531902";"Morro Agudo (SP)";"100,00";"96,23";"3,77"
"3532009";"Morungaba (SP)";"100,00";"84,99";"15,01"
"3532058";"Motuca (SP)";"100,00";"73,05";"26,95"
"3532108";"Murutinga do Sul (SP)";"100,00";"73,37";"26,63"
"3532157";"Nantes (SP)";"100,00";"91,73";"8,27"
"3532207";"Narandiba (SP)";"100,00";"89,67";"10,33"
"3532306";"Natividade da Serra (SP)";"100,00";"41,69";"58,31"
"3532405";"Nazaré Paulista (SP)";"100,00";"50,10";"49,90"
"3532504";"Neves Paulista (SP)";"100,00";"89,84";"10,16"
"3532603";"Nhandeara (SP)";"100,00";"83,23";"16,77"
"3532702";"Nipoã (SP)";"100,00";"91,09";"8,91"
"3532801";"Nova Aliança (SP)";"100,00";"89,63";"10,37"
"3532827";"Nova Campina (SP)";"100,00";"71,03";"28,97"
"3532843";"Nova Canaã Paulista (SP)";"100,00";"66,54";"33,46"
"3532868";"Nova Castilho (SP)";"100,00";"72,98";"27,02"
"3532900";"Nova Europa (SP)";"100,00";"96,20";"3,80"
"3533007";"Nova Granada (SP)";"100,00";"92,04";"7,96"
"3533106";"Nova Guataporanga (SP)";"100,00";"90,63";"9,37"
"3533205";"Nova Independência (SP)";"100,00";"76,03";"23,97"
"3533254";"Novais (SP)";"100,00";"93,81";"6,19"
"3533304";"Nova Luzitânia (SP)";"100,00";"87,87";"12,13"
"3533403";"Nova Odessa (SP)";"100,00";"99,24";"0,76"
"3533502";"Novo Horizonte (SP)";"100,00";"95,50";"4,50"
"3533601";"Nuporanga (SP)";"100,00";"93,67";"6,33"
"3533700";"Ocauçu (SP)";"100,00";"85,55";"14,45"
"3533809";"Óleo (SP)";"100,00";"76,47";"23,53"
"3533908";"Olímpia (SP)";"100,00";"96,88";"3,12"
"3534005";"Onda Verde (SP)";"100,00";"91,36";"8,64"
"3534104";"Oriente (SP)";"100,00";"94,95";"5,05"
"3534203";"Orindiúva (SP)";"100,00";"93,18";"6,82"
"3534302";"Orlândia (SP)";"100,00";"97,90";"2,10"
"3534401";"Osasco (SP)";"100,00";"100,00";"0,00"
"3534500";"Oscar Bressane (SP)";"100,00";"83,00";"17,00"
"3534609";"Osvaldo Cruz (SP)";"100,00";"92,58";"7,42"
"3534708";"Ourinhos (SP)";"100,00";"98,16";"1,84"
"3534757";"Ouroeste (SP)";"100,00";"91,39";"8,61"
"3534807";"Ouro Verde (SP)";"100,00";"94,60";"5,40"
"3534906";"Pacaembu (SP)";"100,00";"60,07";"39,93"
"3535002";"Palestina (SP)";"100,00";"86,73";"13,27"
"3535101";"Palmares Paulista (SP)";"100,00";"98,02";"1,98"
"3535200";"Palmeira d'Oeste (SP)";"100,00";"82,39";"17,61"
"3535309";"Palmital (SP)";"100,00";"94,84";"5,16"
"3535408";"Panorama (SP)";"100,00";"97,17";"2,83"
"3535507";"Paraguaçu Paulista (SP)";"100,00";"91,72";"8,28"
"3535606";"Paraibuna (SP)";"100,00";"61,23";"38,77"
"3535705";"Paraíso (SP)";"100,00";"87,15";"12,85"
"3535804";"Paranapanema (SP)";"100,00";"81,72";"18,28"
"3535903";"Paranapuã (SP)";"100,00";"91,71";"8,29"
"3536000";"Parapuã (SP)";"100,00";"87,03";"12,97"
"3536109";"Pardinho (SP)";"100,00";"86,82";"13,18"
"3536208";"Pariquera-Açu (SP)";"100,00";"74,21";"25,79"
"3536257";"Parisi (SP)";"100,00";"86,45";"13,55"
"3536307";"Patrocínio Paulista (SP)";"100,00";"85,64";"14,36"
"3536406";"Paulicéia (SP)";"100,00";"90,42";"9,58"
"3536505";"Paulínia (SP)";"100,00";"99,05";"0,95"
"3536570";"Paulistânia (SP)";"100,00";"75,36";"24,64"
"3536604";"Paulo de Faria (SP)";"100,00";"88,19";"11,81"
"3536703";"Pederneiras (SP)";"100,00";"93,60";"6,40"
"3536802";"Pedra Bela (SP)";"100,00";"27,04";"72,96"
"3536901";"Pedranópolis (SP)";"100,00";"62,33";"37,67"
"3537008";"Pedregulho (SP)";"100,00";"79,56";"20,44"
"3537107";"Pedreira (SP)";"100,00";"98,33";"1,67"
"3537156";"Pedrinhas Paulista (SP)";"100,00";"90,44";"9,56"
"3537206";"Pedro de Toledo (SP)";"100,00";"65,75";"34,25"
"3537305";"Penápolis (SP)";"100,00";"96,05";"3,95"
"3537404";"Pereira Barreto (SP)";"100,00";"93,69";"6,31"
"3537503";"Pereiras (SP)";"100,00";"71,37";"28,63"
"3537602";"Peruíbe (SP)";"100,00";"97,64";"2,36"
"3537701";"Piacatu (SP)";"100,00";"92,44";"7,56"
"3537800";"Piedade (SP)";"100,00";"57,07";"42,93"
"3537909";"Pilar do Sul (SP)";"100,00";"79,41";"20,59"
"3538006";"Pindamonhangaba (SP)";"100,00";"96,33";"3,67"
"3538105";"Pindorama (SP)";"100,00";"94,90";"5,10"
"3538204";"Pinhalzinho (SP)";"100,00";"60,03";"39,97"
"3538303";"Piquerobi (SP)";"100,00";"81,31";"18,69"
"3538501";"Piquete (SP)";"100,00";"91,77";"8,23"
"3538600";"Piracaia (SP)";"100,00";"82,27";"17,73"
"3538709";"Piracicaba (SP)";"100,00";"97,86";"2,14"
"3538808";"Piraju (SP)";"100,00";"93,65";"6,35"
"3538907";"Pirajuí (SP)";"100,00";"81,51";"18,49"
"3539004";"Pirangi (SP)";"100,00";"92,37";"7,63"
"3539103";"Pirapora do Bom Jesus (SP)";"100,00";"96,52";"3,48"
"3539202";"Pirapozinho (SP)";"100,00";"94,87";"5,13"
"3539301";"Pirassununga (SP)";"100,00";"95,91";"4,09"
"3539400";"Piratininga (SP)";"100,00";"87,17";"12,83"
"3539509";"Pitangueiras (SP)";"100,00";"96,23";"3,77"
"3539608";"Planalto (SP)";"100,00";"88,43";"11,57"
"3539707";"Platina (SP)";"100,00";"83,64";"16,36"
"3539806";"Poá (SP)";"100,00";"99,82";"0,18"
"3539905";"Poloni (SP)";"100,00";"91,68";"8,32"
"3540002";"Pompéia (SP)";"100,00";"94,51";"5,49"
"3540101";"Pongaí (SP)";"100,00";"84,68";"15,32"
"3540200";"Pontal (SP)";"100,00";"97,66";"2,34"
"3540259";"Pontalinda (SP)";"100,00";"83,69";"16,31"
"3540309";"Pontes Gestal (SP)";"100,00";"89,74";"10,26"
"3540408";"Populina (SP)";"100,00";"82,92";"17,08"
"3540507";"Porangaba (SP)";"100,00";"57,64";"42,36"
"3540606";"Porto Feliz (SP)";"100,00";"84,73";"15,27"
"3540705";"Porto Ferreira (SP)";"100,00";"98,55";"1,45"
"3540754";"Potim (SP)";"100,00";"85,18";"14,82"
"3540804";"Potirendaba (SP)";"100,00";"91,50";"8,50"
"3540853";"Pracinha (SP)";"100,00";"50,89";"49,11"
"3540903";"Pradópolis (SP)";"100,00";"92,86";"7,14"
"3541000";"Praia Grande (SP)";"100,00";"99,69";"0,31"
"3541059";"Pratânia (SP)";"100,00";"80,84";"19,16"
"3541109";"Presidente Alves (SP)";"100,00";"87,09";"12,91"
"3541208";"Presidente Bernardes (SP)";"100,00";"68,16";"31,84"
"3541307";"Presidente Epitácio (SP)";"100,00";"92,57";"7,43"
"3541406";"Presidente Prudente (SP)";"100,00";"97,62";"2,38"
"3541505";"Presidente Venceslau (SP)";"100,00";"94,46";"5,54"
"3541604";"Promissão (SP)";"100,00";"85,72";"14,28"
"3541653";"Quadra (SP)";"100,00";"44,46";"55,54"
"3541703";"Quatá (SP)";"100,00";"95,02";"4,98"
"3541802";"Queiroz (SP)";"100,00";"91,49";"8,51"
"3541901";"Queluz (SP)";"100,00";"90,33";"9,67"
"3542008";"Quintana (SP)";"100,00";"92,64";"7,36"
"3542107";"Rafard (SP)";"100,00";"89,27";"10,73"
"3542206";"Rancharia (SP)";"100,00";"90,29";"9,71"
"3542305";"Redenção da Serra (SP)";"100,00";"53,74";"46,26"
"3542404";"Regente Feijó (SP)";"100,00";"92,55";"7,45"
"3542503";"Reginópolis (SP)";"100,00";"68,18";"31,82"
"3542602";"Registro (SP)";"100,00";"87,27";"12,73"
"3542701";"Restinga (SP)";"100,00";"82,60";"17,40"
"3542800";"Ribeira (SP)";"100,00";"53,19";"46,81"
"3542909";"Ribeirão Bonito (SP)";"100,00";"92,73";"7,27"
"3543006";"Ribeirão Branco (SP)";"100,00";"53,54";"46,46"
"3543105";"Ribeirão Corrente (SP)";"100,00";"82,60";"17,40"
"3543204";"Ribeirão do Sul (SP)";"100,00";"79,52";"20,48"
"3543238";"Ribeirão dos Índios (SP)";"100,00";"86,67";"13,33"
"3543253";"Ribeirão Grande (SP)";"100,00";"40,32";"59,68"
"3543303";"Ribeirão Pires (SP)";"100,00";"98,35";"1,65"
"3543402";"Ribeirão Preto (SP)";"100,00";"99,63";"0,37"
"3543501";"Riversul (SP)";"100,00";"74,98";"25,02"
"3543600";"Rifaina (SP)";"100,00";"88,49";"11,51"
"3543709";"Rincão (SP)";"100,00";"83,07";"16,93"
"3543808";"Rinópolis (SP)";"100,00";"83,53";"16,47"
"3543907";"Rio Claro (SP)";"100,00";"98,64";"1,36"
"3544004";"Rio das Pedras (SP)";"100,00";"96,24";"3,76"
"3544103";"Rio Grande da Serra (SP)";"100,00";"93,69";"6,31"
"3544202";"Riolândia (SP)";"100,00";"71,54";"28,46"
"3544251";"Rosana (SP)";"100,00";"79,29";"20,71"
"3544301";"Roseira (SP)";"100,00";"93,31";"6,69"
"3544400";"Rubiácea (SP)";"100,00";"88,74";"11,26"
"3544509";"Rubinéia (SP)";"100,00";"89,36";"10,64"
"3544608";"Sabino (SP)";"100,00";"89,95";"10,05"
"3544707";"Sagres (SP)";"100,00";"79,39";"20,61"
"3544806";"Sales (SP)";"100,00";"92,76";"7,24"
"3544905";"Sales Oliveira (SP)";"100,00";"94,81";"5,19"
"3545001";"Salesópolis (SP)";"100,00";"64,14";"35,86"
"3545100";"Salmourão (SP)";"100,00";"91,85";"8,15"
"3545159";"Saltinho (SP)";"100,00";"89,60";"10,40"
"3545209";"Salto (SP)";"100,00";"98,84";"1,16"
"3545308";"Salto de Pirapora (SP)";"100,00";"92,76";"7,24"
"3545407";"Salto Grande (SP)";"100,00";"93,83";"6,17"
"3545506";"Sandovalina (SP)";"100,00";"69,38";"30,62"
"3545605";"Santa Adélia (SP)";"100,00";"95,56";"4,44"
"3545704";"Santa Albertina (SP)";"100,00";"87,60";"12,40"
"3545803";"Santa Bárbara d'Oeste (SP)";"100,00";"99,45";"0,55"
"3546009";"Santa Branca (SP)";"100,00";"84,89";"15,11"
"3546108";"Santa Clara d'Oeste (SP)";"100,00";"78,33";"21,67"
"3546207";"Santa Cruz da Conceição (SP)";"100,00";"81,27";"18,73"
"3546256";"Santa Cruz da Esperança (SP)";"100,00";"76,04";"23,96"
"3546306";"Santa Cruz das Palmeiras (SP)";"100,00";"97,71";"2,29"
"3546405";"Santa Cruz do Rio Pardo (SP)";"100,00";"93,33";"6,67"
"3546504";"Santa Ernestina (SP)";"100,00";"96,26";"3,74"
"3546603";"Santa Fé do Sul (SP)";"100,00";"96,87";"3,13"
"3546702";"Santa Gertrudes (SP)";"100,00";"98,87";"1,13"
"3546801";"Santa Isabel (SP)";"100,00";"79,57";"20,43"
"3546900";"Santa Lúcia (SP)";"100,00";"97,43";"2,57"
"3547007";"Santa Maria da Serra (SP)";"100,00";"92,71";"7,29"
"3547106";"Santa Mercedes (SP)";"100,00";"90,39";"9,61"
"3547205";"Santana da Ponte Pensa (SP)";"100,00";"73,65";"26,35"
"3547304";"Santana de Parnaíba (SP)";"100,00";"99,13";"0,87"
"3547403";"Santa Rita d'Oeste (SP)";"100,00";"77,17";"22,83"
"3547502";"Santa Rita do Passa Quatro (SP)";"100,00";"92,53";"7,47"
"3547601";"Santa Rosa de Viterbo (SP)";"100,00";"96,65";"3,35"
"3547650";"Santa Salete (SP)";"100,00";"71,43";"28,57"
"3547700";"Santo Anastácio (SP)";"100,00";"93,51";"6,49"
"3547809";"Santo André (SP)";"100,00";"99,89";"0,11"
"3547908";"Santo Antônio da Alegria (SP)";"100,00";"80,94";"19,06"
"3548005";"Santo Antônio de Posse (SP)";"100,00";"93,35";"6,65"
"3548054";"Santo Antônio do Aracanguá (SP)";"100,00";"80,30";"19,70"
"3548104";"Santo Antônio do Jardim (SP)";"100,00";"64,85";"35,15"
"3548203";"Santo Antônio do Pinhal (SP)";"100,00";"49,10";"50,90"
"3548302";"Santo Expedito (SP)";"100,00";"89,27";"10,73"
"3548401";"Santópolis do Aguapeí (SP)";"100,00";"96,51";"3,49"
"3548500";"Santos (SP)";"100,00";"99,93";"0,07"
"3548609";"São Bento do Sapucaí (SP)";"100,00";"53,91";"46,09"
"3548708";"São Bernardo do Campo (SP)";"100,00";"99,54";"0,46"
"3548807";"São Caetano do Sul (SP)";"100,00";"100,00";"-"
"3548906";"São Carlos (SP)";"100,00";"97,88";"2,12"
"3549003";"São Francisco (SP)";"100,00";"77,13";"22,87"
"3549102";"São João da Boa Vista (SP)";"100,00";"95,02";"4,98"
"3549201";"São João das Duas Pontes (SP)";"100,00";"77,44";"22,56"
"3549250";"São João de Iracema (SP)";"100,00";"82,77";"17,23"
"3549300";"São João do Pau d'Alho (SP)";"100,00";"87,82";"12,18"
"3549409";"São Joaquim da Barra (SP)";"100,00";"98,63";"1,37"
"3549508";"São José da Bela Vista (SP)";"100,00";"91,56";"8,44"
"3549607";"São José do Barreiro (SP)";"100,00";"70,98";"29,02"
"3549706";"São José do Rio Pardo (SP)";"100,00";"90,67";"9,33"
"3549805";"São José do Rio Preto (SP)";"100,00";"99,18";"0,82"
"3549904";"São José dos Campos (SP)";"100,00";"98,72";"1,28"
"3549953";"São Lourenço da Serra (SP)";"100,00";"51,98";"48,02"
"3550001";"São Luiz do Paraitinga (SP)";"100,00";"55,57";"44,43"
"3550100";"São Manuel (SP)";"100,00";"95,60";"4,40"
"3550209";"São Miguel Arcanjo (SP)";"100,00";"68,13";"31,87"
"3550308";"São Paulo (SP)";"100,00";"99,85";"0,15"
"3550407";"São Pedro (SP)";"100,00";"96,15";"3,85"
"3550506";"São Pedro do Turvo (SP)";"100,00";"76,08";"23,92"
"3550605";"São Roque (SP)";"100,00";"90,19";"9,81"
"3550704";"São Sebastião (SP)";"100,00";"98,37";"1,63"
"3550803";"São Sebastião da Grama (SP)";"100,00";"77,62";"22,38"
"3550902";"São Simão (SP)";"100,00";"91,18";"8,82"
"3551009";"São Vicente (SP)";"100,00";"99,91";"0,09"
"3551108";"Sarapuí (SP)";"100,00";"72,60";"27,40"
"3551207";"Sarutaiá (SP)";"100,00";"88,66";"11,34"
"3551306";"Sebastianópolis do Sul (SP)";"100,00";"83,26";"16,74"
"3551405";"Serra Azul (SP)";"100,00";"93,86";"6,14"
"3551504";"Serrana (SP)";"100,00";"99,29";"0,71"
"3551603";"Serra Negra (SP)";"100,00";"84,00";"16,00"
"3551702";"Sertãozinho (SP)";"100,00";"99,09";"0,91"
"3551801";"Sete Barras (SP)";"100,00";"56,86";"43,14"
"3551900";"Severínia (SP)";"100,00";"95,28";"4,72"
"3552007";"Silveiras (SP)";"100,00";"52,18";"47,82"
"3552106";"Socorro (SP)";"100,00";"61,40";"38,60"
"3552205";"Sorocaba (SP)";"100,00";"99,28";"0,72"
"3552304";"Sud Mennucci (SP)";"100,00";"87,48";"12,52"
"3552403";"Sumaré (SP)";"100,00";"99,56";"0,44"
"3552502";"Suzano (SP)";"100,00";"98,72";"1,28"
"3552551";"Suzanápolis (SP)";"100,00";"77,64";"22,36"
"3552601";"Tabapuã (SP)";"100,00";"92,65";"7,35"
"3552700";"Tabatinga (SP)";"100,00";"90,83";"9,17"
"3552809";"Taboão da Serra (SP)";"100,00";"100,00";"-"
"3552908";"Taciba (SP)";"100,00";"83,29";"16,71"
"3553005";"Taguaí (SP)";"100,00";"90,66";"9,34"
"3553104";"Taiaçu (SP)";"100,00";"93,18";"6,82"
"3553203";"Taiúva (SP)";"100,00";"79,22";"20,78"
"3553302";"Tambaú (SP)";"100,00";"91,35";"8,65"
"3553401";"Tanabi (SP)";"100,00";"91,11";"8,89"
"3553500";"Tapiraí (SP)";"100,00";"70,71";"29,29"
"3553609";"Tapiratiba (SP)";"100,00";"87,30";"12,70"
"3553658";"Taquaral (SP)";"100,00";"95,61";"4,39"
"3553708";"Taquaritinga (SP)";"100,00";"95,66";"4,34"
"3553807";"Taquarituba (SP)";"100,00";"83,86";"16,14"
"3553856";"Taquarivaí (SP)";"100,00";"50,25";"49,75"
"3553906";"Tarabai (SP)";"100,00";"92,29";"7,71"
"3553955";"Tarumã (SP)";"100,00";"96,50";"3,50"
"3554003";"Tatuí (SP)";"100,00";"96,89";"3,11"
"3554102";"Taubaté (SP)";"100,00";"98,32";"1,68"
"3554201";"Tejupá (SP)";"100,00";"71,19";"28,81"
"3554300";"Teodoro Sampaio (SP)";"100,00";"84,54";"15,46"
"3554409";"Terra Roxa (SP)";"100,00";"96,53";"3,47"
"3554508";"Tietê (SP)";"100,00";"90,79";"9,21"
"3554607";"Timburi (SP)";"100,00";"76,50";"23,50"
"3554656";"Torre de Pedra (SP)";"100,00";"82,70";"17,30"
"3554706";"Torrinha (SP)";"100,00";"86,41";"13,59"
"3554755";"Trabiju (SP)";"100,00";"92,39";"7,61"
"3554805";"Tremembé (SP)";"100,00";"82,88";"17,12"
"3554904";"Três Fronteiras (SP)";"100,00";"90,52";"9,48"
"3554953";"Tuiuti (SP)";"100,00";"47,30";"52,70"
"3555000";"Tupã (SP)";"100,00";"94,92";"5,08"
"3555109";"Tupi Paulista (SP)";"100,00";"78,04";"21,96"
"3555208";"Turiúba (SP)";"100,00";"82,62";"17,38"
"3555307";"Turmalina (SP)";"100,00";"75,55";"24,45"
"3555356";"Ubarana (SP)";"100,00";"94,43";"5,57"
"3555406";"Ubatuba (SP)";"100,00";"93,61";"6,39"
"3555505";"Ubirajara (SP)";"100,00";"79,29";"20,71"
"3555604";"Uchoa (SP)";"100,00";"93,24";"6,76"
"3555703";"União Paulista (SP)";"100,00";"80,85";"19,15"
"3555802";"Urânia (SP)";"100,00";"87,49";"12,51"
"3555901";"Uru (SP)";"100,00";"83,99";"16,01"
"3556008";"Urupês (SP)";"100,00";"93,07";"6,93"
"3556107";"Valentim Gentil (SP)";"100,00";"91,84";"8,16"
"3556206";"Valinhos (SP)";"100,00";"96,48";"3,52"
"3556305";"Valparaíso (SP)";"100,00";"96,86";"3,14"
"3556354";"Vargem (SP)";"100,00";"64,35";"35,65"
"3556404";"Vargem Grande do Sul (SP)";"100,00";"95,57";"4,43"
"3556453";"Vargem Grande Paulista (SP)";"100,00";"98,91";"1,09"
"3556503";"Várzea Paulista (SP)";"100,00";"99,71";"0,29"
"3556602";"Vera Cruz (SP)";"100,00";"88,34";"11,66"
"3556701";"Vinhedo (SP)";"100,00";"98,72";"1,28"
"3556800";"Viradouro (SP)";"100,00";"97,24";"2,76"
"3556909";"Vista Alegre do Alto (SP)";"100,00";"94,50";"5,50"
"3556958";"Vitória Brasil (SP)";"100,00";"84,34";"15,66"
"3557006";"Votorantim (SP)";"100,00";"97,73";"2,27"
"3557105";"Votuporanga (SP)";"100,00";"97,15";"2,85"
"3557154";"Zacarias (SP)";"100,00";"81,35";"18,65"
"3557204";"Chavantes (SP)";"100,00";"96,97";"3,03"
"3557303";"Estiva Gerbi (SP)";"100,00";"92,67";"7,33"
"4100103";"Abatiá (PR)";"100,00";"75,57";"24,43"
"4100202";"Adrianópolis (PR)";"100,00";"33,12";"66,88"
"4100301";"Agudos do Sul (PR)";"100,00";"41,38";"58,62"
"4100400";"Almirante Tamandaré (PR)";"100,00";"95,60";"4,40"
"4100459";"Altamira do Paraná (PR)";"100,00";"54,15";"45,85"
"4100509";"Altônia (PR)";"100,00";"79,02";"20,98"
"4100608";"Alto Paraná (PR)";"100,00";"86,35";"13,65"
"4100707";"Alto Piquiri (PR)";"100,00";"87,61";"12,39"
"4100806";"Alvorada do Sul (PR)";"100,00";"87,95";"12,05"
"4100905";"Amaporã (PR)";"100,00";"85,13";"14,87"
"4101002";"Ampére (PR)";"100,00";"80,73";"19,27"
"4101051";"Anahy (PR)";"100,00";"81,05";"18,95"
"4101101";"Andirá (PR)";"100,00";"95,57";"4,43"
"4101150";"Ângulo (PR)";"100,00";"83,43";"16,57"
"4101200";"Antonina (PR)";"100,00";"86,74";"13,26"
"4101309";"Antônio Olinto (PR)";"100,00";"17,26";"82,74"
"4101408";"Apucarana (PR)";"100,00";"96,76";"3,24"
"4101507";"Arapongas (PR)";"100,00";"98,10";"1,90"
"4101606";"Arapoti (PR)";"100,00";"87,05";"12,95"
"4101655";"Arapuã (PR)";"100,00";"58,49";"41,51"
"4101705";"Araruna (PR)";"100,00";"84,89";"15,11"
"4101804";"Araucária (PR)";"100,00";"92,10";"7,90"
"4101853";"Ariranha do Ivaí (PR)";"100,00";"44,91";"55,09"
"4101903";"Assaí (PR)";"100,00";"90,32";"9,68"
"4102000";"Assis Chateaubriand (PR)";"100,00";"90,28";"9,72"
"4102109";"Astorga (PR)";"100,00";"92,56";"7,44"
"4102208";"Atalaia (PR)";"100,00";"84,45";"15,55"
"4102307";"Balsa Nova (PR)";"100,00";"54,89";"45,11"
"4102406";"Bandeirantes (PR)";"100,00";"92,02";"7,98"
"4102505";"Barbosa Ferraz (PR)";"100,00";"81,11";"18,89"
"4102604";"Barracão (PR)";"100,00";"74,99";"25,01"
"4102703";"Barra do Jacaré (PR)";"100,00";"74,77";"25,23"
"4102752";"Bela Vista da Caroba (PR)";"100,00";"38,10";"61,90"
"4102802";"Bela Vista do Paraíso (PR)";"100,00";"95,44";"4,56"
"4102901";"Bituruna (PR)";"100,00";"65,69";"34,31"
"4103008";"Boa Esperança (PR)";"100,00";"87,76";"12,24"
"4103024";"Boa Esperança do Iguaçu (PR)";"100,00";"43,99";"56,01"
"4103040";"Boa Ventura de São Roque (PR)";"100,00";"31,40";"68,60"
"4103057";"Boa Vista da Aparecida (PR)";"100,00";"69,25";"30,75"
"4103107";"Bocaiúva do Sul (PR)";"100,00";"57,67";"42,33"
"4103156";"Bom Jesus do Sul (PR)";"100,00";"37,59";"62,41"
"4103206";"Bom Sucesso (PR)";"100,00";"87,92";"12,08"
"4103222";"Bom Sucesso do Sul (PR)";"100,00";"54,28";"45,72"
"4103305";"Borrazópolis (PR)";"100,00";"85,16";"14,84"
"4103354";"Braganey (PR)";"100,00";"67,96";"32,04"
"4103370";"Brasilândia do Sul (PR)";"100,00";"87,62";"12,38"
"4103404";"Cafeara (PR)";"100,00";"82,87";"17,13"
"4103453";"Cafelândia (PR)";"100,00";"90,33";"9,67"
"4103479";"Cafezal do Sul (PR)";"100,00";"82,41";"17,59"
"4103503";"Califórnia (PR)";"100,00";"85,44";"14,56"
"4103602";"Cambará (PR)";"100,00";"95,07";"4,93"
"4103701";"Cambé (PR)";"100,00";"97,68";"2,32"
"4103800";"Cambira (PR)";"100,00";"86,69";"13,31"
"4103909";"Campina da Lagoa (PR)";"100,00";"87,59";"12,41"
"4103958";"Campina do Simão (PR)";"100,00";"39,28";"60,72"
"4104006";"Campina Grande do Sul (PR)";"100,00";"87,13";"12,87"
"4104055";"Campo Bonito (PR)";"100,00";"61,63";"38,37"
"4104105";"Campo do Tenente (PR)";"100,00";"64,62";"35,38"
"4104204";"Campo Largo (PR)";"100,00";"89,15";"10,85"
"4104253";"Campo Magro (PR)";"100,00";"85,07";"14,93"
"4104303";"Campo Mourão (PR)";"100,00";"96,80";"3,20"
"4104402";"Cândido de Abreu (PR)";"100,00";"36,36";"63,64"
"4104428";"Candói (PR)";"100,00";"55,59";"44,41"
"4104451";"Cantagalo (PR)";"100,00";"75,29";"24,71"
"4104501";"Capanema (PR)";"100,00";"71,41";"28,59"
"4104600";"Capitão Leônidas Marques (PR)";"100,00";"81,53";"18,47"
"4104659";"Carambeí (PR)";"100,00";"80,14";"19,86"
"4104709";"Carlópolis (PR)";"100,00";"72,74";"27,26"
"4104808";"Cascavel (PR)";"100,00";"96,00";"4,00"
"4104907";"Castro (PR)";"100,00";"78,09";"21,91"
"4105003";"Catanduvas (PR)";"100,00";"60,95";"39,05"
"4105102";"Centenário do Sul (PR)";"100,00";"85,71";"14,29"
"4105201";"Cerro Azul (PR)";"100,00";"39,25";"60,75"
"4105300";"Céu Azul (PR)";"100,00";"81,05";"18,95"
"4105409";"Chopinzinho (PR)";"100,00";"70,29";"29,71"
"4105508";"Cianorte (PR)";"100,00";"91,64";"8,36"
"4105607";"Cidade Gaúcha (PR)";"100,00";"95,06";"4,94"
"4105706";"Clevelândia (PR)";"100,00";"89,72";"10,28"
"4105805";"Colombo (PR)";"100,00";"95,28";"4,72"
"4105904";"Colorado (PR)";"100,00";"93,03";"6,97"
"4106001";"Congonhinhas (PR)";"100,00";"62,50";"37,50"
"4106100";"Conselheiro Mairinck (PR)";"100,00";"69,46";"30,54"
"4106209";"Contenda (PR)";"100,00";"64,60";"35,40"
"4106308";"Corbélia (PR)";"100,00";"87,80";"12,20"
"4106407";"Cornélio Procópio (PR)";"100,00";"96,22";"3,78"
"4106456";"Coronel Domingos Soares (PR)";"100,00";"35,88";"64,12"
"4106506";"Coronel Vivida (PR)";"100,00";"76,09";"23,91"
"4106555";"Corumbataí do Sul (PR)";"100,00";"66,17";"33,83"
"4106571";"Cruzeiro do Iguaçu (PR)";"100,00";"66,01";"33,99"
"4106605";"Cruzeiro do Oeste (PR)";"100,00";"89,58";"10,42"
"4106704";"Cruzeiro do Sul (PR)";"100,00";"80,93";"19,07"
"4106803";"Cruz Machado (PR)";"100,00";"35,82";"64,18"
"4106852";"Cruzmaltina (PR)";"100,00";"59,02";"40,98"
"4106902";"Curitiba (PR)";"100,00";"100,00";"-"
"4107009";"Curiúva (PR)";"100,00";"75,96";"24,04"
"4107108";"Diamante do Norte (PR)";"100,00";"82,89";"17,11"
"4107124";"Diamante do Sul (PR)";"100,00";"44,65";"55,35"
"4107157";"Diamante D'Oeste (PR)";"100,00";"52,97";"47,03"
"4107207";"Dois Vizinhos (PR)";"100,00";"80,94";"19,06"
"4107256";"Douradina (PR)";"100,00";"80,21";"19,79"
"4107306";"Doutor Camargo (PR)";"100,00";"90,39";"9,61"
"4107405";"Enéas Marques (PR)";"100,00";"36,66";"63,34"
"4107504";"Engenheiro Beltrão (PR)";"100,00";"90,86";"9,14"
"4107520";"Esperança Nova (PR)";"100,00";"64,41";"35,59"
"4107538";"Entre Rios do Oeste (PR)";"100,00";"73,49";"26,51"
"4107546";"Espigão Alto do Iguaçu (PR)";"100,00";"47,40";"52,60"
"4107553";"Farol (PR)";"100,00";"69,96";"30,04"
"4107603";"Faxinal (PR)";"100,00";"88,88";"11,12"
"4107652";"Fazenda Rio Grande (PR)";"100,00";"98,50";"1,50"
"4107702";"Fênix (PR)";"100,00";"88,31";"11,69"
"4107736";"Fernandes Pinheiro (PR)";"100,00";"45,69";"54,31"
"4107751";"Figueira (PR)";"100,00";"84,95";"15,05"
"4107801";"Floraí (PR)";"100,00";"94,32";"5,68"
"4107850";"Flor da Serra do Sul (PR)";"100,00";"47,32";"52,68"
"4107900";"Floresta (PR)";"100,00";"97,53";"2,47"
"4108007";"Florestópolis (PR)";"100,00";"93,83";"6,17"
"4108106";"Flórida (PR)";"100,00";"91,93";"8,07"
"4108205";"Formosa do Oeste (PR)";"100,00";"73,01";"26,99"
"4108304";"Foz do Iguaçu (PR)";"100,00";"99,44";"0,56"
"4108320";"Francisco Alves (PR)";"100,00";"83,48";"16,52"
"4108403";"Francisco Beltrão (PR)";"100,00";"87,45";"12,55"
"4108452";"Foz do Jordão (PR)";"100,00";"75,42";"24,58"
"4108502";"General Carneiro (PR)";"100,00";"76,76";"23,24"
"4108551";"Godoy Moreira (PR)";"100,00";"53,68";"46,32"
"4108601";"Goioerê (PR)";"100,00";"92,69";"7,31"
"4108650";"Goioxim (PR)";"100,00";"37,65";"62,35"
"4108700";"Grandes Rios (PR)";"100,00";"60,63";"39,37"
"4108809";"Guaíra (PR)";"100,00";"89,39";"10,61"
"4108908";"Guairaçá (PR)";"100,00";"84,91";"15,09"
"4108957";"Guamiranga (PR)";"100,00";"31,53";"68,47"
"4109005";"Guapirama (PR)";"100,00";"77,67";"22,33"
"4109104";"Guaporema (PR)";"100,00";"80,65";"19,35"
"4109203";"Guaraci (PR)";"100,00";"82,27";"17,73"
"4109302";"Guaraniaçu (PR)";"100,00";"58,85";"41,15"
"4109401";"Guarapuava (PR)";"100,00";"93,14";"6,86"
"4109500";"Guaraqueçaba (PR)";"100,00";"36,93";"63,07"
"4109609";"Guaratuba (PR)";"100,00";"91,65";"8,35"
"4109658";"Honório Serpa (PR)";"100,00";"46,18";"53,82"
"4109708";"Ibaiti (PR)";"100,00";"81,62";"18,38"
"4109757";"Ibema (PR)";"100,00";"83,84";"16,16"
"4109807";"Ibiporã (PR)";"100,00";"98,13";"1,87"
"4109906";"Icaraíma (PR)";"100,00";"79,16";"20,84"
"4110003";"Iguaraçu (PR)";"100,00";"91,03";"8,97"
"4110052";"Iguatu (PR)";"100,00";"71,92";"28,08"
"4110078";"Imbaú (PR)";"100,00";"67,04";"32,96"
"4110102";"Imbituva (PR)";"100,00";"72,90";"27,10"
"4110201";"Inácio Martins (PR)";"100,00";"63,55";"36,45"
"4110300";"Inajá (PR)";"100,00";"94,44";"5,56"
"4110409";"Indianópolis (PR)";"100,00";"82,19";"17,81"
"4110508";"Ipiranga (PR)";"100,00";"36,66";"63,34"
"4110607";"Iporã (PR)";"100,00";"85,38";"14,62"
"4110656";"Iracema do Oeste (PR)";"100,00";"82,89";"17,11"
"4110706";"Irati (PR)";"100,00";"82,44";"17,56"
"4110805";"Iretama (PR)";"100,00";"64,41";"35,59"
"4110904";"Itaguajé (PR)";"100,00";"78,22";"21,78"
"4110953";"Itaipulândia (PR)";"100,00";"70,67";"29,33"
"4111001";"Itambaracá (PR)";"100,00";"84,90";"15,10"
"4111100";"Itambé (PR)";"100,00";"95,17";"4,83"
"4111209";"Itapejara d'Oeste (PR)";"100,00";"73,86";"26,14"
"4111258";"Itaperuçu (PR)";"100,00";"83,00";"17,00"
"4111308";"Itaúna do Sul (PR)";"100,00";"81,80";"18,20"
"4111407";"Ivaí (PR)";"100,00";"49,53";"50,47"
"4111506";"Ivaiporã (PR)";"100,00";"90,39";"9,61"
"4111555";"Ivaté (PR)";"100,00";"83,05";"16,95"
"4111605";"Ivatuba (PR)";"100,00";"85,89";"14,11"
"4111704";"Jaboti (PR)";"100,00";"64,92";"35,08"
"4111803";"Jacarezinho (PR)";"100,00";"93,33";"6,67"
"4111902";"Jaguapitã (PR)";"100,00";"92,24";"7,76"
"4112009";"Jaguariaíva (PR)";"100,00";"89,10";"10,90"
"4112108";"Jandaia do Sul (PR)";"100,00";"92,42";"7,58"
"4112207";"Janiópolis (PR)";"100,00";"68,07";"31,93"
"4112306";"Japira (PR)";"100,00";"60,16";"39,84"
"4112405";"Japurá (PR)";"100,00";"93,36";"6,64"
"4112504";"Jardim Alegre (PR)";"100,00";"67,74";"32,26"
"4112603";"Jardim Olinda (PR)";"100,00";"69,25";"30,75"
"4112702";"Jataizinho (PR)";"100,00";"93,72";"6,28"
"4112751";"Jesuítas (PR)";"100,00";"80,56";"19,44"
"4112801";"Joaquim Távora (PR)";"100,00";"78,97";"21,03"
"4112900";"Jundiaí do Sul (PR)";"100,00";"62,92";"37,08"
"4112959";"Juranda (PR)";"100,00";"83,66";"16,34"
"4113007";"Jussara (PR)";"100,00";"92,00";"8,00"
"4113106";"Kaloré (PR)";"100,00";"76,76";"23,24"
"4113205";"Lapa (PR)";"100,00";"61,03";"38,97"
"4113254";"Laranjal (PR)";"100,00";"41,68";"58,32"
"4113304";"Laranjeiras do Sul (PR)";"100,00";"84,35";"15,65"
"4113403";"Leópolis (PR)";"100,00";"66,02";"33,98"
"4113429";"Lidianópolis (PR)";"100,00";"69,68";"30,32"
"4113452";"Lindoeste (PR)";"100,00";"61,99";"38,01"
"4113502";"Loanda (PR)";"100,00";"92,80";"7,20"
"4113601";"Lobato (PR)";"100,00";"92,33";"7,67"
"4113700";"Londrina (PR)";"100,00";"97,19";"2,81"
"4113734";"Luiziana (PR)";"100,00";"74,48";"25,52"
"4113759";"Lunardelli (PR)";"100,00";"78,53";"21,47"
"4113809";"Lupionópolis (PR)";"100,00";"93,41";"6,59"
"4113908";"Mallet (PR)";"100,00";"60,81";"39,19"
"4114005";"Mamborê (PR)";"100,00";"80,81";"19,19"
"4114104";"Mandaguaçu (PR)";"100,00";"95,90";"4,10"
"4114203";"Mandaguari (PR)";"100,00";"95,43";"4,57"
"4114302";"Mandirituba (PR)";"100,00";"45,27";"54,73"
"4114351";"Manfrinópolis (PR)";"100,00";"28,99";"71,01"
"4114401";"Mangueirinha (PR)";"100,00";"60,01";"39,99"
"4114500";"Manoel Ribas (PR)";"100,00";"58,63";"41,37"
"4114609";"Marechal Cândido Rondon (PR)";"100,00";"86,08";"13,92"
"4114708";"Maria Helena (PR)";"100,00";"73,45";"26,55"
"4114807";"Marialva (PR)";"100,00";"87,02";"12,98"
"4114906";"Marilândia do Sul (PR)";"100,00";"79,64";"20,36"
"4115002";"Marilena (PR)";"100,00";"79,55";"20,45"
"4115101";"Mariluz (PR)";"100,00";"85,88";"14,12"
"4115200";"Maringá (PR)";"100,00";"99,40";"0,60"
"4115309";"Mariópolis (PR)";"100,00";"73,36";"26,64"
"4115358";"Maripá (PR)";"100,00";"66,50";"33,50"
"4115408";"Marmeleiro (PR)";"100,00";"70,93";"29,07"
"4115457";"Marquinho (PR)";"100,00";"32,82";"67,18"
"4115507";"Marumbi (PR)";"100,00";"90,02";"9,98"
"4115606";"Matelândia (PR)";"100,00";"77,26";"22,74"
"4115705";"Matinhos (PR)";"100,00";"99,13";"0,87"
"4115739";"Mato Rico (PR)";"100,00";"28,10";"71,90"
"4115754";"Mauá da Serra (PR)";"100,00";"87,62";"12,38"
"4115804";"Medianeira (PR)";"100,00";"91,58";"8,42"
"4115853";"Mercedes (PR)";"100,00";"58,15";"41,85"
"4115903";"Mirador (PR)";"100,00";"66,80";"33,20"
"4116000";"Miraselva (PR)";"100,00";"84,94";"15,06"
"4116059";"Missal (PR)";"100,00";"61,30";"38,70"
"4116109";"Moreira Sales (PR)";"100,00";"85,84";"14,16"
"4116208";"Morretes (PR)";"100,00";"56,31";"43,69"
"4116307";"Munhoz de Melo (PR)";"100,00";"84,46";"15,54"
"4116406";"Nossa Senhora das Graças (PR)";"100,00";"84,41";"15,59"
"4116505";"Nova Aliança do Ivaí (PR)";"100,00";"73,09";"26,91"
"4116604";"Nova América da Colina (PR)";"100,00";"80,98";"19,02"
"4116703";"Nova Aurora (PR)";"100,00";"81,30";"18,70"
"4116802";"Nova Cantu (PR)";"100,00";"66,26";"33,74"
"4116901";"Nova Esperança (PR)";"100,00";"93,00";"7,00"
"4116950";"Nova Esperança do Sudoeste (PR)";"100,00";"39,52";"60,48"
"4117008";"Nova Fátima (PR)";"100,00";"89,30";"10,70"
"4117057";"Nova Laranjeiras (PR)";"100,00";"25,33";"74,67"
"4117107";"Nova Londrina (PR)";"100,00";"92,25";"7,75"
"4117206";"Nova Olímpia (PR)";"100,00";"91,10";"8,90"
"4117214";"Nova Santa Bárbara (PR)";"100,00";"88,31";"11,69"
"4117222";"Nova Santa Rosa (PR)";"100,00";"77,35";"22,65"
"4117255";"Nova Prata do Iguaçu (PR)";"100,00";"65,93";"34,07"
"4117271";"Nova Tebas (PR)";"100,00";"44,09";"55,91"
"4117297";"Novo Itacolomi (PR)";"100,00";"67,55";"32,45"
"4117305";"Ortigueira (PR)";"100,00";"53,98";"46,02"
"4117404";"Ourizona (PR)";"100,00";"94,79";"5,21"
"4117453";"Ouro Verde do Oeste (PR)";"100,00";"74,44";"25,56"
"4117503";"Paiçandu (PR)";"100,00";"98,78";"1,22"
"4117602";"Palmas (PR)";"100,00";"90,12";"9,88"
"4117701";"Palmeira (PR)";"100,00";"64,52";"35,48"
"4117800";"Palmital (PR)";"100,00";"56,90";"43,10"
"4117909";"Palotina (PR)";"100,00";"91,43";"8,57"
"4118006";"Paraíso do Norte (PR)";"100,00";"92,40";"7,60"
"4118105";"Paranacity (PR)";"100,00";"94,28";"5,72"
"4118204";"Paranaguá (PR)";"100,00";"95,71";"4,29"
"4118303";"Paranapoema (PR)";"100,00";"91,83";"8,17"
"4118402";"Paranavaí (PR)";"100,00";"96,61";"3,39"
"4118451";"Pato Bragado (PR)";"100,00";"71,10";"28,90"
"4118501";"Pato Branco (PR)";"100,00";"95,07";"4,93"
"4118600";"Paula Freitas (PR)";"100,00";"46,88";"53,12"
"4118709";"Paulo Frontin (PR)";"100,00";"35,33";"64,67"
"4118808";"Peabiru (PR)";"100,00";"89,02";"10,98"
"4118857";"Perobal (PR)";"100,00";"80,46";"19,54"
"4118907";"Pérola (PR)";"100,00";"88,61";"11,39"
"4119004";"Pérola d'Oeste (PR)";"100,00";"57,48";"42,52"
"4119103";"Piên (PR)";"100,00";"44,44";"55,56"
"4119152";"Pinhais (PR)";"100,00";"100,00";"-"
"4119202";"Pinhalão (PR)";"100,00";"65,84";"34,16"
"4119251";"Pinhal de São Bento (PR)";"100,00";"45,89";"54,11"
"4119301";"Pinhão (PR)";"100,00";"62,50";"37,50"
"4119400";"Piraí do Sul (PR)";"100,00";"74,81";"25,19"
"4119509";"Piraquara (PR)";"100,00";"91,52";"8,48"
"4119608";"Pitanga (PR)";"100,00";"68,50";"31,50"
"4119657";"Pitangueiras (PR)";"100,00";"86,41";"13,59"
"4119707";"Planaltina do Paraná (PR)";"100,00";"70,49";"29,51"
"4119806";"Planalto (PR)";"100,00";"54,06";"45,94"
"4119905";"Ponta Grossa (PR)";"100,00";"98,24";"1,76"
"4119954";"Pontal do Paraná (PR)";"100,00";"98,49";"1,51"
"4120002";"Porecatu (PR)";"100,00";"95,02";"4,98"
"4120101";"Porto Amazonas (PR)";"100,00";"86,53";"13,47"
"4120150";"Porto Barreiro (PR)";"100,00";"30,26";"69,74"
"4120200";"Porto Rico (PR)";"100,00";"79,73";"20,27"
"4120309";"Porto Vitória (PR)";"100,00";"56,06";"43,94"
"4120333";"Prado Ferreira (PR)";"100,00";"94,26";"5,74"
"4120358";"Pranchita (PR)";"100,00";"73,33";"26,67"
"4120408";"Presidente Castelo Branco (PR)";"100,00";"93,27";"6,73"
"4120507";"Primeiro de Maio (PR)";"100,00";"90,87";"9,13"
"4120606";"Prudentópolis (PR)";"100,00";"54,67";"45,33"
"4120655";"Quarto Centenário (PR)";"100,00";"67,58";"32,42"
"4120705";"Quatiguá (PR)";"100,00";"93,26";"6,74"
"4120804";"Quatro Barras (PR)";"100,00";"89,90";"10,10"
"4120853";"Quatro Pontes (PR)";"100,00";"68,44";"31,56"
"4120903";"Quedas do Iguaçu (PR)";"100,00";"70,57";"29,43"
"4121000";"Querência do Norte (PR)";"100,00";"68,34";"31,66"
"4121109";"Quinta do Sol (PR)";"100,00";"75,14";"24,86"
"4121208";"Quitandinha (PR)";"100,00";"29,12";"70,88"
"4121257";"Ramilândia (PR)";"100,00";"59,09";"40,91"
"4121307";"Rancho Alegre (PR)";"100,00";"89,66";"10,34"
"4121356";"Rancho Alegre D'Oeste (PR)";"100,00";"87,17";"12,83"
"4121406";"Realeza (PR)";"100,00";"79,92";"20,08"
"4121505";"Rebouças (PR)";"100,00";"59,78";"40,22"
"4121604";"Renascença (PR)";"100,00";"59,68";"40,32"
"4121703";"Reserva (PR)";"100,00";"65,15";"34,85"
"4121752";"Reserva do Iguaçu (PR)";"100,00";"61,21";"38,79"
"4121802";"Ribeirão Claro (PR)";"100,00";"72,11";"27,89"
"4121901";"Ribeirão do Pinhal (PR)";"100,00";"88,87";"11,13"
"4122008";"Rio Azul (PR)";"100,00";"42,33";"57,67"
"4122107";"Rio Bom (PR)";"100,00";"71,54";"28,46"
"4122156";"Rio Bonito do Iguaçu (PR)";"100,00";"36,60";"63,40"
"4122172";"Rio Branco do Ivaí (PR)";"100,00";"53,49";"46,51"
"4122206";"Rio Branco do Sul (PR)";"100,00";"72,29";"27,71"
"4122305";"Rio Negro (PR)";"100,00";"82,16";"17,84"
"4122404";"Rolândia (PR)";"100,00";"96,46";"3,54"
"4122503";"Roncador (PR)";"100,00";"69,73";"30,27"
"4122602";"Rondon (PR)";"100,00";"85,58";"14,42"
"4122651";"Rosário do Ivaí (PR)";"100,00";"50,14";"49,86"
"4122701";"Sabáudia (PR)";"100,00";"90,25";"9,75"
"4122800";"Salgado Filho (PR)";"100,00";"62,85";"37,15"
"4122909";"Salto do Itararé (PR)";"100,00";"77,04";"22,96"
"4123006";"Salto do Lontra (PR)";"100,00";"63,33";"36,67"
"4123105";"Santa Amélia (PR)";"100,00";"75,31";"24,69"
"4123204";"Santa Cecília do Pavão (PR)";"100,00";"88,86";"11,14"
"4123303";"Santa Cruz de Monte Castelo (PR)";"100,00";"76,51";"23,49"
"4123402";"Santa Fé (PR)";"100,00";"91,26";"8,74"
"4123501";"Santa Helena (PR)";"100,00";"70,93";"29,07"
"4123600";"Santa Inês (PR)";"100,00";"62,93";"37,07"
"4123709";"Santa Isabel do Ivaí (PR)";"100,00";"86,80";"13,20"
"4123808";"Santa Izabel do Oeste (PR)";"100,00";"64,74";"35,26"
"4123824";"Santa Lúcia (PR)";"100,00";"68,63";"31,37"
"4123857";"Santa Maria do Oeste (PR)";"100,00";"30,60";"69,40"
"4123907";"Santa Mariana (PR)";"100,00";"86,16";"13,84"
"4123956";"Santa Mônica (PR)";"100,00";"75,42";"24,58"
"4124004";"Santana do Itararé (PR)";"100,00";"71,82";"28,18"
"4124020";"Santa Tereza do Oeste (PR)";"100,00";"90,22";"9,78"
"4124053";"Santa Terezinha de Itaipu (PR)";"100,00";"90,70";"9,30"
"4124103";"Santo Antônio da Platina (PR)";"100,00";"89,59";"10,41"
"4124202";"Santo Antônio do Caiuá (PR)";"100,00";"82,63";"17,37"
"4124301";"Santo Antônio do Paraíso (PR)";"100,00";"83,48";"16,52"
"4124400";"Santo Antônio do Sudoeste (PR)";"100,00";"74,73";"25,27"
"4124509";"Santo Inácio (PR)";"100,00";"88,35";"11,65"
"4124608";"São Carlos do Ivaí (PR)";"100,00";"96,72";"3,28"
"4124707";"São Jerônimo da Serra (PR)";"100,00";"56,80";"43,20"
"4124806";"São João (PR)";"100,00";"74,58";"25,42"
"4124905";"São João do Caiuá (PR)";"100,00";"88,56";"11,44"
"4125001";"São João do Ivaí (PR)";"100,00";"85,25";"14,75"
"4125100";"São João do Triunfo (PR)";"100,00";"30,55";"69,45"
"4125209";"São Jorge d'Oeste (PR)";"100,00";"66,29";"33,71"
"4125308";"São Jorge do Ivaí (PR)";"100,00";"89,47";"10,53"
"4125357";"São Jorge do Patrocínio (PR)";"100,00";"75,68";"24,32"
"4125407";"São José da Boa Vista (PR)";"100,00";"63,05";"36,95"
"4125456";"São José das Palmeiras (PR)";"100,00";"64,62";"35,38"
"4125506";"São José dos Pinhais (PR)";"100,00";"93,84";"6,16"
"4125555";"São Manoel do Paraná (PR)";"100,00";"76,43";"23,57"
"4125605";"São Mateus do Sul (PR)";"100,00";"61,29";"38,71"
"4125704";"São Miguel do Iguaçu (PR)";"100,00";"74,45";"25,55"
"4125753";"São Pedro do Iguaçu (PR)";"100,00";"68,60";"31,40"
"4125803";"São Pedro do Ivaí (PR)";"100,00";"89,99";"10,01"
"4125902";"São Pedro do Paraná (PR)";"100,00";"67,98";"32,02"
"4126009";"São Sebastião da Amoreira (PR)";"100,00";"90,45";"9,55"
"4126108";"São Tomé (PR)";"100,00";"90,67";"9,33"
"4126207";"Sapopema (PR)";"100,00";"61,63";"38,37"
"4126256";"Sarandi (PR)";"100,00";"99,51";"0,49"
"4126272";"Saudade do Iguaçu (PR)";"100,00";"64,60";"35,40"
"4126306";"Sengés (PR)";"100,00";"83,35";"16,65"
"4126355";"Serranópolis do Iguaçu (PR)";"100,00";"62,03";"37,97"
"4126405";"Sertaneja (PR)";"100,00";"90,58";"9,42"
"4126504";"Sertanópolis (PR)";"100,00";"94,07";"5,93"
"4126603";"Siqueira Campos (PR)";"100,00";"82,09";"17,91"
"4126652";"Sulina (PR)";"100,00";"47,79";"52,21"
"4126678";"Tamarana (PR)";"100,00";"60,52";"39,48"
"4126702";"Tamboara (PR)";"100,00";"87,93";"12,07"
"4126801";"Tapejara (PR)";"100,00";"90,02";"9,98"
"4126900";"Tapira (PR)";"100,00";"63,95";"36,05"
"4127007";"Teixeira Soares (PR)";"100,00";"53,23";"46,77"
"4127106";"Telêmaco Borba (PR)";"100,00";"98,24";"1,76"
"4127205";"Terra Boa (PR)";"100,00";"92,40";"7,60"
"4127304";"Terra Rica (PR)";"100,00";"84,80";"15,20"
"4127403";"Terra Roxa (PR)";"100,00";"78,25";"21,75"
"4127502";"Tibagi (PR)";"100,00";"62,90";"37,10"
"4127601";"Tijucas do Sul (PR)";"100,00";"52,49";"47,51"
"4127700";"Toledo (PR)";"100,00";"91,73";"8,27"
"4127809";"Tomazina (PR)";"100,00";"50,84";"49,16"
"4127858";"Três Barras do Paraná (PR)";"100,00";"60,73";"39,27"
"4127882";"Tunas do Paraná (PR)";"100,00";"69,69";"30,31"
"4127908";"Tuneiras do Oeste (PR)";"100,00";"76,15";"23,85"
"4127957";"Tupãssi (PR)";"100,00";"83,82";"16,18"
"4127965";"Turvo (PR)";"100,00";"48,01";"51,99"
"4128005";"Ubiratã (PR)";"100,00";"90,08";"9,92"
"4128104";"Umuarama (PR)";"100,00";"94,85";"5,15"
"4128203";"União da Vitória (PR)";"100,00";"94,27";"5,73"
"4128302";"Uniflor (PR)";"100,00";"85,96";"14,04"
"4128401";"Uraí (PR)";"100,00";"87,49";"12,51"
"4128500";"Wenceslau Braz (PR)";"100,00";"82,22";"17,78"
"4128534";"Ventania (PR)";"100,00";"73,56";"26,44"
"4128559";"Vera Cruz do Oeste (PR)";"100,00";"76,81";"23,19"
"4128609";"Verê (PR)";"100,00";"52,82";"47,18"
"4128625";"Alto Paraíso (PR)";"100,00";"63,60";"36,40"
"4128633";"Doutor Ulysses (PR)";"100,00";"28,86";"71,14"
"4128658";"Virmond (PR)";"100,00";"59,96";"40,04"
"4128708";"Vitorino (PR)";"100,00";"77,21";"22,79"
"4128807";"Xambrê (PR)";"100,00";"72,96";"27,04"
"4200051";"Abdon Batista (SC)";"100,00";"45,15";"54,85"
"4200101";"Abelardo Luz (SC)";"100,00";"65,44";"34,56"
"4200200";"Agrolândia (SC)";"100,00";"75,20";"24,80"
"4200309";"Agronômica (SC)";"100,00";"59,31";"40,69"
"4200408";"Água Doce (SC)";"100,00";"54,00";"46,00"
"4200507";"Águas de Chapecó (SC)";"100,00";"59,36";"40,64"
"4200556";"Águas Frias (SC)";"100,00";"45,97";"54,03"
"4200606";"Águas Mornas (SC)";"100,00";"54,37";"45,63"
"4200705";"Alfredo Wagner (SC)";"100,00";"38,35";"61,65"
"4200754";"Alto Bela Vista (SC)";"100,00";"35,67";"64,33"
"4200804";"Anchieta (SC)";"100,00";"57,95";"42,05"
"4200903";"Angelina (SC)";"100,00";"20,42";"79,58"
"4201000";"Anita Garibaldi (SC)";"100,00";"57,39";"42,61"
"4201109";"Anitápolis (SC)";"100,00";"39,97";"60,03"
"4201208";"Antônio Carlos (SC)";"100,00";"56,89";"43,11"
"4201257";"Apiúna (SC)";"100,00";"47,73";"52,27"
"4201273";"Arabutã (SC)";"100,00";"42,10";"57,90"
"4201307";"Araquari (SC)";"100,00";"93,56";"6,44"
"4201406";"Araranguá (SC)";"100,00";"92,30";"7,70"
"4201505";"Armazém (SC)";"100,00";"64,55";"35,45"
"4201604";"Arroio Trinta (SC)";"100,00";"70,81";"29,19"
"4201653";"Arvoredo (SC)";"100,00";"36,02";"63,98"
"4201703";"Ascurra (SC)";"100,00";"93,27";"6,73"
"4201802";"Atalanta (SC)";"100,00";"49,12";"50,88"
"4201901";"Aurora (SC)";"100,00";"43,29";"56,71"
"4201950";"Balneário Arroio do Silva (SC)";"100,00";"99,17";"0,83"
"4202008";"Balneário Camboriú (SC)";"100,00";"100,00";"-"
"4202057";"Balneário Barra do Sul (SC)";"100,00";"94,49";"5,51"
"4202073";"Balneário Gaivota (SC)";"100,00";"91,64";"8,36"
"4202081";"Bandeirante (SC)";"100,00";"47,01";"52,99"
"4202099";"Barra Bonita (SC)";"100,00";"23,32";"76,68"
"4202107";"Barra Velha (SC)";"100,00";"95,20";"4,80"
"4202131";"Bela Vista do Toldo (SC)";"100,00";"21,75";"78,25"
"4202156";"Belmonte (SC)";"100,00";"57,67";"42,33"
"4202206";"Benedito Novo (SC)";"100,00";"55,53";"44,47"
"4202305";"Biguaçu (SC)";"100,00";"92,23";"7,77"
"4202404";"Blumenau (SC)";"100,00";"97,32";"2,68"
"4202438";"Bocaina do Sul (SC)";"100,00";"36,50";"63,50"
"4202453";"Bombinhas (SC)";"100,00";"99,98";"0,02"
"4202503";"Bom Jardim da Serra (SC)";"100,00";"55,96";"44,04"
"4202537";"Bom Jesus (SC)";"100,00";"64,82";"35,18"
"4202578";"Bom Jesus do Oeste (SC)";"100,00";"37,31";"62,69"
"4202602";"Bom Retiro (SC)";"100,00";"73,92";"26,08"
"4202701";"Botuverá (SC)";"100,00";"36,96";"63,04"
"4202800";"Braço do Norte (SC)";"100,00";"82,25";"17,75"
"4202859";"Braço do Trombudo (SC)";"100,00";"61,43";"38,57"
"4202875";"Brunópolis (SC)";"100,00";"39,33";"60,67"
"4202909";"Brusque (SC)";"100,00";"98,26";"1,74"
"4203006";"Caçador (SC)";"100,00";"91,52";"8,48"
"4203105";"Caibi (SC)";"100,00";"66,18";"33,82"
"4203154";"Calmon (SC)";"100,00";"66,72";"33,28"
"4203204";"Camboriú (SC)";"100,00";"96,65";"3,35"
"4203253";"Capão Alto (SC)";"100,00";"42,82";"57,18"
"4203303";"Campo Alegre (SC)";"100,00";"58,24";"41,76"
"4203402";"Campo Belo do Sul (SC)";"100,00";"65,14";"34,86"
"4203501";"Campo Erê (SC)";"100,00";"79,77";"20,23"
"4203600";"Campos Novos (SC)";"100,00";"83,86";"16,14"
"4203709";"Canelinha (SC)";"100,00";"73,95";"26,05"
"4203808";"Canoinhas (SC)";"100,00";"79,58";"20,42"
"4203907";"Capinzal (SC)";"100,00";"87,24";"12,76"
"4203956";"Capivari de Baixo (SC)";"100,00";"98,12";"1,88"
"4204004";"Catanduvas (SC)";"100,00";"88,97";"11,03"
"4204103";"Caxambu do Sul (SC)";"100,00";"56,78";"43,22"
"4204152";"Celso Ramos (SC)";"100,00";"44,03";"55,97"
"4204178";"Cerro Negro (SC)";"100,00";"30,51";"69,49"
"4204194";"Chapadão do Lageado (SC)";"100,00";"20,61";"79,39"
"4204202";"Chapecó (SC)";"100,00";"95,11";"4,89"
"4204251";"Cocal do Sul (SC)";"100,00";"89,36";"10,64"
"4204301";"Concórdia (SC)";"100,00";"84,71";"15,29"
"4204350";"Cordilheira Alta (SC)";"100,00";"47,75";"52,25"
"4204400";"Coronel Freitas (SC)";"100,00";"66,25";"33,75"
"4204459";"Coronel Martins (SC)";"100,00";"46,05";"53,95"
"4204509";"Corupá (SC)";"100,00";"78,63";"21,37"
"4204558";"Correia Pinto (SC)";"100,00";"86,21";"13,79"
"4204608";"Criciúma (SC)";"100,00";"97,66";"2,34"
"4204707";"Cunha Porã (SC)";"100,00";"66,44";"33,56"
"4204756";"Cunhataí (SC)";"100,00";"47,36";"52,64"
"4204806";"Curitibanos (SC)";"100,00";"92,91";"7,09"
"4204905";"Descanso (SC)";"100,00";"53,40";"46,60"
"4205001";"Dionísio Cerqueira (SC)";"100,00";"76,69";"23,31"
"4205100";"Dona Emma (SC)";"100,00";"54,63";"45,37"
"4205159";"Doutor Pedrinho (SC)";"100,00";"65,49";"34,51"
"4205175";"Entre Rios (SC)";"100,00";"32,04";"67,96"
"4205191";"Ermo (SC)";"100,00";"54,96";"45,04"
"4205209";"Erval Velho (SC)";"100,00";"70,87";"29,13"
"4205308";"Faxinal dos Guedes (SC)";"100,00";"83,01";"16,99"
"4205357";"Flor do Sertão (SC)";"100,00";"26,98";"73,02"
"4205407";"Florianópolis (SC)";"100,00";"99,56";"0,44"
"4205431";"Formosa do Sul (SC)";"100,00";"53,73";"46,27"
"4205456";"Forquilhinha (SC)";"100,00";"91,51";"8,49"
"4205506";"Fraiburgo (SC)";"100,00";"87,92";"12,08"
"4205555";"Frei Rogério (SC)";"100,00";"37,99";"62,01"
"4205605";"Galvão (SC)";"100,00";"70,37";"29,63"
"4205704";"Garopaba (SC)";"100,00";"97,00";"3,00"
"4205803";"Garuva (SC)";"100,00";"76,41";"23,59"
"4205902";"Gaspar (SC)";"100,00";"92,24";"7,76"
"4206009";"Governador Celso Ramos (SC)";"100,00";"97,04";"2,96"
"4206108";"Grão-Pará (SC)";"100,00";"50,88";"49,12"
"4206207";"Gravatal (SC)";"100,00";"44,59";"55,41"
"4206306";"Guabiruba (SC)";"100,00";"93,76";"6,24"
"4206405";"Guaraciaba (SC)";"100,00";"57,46";"42,54"
"4206504";"Guaramirim (SC)";"100,00";"93,96";"6,04"
"4206603";"Guarujá do Sul (SC)";"100,00";"72,17";"27,83"
"4206652";"Guatambú (SC)";"100,00";"54,52";"45,48"
"4206702";"Herval d'Oeste (SC)";"100,00";"89,34";"10,66"
"4206751";"Ibiam (SC)";"100,00";"36,06";"63,94"
"4206801";"Ibicaré (SC)";"100,00";"46,47";"53,53"
"4206900";"Ibirama (SC)";"100,00";"89,17";"10,83"
"4207007";"Içara (SC)";"100,00";"89,03";"10,97"
"4207106";"Ilhota (SC)";"100,00";"67,65";"32,35"
"4207205";"Imaruí (SC)";"100,00";"33,07";"66,93"
"4207304";"Imbituba (SC)";"100,00";"97,73";"2,27"
"4207403";"Imbuia (SC)";"100,00";"43,03";"56,97"
"4207502";"Indaial (SC)";"100,00";"96,70";"3,30"
"4207577";"Iomerê (SC)";"100,00";"41,26";"58,74"
"4207601";"Ipira (SC)";"100,00";"60,83";"39,17"
"4207650";"Iporã do Oeste (SC)";"100,00";"57,27";"42,73"
"4207684";"Ipuaçu (SC)";"100,00";"27,65";"72,35"
"4207700";"Ipumirim (SC)";"100,00";"53,56";"46,44"
"4207759";"Iraceminha (SC)";"100,00";"39,76";"60,24"
"4207809";"Irani (SC)";"100,00";"76,30";"23,70"
"4207858";"Irati (SC)";"100,00";"41,08";"58,92"
"4207908";"Irineópolis (SC)";"100,00";"38,89";"61,11"
"4208005";"Itá (SC)";"100,00";"68,77";"31,23"
"4208104";"Itaiópolis (SC)";"100,00";"59,21";"40,79"
"4208203";"Itajaí (SC)";"100,00";"96,79";"3,21"
"4208302";"Itapema (SC)";"100,00";"98,63";"1,37"
"4208401";"Itapiranga (SC)";"100,00";"57,00";"43,00"
"4208450";"Itapoá (SC)";"100,00";"96,63";"3,37"
"4208500";"Ituporanga (SC)";"100,00";"70,34";"29,66"
"4208609";"Jaborá (SC)";"100,00";"51,69";"48,31"
"4208708";"Jacinto Machado (SC)";"100,00";"58,95";"41,05"
"4208807";"Jaguaruna (SC)";"100,00";"82,79";"17,21"
"4208906";"Jaraguá do Sul (SC)";"100,00";"93,92";"6,08"
"4208955";"Jardinópolis (SC)";"100,00";"60,14";"39,86"
"4209003";"Joaçaba (SC)";"100,00";"93,41";"6,59"
"4209102";"Joinville (SC)";"100,00";"96,91";"3,09"
"4209151";"José Boiteux (SC)";"100,00";"38,71";"61,29"
"4209177";"Jupiá (SC)";"100,00";"58,36";"41,64"
"4209201";"Lacerdópolis (SC)";"100,00";"54,98";"45,02"
"4209300";"Lages (SC)";"100,00";"97,74";"2,26"
"4209409";"Laguna (SC)";"100,00";"95,37";"4,63"
"4209458";"Lajeado Grande (SC)";"100,00";"50,41";"49,59"
"4209508";"Laurentino (SC)";"100,00";"77,52";"22,48"
"4209607";"Lauro Müller (SC)";"100,00";"80,94";"19,06"
"4209706";"Lebon Régis (SC)";"100,00";"68,41";"31,59"
"4209805";"Leoberto Leal (SC)";"100,00";"29,16";"70,84"
"4209854";"Lindóia do Sul (SC)";"100,00";"54,23";"45,77"
"4209904";"Lontras (SC)";"100,00";"77,54";"22,46"
"4210001";"Luiz Alves (SC)";"100,00";"47,65";"52,35"
"4210035";"Luzerna (SC)";"100,00";"71,88";"28,12"
"4210050";"Macieira (SC)";"100,00";"40,89";"59,11"
"4210100";"Mafra (SC)";"100,00";"80,60";"19,40"
"4210209";"Major Gercino (SC)";"100,00";"34,32";"65,68"
"4210308";"Major Vieira (SC)";"100,00";"42,22";"57,78"
"4210407";"Maracajá (SC)";"100,00";"81,88";"18,12"
"4210506";"Maravilha (SC)";"100,00";"83,83";"16,17"
"4210555";"Marema (SC)";"100,00";"40,34";"59,66"
"4210605";"Massaranduba (SC)";"100,00";"55,18";"44,82"
"4210704";"Matos Costa (SC)";"100,00";"54,11";"45,89"
"4210803";"Meleiro (SC)";"100,00";"61,70";"38,30"
"4210852";"Mirim Doce (SC)";"100,00";"46,36";"53,64"
"4210902";"Modelo (SC)";"100,00";"67,92";"32,08"
"4211009";"Mondaí (SC)";"100,00";"68,60";"31,40"
"4211058";"Monte Carlo (SC)";"100,00";"92,62";"7,38"
"4211108";"Monte Castelo (SC)";"100,00";"58,32";"41,68"
"4211207";"Morro da Fumaça (SC)";"100,00";"87,92";"12,08"
"4211256";"Morro Grande (SC)";"100,00";"45,42";"54,58"
"4211306";"Navegantes (SC)";"100,00";"95,92";"4,08"
"4211405";"Nova Erechim (SC)";"100,00";"76,02";"23,98"
"4211454";"Nova Itaberaba (SC)";"100,00";"42,15";"57,85"
"4211504";"Nova Trento (SC)";"100,00";"76,15";"23,85"
"4211603";"Nova Veneza (SC)";"100,00";"79,82";"20,18"
"4211652";"Novo Horizonte (SC)";"100,00";"49,41";"50,59"
"4211702";"Orleans (SC)";"100,00";"79,55";"20,45"
"4211751";"Otacílio Costa (SC)";"100,00";"92,32";"7,68"
"4211801";"Ouro (SC)";"100,00";"69,78";"30,22"
"4211850";"Ouro Verde (SC)";"100,00";"48,51";"51,49"
"4211876";"Paial (SC)";"100,00";"26,57";"73,43"
"4211892";"Painel (SC)";"100,00";"47,00";"53,00"
"4211900";"Palhoça (SC)";"100,00";"98,79";"1,21"
"4212007";"Palma Sola (SC)";"100,00";"76,11";"23,89"
"4212056";"Palmeira (SC)";"100,00";"46,90";"53,10"
"4212106";"Palmitos (SC)";"100,00";"68,43";"31,57"
"4212205";"Papanduva (SC)";"100,00";"67,97";"32,03"
"4212239";"Paraíso (SC)";"100,00";"42,91";"57,09"
"4212254";"Passo de Torres (SC)";"100,00";"95,07";"4,93"
"4212270";"Passos Maia (SC)";"100,00";"38,23";"61,77"
"4212304";"Paulo Lopes (SC)";"100,00";"81,43";"18,57"
"4212403";"Pedras Grandes (SC)";"100,00";"29,73";"70,27"
"4212502";"Penha (SC)";"100,00";"99,83";"0,17"
"4212601";"Peritiba (SC)";"100,00";"57,35";"42,65"
"4212650";"Pescaria Brava (SC)";"100,00";"81,38";"18,62"
"4212700";"Petrolândia (SC)";"100,00";"42,30";"57,70"
"4212809";"Balneário Piçarras (SC)";"100,00";"91,75";"8,25"
"4212908";"Pinhalzinho (SC)";"100,00";"87,87";"12,13"
"4213005";"Pinheiro Preto (SC)";"100,00";"63,72";"36,28"
"4213104";"Piratuba (SC)";"100,00";"65,73";"34,27"
"4213153";"Planalto Alegre (SC)";"100,00";"58,08";"41,92"
"4213203";"Pomerode (SC)";"100,00";"87,27";"12,73"
"4213302";"Ponte Alta (SC)";"100,00";"76,54";"23,46"
"4213351";"Ponte Alta do Norte (SC)";"100,00";"88,75";"11,25"
"4213401";"Ponte Serrada (SC)";"100,00";"87,09";"12,91"
"4213500";"Porto Belo (SC)";"100,00";"93,94";"6,06"
"4213609";"Porto União (SC)";"100,00";"86,89";"13,11"
"4213708";"Pouso Redondo (SC)";"100,00";"65,03";"34,97"
"4213807";"Praia Grande (SC)";"100,00";"72,89";"27,11"
"4213906";"Presidente Castello Branco (SC)";"100,00";"39,19";"60,81"
"4214003";"Presidente Getúlio (SC)";"100,00";"77,96";"22,04"
"4214102";"Presidente Nereu (SC)";"100,00";"46,89";"53,11"
"4214151";"Princesa (SC)";"100,00";"42,07";"57,93"
"4214201";"Quilombo (SC)";"100,00";"67,74";"32,26"
"4214300";"Rancho Queimado (SC)";"100,00";"41,60";"58,40"
"4214409";"Rio das Antas (SC)";"100,00";"50,10";"49,90"
"4214508";"Rio do Campo (SC)";"100,00";"48,50";"51,50"
"4214607";"Rio do Oeste (SC)";"100,00";"59,80";"40,20"
"4214706";"Rio dos Cedros (SC)";"100,00";"58,64";"41,36"
"4214805";"Rio do Sul (SC)";"100,00";"93,18";"6,82"
"4214904";"Rio Fortuna (SC)";"100,00";"46,23";"53,77"
"4215000";"Rio Negrinho (SC)";"100,00";"89,38";"10,62"
"4215059";"Rio Rufino (SC)";"100,00";"43,10";"56,90"
"4215075";"Riqueza (SC)";"100,00";"55,83";"44,17"
"4215109";"Rodeio (SC)";"100,00";"82,24";"17,76"
"4215208";"Romelândia (SC)";"100,00";"43,17";"56,83"
"4215307";"Salete (SC)";"100,00";"67,54";"32,46"
"4215356";"Saltinho (SC)";"100,00";"46,86";"53,14"
"4215406";"Salto Veloso (SC)";"100,00";"82,48";"17,52"
"4215455";"Sangão (SC)";"100,00";"56,65";"43,35"
"4215505";"Santa Cecília (SC)";"100,00";"88,36";"11,64"
"4215554";"Santa Helena (SC)";"100,00";"53,24";"46,76"
"4215604";"Santa Rosa de Lima (SC)";"100,00";"27,73";"72,27"
"4215653";"Santa Rosa do Sul (SC)";"100,00";"53,70";"46,30"
"4215679";"Santa Terezinha (SC)";"100,00";"23,77";"76,23"
"4215687";"Santa Terezinha do Progresso (SC)";"100,00";"32,88";"67,12"
"4215695";"Santiago do Sul (SC)";"100,00";"57,00";"43,00"
"4215703";"Santo Amaro da Imperatriz (SC)";"100,00";"90,04";"9,96"
"4215752";"São Bernardino (SC)";"100,00";"44,15";"55,85"
"4215802";"São Bento do Sul (SC)";"100,00";"94,36";"5,64"
"4215901";"São Bonifácio (SC)";"100,00";"22,30";"77,70"
"4216008";"São Carlos (SC)";"100,00";"71,35";"28,65"
"4216057";"São Cristóvão do Sul (SC)";"100,00";"61,77";"38,23"
"4216107";"São Domingos (SC)";"100,00";"72,07";"27,93"
"4216206";"São Francisco do Sul (SC)";"100,00";"93,19";"6,81"
"4216255";"São João do Oeste (SC)";"100,00";"44,08";"55,92"
"4216305";"São João Batista (SC)";"100,00";"92,34";"7,66"
"4216354";"São João do Itaperiú (SC)";"100,00";"55,23";"44,77"
"4216404";"São João do Sul (SC)";"100,00";"38,66";"61,34"
"4216503";"São Joaquim (SC)";"100,00";"71,40";"28,60"
"4216602";"São José (SC)";"100,00";"99,69";"0,31"
"4216701";"São José do Cedro (SC)";"100,00";"68,74";"31,26"
"4216800";"São José do Cerrito (SC)";"100,00";"33,76";"66,24"
"4216909";"São Lourenço do Oeste (SC)";"100,00";"82,11";"17,89"
"4217006";"São Ludgero (SC)";"100,00";"81,85";"18,15"
"4217105";"São Martinho (SC)";"100,00";"37,89";"62,11"
"4217154";"São Miguel da Boa Vista (SC)";"100,00";"31,39";"68,61"
"4217204";"São Miguel do Oeste (SC)";"100,00";"89,39";"10,61"
"4217253";"São Pedro de Alcântara (SC)";"100,00";"73,15";"26,85"
"4217303";"Saudades (SC)";"100,00";"63,55";"36,45"
"4217402";"Schroeder (SC)";"100,00";"90,90";"9,10"
"4217501";"Seara (SC)";"100,00";"75,21";"24,79"
"4217550";"Serra Alta (SC)";"100,00";"64,76";"35,24"
"4217600";"Siderópolis (SC)";"100,00";"79,36";"20,64"
"4217709";"Sombrio (SC)";"100,00";"86,34";"13,66"
"4217758";"Sul Brasil (SC)";"100,00";"42,58";"57,42"
"4217808";"Taió (SC)";"100,00";"65,97";"34,03"
"4217907";"Tangará (SC)";"100,00";"62,38";"37,62"
"4217956";"Tigrinhos (SC)";"100,00";"41,91";"58,09"
"4218004";"Tijucas (SC)";"100,00";"92,00";"8,00"
"4218103";"Timbé do Sul (SC)";"100,00";"49,72";"50,28"
"4218202";"Timbó (SC)";"100,00";"93,23";"6,77"
"4218251";"Timbó Grande (SC)";"100,00";"60,37";"39,63"
"4218301";"Três Barras (SC)";"100,00";"85,90";"14,10"
"4218350";"Treviso (SC)";"100,00";"54,12";"45,88"
"4218400";"Treze de Maio (SC)";"100,00";"54,07";"45,93"
"4218509";"Treze Tílias (SC)";"100,00";"79,39";"20,61"
"4218608";"Trombudo Central (SC)";"100,00";"69,41";"30,59"
"4218707";"Tubarão (SC)";"100,00";"94,28";"5,72"
"4218756";"Tunápolis (SC)";"100,00";"35,11";"64,89"
"4218806";"Turvo (SC)";"100,00";"71,56";"28,44"
"4218855";"União do Oeste (SC)";"100,00";"52,96";"47,04"
"4218905";"Urubici (SC)";"100,00";"73,05";"26,95"
"4218954";"Urupema (SC)";"100,00";"48,61";"51,39"
"4219002";"Urussanga (SC)";"100,00";"71,99";"28,01"
"4219101";"Vargeão (SC)";"100,00";"61,83";"38,17"
"4219150";"Vargem (SC)";"100,00";"39,67";"60,33"
"4219176";"Vargem Bonita (SC)";"100,00";"58,04";"41,96"
"4219200";"Vidal Ramos (SC)";"100,00";"42,46";"57,54"
"4219309";"Videira (SC)";"100,00";"92,33";"7,67"
"4219358";"Vitor Meireles (SC)";"100,00";"31,92";"68,08"
"4219408";"Witmarsum (SC)";"100,00";"40,26";"59,74"
"4219507";"Xanxerê (SC)";"100,00";"94,06";"5,94"
"4219606";"Xavantina (SC)";"100,00";"33,18";"66,82"
"4219705";"Xaxim (SC)";"100,00";"87,36";"12,64"
"4219853";"Zortéa (SC)";"100,00";"89,06";"10,94"
"4220000";"Balneário Rincão (SC)";"100,00";"98,54";"1,46"
"4300034";"Aceguá (RS)";"100,00";"36,71";"63,29"
"4300059";"Água Santa (RS)";"100,00";"43,53";"56,47"
"4300109";"Agudo (RS)";"100,00";"51,07";"48,93"
"4300208";"Ajuricaba (RS)";"100,00";"64,17";"35,83"
"4300307";"Alecrim (RS)";"100,00";"41,19";"58,81"
"4300406";"Alegrete (RS)";"100,00";"90,60";"9,40"
"4300455";"Alegria (RS)";"100,00";"46,59";"53,41"
"4300471";"Almirante Tamandaré do Sul (RS)";"100,00";"51,65";"48,35"
"4300505";"Alpestre (RS)";"100,00";"36,18";"63,82"
"4300554";"Alto Alegre (RS)";"100,00";"48,72";"51,28"
"4300570";"Alto Feliz (RS)";"100,00";"36,13";"63,87"
"4300604";"Alvorada (RS)";"100,00";"100,00";"-"
"4300638";"Amaral Ferrador (RS)";"100,00";"32,26";"67,74"
"4300646";"Ametista do Sul (RS)";"100,00";"62,92";"37,08"
"4300661";"André da Rocha (RS)";"100,00";"50,31";"49,69"
"4300703";"Anta Gorda (RS)";"100,00";"48,95";"51,05"
"4300802";"Antônio Prado (RS)";"100,00";"73,44";"26,56"
"4300851";"Arambaré (RS)";"100,00";"79,55";"20,45"
"4300877";"Araricá (RS)";"100,00";"80,38";"19,62"
"4300901";"Aratiba (RS)";"100,00";"59,62";"40,38"
"4301008";"Arroio do Meio (RS)";"100,00";"82,45";"17,55"
"4301057";"Arroio do Sal (RS)";"100,00";"96,13";"3,87"
"4301073";"Arroio do Padre (RS)";"100,00";"26,59";"73,41"
"4301107";"Arroio dos Ratos (RS)";"100,00";"91,62";"8,38"
"4301206";"Arroio do Tigre (RS)";"100,00";"51,44";"48,56"
"4301305";"Arroio Grande (RS)";"100,00";"87,97";"12,03"
"4301404";"Arvorezinha (RS)";"100,00";"66,82";"33,18"
"4301503";"Augusto Pestana (RS)";"100,00";"57,13";"42,87"
"4301552";"Áurea (RS)";"100,00";"52,15";"47,85"
"4301602";"Bagé (RS)";"100,00";"97,41";"2,59"
"4301636";"Balneário Pinhal (RS)";"100,00";"99,13";"0,87"
"4301651";"Barão (RS)";"100,00";"64,51";"35,49"
"4301701";"Barão de Cotegipe (RS)";"100,00";"73,67";"26,33"
"4301750";"Barão do Triunfo (RS)";"100,00";"14,11";"85,89"
"4301800";"Barracão (RS)";"100,00";"64,04";"35,96"
"4301859";"Barra do Guarita (RS)";"100,00";"63,59";"36,41"
"4301875";"Barra do Quaraí (RS)";"100,00";"75,15";"24,85"
"4301909";"Barra do Ribeiro (RS)";"100,00";"76,71";"23,29"
"4301925";"Barra do Rio Azul (RS)";"100,00";"27,36";"72,64"
"4301958";"Barra Funda (RS)";"100,00";"72,10";"27,90"
"4302006";"Barros Cassal (RS)";"100,00";"44,29";"55,71"
"4302055";"Benjamin Constant do Sul (RS)";"100,00";"22,62";"77,38"
"4302105";"Bento Gonçalves (RS)";"100,00";"95,12";"4,88"
"4302154";"Boa Vista das Missões (RS)";"100,00";"62,55";"37,45"
"4302204";"Boa Vista do Buricá (RS)";"100,00";"70,76";"29,24"
"4302220";"Boa Vista do Cadeado (RS)";"100,00";"28,40";"71,60"
"4302238";"Boa Vista do Incra (RS)";"100,00";"41,44";"58,56"
"4302253";"Boa Vista do Sul (RS)";"100,00";"16,66";"83,34"
"4302303";"Bom Jesus (RS)";"100,00";"78,85";"21,15"
"4302352";"Bom Princípio (RS)";"100,00";"83,81";"16,19"
"4302378";"Bom Progresso (RS)";"100,00";"59,83";"40,17"
"4302402";"Bom Retiro do Sul (RS)";"100,00";"80,36";"19,64"
"4302451";"Boqueirão do Leão (RS)";"100,00";"26,75";"73,25"
"4302501";"Bossoroca (RS)";"100,00";"58,27";"41,73"
"4302584";"Bozano (RS)";"100,00";"37,05";"62,95"
"4302600";"Braga (RS)";"100,00";"70,41";"29,59"
"4302659";"Brochier (RS)";"100,00";"49,68";"50,32"
"4302709";"Butiá (RS)";"100,00";"96,41";"3,59"
"4302808";"Caçapava do Sul (RS)";"100,00";"77,53";"22,47"
"4302907";"Cacequi (RS)";"100,00";"80,33";"19,67"
"4303004";"Cachoeira do Sul (RS)";"100,00";"86,41";"13,59"
"4303103";"Cachoeirinha (RS)";"100,00";"100,00";"-"
"4303202";"Cacique Doble (RS)";"100,00";"37,19";"62,81"
"4303301";"Caibaté (RS)";"100,00";"65,86";"34,14"
"4303400";"Caiçara (RS)";"100,00";"43,98";"56,02"
"4303509";"Camaquã (RS)";"100,00";"81,30";"18,70"
"4303558";"Camargo (RS)";"100,00";"61,66";"38,34"
"4303608";"Cambará do Sul (RS)";"100,00";"72,90";"27,10"
"4303673";"Campestre da Serra (RS)";"100,00";"41,92";"58,08"
"4303707";"Campina das Missões (RS)";"100,00";"45,05";"54,95"
"4303806";"Campinas do Sul (RS)";"100,00";"81,62";"18,38"
"4303905";"Campo Bom (RS)";"100,00";"96,21";"3,79"
"4304002";"Campo Novo (RS)";"100,00";"80,48";"19,52"
"4304101";"Campos Borges (RS)";"100,00";"61,22";"38,78"
"4304200";"Candelária (RS)";"100,00";"56,53";"43,47"
"4304309";"Cândido Godói (RS)";"100,00";"35,65";"64,35"
"4304358";"Candiota (RS)";"100,00";"77,93";"22,07"
"4304408";"Canela (RS)";"100,00";"96,95";"3,05"
"4304507";"Canguçu (RS)";"100,00";"41,93";"58,07"
"4304606";"Canoas (RS)";"100,00";"100,00";"-"
"4304614";"Canudos do Vale (RS)";"100,00";"26,21";"73,79"
"4304622";"Capão Bonito do Sul (RS)";"100,00";"23,72";"76,28"
"4304630";"Capão da Canoa (RS)";"100,00";"98,85";"1,15"
"4304655";"Capão do Cipó (RS)";"100,00";"31,36";"68,64"
"4304663";"Capão do Leão (RS)";"100,00";"94,12";"5,88"
"4304671";"Capivari do Sul (RS)";"100,00";"87,27";"12,73"
"4304689";"Capela de Santana (RS)";"100,00";"69,72";"30,28"
"4304697";"Capitão (RS)";"100,00";"44,92";"55,08"
"4304705";"Carazinho (RS)";"100,00";"97,74";"2,26"
"4304713";"Caraá (RS)";"100,00";"27,82";"72,18"
"4304804";"Carlos Barbosa (RS)";"100,00";"80,39";"19,61"
"4304853";"Carlos Gomes (RS)";"100,00";"31,58";"68,42"
"4304903";"Casca (RS)";"100,00";"68,95";"31,05"
"4304952";"Caseiros (RS)";"100,00";"52,80";"47,20"
"4305009";"Catuípe (RS)";"100,00";"70,47";"29,53"
"4305108";"Caxias do Sul (RS)";"100,00";"96,47";"3,53"
"4305116";"Centenário (RS)";"100,00";"43,73";"56,27"
"4305124";"Cerrito (RS)";"100,00";"62,00";"38,00"
"4305132";"Cerro Branco (RS)";"100,00";"31,14";"68,86"
"4305157";"Cerro Grande (RS)";"100,00";"48,72";"51,28"
"4305173";"Cerro Grande do Sul (RS)";"100,00";"30,62";"69,38"
"4305207";"Cerro Largo (RS)";"100,00";"81,77";"18,23"
"4305306";"Chapada (RS)";"100,00";"67,20";"32,80"
"4305355";"Charqueadas (RS)";"100,00";"97,18";"2,82"
"4305371";"Charrua (RS)";"100,00";"23,12";"76,88"
"4305405";"Chiapetta (RS)";"100,00";"72,27";"27,73"
"4305439";"Chuí (RS)";"100,00";"97,16";"2,84"
"4305447";"Chuvisca (RS)";"100,00";"7,33";"92,67"
"4305454";"Cidreira (RS)";"100,00";"97,93";"2,07"
"4305504";"Ciríaco (RS)";"100,00";"61,48";"38,52"
"4305587";"Colinas (RS)";"100,00";"45,11";"54,89"
"4305603";"Colorado (RS)";"100,00";"59,94";"40,06"
"4305702";"Condor (RS)";"100,00";"71,87";"28,13"
"4305801";"Constantina (RS)";"100,00";"77,73";"22,27"
"4305835";"Coqueiro Baixo (RS)";"100,00";"20,00";"80,00"
"4305850";"Coqueiros do Sul (RS)";"100,00";"43,92";"56,08"
"4305871";"Coronel Barros (RS)";"100,00";"55,85";"44,15"
"4305900";"Coronel Bicaco (RS)";"100,00";"73,54";"26,46"
"4305934";"Coronel Pilar (RS)";"100,00";"12,26";"87,74"
"4305959";"Cotiporã (RS)";"100,00";"54,94";"45,06"
"4305975";"Coxilha (RS)";"100,00";"66,44";"33,56"
"4306007";"Crissiumal (RS)";"100,00";"52,80";"47,20"
"4306056";"Cristal (RS)";"100,00";"69,78";"30,22"
"4306072";"Cristal do Sul (RS)";"100,00";"47,14";"52,86"
"4306106";"Cruz Alta (RS)";"100,00";"97,12";"2,88"
"4306130";"Cruzaltense (RS)";"100,00";"29,54";"70,46"
"4306205";"Cruzeiro do Sul (RS)";"100,00";"63,86";"36,14"
"4306304";"David Canabarro (RS)";"100,00";"55,91";"44,09"
"4306320";"Derrubadas (RS)";"100,00";"43,11";"56,89"
"4306353";"Dezesseis de Novembro (RS)";"100,00";"27,32";"72,68"
"4306379";"Dilermando de Aguiar (RS)";"100,00";"38,06";"61,94"
"4306403";"Dois Irmãos (RS)";"100,00";"98,55";"1,45"
"4306429";"Dois Irmãos das Missões (RS)";"100,00";"54,07";"45,93"
"4306452";"Dois Lajeados (RS)";"100,00";"53,50";"46,50"
"4306502";"Dom Feliciano (RS)";"100,00";"27,33";"72,67"
"4306551";"Dom Pedro de Alcântara (RS)";"100,00";"42,66";"57,34"
"4306601";"Dom Pedrito (RS)";"100,00";"91,00";"9,00"
"4306700";"Dona Francisca (RS)";"100,00";"66,48";"33,52"
"4306734";"Doutor Maurício Cardoso (RS)";"100,00";"59,69";"40,31"
"4306759";"Doutor Ricardo (RS)";"100,00";"52,44";"47,56"
"4306767";"Eldorado do Sul (RS)";"100,00";"93,94";"6,06"
"4306809";"Encantado (RS)";"100,00";"89,37";"10,63"
"4306908";"Encruzilhada do Sul (RS)";"100,00";"73,99";"26,01"
"4306924";"Engenho Velho (RS)";"100,00";"44,91";"55,09"
"4306932";"Entre-Ijuís (RS)";"100,00";"61,11";"38,89"
"4306957";"Entre Rios do Sul (RS)";"100,00";"73,78";"26,22"
"4306973";"Erebango (RS)";"100,00";"65,13";"34,87"
"4307005";"Erechim (RS)";"100,00";"96,38";"3,62"
"4307054";"Ernestina (RS)";"100,00";"58,80";"41,20"
"4307104";"Herval (RS)";"100,00";"69,97";"30,03"
"4307203";"Erval Grande (RS)";"100,00";"64,81";"35,19"
"4307302";"Erval Seco (RS)";"100,00";"51,50";"48,50"
"4307401";"Esmeralda (RS)";"100,00";"65,29";"34,71"
"4307450";"Esperança do Sul (RS)";"100,00";"29,32";"70,68"
"4307500";"Espumoso (RS)";"100,00";"77,49";"22,51"
"4307559";"Estação (RS)";"100,00";"86,96";"13,04"
"4307609";"Estância Velha (RS)";"100,00";"97,10";"2,90"
"4307708";"Esteio (RS)";"100,00";"99,95";"0,05"
"4307807";"Estrela (RS)";"100,00";"85,68";"14,32"
"4307815";"Estrela Velha (RS)";"100,00";"43,45";"56,55"
"4307831";"Eugênio de Castro (RS)";"100,00";"63,77";"36,23"
"4307864";"Fagundes Varela (RS)";"100,00";"55,30";"44,70"
"4307906";"Farroupilha (RS)";"100,00";"86,43";"13,57"
"4308003";"Faxinal do Soturno (RS)";"100,00";"73,74";"26,26"
"4308052";"Faxinalzinho (RS)";"100,00";"58,02";"41,98"
"4308078";"Fazenda Vilanova (RS)";"100,00";"57,31";"42,69"
"4308102";"Feliz (RS)";"100,00";"79,37";"20,63"
"4308201";"Flores da Cunha (RS)";"100,00";"79,05";"20,95"
"4308250";"Floriano Peixoto (RS)";"100,00";"26,38";"73,62"
"4308300";"Fontoura Xavier (RS)";"100,00";"51,68";"48,32"
"4308409";"Formigueiro (RS)";"100,00";"42,69";"57,31"
"4308433";"Forquetinha (RS)";"100,00";"30,67";"69,33"
"4308458";"Fortaleza dos Valos (RS)";"100,00";"72,68";"27,32"
"4308508";"Frederico Westphalen (RS)";"100,00";"83,61";"16,39"
"4308607";"Garibaldi (RS)";"100,00";"89,97";"10,03"
"4308656";"Garruchos (RS)";"100,00";"34,19";"65,81"
"4308706";"Gaurama (RS)";"100,00";"66,44";"33,56"
"4308805";"General Câmara (RS)";"100,00";"58,74";"41,26"
"4308854";"Gentil (RS)";"100,00";"54,99";"45,01"
"4308904";"Getúlio Vargas (RS)";"100,00";"89,12";"10,88"
"4309001";"Giruá (RS)";"100,00";"80,88";"19,12"
"4309050";"Glorinha (RS)";"100,00";"54,62";"45,38"
"4309100";"Gramado (RS)";"100,00";"86,43";"13,57"
"4309126";"Gramado dos Loureiros (RS)";"100,00";"30,78";"69,22"
"4309159";"Gramado Xavier (RS)";"100,00";"15,41";"84,59"
"4309209";"Gravataí (RS)";"100,00";"96,07";"3,93"
"4309258";"Guabiju (RS)";"100,00";"52,51";"47,49"
"4309308";"Guaíba (RS)";"100,00";"97,49";"2,51"
"4309407";"Guaporé (RS)";"100,00";"91,55";"8,45"
"4309506";"Guarani das Missões (RS)";"100,00";"66,14";"33,86"
"4309555";"Harmonia (RS)";"100,00";"68,56";"31,44"
"4309571";"Herveiras (RS)";"100,00";"21,99";"78,01"
"4309605";"Horizontina (RS)";"100,00";"84,92";"15,08"
"4309654";"Hulha Negra (RS)";"100,00";"42,77";"57,23"
"4309704";"Humaitá (RS)";"100,00";"63,21";"36,79"
"4309753";"Ibarama (RS)";"100,00";"32,50";"67,50"
"4309803";"Ibiaçá (RS)";"100,00";"69,58";"30,42"
"4309902";"Ibiraiaras (RS)";"100,00";"56,52";"43,48"
"4309951";"Ibirapuitã (RS)";"100,00";"68,63";"31,37"
"4310009";"Ibirubá (RS)";"100,00";"83,28";"16,72"
"4310108";"Igrejinha (RS)";"100,00";"93,66";"6,34"
"4310207";"Ijuí (RS)";"100,00";"91,43";"8,57"
"4310306";"Ilópolis (RS)";"100,00";"56,07";"43,93"
"4310330";"Imbé (RS)";"100,00";"99,99";"0,01"
"4310363";"Imigrante (RS)";"100,00";"57,18";"42,82"
"4310405";"Independência (RS)";"100,00";"69,83";"30,17"
"4310413";"Inhacorá (RS)";"100,00";"64,70";"35,30"
"4310439";"Ipê (RS)";"100,00";"59,34";"40,66"
"4310462";"Ipiranga do Sul (RS)";"100,00";"42,91";"57,09"
"4310504";"Iraí (RS)";"100,00";"57,62";"42,38"
"4310538";"Itaara (RS)";"100,00";"80,53";"19,47"
"4310553";"Itacurubi (RS)";"100,00";"45,81";"54,19"
"4310579";"Itapuca (RS)";"100,00";"28,14";"71,86"
"4310603";"Itaqui (RS)";"100,00";"89,21";"10,79"
"4310652";"Itati (RS)";"100,00";"32,45";"67,55"
"4310702";"Itatiba do Sul (RS)";"100,00";"54,21";"45,79"
"4310751";"Ivorá (RS)";"100,00";"37,84";"62,16"
"4310801";"Ivoti (RS)";"100,00";"92,00";"8,00"
"4310850";"Jaboticaba (RS)";"100,00";"51,79";"48,21"
"4310876";"Jacuizinho (RS)";"100,00";"29,46";"70,54"
"4310900";"Jacutinga (RS)";"100,00";"72,74";"27,26"
"4311007";"Jaguarão (RS)";"100,00";"92,91";"7,09"
"4311106";"Jaguari (RS)";"100,00";"60,54";"39,46"
"4311122";"Jaquirana (RS)";"100,00";"65,39";"34,61"
"4311130";"Jari (RS)";"100,00";"27,26";"72,74"
"4311155";"Jóia (RS)";"100,00";"30,76";"69,24"
"4311205";"Júlio de Castilhos (RS)";"100,00";"84,81";"15,19"
"4311239";"Lagoa Bonita do Sul (RS)";"100,00";"20,57";"79,43"
"4311254";"Lagoão (RS)";"100,00";"35,37";"64,63"
"4311270";"Lagoa dos Três Cantos (RS)";"100,00";"64,79";"35,21"
"4311304";"Lagoa Vermelha (RS)";"100,00";"88,91";"11,09"
"4311403";"Lajeado (RS)";"100,00";"99,66";"0,34"
"4311429";"Lajeado do Bugre (RS)";"100,00";"32,49";"67,51"
"4311502";"Lavras do Sul (RS)";"100,00";"81,78";"18,22"
"4311601";"Liberato Salzano (RS)";"100,00";"34,05";"65,95"
"4311627";"Lindolfo Collor (RS)";"100,00";"83,99";"16,01"
"4311643";"Linha Nova (RS)";"100,00";"26,08";"73,92"
"4311700";"Machadinho (RS)";"100,00";"67,74";"32,26"
"4311718";"Maçambará (RS)";"100,00";"26,92";"73,08"
"4311734";"Mampituba (RS)";"100,00";"26,32";"73,68"
"4311759";"Manoel Viana (RS)";"100,00";"76,02";"23,98"
"4311775";"Maquiné (RS)";"100,00";"34,73";"65,27"
"4311791";"Maratá (RS)";"100,00";"35,59";"64,41"
"4311809";"Marau (RS)";"100,00";"90,60";"9,40"
"4311908";"Marcelino Ramos (RS)";"100,00";"54,10";"45,90"
"4311981";"Mariana Pimentel (RS)";"100,00";"16,68";"83,32"
"4312005";"Mariano Moro (RS)";"100,00";"60,93";"39,07"
"4312054";"Marques de Souza (RS)";"100,00";"43,06";"56,94"
"4312104";"Mata (RS)";"100,00";"59,34";"40,66"
"4312138";"Mato Castelhano (RS)";"100,00";"28,79";"71,21"
"4312153";"Mato Leitão (RS)";"100,00";"42,66";"57,34"
"4312179";"Mato Queimado (RS)";"100,00";"38,77";"61,23"
"4312203";"Maximiliano de Almeida (RS)";"100,00";"69,84";"30,16"
"4312252";"Minas do Leão (RS)";"100,00";"96,60";"3,40"
"4312302";"Miraguaí (RS)";"100,00";"52,68";"47,32"
"4312351";"Montauri (RS)";"100,00";"52,97";"47,03"
"4312377";"Monte Alegre dos Campos (RS)";"100,00";"22,70";"77,30"
"4312385";"Monte Belo do Sul (RS)";"100,00";"31,36";"68,64"
"4312401";"Montenegro (RS)";"100,00";"81,91";"18,09"
"4312427";"Mormaço (RS)";"100,00";"25,98";"74,02"
"4312443";"Morrinhos do Sul (RS)";"100,00";"47,83";"52,17"
"4312450";"Morro Redondo (RS)";"100,00";"48,23";"51,77"
"4312476";"Morro Reuter (RS)";"100,00";"72,76";"27,24"
"4312500";"Mostardas (RS)";"100,00";"68,89";"31,11"
"4312609";"Muçum (RS)";"100,00";"85,66";"14,34"
"4312617";"Muitos Capões (RS)";"100,00";"27,96";"72,04"
"4312625";"Muliterno (RS)";"100,00";"39,40";"60,60"
"4312658";"Não-Me-Toque (RS)";"100,00";"89,53";"10,47"
"4312674";"Nicolau Vergueiro (RS)";"100,00";"48,96";"51,04"
"4312708";"Nonoai (RS)";"100,00";"75,13";"24,87"
"4312757";"Nova Alvorada (RS)";"100,00";"56,21";"43,79"
"4312807";"Nova Araçá (RS)";"100,00";"81,33";"18,67"
"4312906";"Nova Bassano (RS)";"100,00";"69,73";"30,27"
"4312955";"Nova Boa Vista (RS)";"100,00";"47,31";"52,69"
"4313003";"Nova Bréscia (RS)";"100,00";"50,30";"49,70"
"4313011";"Nova Candelária (RS)";"100,00";"42,93";"57,07"
"4313037";"Nova Esperança do Sul (RS)";"100,00";"81,52";"18,48"
"4313060";"Nova Hartz (RS)";"100,00";"90,41";"9,59"
"4313086";"Nova Pádua (RS)";"100,00";"34,49";"65,51"
"4313102";"Nova Palma (RS)";"100,00";"62,10";"37,90"
"4313201";"Nova Petrópolis (RS)";"100,00";"76,72";"23,28"
"4313300";"Nova Prata (RS)";"100,00";"84,32";"15,68"
"4313334";"Nova Ramada (RS)";"100,00";"32,82";"67,18"
"4313359";"Nova Roma do Sul (RS)";"100,00";"48,85";"51,15"
"4313375";"Nova Santa Rita (RS)";"100,00";"89,56";"10,44"
"4313391";"Novo Cabrais (RS)";"100,00";"16,09";"83,91"
"4313409";"Novo Hamburgo (RS)";"100,00";"97,57";"2,43"
"4313425";"Novo Machado (RS)";"100,00";"50,25";"49,75"
"4313441";"Novo Tiradentes (RS)";"100,00";"40,91";"59,09"
"4313466";"Novo Xingu (RS)";"100,00";"47,75";"52,25"
"4313490";"Novo Barreiro (RS)";"100,00";"47,40";"52,60"
"4313508";"Osório (RS)";"100,00";"92,41";"7,59"
"4313607";"Paim Filho (RS)";"100,00";"58,64";"41,36"
"4313656";"Palmares do Sul (RS)";"100,00";"92,91";"7,09"
"4313706";"Palmeira das Missões (RS)";"100,00";"89,57";"10,43"
"4313805";"Palmitinho (RS)";"100,00";"56,04";"43,96"
"4313904";"Panambi (RS)";"100,00";"92,62";"7,38"
"4313953";"Pantano Grande (RS)";"100,00";"86,12";"13,88"
"4314001";"Paraí (RS)";"100,00";"64,86";"35,14"
"4314027";"Paraíso do Sul (RS)";"100,00";"45,74";"54,26"
"4314035";"Pareci Novo (RS)";"100,00";"29,96";"70,04"
"4314050";"Parobé (RS)";"100,00";"95,94";"4,06"
"4314068";"Passa Sete (RS)";"100,00";"13,86";"86,14"
"4314076";"Passo do Sobrado (RS)";"100,00";"27,47";"72,53"
"4314100";"Passo Fundo (RS)";"100,00";"98,29";"1,71"
"4314134";"Paulo Bento (RS)";"100,00";"37,59";"62,41"
"4314159";"Paverama (RS)";"100,00";"57,83";"42,17"
"4314175";"Pedras Altas (RS)";"100,00";"35,27";"64,73"
"4314209";"Pedro Osório (RS)";"100,00";"94,15";"5,85"
"4314308";"Pejuçara (RS)";"100,00";"70,25";"29,75"
"4314407";"Pelotas (RS)";"100,00";"93,85";"6,15"
"4314423";"Picada Café (RS)";"100,00";"69,46";"30,54"
"4314456";"Pinhal (RS)";"100,00";"51,30";"48,70"
"4314464";"Pinhal da Serra (RS)";"100,00";"31,23";"68,77"
"4314472";"Pinhal Grande (RS)";"100,00";"56,37";"43,63"
"4314498";"Pinheirinho do Vale (RS)";"100,00";"21,54";"78,46"
"4314506";"Pinheiro Machado (RS)";"100,00";"79,75";"20,25"
"4314548";"Pinto Bandeira (RS)";"100,00";"30,37";"69,63"
"4314555";"Pirapó (RS)";"100,00";"36,19";"63,81"
"4314605";"Piratini (RS)";"100,00";"64,59";"35,41"
"4314704";"Planalto (RS)";"100,00";"61,51";"38,49"
"4314753";"Poço das Antas (RS)";"100,00";"55,14";"44,86"
"4314779";"Pontão (RS)";"100,00";"51,24";"48,76"
"4314787";"Ponte Preta (RS)";"100,00";"35,75";"64,25"
"4314803";"Portão (RS)";"100,00";"87,72";"12,28"
"4314902";"Porto Alegre (RS)";"100,00";"99,82";"0,18"
"4315008";"Porto Lucena (RS)";"100,00";"49,20";"50,80"
"4315057";"Porto Mauá (RS)";"100,00";"40,29";"59,71"
"4315073";"Porto Vera Cruz (RS)";"100,00";"25,45";"74,55"
"4315107";"Porto Xavier (RS)";"100,00";"62,42";"37,58"
"4315131";"Pouso Novo (RS)";"100,00";"43,13";"56,87"
"4315149";"Presidente Lucena (RS)";"100,00";"66,56";"33,44"
"4315156";"Progresso (RS)";"100,00";"37,77";"62,23"
"4315172";"Protásio Alves (RS)";"100,00";"26,57";"73,43"
"4315206";"Putinga (RS)";"100,00";"45,50";"54,50"
"4315305";"Quaraí (RS)";"100,00";"92,57";"7,43"
"4315313";"Quatro Irmãos (RS)";"100,00";"58,89";"41,11"
"4315321";"Quevedos (RS)";"100,00";"39,01";"60,99"
"4315354";"Quinze de Novembro (RS)";"100,00";"61,20";"38,80"
"4315404";"Redentora (RS)";"100,00";"33,90";"66,10"
"4315453";"Relvado (RS)";"100,00";"46,94";"53,06"
"4315503";"Restinga Sêca (RS)";"100,00";"61,30";"38,70"
"4315552";"Rio dos Índios (RS)";"100,00";"32,31";"67,69"
"4315602";"Rio Grande (RS)";"100,00";"95,63";"4,37"
"4315701";"Rio Pardo (RS)";"100,00";"70,10";"29,90"
"4315750";"Riozinho (RS)";"100,00";"64,52";"35,48"
"4315800";"Roca Sales (RS)";"100,00";"71,32";"28,68"
"4315909";"Rodeio Bonito (RS)";"100,00";"67,96";"32,04"
"4315958";"Rolador (RS)";"100,00";"32,30";"67,70"
"4316006";"Rolante (RS)";"100,00";"78,00";"22,00"
"4316105";"Ronda Alta (RS)";"100,00";"75,30";"24,70"
"4316204";"Rondinha (RS)";"100,00";"51,59";"48,41"
"4316303";"Roque Gonzales (RS)";"100,00";"49,29";"50,71"
"4316402";"Rosário do Sul (RS)";"100,00";"89,15";"10,85"
"4316428";"Sagrada Família (RS)";"100,00";"44,31";"55,69"
"4316436";"Saldanha Marinho (RS)";"100,00";"73,44";"26,56"
"4316451";"Salto do Jacuí (RS)";"100,00";"86,13";"13,87"
"4316477";"Salvador das Missões (RS)";"100,00";"57,63";"42,37"
"4316501";"Salvador do Sul (RS)";"100,00";"63,29";"36,71"
"4316600";"Sananduva (RS)";"100,00";"75,48";"24,52"
"4316709";"Santa Bárbara do Sul (RS)";"100,00";"81,96";"18,04"
"4316733";"Santa Cecília do Sul (RS)";"100,00";"40,50";"59,50"
"4316758";"Santa Clara do Sul (RS)";"100,00";"70,26";"29,74"
"4316808";"Santa Cruz do Sul (RS)";"100,00";"90,04";"9,96"
"4316907";"Santa Maria (RS)";"100,00";"96,21";"3,79"
"4316956";"Santa Maria do Herval (RS)";"100,00";"47,24";"52,76"
"4316972";"Santa Margarida do Sul (RS)";"100,00";"22,65";"77,35"
"4317004";"Santana da Boa Vista (RS)";"100,00";"56,55";"43,45"
"4317103";"Sant'Ana do Livramento (RS)";"100,00";"91,12";"8,88"
"4317202";"Santa Rosa (RS)";"100,00";"91,95";"8,05"
"4317251";"Santa Tereza (RS)";"100,00";"37,54";"62,46"
"4317301";"Santa Vitória do Palmar (RS)";"100,00";"87,11";"12,89"
"4317400";"Santiago (RS)";"100,00";"92,13";"7,87"
"4317509";"Santo Ângelo (RS)";"100,00";"94,70";"5,30"
"4317558";"Santo Antônio do Palma (RS)";"100,00";"41,65";"58,35"
"4317608";"Santo Antônio da Patrulha (RS)";"100,00";"76,88";"23,12"
"4317707";"Santo Antônio das Missões (RS)";"100,00";"68,40";"31,60"
"4317756";"Santo Antônio do Planalto (RS)";"100,00";"75,30";"24,70"
"4317806";"Santo Augusto (RS)";"100,00";"86,55";"13,45"
"4317905";"Santo Cristo (RS)";"100,00";"61,48";"38,52"
"4317954";"Santo Expedito do Sul (RS)";"100,00";"47,98";"52,02"
"4318002";"São Borja (RS)";"100,00";"89,91";"10,09"
"4318051";"São Domingos do Sul (RS)";"100,00";"73,31";"26,69"
"4318101";"São Francisco de Assis (RS)";"100,00";"74,68";"25,32"
"4318200";"São Francisco de Paula (RS)";"100,00";"71,72";"28,28"
"4318309";"São Gabriel (RS)";"100,00";"90,18";"9,82"
"4318408";"São Jerônimo (RS)";"100,00";"78,30";"21,70"
"4318424";"São João da Urtiga (RS)";"100,00";"59,90";"40,10"
"4318432";"São João do Polêsine (RS)";"100,00";"61,68";"38,32"
"4318440";"São Jorge (RS)";"100,00";"54,22";"45,78"
"4318457";"São José das Missões (RS)";"100,00";"41,07";"58,93"
"4318465";"São José do Herval (RS)";"100,00";"43,53";"56,47"
"4318481";"São José do Hortêncio (RS)";"100,00";"59,77";"40,23"
"4318499";"São José do Inhacorá (RS)";"100,00";"58,77";"41,23"
"4318507";"São José do Norte (RS)";"100,00";"75,91";"24,09"
"4318606";"São José do Ouro (RS)";"100,00";"64,91";"35,09"
"4318614";"São José do Sul (RS)";"100,00";"39,08";"60,92"
"4318622";"São José dos Ausentes (RS)";"100,00";"59,40";"40,60"
"4318705";"São Leopoldo (RS)";"100,00";"99,46";"0,54"
"4318804";"São Lourenço do Sul (RS)";"100,00";"59,93";"40,07"
"4318903";"São Luiz Gonzaga (RS)";"100,00";"91,74";"8,26"
"4319000";"São Marcos (RS)";"100,00";"86,36";"13,64"
"4319109";"São Martinho (RS)";"100,00";"69,17";"30,83"
"4319125";"São Martinho da Serra (RS)";"100,00";"38,81";"61,19"
"4319158";"São Miguel das Missões (RS)";"100,00";"59,04";"40,96"
"4319208";"São Nicolau (RS)";"100,00";"72,18";"27,82"
"4319307";"São Paulo das Missões (RS)";"100,00";"40,20";"59,80"
"4319356";"São Pedro da Serra (RS)";"100,00";"65,33";"34,67"
"4319364";"São Pedro das Missões (RS)";"100,00";"31,82";"68,18"
"4319372";"São Pedro do Butiá (RS)";"100,00";"51,40";"48,60"
"4319406";"São Pedro do Sul (RS)";"100,00";"75,53";"24,47"
"4319505";"São Sebastião do Caí (RS)";"100,00";"85,35";"14,65"
"4319604";"São Sepé (RS)";"100,00";"83,10";"16,90"
"4319703";"São Valentim (RS)";"100,00";"57,66";"42,34"
"4319711";"São Valentim do Sul (RS)";"100,00";"43,82";"56,18"
"4319737";"São Valério do Sul (RS)";"100,00";"20,37";"79,63"
"4319752";"São Vendelino (RS)";"100,00";"67,08";"32,92"
"4319802";"São Vicente do Sul (RS)";"100,00";"72,95";"27,05"
"4319901";"Sapiranga (RS)";"100,00";"96,52";"3,48"
"4320008";"Sapucaia do Sul (RS)";"100,00";"99,67";"0,33"
"4320107";"Sarandi (RS)";"100,00";"91,14";"8,86"
"4320206";"Seberi (RS)";"100,00";"59,14";"40,86"
"4320230";"Sede Nova (RS)";"100,00";"57,88";"42,12"
"4320263";"Segredo (RS)";"100,00";"31,64";"68,36"
"4320305";"Selbach (RS)";"100,00";"76,27";"23,73"
"4320321";"Senador Salgado Filho (RS)";"100,00";"39,28";"60,72"
"4320354";"Sentinela do Sul (RS)";"100,00";"26,01";"73,99"
"4320404";"Serafina Corrêa (RS)";"100,00";"88,76";"11,24"
"4320453";"Sério (RS)";"100,00";"32,41";"67,59"
"4320503";"Sertão (RS)";"100,00";"59,41";"40,59"
"4320552";"Sertão Santana (RS)";"100,00";"26,13";"73,87"
"4320578";"Sete de Setembro (RS)";"100,00";"31,09";"68,91"
"4320602";"Severiano de Almeida (RS)";"100,00";"46,39";"53,61"
"4320651";"Silveira Martins (RS)";"100,00";"48,22";"51,78"
"4320677";"Sinimbu (RS)";"100,00";"15,62";"84,38"
"4320701";"Sobradinho (RS)";"100,00";"82,55";"17,45"
"4320800";"Soledade (RS)";"100,00";"87,20";"12,80"
"4320859";"Tabaí (RS)";"100,00";"34,90";"65,10"
"4320909";"Tapejara (RS)";"100,00";"92,36";"7,64"
"4321006";"Tapera (RS)";"100,00";"86,91";"13,09"
"4321105";"Tapes (RS)";"100,00";"91,70";"8,30"
"4321204";"Taquara (RS)";"100,00";"82,40";"17,60"
"4321303";"Taquari (RS)";"100,00";"87,34";"12,66"
"4321329";"Taquaruçu do Sul (RS)";"100,00";"48,99";"51,01"
"4321352";"Tavares (RS)";"100,00";"68,15";"31,85"
"4321402";"Tenente Portela (RS)";"100,00";"67,72";"32,28"
"4321436";"Terra de Areia (RS)";"100,00";"83,57";"16,43"
"4321451";"Teutônia (RS)";"100,00";"89,91";"10,09"
"4321469";"Tio Hugo (RS)";"100,00";"55,10";"44,90"
"4321477";"Tiradentes do Sul (RS)";"100,00";"39,60";"60,40"
"4321493";"Toropi (RS)";"100,00";"32,65";"67,35"
"4321501";"Torres (RS)";"100,00";"96,85";"3,15"
"4321600";"Tramandaí (RS)";"100,00";"99,46";"0,54"
"4321626";"Travesseiro (RS)";"100,00";"41,36";"58,64"
"4321634";"Três Arroios (RS)";"100,00";"46,66";"53,34"
"4321667";"Três Cachoeiras (RS)";"100,00";"74,64";"25,36"
"4321709";"Três Coroas (RS)";"100,00";"87,91";"12,09"
"4321808";"Três de Maio (RS)";"100,00";"84,10";"15,90"
"4321832";"Três Forquilhas (RS)";"100,00";"17,83";"82,17"
"4321857";"Três Palmeiras (RS)";"100,00";"56,09";"43,91"
"4321907";"Três Passos (RS)";"100,00";"82,25";"17,75"
"4321956";"Trindade do Sul (RS)";"100,00";"63,12";"36,88"
"4322004";"Triunfo (RS)";"100,00";"64,57";"35,43"
"4322103";"Tucunduva (RS)";"100,00";"74,25";"25,75"
"4322152";"Tunas (RS)";"100,00";"35,40";"64,60"
"4322186";"Tupanci do Sul (RS)";"100,00";"40,25";"59,75"
"4322202";"Tupanciretã (RS)";"100,00";"83,77";"16,23"
"4322251";"Tupandi (RS)";"100,00";"73,00";"27,00"
"4322301";"Tuparendi (RS)";"100,00";"68,95";"31,05"
"4322327";"Turuçu (RS)";"100,00";"46,74";"53,26"
"4322343";"Ubiretama (RS)";"100,00";"26,83";"73,17"
"4322350";"União da Serra (RS)";"100,00";"26,75";"73,25"
"4322376";"Unistalda (RS)";"100,00";"43,86";"56,14"
"4322400";"Uruguaiana (RS)";"100,00";"94,93";"5,07"
"4322509";"Vacaria (RS)";"100,00";"92,94";"7,06"
"4322525";"Vale Verde (RS)";"100,00";"30,76";"69,24"
"4322533";"Vale do Sol (RS)";"100,00";"14,06";"85,94"
"4322541";"Vale Real (RS)";"100,00";"90,29";"9,71"
"4322558";"Vanini (RS)";"100,00";"65,52";"34,48"
"4322608";"Venâncio Aires (RS)";"100,00";"67,45";"32,55"
"4322707";"Vera Cruz (RS)";"100,00";"59,39";"40,61"
"4322806";"Veranópolis (RS)";"100,00";"86,65";"13,35"
"4322855";"Vespasiano Corrêa (RS)";"100,00";"28,71";"71,29"
"4322905";"Viadutos (RS)";"100,00";"60,60";"39,40"
"4323002";"Viamão (RS)";"100,00";"95,45";"4,55"
"4323101";"Vicente Dutra (RS)";"100,00";"51,45";"48,55"
"4323200";"Victor Graeff (RS)";"100,00";"56,87";"43,13"
"4323309";"Vila Flores (RS)";"100,00";"64,02";"35,98"
"4323358";"Vila Lângaro (RS)";"100,00";"30,35";"69,65"
"4323408";"Vila Maria (RS)";"100,00";"63,34";"36,66"
"4323457";"Vila Nova do Sul (RS)";"100,00";"60,29";"39,71"
"4323507";"Vista Alegre (RS)";"100,00";"49,55";"50,45"
"4323606";"Vista Alegre do Prata (RS)";"100,00";"34,15";"65,85"
"4323705";"Vista Gaúcha (RS)";"100,00";"41,47";"58,53"
"4323754";"Vitória das Missões (RS)";"100,00";"31,99";"68,01"
"4323770";"Westfália (RS)";"100,00";"54,97";"45,03"
"4323804";"Xangri-lá (RS)";"100,00";"99,81";"0,19"
"5000203";"Água Clara (MS)";"100,00";"82,13";"17,87"
"5000252";"Alcinópolis (MS)";"100,00";"65,09";"34,91"
"5000609";"Amambai (MS)";"100,00";"64,66";"35,34"
"5000708";"Anastácio (MS)";"100,00";"86,51";"13,49"
"5000807";"Anaurilândia (MS)";"100,00";"59,28";"40,72"
"5000856";"Angélica (MS)";"100,00";"79,20";"20,80"
"5000906";"Antônio João (MS)";"100,00";"77,22";"22,78"
"5001003";"Aparecida do Taboado (MS)";"100,00";"90,28";"9,72"
"5001102";"Aquidauana (MS)";"100,00";"78,84";"21,16"
"5001243";"Aral Moreira (MS)";"100,00";"55,07";"44,93"
"5001508";"Bandeirantes (MS)";"100,00";"71,05";"28,95"
"5001904";"Bataguassu (MS)";"100,00";"89,25";"10,75"
"5002001";"Batayporã (MS)";"100,00";"79,30";"20,70"
"5002100";"Bela Vista (MS)";"100,00";"81,43";"18,57"
"5002159";"Bodoquena (MS)";"100,00";"72,56";"27,44"
"5002209";"Bonito (MS)";"100,00";"82,43";"17,57"
"5002308";"Brasilândia (MS)";"100,00";"70,02";"29,98"
"5002407";"Caarapó (MS)";"100,00";"76,62";"23,38"
"5002605";"Camapuã (MS)";"100,00";"78,23";"21,77"
"5002704";"Campo Grande (MS)";"100,00";"98,72";"1,28"
"5002803";"Caracol (MS)";"100,00";"66,08";"33,92"
"5002902";"Cassilândia (MS)";"100,00";"90,17";"9,83"
"5002951";"Chapadão do Sul (MS)";"100,00";"92,66";"7,34"
"5003108";"Corguinho (MS)";"100,00";"39,12";"60,88"
"5003157";"Coronel Sapucaia (MS)";"100,00";"68,54";"31,46"
"5003207";"Corumbá (MS)";"100,00";"92,42";"7,58"
"5003256";"Costa Rica (MS)";"100,00";"90,01";"9,99"
"5003306";"Coxim (MS)";"100,00";"90,91";"9,09"
"5003454";"Deodápolis (MS)";"100,00";"88,27";"11,73"
"5003488";"Dois Irmãos do Buriti (MS)";"100,00";"50,59";"49,41"
"5003504";"Douradina (MS)";"100,00";"65,17";"34,83"
"5003702";"Dourados (MS)";"100,00";"93,90";"6,10"
"5003751";"Eldorado (MS)";"100,00";"84,16";"15,84"
"5003801";"Fátima do Sul (MS)";"100,00";"93,31";"6,69"
"5003900";"Figueirão (MS)";"100,00";"53,29";"46,71"
"5004007";"Glória de Dourados (MS)";"100,00";"80,91";"19,09"
"5004106";"Guia Lopes da Laguna (MS)";"100,00";"86,72";"13,28"
"5004304";"Iguatemi (MS)";"100,00";"75,46";"24,54"
"5004403";"Inocência (MS)";"100,00";"68,29";"31,71"
"5004502";"Itaporã (MS)";"100,00";"63,70";"36,30"
"5004601";"Itaquiraí (MS)";"100,00";"52,75";"47,25"
"5004700";"Ivinhema (MS)";"100,00";"84,79";"15,21"
"5004809";"Japorã (MS)";"100,00";"23,56";"76,44"
"5004908";"Jaraguari (MS)";"100,00";"35,47";"64,53"
"5005004";"Jardim (MS)";"100,00";"93,90";"6,10"
"5005103";"Jateí (MS)";"100,00";"54,91";"45,09"
"5005152";"Juti (MS)";"100,00";"73,10";"26,90"
"5005202";"Ladário (MS)";"100,00";"97,24";"2,76"
"5005251";"Laguna Carapã (MS)";"100,00";"49,83";"50,17"
"5005400";"Maracaju (MS)";"100,00";"91,11";"8,89"
"5005608";"Miranda (MS)";"100,00";"56,63";"43,37"
"5005681";"Mundo Novo (MS)";"100,00";"88,02";"11,98"
"5005707";"Naviraí (MS)";"100,00";"94,02";"5,98"
"5005806";"Nioaque (MS)";"100,00";"54,80";"45,20"
"5006002";"Nova Alvorada do Sul (MS)";"100,00";"84,11";"15,89"
"5006200";"Nova Andradina (MS)";"100,00";"87,52";"12,48"
"5006259";"Novo Horizonte do Sul (MS)";"100,00";"67,25";"32,75"
"5006275";"Paraíso das Águas (MS)";"100,00";"54,32";"45,68"
"5006309";"Paranaíba (MS)";"100,00";"90,59";"9,41"
"5006358";"Paranhos (MS)";"100,00";"47,58";"52,42"
"5006408";"Pedro Gomes (MS)";"100,00";"77,27";"22,73"
"5006606";"Ponta Porã (MS)";"100,00";"86,60";"13,40"
"5006903";"Porto Murtinho (MS)";"100,00";"65,75";"34,25"
"5007109";"Ribas do Rio Pardo (MS)";"100,00";"78,38";"21,62"
"5007208";"Rio Brilhante (MS)";"100,00";"89,23";"10,77"
"5007307";"Rio Negro (MS)";"100,00";"72,86";"27,14"
"5007406";"Rio Verde de Mato Grosso (MS)";"100,00";"85,17";"14,84"
"5007505";"Rochedo (MS)";"100,00";"69,05";"30,95"
"5007554";"Santa Rita do Pardo (MS)";"100,00";"51,77";"48,23"
"5007695";"São Gabriel do Oeste (MS)";"100,00";"91,54";"8,46"
"5007703";"Sete Quedas (MS)";"100,00";"80,52";"19,48"
"5007802";"Selvíria (MS)";"100,00";"76,62";"23,38"
"5007901";"Sidrolândia (MS)";"100,00";"68,84";"31,16"
"5007935";"Sonora (MS)";"100,00";"91,46";"8,54"
"5007950";"Tacuru (MS)";"100,00";"35,42";"64,58"
"5007976";"Taquarussu (MS)";"100,00";"75,56";"24,44"
"5008008";"Terenos (MS)";"100,00";"55,40";"44,60"
"5008305";"Três Lagoas (MS)";"100,00";"96,35";"3,65"
"5008404";"Vicentina (MS)";"100,00";"77,67";"22,33"
"5100102";"Acorizal (MT)";"100,00";"59,61";"40,39"
"5100201";"Água Boa (MT)";"100,00";"83,93";"16,07"
"5100250";"Alta Floresta (MT)";"100,00";"87,71";"12,29"
"5100300";"Alto Araguaia (MT)";"100,00";"87,73";"12,27"
"5100359";"Alto Boa Vista (MT)";"100,00";"67,19";"32,81"
"5100409";"Alto Garças (MT)";"100,00";"92,64";"7,36"
"5100508";"Alto Paraguai (MT)";"100,00";"66,91";"33,09"
"5100607";"Alto Taquari (MT)";"100,00";"94,37";"5,63"
"5100805";"Apiacás (MT)";"100,00";"72,77";"27,23"
"5101001";"Araguaiana (MT)";"100,00";"66,90";"33,10"
"5101209";"Araguainha (MT)";"100,00";"85,35";"14,65"
"5101258";"Araputanga (MT)";"100,00";"84,82";"15,18"
"5101308";"Arenápolis (MT)";"100,00";"93,40";"6,60"
"5101407";"Aripuanã (MT)";"100,00";"73,88";"26,12"
"5101605";"Barão de Melgaço (MT)";"100,00";"45,72";"54,28"
"5101704";"Barra do Bugres (MT)";"100,00";"85,99";"14,01"
"5101803";"Barra do Garças (MT)";"100,00";"89,97";"10,03"
"5101852";"Bom Jesus do Araguaia (MT)";"100,00";"52,88";"47,12"
"5101902";"Brasnorte (MT)";"100,00";"60,70";"39,30"
"5102504";"Cáceres (MT)";"100,00";"88,52";"11,48"
"5102603";"Campinápolis (MT)";"100,00";"37,19";"62,81"
"5102637";"Campo Novo do Parecis (MT)";"100,00";"93,48";"6,52"
"5102678";"Campo Verde (MT)";"100,00";"87,23";"12,77"
"5102686";"Campos de Júlio (MT)";"100,00";"79,81";"20,19"
"5102694";"Canabrava do Norte (MT)";"100,00";"62,03";"37,97"
"5102702";"Canarana (MT)";"100,00";"78,25";"21,75"
"5102793";"Carlinda (MT)";"100,00";"59,22";"40,78"
"5102850";"Castanheira (MT)";"100,00";"49,17";"50,83"
"5103007";"Chapada dos Guimarães (MT)";"100,00";"68,45";"31,55"
"5103056";"Cláudia (MT)";"100,00";"74,24";"25,76"
"5103106";"Cocalinho (MT)";"100,00";"63,95";"36,05"
"5103205";"Colíder (MT)";"100,00";"83,48";"16,52"
"5103254";"Colniza (MT)";"100,00";"59,88";"40,12"
"5103304";"Comodoro (MT)";"100,00";"70,22";"29,78"
"5103353";"Confresa (MT)";"100,00";"77,01";"22,99"
"5103361";"Conquista D'Oeste (MT)";"100,00";"65,32";"34,68"
"5103379";"Cotriguaçu (MT)";"100,00";"46,40";"53,60"
"5103403";"Cuiabá (MT)";"100,00";"98,29";"1,71"
"5103437";"Curvelândia (MT)";"100,00";"62,88";"37,12"
"5103452";"Denise (MT)";"100,00";"88,71";"11,29"
"5103502";"Diamantino (MT)";"100,00";"79,92";"20,08"
"5103601";"Dom Aquino (MT)";"100,00";"79,38";"20,62"
"5103700";"Feliz Natal (MT)";"100,00";"70,73";"29,27"
"5103809";"Figueirópolis D'Oeste (MT)";"100,00";"61,25";"38,75"
"5103858";"Gaúcha do Norte (MT)";"100,00";"45,88";"54,12"
"5103908";"General Carneiro (MT)";"100,00";"44,24";"55,76"
"5103957";"Glória D'Oeste (MT)";"100,00";"69,78";"30,22"
"5104104";"Guarantã do Norte (MT)";"100,00";"84,69";"15,31"
"5104203";"Guiratinga (MT)";"100,00";"82,84";"17,16"
"5104500";"Indiavaí (MT)";"100,00";"73,25";"26,75"
"5104526";"Ipiranga do Norte (MT)";"100,00";"75,00";"25,00"
"5104542";"Itanhangá (MT)";"100,00";"61,68";"38,32"
"5104559";"Itaúba (MT)";"100,00";"81,59";"18,41"
"5104609";"Itiquira (MT)";"100,00";"69,54";"30,46"
"5104807";"Jaciara (MT)";"100,00";"90,99";"9,01"
"5104906";"Jangada (MT)";"100,00";"49,77";"50,23"
"5105002";"Jauru (MT)";"100,00";"66,45";"33,55"
"5105101";"Juara (MT)";"100,00";"80,39";"19,61"
"5105150";"Juína (MT)";"100,00";"80,30";"19,70"
"5105176";"Juruena (MT)";"100,00";"73,17";"26,83"
"5105200";"Juscimeira (MT)";"100,00";"68,41";"31,59"
"5105234";"Lambari D'Oeste (MT)";"100,00";"61,86";"38,14"
"5105259";"Lucas do Rio Verde (MT)";"100,00";"96,21";"3,79"
"5105309";"Luciara (MT)";"100,00";"74,09";"25,91"
"5105507";"Vila Bela da Santíssima Trindade (MT)";"100,00";"38,12";"61,88"
"5105580";"Marcelândia (MT)";"100,00";"71,17";"28,83"
"5105606";"Matupá (MT)";"100,00";"80,29";"19,71"
"5105622";"Mirassol d'Oeste (MT)";"100,00";"84,64";"15,36"
"5105903";"Nobres (MT)";"100,00";"86,77";"13,23"
"5106000";"Nortelândia (MT)";"100,00";"84,20";"15,80"
"5106109";"Nossa Senhora do Livramento (MT)";"100,00";"41,17";"58,83"
"5106158";"Nova Bandeirantes (MT)";"100,00";"47,99";"52,01"
"5106174";"Nova Nazaré (MT)";"100,00";"35,52";"64,48"
"5106182";"Nova Lacerda (MT)";"100,00";"51,29";"48,71"
"5106190";"Nova Santa Helena (MT)";"100,00";"63,01";"36,99"
"5106208";"Nova Brasilândia (MT)";"100,00";"71,24";"28,76"
"5106216";"Nova Canaã do Norte (MT)";"100,00";"63,29";"36,71"
"5106224";"Nova Mutum (MT)";"100,00";"88,60";"11,40"
"5106232";"Nova Olímpia (MT)";"100,00";"90,00";"10,00"
"5106240";"Nova Ubiratã (MT)";"100,00";"68,79";"31,21"
"5106257";"Nova Xavantina (MT)";"100,00";"82,27";"17,73"
"5106265";"Novo Mundo (MT)";"100,00";"40,64";"59,36"
"5106273";"Novo Horizonte do Norte (MT)";"100,00";"58,76";"41,24"
"5106281";"Novo São Joaquim (MT)";"100,00";"60,46";"39,54"
"5106299";"Paranaíta (MT)";"100,00";"62,45";"37,55"
"5106307";"Paranatinga (MT)";"100,00";"72,07";"27,93"
"5106315";"Novo Santo Antônio (MT)";"100,00";"67,44";"32,56"
"5106372";"Pedra Preta (MT)";"100,00";"77,06";"22,94"
"5106422";"Peixoto de Azevedo (MT)";"100,00";"80,69";"19,31"
"5106455";"Planalto da Serra (MT)";"100,00";"77,76";"22,24"
"5106505";"Poconé (MT)";"100,00";"74,98";"25,02"
"5106653";"Pontal do Araguaia (MT)";"100,00";"85,10";"14,90"
"5106703";"Ponte Branca (MT)";"100,00";"86,65";"13,35"
"5106752";"Pontes e Lacerda (MT)";"100,00";"86,12";"13,88"
"5106778";"Porto Alegre do Norte (MT)";"100,00";"69,59";"30,41"
"5106802";"Porto dos Gaúchos (MT)";"100,00";"60,63";"39,37"
"5106828";"Porto Esperidião (MT)";"100,00";"52,26";"47,74"
"5106851";"Porto Estrela (MT)";"100,00";"50,47";"49,53"
"5107008";"Poxoréu (MT)";"100,00";"69,84";"30,16"
"5107040";"Primavera do Leste (MT)";"100,00";"95,77";"4,23"
"5107065";"Querência (MT)";"100,00";"78,39";"21,61"
"5107107";"São José dos Quatro Marcos (MT)";"100,00";"79,91";"20,09"
"5107156";"Reserva do Cabaçal (MT)";"100,00";"72,10";"27,90"
"5107180";"Ribeirão Cascalheira (MT)";"100,00";"60,20";"39,80"
"5107198";"Ribeirãozinho (MT)";"100,00";"82,65";"17,35"
"5107206";"Rio Branco (MT)";"100,00";"83,31";"16,69"
"5107248";"Santa Carmem (MT)";"100,00";"80,11";"19,89"
"5107263";"Santo Afonso (MT)";"100,00";"57,17";"42,83"
"5107297";"São José do Povo (MT)";"100,00";"47,48";"52,52"
"5107305";"São José do Rio Claro (MT)";"100,00";"83,42";"16,58"
"5107354";"São José do Xingu (MT)";"100,00";"77,92";"22,08"
"5107404";"São Pedro da Cipa (MT)";"100,00";"86,38";"13,62"
"5107578";"Rondolândia (MT)";"100,00";"29,93";"70,07"
"5107602";"Rondonópolis (MT)";"100,00";"96,56";"3,44"
"5107701";"Rosário Oeste (MT)";"100,00";"63,72";"36,28"
"5107743";"Santa Cruz do Xingu (MT)";"100,00";"65,80";"34,20"
"5107750";"Salto do Céu (MT)";"100,00";"56,18";"43,82"
"5107768";"Santa Rita do Trivelato (MT)";"100,00";"55,46";"44,54"
"5107776";"Santa Terezinha (MT)";"100,00";"39,35";"60,65"
"5107792";"Santo Antônio do Leste (MT)";"100,00";"62,19";"37,81"
"5107800";"Santo Antônio de Leverger (MT)";"100,00";"59,12";"40,88"
"5107859";"São Félix do Araguaia (MT)";"100,00";"58,89";"41,11"
"5107875";"Sapezal (MT)";"100,00";"88,00";"12,00"
"5107883";"Serra Nova Dourada (MT)";"100,00";"47,72";"52,28"
"5107909";"Sinop (MT)";"100,00";"97,01";"2,99"
"5107925";"Sorriso (MT)";"100,00";"94,61";"5,39"
"5107941";"Tabaporã (MT)";"100,00";"51,07";"48,93"
"5107958";"Tangará da Serra (MT)";"100,00";"92,02";"7,98"
"5108006";"Tapurah (MT)";"100,00";"77,49";"22,51"
"5108055";"Terra Nova do Norte (MT)";"100,00";"58,80";"41,20"
"5108105";"Tesouro (MT)";"100,00";"73,39";"26,61"
"5108204";"Torixoréu (MT)";"100,00";"73,29";"26,71"
"5108303";"União do Sul (MT)";"100,00";"79,31";"20,69"
"5108352";"Vale de São Domingos (MT)";"100,00";"26,31";"73,69"
"5108402";"Várzea Grande (MT)";"100,00";"98,83";"1,17"
"5108501";"Vera (MT)";"100,00";"82,56";"17,44"
"5108600";"Vila Rica (MT)";"100,00";"71,89";"28,11"
"5108808";"Nova Guarita (MT)";"100,00";"63,79";"36,21"
"5108857";"Nova Marilândia (MT)";"100,00";"70,39";"29,61"
"5108907";"Nova Maringá (MT)";"100,00";"63,22";"36,78"
"5108956";"Nova Monte Verde (MT)";"100,00";"60,52";"39,48"
"5200050";"Abadia de Goiás (GO)";"100,00";"96,46";"3,54"
"5200100";"Abadiânia (GO)";"100,00";"75,81";"24,19"
"5200134";"Acreúna (GO)";"100,00";"94,35";"5,65"
"5200159";"Adelândia (GO)";"100,00";"86,24";"13,76"
"5200175";"Água Fria de Goiás (GO)";"100,00";"61,81";"38,19"
"5200209";"Água Limpa (GO)";"100,00";"78,42";"21,58"
"5200258";"Águas Lindas de Goiás (GO)";"100,00";"99,77";"0,23"
"5200308";"Alexânia (GO)";"100,00";"92,23";"7,77"
"5200506";"Aloândia (GO)";"100,00";"88,14";"11,86"
"5200555";"Alto Horizonte (GO)";"100,00";"88,57";"11,43"
"5200605";"Alto Paraíso de Goiás (GO)";"100,00";"74,96";"25,04"
"5200803";"Alvorada do Norte (GO)";"100,00";"86,56";"13,44"
"5200829";"Amaralina (GO)";"100,00";"46,63";"53,37"
"5200852";"Americano do Brasil (GO)";"100,00";"91,65";"8,35"
"5200902";"Amorinópolis (GO)";"100,00";"67,04";"32,96"
"5201108";"Anápolis (GO)";"100,00";"98,19";"1,81"
"5201207";"Anhanguera (GO)";"100,00";"94,59";"5,41"
"5201306";"Anicuns (GO)";"100,00";"85,70";"14,30"
"5201405";"Aparecida de Goiânia (GO)";"100,00";"99,88";"0,12"
"5201454";"Aparecida do Rio Doce (GO)";"100,00";"80,63";"19,37"
"5201504";"Aporé (GO)";"100,00";"76,09";"23,91"
"5201603";"Araçu (GO)";"100,00";"89,39";"10,61"
"5201702";"Aragarças (GO)";"100,00";"95,76";"4,24"
"5201801";"Aragoiânia (GO)";"100,00";"92,97";"7,03"
"5202155";"Araguapaz (GO)";"100,00";"70,46";"29,54"
"5202353";"Arenópolis (GO)";"100,00";"57,50";"42,50"
"5202502";"Aruanã (GO)";"100,00";"85,01";"14,99"
"5202601";"Aurilândia (GO)";"100,00";"79,38";"20,62"
"5202809";"Avelinópolis (GO)";"100,00";"71,97";"28,03"
"5203104";"Baliza (GO)";"100,00";"36,38";"63,62"
"5203203";"Barro Alto (GO)";"100,00";"90,42";"9,58"
"5203302";"Bela Vista de Goiás (GO)";"100,00";"78,15";"21,85"
"5203401";"Bom Jardim de Goiás (GO)";"100,00";"79,94";"20,06"
"5203500";"Bom Jesus de Goiás (GO)";"100,00";"95,06";"4,94"
"5203559";"Bonfinópolis (GO)";"100,00";"92,78";"7,22"
"5203575";"Bonópolis (GO)";"100,00";"62,26";"37,74"
"5203609";"Brazabrantes (GO)";"100,00";"75,05";"24,95"
"5203807";"Britânia (GO)";"100,00";"83,07";"16,93"
"5203906";"Buriti Alegre (GO)";"100,00";"94,20";"5,80"
"5203939";"Buriti de Goiás (GO)";"100,00";"84,85";"15,15"
"5203962";"Buritinópolis (GO)";"100,00";"59,78";"40,22"
"5204003";"Cabeceiras (GO)";"100,00";"77,42";"22,58"
"5204102";"Cachoeira Alta (GO)";"100,00";"84,57";"15,43"
"5204201";"Cachoeira de Goiás (GO)";"100,00";"81,07";"18,93"
"5204250";"Cachoeira Dourada (GO)";"100,00";"93,01";"6,99"
"5204300";"Caçu (GO)";"100,00";"84,75";"15,25"
"5204409";"Caiapônia (GO)";"100,00";"75,03";"24,97"
"5204508";"Caldas Novas (GO)";"100,00";"97,46";"2,54"
"5204557";"Caldazinha (GO)";"100,00";"64,99";"35,01"
"5204607";"Campestre de Goiás (GO)";"100,00";"74,94";"25,06"
"5204656";"Campinaçu (GO)";"100,00";"63,70";"36,30"
"5204706";"Campinorte (GO)";"100,00";"86,77";"13,23"
"5204805";"Campo Alegre de Goiás (GO)";"100,00";"77,34";"22,66"
"5204854";"Campo Limpo de Goiás (GO)";"100,00";"87,16";"12,84"
"5204904";"Campos Belos (GO)";"100,00";"88,97";"11,03"
"5204953";"Campos Verdes (GO)";"100,00";"89,91";"10,09"
"5205000";"Carmo do Rio Verde (GO)";"100,00";"83,10";"16,90"
"5205059";"Castelândia (GO)";"100,00";"92,76";"7,24"
"5205109";"Catalão (GO)";"100,00";"96,13";"3,87"
"5205208";"Caturaí (GO)";"100,00";"83,51";"16,49"
"5205307";"Cavalcante (GO)";"100,00";"55,09";"44,91"
"5205406";"Ceres (GO)";"100,00";"95,37";"4,63"
"5205455";"Cezarina (GO)";"100,00";"74,31";"25,69"
"5205471";"Chapadão do Céu (GO)";"100,00";"92,19";"7,81"
"5205497";"Cidade Ocidental (GO)";"100,00";"99,02";"0,98"
"5205513";"Cocalzinho de Goiás (GO)";"100,00";"75,48";"24,52"
"5205521";"Colinas do Sul (GO)";"100,00";"69,78";"30,22"
"5205703";"Córrego do Ouro (GO)";"100,00";"63,12";"36,88"
"5205802";"Corumbá de Goiás (GO)";"100,00";"66,60";"33,40"
"5205901";"Corumbaíba (GO)";"100,00";"83,28";"16,72"
"5206206";"Cristalina (GO)";"100,00";"86,97";"13,03"
"5206305";"Cristianópolis (GO)";"100,00";"84,62";"15,38"
"5206404";"Crixás (GO)";"100,00";"78,80";"21,20"
"5206503";"Cromínia (GO)";"100,00";"75,79";"24,21"
"5206602";"Cumari (GO)";"100,00";"80,22";"19,78"
"5206701";"Damianópolis (GO)";"100,00";"71,38";"28,62"
"5206800";"Damolândia (GO)";"100,00";"83,37";"16,63"
"5206909";"Davinópolis (GO)";"100,00";"80,07";"19,93"
"5207105";"Diorama (GO)";"100,00";"68,91";"31,09"
"5207253";"Doverlândia (GO)";"100,00";"70,64";"29,36"
"5207352";"Edealina (GO)";"100,00";"77,81";"22,19"
"5207402";"Edéia (GO)";"100,00";"88,55";"11,45"
"5207501";"Estrela do Norte (GO)";"100,00";"91,45";"8,55"
"5207535";"Faina (GO)";"100,00";"55,66";"44,34"
"5207600";"Fazenda Nova (GO)";"100,00";"68,83";"31,17"
"5207808";"Firminópolis (GO)";"100,00";"84,53";"15,47"
"5207907";"Flores de Goiás (GO)";"100,00";"34,98";"65,02"
"5208004";"Formosa (GO)";"100,00";"92,76";"7,24"
"5208103";"Formoso (GO)";"100,00";"80,75";"19,25"
"5208152";"Gameleira de Goiás (GO)";"100,00";"39,06";"60,94"
"5208301";"Divinópolis de Goiás (GO)";"100,00";"73,48";"26,52"
"5208400";"Goianápolis (GO)";"100,00";"94,73";"5,27"
"5208509";"Goiandira (GO)";"100,00";"88,72";"11,28"
"5208608";"Goianésia (GO)";"100,00";"94,91";"5,09"
"5208707";"Goiânia (GO)";"100,00";"99,85";"0,15"
"5208806";"Goianira (GO)";"100,00";"99,09";"0,91"
"5208905";"Goiás (GO)";"100,00";"76,32";"23,68"
"5209101";"Goiatuba (GO)";"100,00";"94,04";"5,96"
"5209150";"Gouvelândia (GO)";"100,00";"87,74";"12,26"
"5209200";"Guapó (GO)";"100,00";"91,90";"8,10"
"5209291";"Guaraíta (GO)";"100,00";"66,91";"33,09"
"5209408";"Guarani de Goiás (GO)";"100,00";"42,08";"57,92"
"5209457";"Guarinos (GO)";"100,00";"55,67";"44,33"
"5209606";"Heitoraí (GO)";"100,00";"75,07";"24,93"
"5209705";"Hidrolândia (GO)";"100,00";"82,53";"17,47"
"5209804";"Hidrolina (GO)";"100,00";"75,80";"24,20"
"5209903";"Iaciara (GO)";"100,00";"78,12";"21,88"
"5209937";"Inaciolândia (GO)";"100,00";"89,81";"10,19"
"5209952";"Indiara (GO)";"100,00";"88,45";"11,55"
"5210000";"Inhumas (GO)";"100,00";"94,14";"5,86"
"5210109";"Ipameri (GO)";"100,00";"87,32";"12,68"
"5210158";"Ipiranga de Goiás (GO)";"100,00";"53,20";"46,80"
"5210208";"Iporá (GO)";"100,00";"92,52";"7,48"
"5210307";"Israelândia (GO)";"100,00";"78,95";"21,05"
"5210406";"Itaberaí (GO)";"100,00";"86,83";"13,17"
"5210562";"Itaguari (GO)";"100,00";"91,86";"8,14"
"5210604";"Itaguaru (GO)";"100,00";"86,11";"13,89"
"5210802";"Itajá (GO)";"100,00";"76,89";"23,11"
"5210901";"Itapaci (GO)";"100,00";"92,46";"7,54"
"5211008";"Itapirapuã (GO)";"100,00";"74,10";"25,90"
"5211206";"Itapuranga (GO)";"100,00";"82,72";"17,28"
"5211305";"Itarumã (GO)";"100,00";"65,94";"34,06"
"5211404";"Itauçu (GO)";"100,00";"78,84";"21,16"
"5211503";"Itumbiara (GO)";"100,00";"96,78";"3,22"
"5211602";"Ivolândia (GO)";"100,00";"57,71";"42,29"
"5211701";"Jandaia (GO)";"100,00";"67,12";"32,88"
"5211800";"Jaraguá (GO)";"100,00";"86,87";"13,13"
"5211909";"Jataí (GO)";"100,00";"94,27";"5,73"
"5212006";"Jaupaci (GO)";"100,00";"75,79";"24,21"
"5212055";"Jesúpolis (GO)";"100,00";"86,53";"13,47"
"5212105";"Joviânia (GO)";"100,00";"92,16";"7,84"
"5212204";"Jussara (GO)";"100,00";"82,07";"17,93"
"5212253";"Lagoa Santa (GO)";"100,00";"76,83";"23,17"
"5212303";"Leopoldo de Bulhões (GO)";"100,00";"59,65";"40,35"
"5212501";"Luziânia (GO)";"100,00";"96,17";"3,83"
"5212600";"Mairipotaba (GO)";"100,00";"66,85";"33,15"
"5212709";"Mambaí (GO)";"100,00";"75,52";"24,48"
"5212808";"Mara Rosa (GO)";"100,00";"77,48";"22,52"
"5212907";"Marzagão (GO)";"100,00";"88,94";"11,06"
"5212956";"Matrinchã (GO)";"100,00";"73,85";"26,15"
"5213004";"Maurilândia (GO)";"100,00";"96,68";"3,32"
"5213053";"Mimoso de Goiás (GO)";"100,00";"47,67";"52,33"
"5213087";"Minaçu (GO)";"100,00";"87,04";"12,96"
"5213103";"Mineiros (GO)";"100,00";"93,66";"6,34"
"5213400";"Moiporá (GO)";"100,00";"63,62";"36,38"
"5213509";"Monte Alegre de Goiás (GO)";"100,00";"45,02";"54,98"
"5213707";"Montes Claros de Goiás (GO)";"100,00";"76,43";"23,57"
"5213756";"Montividiu (GO)";"100,00";"84,43";"15,57"
"5213772";"Montividiu do Norte (GO)";"100,00";"49,54";"50,46"
"5213806";"Morrinhos (GO)";"100,00";"90,03";"9,97"
"5213855";"Morro Agudo de Goiás (GO)";"100,00";"77,24";"22,76"
"5213905";"Mossâmedes (GO)";"100,00";"68,11";"31,89"
"5214002";"Mozarlândia (GO)";"100,00";"92,41";"7,59"
"5214051";"Mundo Novo (GO)";"100,00";"59,25";"40,75"
"5214101";"Mutunópolis (GO)";"100,00";"70,79";"29,21"
"5214408";"Nazário (GO)";"100,00";"80,67";"19,33"
"5214507";"Nerópolis (GO)";"100,00";"96,94";"3,06"
"5214606";"Niquelândia (GO)";"100,00";"78,07";"21,93"
"5214705";"Nova América (GO)";"100,00";"71,72";"28,28"
"5214804";"Nova Aurora (GO)";"100,00";"89,39";"10,61"
"5214838";"Nova Crixás (GO)";"100,00";"73,67";"26,33"
"5214861";"Nova Glória (GO)";"100,00";"69,43";"30,57"
"5214879";"Nova Iguaçu de Goiás (GO)";"100,00";"75,68";"24,32"
"5214903";"Nova Roma (GO)";"100,00";"45,45";"54,55"
"5215009";"Nova Veneza (GO)";"100,00";"86,96";"13,04"
"5215207";"Novo Brasil (GO)";"100,00";"68,10";"31,90"
"5215231";"Novo Gama (GO)";"100,00";"99,49";"0,51"
"5215256";"Novo Planalto (GO)";"100,00";"73,22";"26,78"
"5215306";"Orizona (GO)";"100,00";"67,61";"32,39"
"5215405";"Ouro Verde de Goiás (GO)";"100,00";"70,18";"29,82"
"5215504";"Ouvidor (GO)";"100,00";"91,72";"8,28"
"5215603";"Padre Bernardo (GO)";"100,00";"86,15";"13,85"
"5215652";"Palestina de Goiás (GO)";"100,00";"66,09";"33,91"
"5215702";"Palmeiras de Goiás (GO)";"100,00";"88,68";"11,32"
"5215801";"Palmelo (GO)";"100,00";"92,87";"7,13"
"5215900";"Palminópolis (GO)";"100,00";"74,81";"25,19"
"5216007";"Panamá (GO)";"100,00";"79,10";"20,90"
"5216304";"Paranaiguara (GO)";"100,00";"91,67";"8,33"
"5216403";"Paraúna (GO)";"100,00";"79,95";"20,05"
"5216452";"Perolândia (GO)";"100,00";"76,25";"23,75"
"5216809";"Petrolina de Goiás (GO)";"100,00";"70,89";"29,11"
"5216908";"Pilar de Goiás (GO)";"100,00";"45,79";"54,21"
"5217104";"Piracanjuba (GO)";"100,00";"79,78";"20,22"
"5217203";"Piranhas (GO)";"100,00";"83,52";"16,48"
"5217302";"Pirenópolis (GO)";"100,00";"67,83";"32,17"
"5217401";"Pires do Rio (GO)";"100,00";"93,74";"6,26"
"5217609";"Planaltina (GO)";"100,00";"94,41";"5,59"
"5217708";"Pontalina (GO)";"100,00";"84,79";"15,21"
"5218003";"Porangatu (GO)";"100,00";"88,19";"11,81"
"5218052";"Porteirão (GO)";"100,00";"93,22";"6,78"
"5218102";"Portelândia (GO)";"100,00";"86,83";"13,17"
"5218300";"Posse (GO)";"100,00";"82,41";"17,59"
"5218391";"Professor Jamil (GO)";"100,00";"70,40";"29,60"
"5218508";"Quirinópolis (GO)";"100,00";"92,72";"7,28"
"5218607";"Rialma (GO)";"100,00";"94,56";"5,44"
"5218706";"Rianápolis (GO)";"100,00";"89,45";"10,55"
"5218789";"Rio Quente (GO)";"100,00";"87,11";"12,89"
"5218805";"Rio Verde (GO)";"100,00";"94,19";"5,81"
"5218904";"Rubiataba (GO)";"100,00";"88,60";"11,40"
"5219001";"Sanclerlândia (GO)";"100,00";"85,67";"14,33"
"5219100";"Santa Bárbara de Goiás (GO)";"100,00";"91,51";"8,49"
"5219209";"Santa Cruz de Goiás (GO)";"100,00";"32,25";"67,75"
"5219258";"Santa Fé de Goiás (GO)";"100,00";"80,99";"19,01"
"5219308";"Santa Helena de Goiás (GO)";"100,00";"95,91";"4,09"
"5219357";"Santa Isabel (GO)";"100,00";"73,12";"26,88"
"5219407";"Santa Rita do Araguaia (GO)";"100,00";"91,61";"8,39"
"5219456";"Santa Rita do Novo Destino (GO)";"100,00";"57,46";"42,54"
"5219506";"Santa Rosa de Goiás (GO)";"100,00";"76,63";"23,37"
"5219605";"Santa Tereza de Goiás (GO)";"100,00";"87,49";"12,51"
"5219704";"Santa Terezinha de Goiás (GO)";"100,00";"74,18";"25,82"
"5219712";"Santo Antônio da Barra (GO)";"100,00";"83,01";"16,99"
"5219738";"Santo Antônio de Goiás (GO)";"100,00";"92,81";"7,19"
"5219753";"Santo Antônio do Descoberto (GO)";"100,00";"95,51";"4,49"
"5219803";"São Domingos (GO)";"100,00";"60,72";"39,28"
"5219902";"São Francisco de Goiás (GO)";"100,00";"78,88";"21,12"
"5220009";"São João d'Aliança (GO)";"100,00";"64,91";"35,09"
"5220058";"São João da Paraúna (GO)";"100,00";"78,07";"21,93"
"5220108";"São Luís de Montes Belos (GO)";"100,00";"91,78";"8,22"
"5220157";"São Luiz do Norte (GO)";"100,00";"87,55";"12,45"
"5220207";"São Miguel do Araguaia (GO)";"100,00";"86,17";"13,83"
"5220264";"São Miguel do Passa Quatro (GO)";"100,00";"65,70";"34,30"
"5220280";"São Patrício (GO)";"100,00";"66,54";"33,46"
"5220405";"São Simão (GO)";"100,00";"98,64";"1,36"
"5220454";"Senador Canedo (GO)";"100,00";"99,31";"0,69"
"5220504";"Serranópolis (GO)";"100,00";"81,36";"18,64"
"5220603";"Silvânia (GO)";"100,00";"72,00";"28,00"
"5220686";"Simolândia (GO)";"100,00";"85,39";"14,61"
"5220702";"Sítio d'Abadia (GO)";"100,00";"33,55";"66,45"
"5221007";"Taquaral de Goiás (GO)";"100,00";"83,43";"16,57"
"5221080";"Teresina de Goiás (GO)";"100,00";"69,46";"30,54"
"5221197";"Terezópolis de Goiás (GO)";"100,00";"93,32";"6,68"
"5221304";"Três Ranchos (GO)";"100,00";"88,74";"11,26"
"5221403";"Trindade (GO)";"100,00";"97,94";"2,06"
"5221452";"Trombas (GO)";"100,00";"67,85";"32,15"
"5221502";"Turvânia (GO)";"100,00";"83,26";"16,74"
"5221551";"Turvelândia (GO)";"100,00";"78,94";"21,06"
"5221577";"Uirapuru (GO)";"100,00";"66,01";"33,99"
"5221601";"Uruaçu (GO)";"100,00";"92,74";"7,26"
"5221700";"Uruana (GO)";"100,00";"85,30";"14,70"
"5221809";"Urutaí (GO)";"100,00";"67,13";"32,87"
"5221858";"Valparaíso de Goiás (GO)";"100,00";"100,00";"-"
"5221908";"Varjão (GO)";"100,00";"59,28";"40,72"
"5222005";"Vianópolis (GO)";"100,00";"79,11";"20,89"
"5222054";"Vicentinópolis (GO)";"100,00";"90,88";"9,12"
"5222203";"Vila Boa (GO)";"100,00";"78,84";"21,16"
"5222302";"Vila Propício (GO)";"100,00";"60,74";"39,26"
"5300108";"Brasília (DF)";"100,00";"96,48";"3,52"
"1100122";"Ji-Paraná";"100,00";"90,87";"9,13"
"1100205";"Porto Velho/RO";"100,00";"91,84";"8,16"
"1200401";"Rio Branco";"100,00";"93,49";"6,51"
"1302603";"Manaus";"100,00";"99,03";"0,97"
"1303403";"Parintins";"100,00";"82,67";"17,33"
"1400100";"Boa Vista";"100,00";"97,26";"2,74"
"1500107";"Abaetetuba";"100,00";"62,20";"37,80"
"1501402";"Belém/PA";"100,00";"99,40";"0,60"
"1501709";"Bragança";"100,00";"71,18";"28,82"
"1502103";"Cametá";"100,00";"50,84";"49,16"
"1502400";"Castanhal";"100,00";"92,52";"7,48"
"1504208";"Marabá";"100,00";"89,94";"10,06"
"1505536";"Parauapebas";"100,00";"96,41";"3,59"
"1506807";"Santarém";"100,00";"79,68";"20,32"
"1600303";"Macapá/AP";"100,00";"94,82";"5,18"
"1702109";"Araguaína";"100,00";"97,24";"2,76"
"1721000";"Palmas";"100,00";"97,87";"2,13"
"2100055";"Açailândia";"100,00";"88,77";"11,23"
"2101202";"Bacabal";"100,00";"80,06";"19,94"
"2103000";"Caxias";"100,00";"77,26";"22,74"
"2103307";"Codó";"100,00";"72,81";"27,19"
"2105302";"Imperatriz/MA";"100,00";"95,55";"4,45"
"2111300";"São Luís/MA";"100,00";"99,13";"0,87"
"2207702";"Parnaíba";"100,00";"95,38";"4,62"
"2211001";"Teresina/PI";"100,00";"93,88";"6,12"
"2304400";"Fortaleza/CE";"100,00";"97,39";"2,61"
"2306405";"Itapipoca";"100,00";"58,48";"41,52"
"2307304";"Juazeiro do Norte/CE";"100,00";"89,45";"10,55"
"2312908";"Sobral/CE";"100,00";"86,33";"13,67"
"2408003";"Mossoró";"100,00";"92,73";"7,27"
"2408102";"Natal/RN";"100,00";"97,13";"2,87"
"2504009";"Campina Grande/PB";"100,00";"89,14";"10,86"
"2507507";"João Pessoa/PB";"100,00";"97,76";"2,24"
"2510808";"Patos/PB";"100,00";"96,32";"3,68"
"2604106";"Caruaru";"100,00";"92,18";"7,82"
"2606002";"Garanhuns";"100,00";"90,93";"9,07"
"2611101";"Petrolina/PE - Juazeiro/BA";"100,00";"88,40";"11,60"
"2611606";"Recife/PE";"100,00";"98,29";"1,71"
"2616407";"Vitória de Santo Antão";"100,00";"90,51";"9,49"
"2700300";"Arapiraca";"100,00";"92,21";"7,79"
"2704302";"Maceió/AL";"100,00";"99,29";"0,71"
"2800308";"Aracaju/SE";"100,00";"97,25";"2,75"
"2900702";"Alagoinhas";"100,00";"87,72";"12,28"
"2903201";"Barreiras";"100,00";"90,11";"9,89"
"2910727";"Eunápolis";"100,00";"93,98";"6,02"
"2910800";"Feira de Santana";"100,00";"93,80";"6,20"
"2913606";"Ilhéus";"100,00";"90,60";"9,40"
"2914802";"Itabuna";"100,00";"98,36";"1,64"
"2918001";"Jequié";"100,00";"92,58";"7,42"
"2924009";"Paulo Afonso";"100,00";"87,35";"12,65"
"2925303";"Porto Seguro";"100,00";"90,02";"9,98"
"2927408";"Salvador/BA";"100,00";"98,97";"1,03"
"2931350";"Teixeira de Freitas";"100,00";"97,09";"2,91"
"2933307";"Vitória da Conquista";"100,00";"90,17";"9,83"
"3103504";"Araguari";"100,00";"94,41";"5,59"
"3105608";"Barbacena/MG";"100,00";"89,76";"10,24"
"3106200";"Belo Horizonte/MG";"100,00";"99,28";"0,72"
"3118304";"Conselheiro Lafaiete/MG";"100,00";"94,51";"5,49"
"3122306";"Divinópolis";"100,00";"97,57";"2,43"
"3127701";"Governador Valadares";"100,00";"96,79";"3,21"
"3131307";"Ipatinga/MG";"100,00";"97,41";"2,59"
"3131703";"Itabira";"100,00";"93,52";"6,48"
"3132404";"Itajubá/MG";"100,00";"83,54";"16,46"
"3136702";"Juiz de Fora/MG";"100,00";"98,42";"1,58"
"3138203";"Lavras/MG";"100,00";"94,60";"5,40"
"3143302";"Montes Claros";"100,00";"95,94";"4,06"
"3143906";"Muriaé";"100,00";"94,00";"6,00"
"3147907";"Passos/MG";"100,00";"95,25";"4,75"
"3148004";"Patos de Minas";"100,00";"93,79";"6,21"
"3151800";"Poços de Caldas";"100,00";"97,77";"2,23"
"3152501";"Pouso Alegre";"100,00";"91,72";"8,28"
"3162500";"São João del Rei/MG";"100,00";"93,18";"6,82"
"3167202";"Sete Lagoas/MG";"100,00";"95,92";"4,08"
"3168606";"Teófilo Otoni";"100,00";"85,11";"14,89"
"3169901";"Ubá/MG";"100,00";"95,74";"4,26"
"3170107";"Uberaba";"100,00";"97,79";"2,21"
"3170206";"Uberlândia";"100,00";"98,59";"1,41"
"3170701";"Varginha";"100,00";"97,30";"2,70"
"3201209";"Cachoeiro de Itapemirim";"100,00";"93,51";"6,49"
"3201506";"Colatina";"100,00";"89,31";"10,69"
"3202405";"Guarapari";"100,00";"94,75";"5,25"
"3203205";"Linhares";"100,00";"88,62";"11,38"
"3204906";"São Mateus";"100,00";"80,89";"19,11"
"3205309";"Vitória/ES";"100,00";"98,74";"1,26"
"3300100";"Angra dos Reis";"100,00";"97,74";"2,26"
"3300209";"Araruama/RJ";"100,00";"96,64";"3,36"
"3300704";"Cabo Frio/RJ";"100,00";"99,01";"0,99"
"3301009";"Campos dos Goytacazes/RJ";"100,00";"92,58";"7,42"
"3302403";"Macaé - Rio das Ostras/RJ";"100,00";"97,09";"2,91"
"3303401";"Nova Friburgo";"100,00";"89,91";"10,09"
"3303906";"Petrópolis/RJ";"100,00";"96,74";"3,26"
"3304201";"Resende/RJ";"100,00";"97,38";"2,62"
"3304557";"Rio de Janeiro/RJ";"100,00";"99,75";"0,25"
"3305802";"Teresópolis";"100,00";"88,42";"11,58"
"3306008";"Três Rios - Paraíba do Sul/RJ";"100,00";"94,53";"5,47"
"3306305";"Volta Redonda - Barra Mansa/RJ";"100,00";"99,15";"0,85"
"3501608";"Americana - Santa Bárbara d´Oeste/SP";"100,00";"99,61";"0,39"
"3502804";"Araçatuba";"100,00";"98,31";"1,69"
"3503208";"Araraquara/SP";"100,00";"97,95";"2,05"
"3503307";"Araras";"100,00";"97,03";"2,97"
"3504107";"Atibaia/SP";"100,00";"90,00";"10,00"
"3505500";"Barretos";"100,00";"97,04";"2,96"
"3506003";"Bauru/SP";"100,00";"97,17";"2,83"
"3506508";"Birigui/SP";"100,00";"96,78";"3,22"
"3507506";"Botucatu";"100,00";"96,86";"3,14"
"3507605";"Bragança Paulista";"100,00";"92,96";"7,04"
"3509502";"Campinas/SP";"100,00";"99,14";"0,86"
"3510500";"Caraguatatuba - Ubatuba - São Sebastião/SP";"100,00";"97,03";"2,97"
"3511102";"Catanduva/SP";"100,00";"97,87";"2,13"
"3516200";"Franca/SP";"100,00";"96,54";"3,46"
"3518404";"Guaratinguetá/SP";"100,00";"94,92";"5,08"
"3520509";"Indaiatuba";"100,00";"98,26";"1,74"
"3522307";"Itapetininga/SP";"100,00";"89,73";"10,27"
"3523404";"Itatiba";"100,00";"96,31";"3,69"
"3523909";"Itu - Salto/SP";"100,00";"97,05";"2,95"
"3525300";"Jaú";"100,00";"98,24";"1,76"
"3525904";"Jundiaí/SP";"100,00";"96,45";"3,55"
"3526902";"Limeira/SP";"100,00";"97,15";"2,85"
"3529005";"Marília/SP";"100,00";"98,34";"1,66"
"3530706";"Mogi Guaçu - Mogi Mirim/SP";"100,00";"95,93";"4,07"
"3534708";"Ourinhos/SP";"100,00";"98,12";"1,88"
"3538709";"Piracicaba/SP";"100,00";"97,45";"2,55"
"3541406";"Presidente Prudente/SP";"100,00";"94,19";"5,81"
"3543402";"Ribeirão Preto/SP";"100,00";"99,02";"0,98"
"3543907";"Rio Claro/SP";"100,00";"98,47";"1,53"
"3548500";"Baixada Santista/SP";"100,00";"99,73";"0,27"
"3548906";"São Carlos/SP";"100,00";"97,96";"2,04"
"3549805";"São José do Rio Preto/SP";"100,00";"97,78";"2,22"
"3549904";"São José dos Campos/SP";"100,00";"97,09";"2,91"
"3550308";"São Paulo/SP";"100,00";"99,31";"0,69"
"3550605";"São Roque - Mairinque/SP";"100,00";"91,25";"8,75"
"3551702";"Sertãozinho";"100,00";"99,09";"0,91"
"3552205";"Sorocaba/SP";"100,00";"98,35";"1,65"
"3554003";"Tatuí";"100,00";"96,89";"3,11"
"4101408";"Apucarana";"100,00";"96,76";"3,24"
"4101507";"Arapongas";"100,00";"98,10";"1,90"
"4104808";"Cascavel/PR";"100,00";"95,79";"4,21"
"4106902";"Curitiba/PR";"100,00";"95,92";"4,08"
"4108304";"Internacional de Foz do Iguaçu/Brasil - Ciudad del Este/Paraguai";"100,00";"98,75";"1,25"
"4109401";"Guarapuava";"100,00";"93,14";"6,86"
"4113700";"Londrina/PR";"100,00";"97,28";"2,72"
"4115200";"Maringá/PR";"100,00";"98,25";"1,75"
"4118204";"Paranaguá";"100,00";"95,71";"4,29"
"4119905";"Ponta Grossa/PR";"100,00";"97,13";"2,87"
"4127700";"Toledo/PR";"100,00";"90,98";"9,02"
"4128104";"Umuarama/PR";"100,00";"93,83";"6,17"
"4202404";"Blumenau/SC";"100,00";"95,57";"4,43"
"4202909";"Brusque/SC";"100,00";"95,70";"4,30"
"4204202";"Chapecó/SC";"100,00";"92,99";"7,01"
"4204608";"Criciúma/SC";"100,00";"91,92";"8,08"
"4205407";"Florianópolis/SC";"100,00";"97,78";"2,22"
"4208203";"Itajaí - Balneário Camboriú/SC";"100,00";"97,15";"2,85"
"4208906";"Jaraguá do Sul/SC";"100,00";"92,82";"7,18"
"4209102";"Joinville/SC";"100,00";"96,68";"3,32"
"4209300";"Lages";"100,00";"97,74";"2,26"
"4215802";"São Bento do Sul - Rio Negrinho/SC";"100,00";"92,77";"7,23"
"4218707";"Tubarão - Laguna/SC";"100,00";"91,22";"8,78"
"4301602";"Bagé/RS";"100,00";"91,73";"8,27"
"4302105";"Bento Gonçalves/RS";"100,00";"90,13";"9,87"
"4305108";"Caxias do Sul/RS";"100,00";"95,09";"4,91"
"4311403";"Lajeado/RS";"100,00";"88,70";"11,30"
"4314100";"Passo Fundo";"100,00";"98,29";"1,71"
"4314407";"Pelotas/RS";"100,00";"93,38";"6,62"
"4314902";"Porto Alegre/RS";"100,00";"98,04";"1,96"
"4315602";"Rio Grande";"100,00";"95,63";"4,37"
"4316808";"Santa Cruz do Sul/RS";"100,00";"84,92";"15,08"
"4316907";"Santa Maria/RS";"100,00";"95,89";"4,11"
"4317103";"Internacional de Sant´Ana do Livramento/Brasil - Rivera/Uruguai";"100,00";"91,12";"8,88"
"4321204";"Taquara - Parobé - Igrejinha/RS";"100,00";"89,84";"10,16"
"4321600";"Tramandaí - Osório/RS";"100,00";"96,98";"3,02"
"4322400";"Internacional de Uruguaiana/Brasil";"100,00";"94,93";"5,07"
"5002704";"Campo Grande";"100,00";"98,72";"1,28"
"5003207";"Internacional de Corumbá/Brasil";"100,00";"93,30";"6,70"
"5003702";"Dourados";"100,00";"93,90";"6,10"
"5006606";"Internacional de Pedro Juan Caballero/Paraguai - Ponta Porã/Brasil";"100,00";"86,60";"13,40"
"5008305";"Três Lagoas";"100,00";"96,35";"3,65"
"5103403";"Cuiabá/MT";"100,00";"98,46";"1,54"
"5107602";"Rondonópolis";"100,00";"96,56";"3,44"
"5107909";"Sinop";"100,00";"97,01";"2,99"
"5201108";"Anápolis";"100,00";"98,19";"1,81"
"5205109";"Catalão/GO";"100,00";"95,43";"4,57"
"5208004";"Formosa";"100,00";"92,76";"7,24"
"5208707";"Goiânia/GO";"100,00";"99,13";"0,87"
"5218805";"Rio Verde";"100,00";"94,19";"5,81"
"5300108";"Brasília/DF";"100,00";"96,81";"3,19"
"Fonte: IBGE - Censo Demográfico"

"Notas"
"1 - Dados do Universo."
""
"Legenda"
"Símbolo";"Significado"
"-";"Zero absoluto, não resultante de um cálculo ou arredondamento.
Ex: Em determinado município não existem pessoas de 14 anos de idade sem instrução."
"0";"Zero resultante de um cálculo ou arredondamento.
Ex: A inflação do feijão em determinada Região Metropolitana foi 0.
Determinado município produziu 400 kg de sementes de girassol e os dados da tabela são expressos em toneladas."
"X";"Valor inibido para não identificar o informante.
Ex: Determinado município só possui uma empresa produtora de cimento, logo o valor de sua produção deve ser inibido."
"..";"Valor não se aplica.
Ex: Não se pode obter o total da produção agrícola em determinado município quando os produtos agrícolas são contabilizados com unidades de medida distintas."
"...";"Valor não disponível.
Ex: A produção de feijão em determinado município não foi pesquisada ou determinado município não existia no ano da pesquisa."
"A a Z
(exceto X)";"Significa uma faixa de valores. Varia em função da tabela (se for o caso).
Ex: O nível de precisão da produção estimada de combustíveis está na faixa A (95 a 100%)"
